image,image_id,gt_index,class,box_original,area,coco_size,area_quartile,aspect_ratio,aspect_bucket,best_raw_iou,best_raw_correct_score,best_raw_predicted_class,best_raw_level,raw_good50,raw_good75,prefilter_good50,prefilter_good75,max_score_good50,max_score_good75,top_score_iou,top_score,top_score_level,final_best_correct_iou,final_best_correct_score,final_best_level,hit50,hit75,hit50_operating,confidence_survival50,nms_survival50,death_reason
01002200001307161252567115D_1297865600_483627000,6676,0,TC,"[364.000244140625, 648.9999389648438, 797.0007934570312, 670.9995727539062]",9525.853515423834,large,Q3,19.68217077920997,"[16,inf)",0.9207265973091125,0.19728748500347137,TC,P5,1,1,1,1,0.7344748973846436,0.7344748973846436,0.7514925003051758,0.7344748973846436,P4,0.8814549446105957,0.012062197551131248,P4,1,1,1,1,1,final_tp
01002200001307170910441615F_1293075300_485317800,6396,0,TC,"[1.0004913806915283, 661.000732421875, 929.00048828125, 724.0001831054688]",58463.490234375,large,Q4,14.730287168070003,"[8,16)",0.9202113747596741,0.12353070080280304,TC,P5,1,1,1,1,0.6331594586372375,0.421407550573349,0.533324122428894,0.6331594586372375,P5,0.8333172798156738,0.421407550573349,P5,1,1,1,1,1,final_tp
01002200001307170920130475F_1292908900_484816700,6397,0,TP,"[1.0004425048828125, 643.9998168945312, 424.9999694824219, 732.9996337890625]",37735.87890633941,large,Q4,4.7640492589013785,"[4,8)",0.9690098762512207,0.00034692816552706063,TC,P5,1,1,1,1,0.9275573492050171,0.9275573492050171,0.9531757831573486,0.9275573492050171,P5,0.9531757831573486,0.9275573492050171,P5,1,1,1,1,1,final_tp
01002200001307170923095005F_1292777600_484665900,6398,0,TP,"[304.9993896484375, 587.999755859375, 670.99951171875, 593.9994506835938]",2195.8890380486846,medium,Q2,61.00312312434511,"[16,inf)",0.59931880235672,0.01994248852133751,TP,P3,1,0,1,0,0.132874995470047,0.0,0.5180842876434326,0.132874995470047,P3,0.5551057457923889,0.05036786198616028,P3,1,0,0,0,1,final_tp
01002200001307201421130095F_1294394600_482815900,6399,0,TP,"[217.9999237060547, 681.9999389648438, 1023.99951171875, 761.9998779296875]",64479.91662600264,large,Q4,10.075002346040609,"[8,16)",0.9005631804466248,0.13562782108783722,TP,P5,1,1,1,1,0.8165990114212036,0.13562782108783722,0.5759584903717041,0.8165990114212036,P5,0.9005631804466248,0.13562782108783722,P5,1,1,1,1,1,final_tp
01002200001307201421130095F_1294394600_482815900,6399,1,LP,"[154.00039672851562, 694.0001220703125, 279.00006103515625, 816.00048828125]",15250.00482165441,large,Q3,1.0245843368250007,"[1,2)",0.9347277879714966,0.9517546892166138,LP,P4,1,1,1,1,0.9517546892166138,0.9517546892166138,0.9347277879714966,0.9517546892166138,P4,0.9347277879714966,0.9517546892166138,P4,1,1,1,1,1,final_tp
01002200001307201421130095F_1294394600_482815900,6399,2,LP,"[622.0001831054688, 534.000732421875, 657.9999389648438, 563.0003051757812]",1043.9775391668081,medium,Q1,1.2413891806225257,"[1,2)",0.7689266800880432,0.3742091655731201,LP,P3,1,1,1,1,0.780889093875885,0.4711030125617981,0.735004723072052,0.780889093875885,P3,0.735004723072052,0.780889093875885,P3,1,0,1,1,1,final_tp
0100220000130720154628082J1_1296954700_482760900,6501,0,LC,"[639.0005493164062, 588.9996948242188, 817.0004272460938, 798.9996337890625]",37379.96350098401,large,Q4,1.1797757470811117,"[1,2)",0.9609113931655884,0.7130298018455505,LC,P4,1,1,1,1,0.8534581065177917,0.8534581065177917,0.9300464391708374,0.8534581065177917,P5,0.9300464391708374,0.8534581065177917,P5,1,1,1,1,1,final_tp
0100220000130720154628082J1_1296954700_482760900,6501,1,MC,"[222.0006561279297, 709.99951171875, 317.0002136230469, 744.9999389648438]",3325.0251005189493,medium,Q2,2.7142399384773137,"[2,4)",0.9110339879989624,0.5410187840461731,MC,P3,1,1,1,1,0.8755094408988953,0.8755094408988953,0.8992908000946045,0.8755094408988953,P3,0.8992908000946045,0.8755094408988953,P3,1,1,1,1,1,final_tp
01002200001307201723534115D_1297082700_483317700,6677,0,TC,"[181.0001983642578, 600.9999389648438, 675.0003662109375, 625.00048828125]",11856.27575693652,large,Q3,20.582869858223663,"[16,inf)",0.8894487619400024,0.0752447172999382,TC,P4,1,1,1,1,0.6951448917388916,0.37317731976509094,0.7345513105392456,0.6951448917388916,P5,0.8858467936515808,0.09711455553770065,P4,1,1,1,1,1,final_tp
0100220000130722113707160J2_1297933800_483399600,6502,0,AC,"[303.0000915527344, 637.9996337890625, 603.0003662109375, 824.9994506835938]",56099.99642939307,large,Q4,1.6042811144965166,"[1,2)",0.8811875581741333,0.0004958903300575912,AC,P5,1,1,1,1,0.88155597448349,0.88155597448349,0.7740512490272522,0.88155597448349,P5,0.7740512490272522,0.88155597448349,P5,1,1,1,1,1,final_tp
0100220000130722113819787J2_1297979000_483415300,6503,0,AC,"[0.9994171261787415, 687.0, 245.9996337890625, 877.99951171875]",46794.921172991395,large,Q4,1.2827269107567867,"[1,2)",0.9424057006835938,0.0002639057638589293,AC,P4,1,1,1,1,0.6489546895027161,0.010045433416962624,0.5213699340820312,0.6489546895027161,P4,0.8120707869529724,0.010045433416962624,P5,1,1,1,1,1,final_tp
0100220000130722113819787J2_1297979000_483415300,6503,1,P,"[671.9999389648438, 815.0, 689.9999389648438, 827.0003051757812]",216.0054931640625,small,Q1,1.4999618539974469,"[1,2)",0.8174232840538025,0.00481667323037982,P,P3,1,1,1,1,0.02295008860528469,0.02295008860528469,0.8118100762367249,0.02295008860528469,P3,0.8118100762367249,0.02295008860528469,P3,1,1,0,0,1,final_tp
0100220000130722114233557J2_1298116400_483498500,6504,0,LC,"[248.0005340576172, 681.0005493164062, 355.0003662109375, 822.0001220703125]",15086.930618357845,large,Q3,1.3177550835020715,"[1,2)",0.783816933631897,0.0002500667760614306,LC,P4,1,1,1,0,0.122395358979702,0.0002500667760614306,0.43841129541397095,0.8935643434524536,P4,0.7027212977409363,0.004207299090921879,P4,1,0,0,0,1,final_tp
0100220000130722121801155J2_1298283000_483397000,6505,0,LC,"[466.99981689453125, 635.9996948242188, 493.0002136230469, 825.9999389648438]",4940.081726171076,medium,Q2,7.30759019273904,"[4,8)",0.8937658071517944,0.7473956346511841,LC,P4,1,1,1,1,0.7473956346511841,0.7473956346511841,0.8937658071517944,0.7473956346511841,P4,0.8937658071517944,0.7473956346511841,P4,1,1,1,1,1,final_tp
0100220000130722122333629J2_1298070200_483499000,6506,0,TC,"[219.999755859375, 632.0, 669.9996337890625, 658.9998168945312]",12149.914306662977,large,Q3,16.666775174346977,"[16,inf)",0.8633826971054077,0.3227512836456299,TC,P4,1,1,1,1,0.3227512836456299,0.3227512836456299,0.3217298090457916,0.477802574634552,P4,0.8633826971054077,0.3227512836456299,P4,1,1,1,1,1,final_tp
0100220000130722122333629J2_1298070200_483499000,6506,1,AC,"[280.99993896484375, 618.9998779296875, 455.99951171875, 686.9996948242188]",11899.938903886825,large,Q3,2.573530058549029,"[2,4)",0.9340727925300598,5.355993198463693e-05,LC,P3,1,1,1,0,0.799332857131958,0.0005799988284707069,0.5567886233329773,0.799332857131958,P4,0.6262251138687134,0.03264017403125763,P3,1,0,1,1,1,final_tp
0100220000130723120108427J3_1293800600_482811400,6251,0,TP,"[211.99974060058594, 652.999755859375, 513.9999389648438, 677.99951171875]",7549.930847123265,medium,Q3,12.080125294192326,"[8,16)",0.8589386940002441,0.009796662256121635,TP,P4,1,1,1,1,0.3355383574962616,0.08406693488359451,0.5051596164703369,0.3355383574962616,P4,0.8121860027313232,0.02879312075674534,P3,1,1,1,1,1,final_tp
0100220000130723120108427J3_1293800600_482811400,6251,1,LP,"[213.99961853027344, 576.0, 487.9994812011719, 657.00048828125]",22194.123901307583,large,Q4,3.3826941509081374,"[2,4)",0.6588444709777832,0.0032024760730564594,LP,P4,1,0,1,0,0.0032024760730564594,0.0,0.14717872440814972,0.16842347383499146,P3,0.6588444709777832,0.0032024760730564594,P4,1,0,0,0,1,final_tp
01002200001307231607446815S_1293803300_483588000,6400,0,LP,"[562.9998779296875, 698.0004272460938, 571.9996948242188, 730.0004272460938]",287.994140625,small,Q1,3.555627894990268,"[2,4)",0.19990329444408417,0.0004658818361349404,LC,P3,0,0,0,0,0.0,0.0,0.17235277593135834,0.0007959934300743043,P3,0.0,0.0,none,0,0,0,0,0,raw_geometry_failure
0100220000130724084104327J2_1298284600_482948500,6507,0,AC,"[296.0, 623.0, 429.0002136230469, 816.0006103515625]",25669.122406136245,large,Q4,1.4511300778701794,"[1,2)",0.8543400168418884,0.006716219708323479,LC,P4,1,1,1,1,0.362479031085968,0.07488250732421875,0.7073565125465393,0.362479031085968,P5,0.7278383374214172,0.004479570314288139,P4,1,0,1,1,1,final_tp
01002200001307240855313305B_1294527100_484286400,6401,0,LC,"[574.0006713867188, 582.0001220703125, 715.0003051757812, 804.0001831054688]",31301.927307106555,large,Q4,1.5744726072641548,"[1,2)",0.9424232244491577,0.002609392860904336,LC,P4,1,1,1,1,0.8672122359275818,0.8672122359275818,0.898882269859314,0.8672122359275818,P5,0.898882269859314,0.8672122359275818,P5,1,1,1,1,1,final_tp
01002200001307240855313305B_1294527100_484286400,6401,1,TC,"[320.9999694824219, 632.00048828125, 610.9998168945312, 647.0000610351562]",4349.873809879646,medium,Q2,19.333873848945892,"[16,inf)",0.8242279291152954,0.3698277175426483,TC,P3,1,1,1,1,0.5153255462646484,0.4965425729751587,0.6454606652259827,0.5153255462646484,P3,0.8233887553215027,0.4542737901210785,P3,1,1,1,1,1,final_tp
0100220000130724085905001J2_1298104600_483354700,6508,0,LC,"[381.0002136230469, 676.9996948242188, 450.9998474121094, 824.9994506835938]",10359.928711026907,large,Q3,2.114293287667172,"[2,4)",0.9311397075653076,0.0006933757103979588,LC,P3,1,1,1,1,0.9189164042472839,0.9189164042472839,0.8500561714172363,0.9189164042472839,P4,0.8500561714172363,0.9189164042472839,P4,1,1,1,1,1,final_tp
01002200001307240906209065B_1294524600_484266300,6402,0,TC,"[296.9999694824219, 725.9996948242188, 954.0004272460938, 775.99951171875]",32849.904113680124,large,Q4,13.140057885954173,"[8,16)",0.8866361379623413,0.15568412840366364,TC,P5,1,1,1,1,0.6686153411865234,0.15568412840366364,0.6359864473342896,0.6686153411865234,P4,0.8866361379623413,0.15568412840366364,P5,1,1,1,1,1,final_tp
0100220000130724115217624J2_1295573100_484464800,6252,0,TC,"[0.9999145865440369, 642.9998168945312, 973.0001831054688, 708.0003662109375]",63180.54980482161,large,Q4,14.953723535614651,"[8,16)",0.86996990442276,0.2632378041744232,TC,P5,1,1,1,1,0.35563260316848755,0.35563260316848755,0.8382307887077332,0.35563260316848755,P5,0.8382307887077332,0.35563260316848755,P5,1,1,1,1,1,final_tp
0100220000130724115217624J2_1295573100_484464800,6252,1,MC,"[642.0004272460938, 561.9999389648438, 680.0, 569.9993896484375]",303.9757082425058,small,Q1,4.750272769584093,"[4,8)",0.9167970418930054,0.4403529465198517,MC,P3,1,1,1,1,0.5060095191001892,0.5060095191001892,0.8569486141204834,0.5060095191001892,P3,0.8569486141204834,0.5060095191001892,P3,1,1,1,1,1,final_tp
01002200001307241220165335B_1294663600_484649100,6403,0,TC,"[370.00042724609375, 663.0000610351562, 752.00048828125, 687.0006103515625]",9168.211303744465,medium,Q3,15.91630491448916,"[8,16)",0.8137547373771667,0.8163076639175415,TC,P4,1,1,1,1,0.8163076639175415,0.8163076639175415,0.8137547373771667,0.8163076639175415,P4,0.8137547373771667,0.8163076639175415,P4,1,1,1,1,1,final_tp
01002200001307241220165335B_1294663600_484649100,6403,1,MC,"[58.00038528442383, 657.9998779296875, 118.0006332397461, 675.9996948242188]",1079.9934768222738,medium,Q1,3.3333810175342222,"[2,4)",0.9213120937347412,0.008574975654482841,MC,P3,1,1,1,1,0.7183700203895569,0.7183700203895569,0.9137396812438965,0.7183700203895569,P3,0.9137396812438965,0.7183700203895569,P3,1,1,1,1,1,final_tp
01002200001307241301302395B_1294531100_484825400,6404,0,TC,"[284.9997253417969, 647.0005493164062, 718.9995727539062, 660.0001831054688]",5641.839080866426,medium,Q2,33.385544120270815,"[16,inf)",0.840151309967041,0.048386894166469574,TC,P4,1,1,1,1,0.6094038486480713,0.180618017911911,0.7119530439376831,0.6094038486480713,P4,0.7119530439376831,0.6094038486480713,P4,1,0,1,1,1,final_tp
01002200001307241430128435B_1293205300_484905400,6405,0,TP,"[1.0004913806915283, 673.9998779296875, 986.0004272460938, 766.0001220703125]",90620.23486326635,large,Q4,10.706492663859057,"[8,16)",0.9453639388084412,0.06409762799739838,TP,P5,1,1,1,1,0.26909708976745605,0.26909708976745605,0.8860996961593628,0.26909708976745605,P5,0.8860996961593628,0.26909708976745605,P5,1,1,1,1,1,final_tp
01002200001307241430128435B_1293205300_484905400,6405,1,TP,"[984.00048828125, 842.0004272460938, 1023.9999389648438, 863.0006103515625]",839.9957884736359,small,Q1,1.9047191390049032,"[1,2)",0.6673014760017395,0.5546261668205261,TP,P3,1,0,1,0,0.7145313620567322,0.0,0.6263854503631592,0.7145313620567322,P3,0.6263854503631592,0.7145313620567322,P3,1,0,1,1,1,final_tp
01002200001307241432424565B_1293046600_484904000,6406,0,TC,"[0.999401867389679, 721.9999389648438, 817.9999389648438, 824.9999389648438]",84151.05657958984,large,Q4,7.932044168120449,"[4,8)",0.8802560567855835,0.16454699635505676,TC,P5,1,1,1,1,0.6243879199028015,0.6243879199028015,0.8524396419525146,0.6243879199028015,P5,0.8524396419525146,0.6243879199028015,P5,1,1,1,1,1,final_tp
01002200001307241432424565B_1293046600_484904000,6406,1,LC,"[405.9996032714844, 569.0004272460938, 505.0, 777.0004272460938]",20592.08251953125,large,Q4,2.101001681542642,"[2,4)",0.8003994226455688,0.0016617514193058014,LC,P4,1,1,1,1,0.23733538389205933,0.012403774075210094,0.4839135408401489,0.25462087988853455,P4,0.7828205227851868,0.012403774075210094,P4,1,1,0,0,1,final_tp
01002200001307241432424565B_1293046600_484904000,6406,2,LC,"[364.9997253417969, 515.0003051757812, 464.0, 621.0006713867188]",10494.065368752927,large,Q3,1.07070779931573,"[1,2)",0.8741716146469116,0.000683142920024693,LC,P4,1,1,1,0,0.012950524687767029,0.000683142920024693,0.24151711165905,0.1646546721458435,P3,0.5830459594726562,0.010968216694891453,P4,1,0,0,0,1,final_tp
01002200001307241432424565B_1293046600_484904000,6406,3,LC,"[86.0001449584961, 642.0004272460938, 347.999755859375, 857.00048828125]",56329.930694555864,large,Q4,1.2186024599715946,"[1,2)",0.9403986930847168,0.1275971531867981,LC,P4,1,1,1,1,0.8377137184143066,0.8377137184143066,0.9267975091934204,0.8377137184143066,P5,0.9267975091934204,0.8377137184143066,P5,1,1,1,1,1,final_tp
01002200001307241432424565B_1293046600_484904000,6406,4,LP,"[600.9999389648438, 558.0001220703125, 664.9999389648438, 622.0001831054688]",4096.00390625,medium,Q2,1.0000009536743164,"[1,2)",0.7467206716537476,0.0071882214397192,LC,P3,1,0,1,0,0.5594736337661743,0.0,0.6410409212112427,0.5594736337661743,P3,0.6410409212112427,0.5594736337661743,P3,1,0,1,1,1,final_tp
01002200001307241432424565B_1293046600_484904000,6406,5,TC,"[159.00059509277344, 609.9998779296875, 412.00030517578125, 634.0004272460938]",6072.132018883713,medium,Q3,10.541413312988746,"[8,16)",0.8288087248802185,0.08284714072942734,TC,P3,1,1,1,1,0.6326867341995239,0.4999106228351593,0.7408376932144165,0.6326867341995239,P4,0.7408376932144165,0.6326867341995239,P4,1,0,1,1,1,final_tp
01002200001307241432424565B_1293046600_484904000,6406,6,LP,"[765.9996948242188, 659.9996948242188, 1023.9996337890625, 798.99951171875]",35861.94427491352,large,Q4,1.856117113885165,"[1,2)",0.9295786619186401,0.001877116272225976,LC,P5,1,1,1,1,0.009482703171670437,0.0036585216876119375,0.4069850444793701,0.016107091680169106,P4,0.9295786619186401,0.001877116272225976,P5,1,1,0,0,1,final_tp
01002200001307241433450915B_1292973200_484903100,6407,0,LP,"[361.0004577636719, 547.0003051757812, 459.00030517578125, 615.0001220703125]",6663.97167971544,medium,Q3,1.4411781073485628,"[1,2)",0.820544421672821,0.0037681013345718384,LP,P4,1,1,1,1,0.6695654988288879,0.11087863147258759,0.7161910533905029,0.6695654988288879,P3,0.7161910533905029,0.6695654988288879,P3,1,0,1,1,1,final_tp
01002200001307241433450915B_1292973200_484903100,6407,1,LP,"[326.9995422363281, 537.9993286132812, 392.0, 572.9996948242188]",2275.039825607091,medium,Q2,1.8571365045706134,"[1,2)",0.6748530268669128,0.007853131741285324,LP,P4,1,0,1,0,0.05719749256968498,0.0,0.16772297024726868,0.12045739591121674,P3,0.6748530268669128,0.007853131741285324,P4,1,0,0,0,1,final_tp
01002200001307241433450915B_1292973200_484903100,6407,2,LP,"[295.0005798339844, 591.9994506835938, 457.0004577636719, 817.0]",36450.061523370445,large,Q4,1.3888933262904235,"[1,2)",0.9291012287139893,0.9433565139770508,LP,P4,1,1,1,1,0.9433565139770508,0.9433565139770508,0.9291012287139893,0.9433565139770508,P4,0.9291012287139893,0.9433565139770508,P4,1,1,1,1,1,final_tp
01002200001307241433450915B_1292973200_484903100,6407,3,TP,"[118.0000991821289, 642.9998168945312, 817.0, 719.9994506835938]",53822.73461918533,large,Q4,9.077963667263282,"[8,16)",0.7685613632202148,0.0014328955439850688,TP,P5,1,1,1,1,0.1881319135427475,0.014803171157836914,0.3122030794620514,0.8058446049690247,P5,0.6258406043052673,0.1881319135427475,P5,1,0,0,0,1,final_tp
01002200001307241433450915B_1292973200_484903100,6407,4,TC,"[1.000451683998108, 611.0003051757812, 115.00032043457031, 639.0005493164062]",3192.024200407788,medium,Q2,4.071388439606239,"[4,8)",0.8565480709075928,0.005502772517502308,TC,P3,1,1,1,1,0.026484258472919464,0.009320265613496304,0.4567282795906067,0.03990456461906433,P3,0.7943732142448425,0.009320265613496304,P3,1,1,0,0,1,final_tp
01002200001307241435079925B_1292946200_484898200,6408,0,TP,"[0.9994171261787415, 676.999755859375, 369.9998779296875, 728.99951171875]",19187.933715708554,large,Q3,7.096195966026733,"[4,8)",0.8982246518135071,0.06659073382616043,TP,P5,1,1,1,1,0.8570963144302368,0.8570963144302368,0.8832058906555176,0.8570963144302368,P5,0.8832058906555176,0.8570963144302368,P5,1,1,1,1,1,final_tp
01002200001307241435079925B_1292946200_484898200,6408,1,MC,"[377.0004577636719, 618.999755859375, 429.0002136230469, 633.9993286132812]",779.9741211980581,small,Q1,3.466749134293376,"[2,4)",0.8484612107276917,0.37203606963157654,MC,P3,1,1,1,1,0.6947929263114929,0.506367564201355,0.7200059294700623,0.6947929263114929,P3,0.7200059294700623,0.6947929263114929,P3,1,0,1,1,1,final_tp
01002200001307241435079925B_1292946200_484898200,6408,2,MC,"[589.9995727539062, 622.0000610351562, 644.9996948242188, 636.9996337890625]",824.9783324673772,small,Q1,3.666779245828128,"[2,4)",0.8662917613983154,0.5678471922874451,MC,P3,1,1,1,1,0.6145740747451782,0.6145740747451782,0.7908514142036438,0.6145740747451782,P3,0.7908514142036438,0.6145740747451782,P3,1,1,1,1,1,final_tp
01002200001307241435289805B_1292967500_484900000,6409,0,TP,"[43.999732971191406, 624.9999389648438, 642.9998168945312, 658.0004272460938]",19767.29449465871,large,Q3,18.1512484279056,"[16,inf)",0.9075735211372375,0.2351851463317871,TP,P4,1,1,1,1,0.4152239263057709,0.4152239263057709,0.7598224878311157,0.4152239263057709,P4,0.8426069021224976,0.22559049725532532,P4,1,1,1,1,1,final_tp
01002200001307241435289805B_1292967500_484900000,6409,1,TP,"[182.00010681152344, 572.0001831054688, 578.0004272460938, 608.0]",14255.93847650662,large,Q3,11.000064426325952,"[8,16)",0.9113383889198303,0.00045023829443380237,TC,P4,1,1,1,1,0.21226176619529724,0.02217618189752102,0.697596549987793,0.21226176619529724,P4,0.8395705223083496,0.02217618189752102,P4,1,1,0,0,1,final_tp
01002200001307241435289805B_1292967500_484900000,6409,2,LP,"[433.9993591308594, 638.99951171875, 466.9998474121094, 834.0]",6435.111328363419,medium,Q3,5.909018273285493,"[4,8)",0.9162535071372986,0.07523935288190842,LP,P4,1,1,1,1,0.07523935288190842,0.07523935288190842,0.9162535071372986,0.07523935288190842,P4,0.9162535071372986,0.07523935288190842,P4,1,1,0,0,1,final_tp
01002200001307241435289805B_1292967500_484900000,6409,3,LP,"[541.0001831054688, 584.00048828125, 575.0000610351562, 627.000244140625]",1461.9864502251148,medium,Q2,1.2647032424145594,"[1,2)",0.8989472985267639,0.6253588199615479,LP,P3,1,1,1,1,0.7916105389595032,0.7916105389595032,0.8699485063552856,0.7916105389595032,P3,0.8699485063552856,0.7916105389595032,P3,1,1,1,1,1,final_tp
01002200001307241435289805B_1292967500_484900000,6409,4,LP,"[523.999755859375, 530.0003662109375, 536.0000610351562, 550.0001220703125]",240.0031737536192,small,Q1,1.6666039376846902,"[1,2)",0.8395066261291504,0.34065374732017517,LP,P3,1,1,1,1,0.34065374732017517,0.34065374732017517,0.8395066261291504,0.34065374732017517,P3,0.8395066261291504,0.34065374732017517,P3,1,1,1,1,1,final_tp
01002200001307241435289805B_1292967500_484900000,6409,5,LP,"[435.00030517578125, 574.0006713867188, 446.0000915527344, 587.0003662109375]",142.99386603198946,small,Q1,1.181813389708718,"[1,2)",0.8361186385154724,0.07143700122833252,LP,P3,1,1,1,1,0.07143700122833252,0.07143700122833252,0.10740511864423752,0.1178247332572937,P3,0.8361186385154724,0.07143700122833252,P3,1,1,0,0,1,final_tp
01002200001307241436055235B_1293009700_484900500,6410,0,LP,"[346.9997863769531, 533.9996337890625, 421.9996032714844, 608.0]",5550.01391594857,medium,Q2,1.0135060234802733,"[1,2)",0.9065502285957336,0.01697145402431488,LP,P3,1,1,1,1,0.709194004535675,0.22714807093143463,0.6788898706436157,0.709194004535675,P4,0.7272838950157166,0.38520634174346924,P3,1,0,1,1,1,final_tp
01002200001307241436055235B_1293009700_484900500,6410,1,LP,"[236.0002899169922, 531.9996948242188, 392.00054931640625, 616.9999389648438]",13260.060134951025,large,Q3,1.835291898001212,"[1,2)",0.9691877961158752,0.8936425447463989,LP,P4,1,1,1,1,0.8936425447463989,0.8936425447463989,0.9691877961158752,0.8936425447463989,P4,0.9691877961158752,0.8936425447463989,P4,1,1,1,1,1,final_tp
01002200001307241436055235B_1293009700_484900500,6410,2,LP,"[0.9994110465049744, 564.0007934570312, 252.9996795654297, 636.000244140625]",18143.881347505376,large,Q3,3.5000305178109574,"[2,4)",0.8953106999397278,0.011316602118313313,LP,P4,1,1,1,1,0.7400583028793335,0.7400583028793335,0.8669312596321106,0.7400583028793335,P4,0.8669312596321106,0.7400583028793335,P4,1,1,1,1,1,final_tp
01002200001307241436055235B_1293009700_484900500,6410,3,TP,"[0.99993896484375, 621.000244140625, 80.99993896484375, 651.9996948242188]",2479.9560546875,medium,Q2,2.5806908908337354,"[2,4)",0.7993416786193848,0.0005865414859727025,TP,P3,1,1,0,0,0.0008200071169994771,0.0005865414859727025,0.1000167727470398,0.02313690446317196,P3,0.44861069321632385,0.0010975912446156144,P3,0,0,0,0,0,confidence_filter_loss
01002200001307241436055235B_1293009700_484900500,6410,4,TP,"[60.00025177001953, 641.0004272460938, 352.0, 680.00048828125]",11388.008300766349,large,Q3,7.487161509725702,"[4,8)",0.887465238571167,0.0007583932019770145,TP,P4,1,1,1,1,0.9210278987884521,0.0010978411883115768,0.5468187928199768,0.9210278987884521,P4,0.5468187928199768,0.9210278987884521,P4,1,0,1,1,1,final_tp
01002200001307241436055235B_1293009700_484900500,6410,5,MC,"[596.9996337890625, 677.9996337890625, 669.9996337890625, 702.99951171875]",1824.9910888671875,medium,Q2,2.9200142578821184,"[2,4)",0.9478166699409485,0.7577162981033325,MC,P3,1,1,1,1,0.8177528977394104,0.8177528977394104,0.9223715662956238,0.8177528977394104,P3,0.9223715662956238,0.8177528977394104,P3,1,1,1,1,1,final_tp
01002200001307241436055235B_1293009700_484900500,6410,6,TP,"[0.999420166015625, 642.9993286132812, 56.999935150146484, 652.9996948242188]",560.0256578424014,small,Q1,5.599846425912137,"[4,8)",0.5112578868865967,0.0005374185275286436,TP,P3,1,0,0,0,0.0005374185275286436,0.0,0.1750641167163849,0.0006587888346984982,P3,0.04192834720015526,0.0010975912446156144,P3,0,0,0,0,0,final_localization_or_assignment
01002200001307241436298455B_1293038700_484901000,6411,0,TP,"[1.000457763671875, 664.9999389648438, 336.0, 704.9994506835938]",13399.818115457892,large,Q3,8.37509079090321,"[8,16)",0.954973578453064,0.7216963171958923,TP,P4,1,1,1,1,0.8092985153198242,0.8092985153198242,0.9252399802207947,0.8092985153198242,P4,0.9252399802207947,0.8092985153198242,P4,1,1,1,1,1,final_tp
01002200001307241436298455B_1293038700_484901000,6411,1,TP,"[88.99996185302734, 578.0003662109375, 412.000244140625, 605.0001831054688]",8720.948272654787,medium,Q3,11.963054265143038,"[8,16)",0.9339611530303955,0.5065997242927551,TP,P4,1,1,1,1,0.5190418362617493,0.5190418362617493,0.9094771146774292,0.5190418362617493,P4,0.9094771146774292,0.5190418362617493,P4,1,1,1,1,1,final_tp
01002200001307241436298455B_1293038700_484901000,6411,2,LP,"[381.0002136230469, 536.9999389648438, 418.0003967285156, 572.9996948242188]",1331.9975585490465,medium,Q1,1.0277898341867011,"[1,2)",0.8825392723083496,0.5947303175926208,LP,P4,1,1,1,1,0.661811888217926,0.661811888217926,0.7760010957717896,0.661811888217926,P3,0.7760010957717896,0.661811888217926,P3,1,1,1,1,1,final_tp
01002200001307241438190045B_1293167600_484902000,6412,0,LP,"[10.999795913696289, 567.0005493164062, 231.0000457763672, 658.0004272460938]",20019.995361298323,large,Q3,2.4175883434768086,"[2,4)",0.96084064245224,0.002408812288194895,LP,P4,1,1,1,1,0.8996630907058716,0.8996630907058716,0.9542765617370605,0.8996630907058716,P4,0.9542765617370605,0.8996630907058716,P4,1,1,1,1,1,final_tp
01002200001307241438190045B_1293167600_484902000,6412,1,LP,"[406.99951171875, 528.0, 436.9997253417969, 549.9996337890625]",659.9937133006752,small,Q1,1.3636687733394,"[1,2)",0.8216085433959961,0.14780394732952118,LP,P3,1,1,1,1,0.14780394732952118,0.14780394732952118,0.8216085433959961,0.14780394732952118,P3,0.8216085433959961,0.14780394732952118,P3,1,1,0,0,1,final_tp
01002200001307241439568985B_1293213600_484901800,6413,0,LP,"[0.9994263052940369, 621.000244140625, 163.999755859375, 708.0003051757812]",14181.039154073223,large,Q3,1.8735657625285094,"[1,2)",0.9637662768363953,0.05148092284798622,LP,P4,1,1,1,1,0.9522072672843933,0.9522072672843933,0.9558635950088501,0.9522072672843933,P4,0.9558635950088501,0.9522072672843933,P4,1,1,1,1,1,final_tp
01002200001307241440097315B_1293226000_484902000,6414,0,TC,"[223.9994659423828, 568.0, 544.9999389648438, 580.000244140625]",3852.0842286348343,medium,Q2,26.749496470205276,"[16,inf)",0.7175008058547974,0.05636468902230263,TP,P3,1,0,1,0,0.5335052609443665,0.0,0.576744794845581,0.5335052609443665,P4,0.6793564558029175,0.37685152888298035,P4,1,0,1,1,1,final_tp
01002200001307241440097315B_1293226000_484902000,6414,1,MC,"[752.00048828125, 612.9996948242188, 804.0001831054688, 624.9999389648438]",624.0090331286192,small,Q1,4.333219742436881,"[4,8)",0.7328713536262512,0.6833711862564087,MC,P3,1,0,1,0,0.6833711862564087,0.0,0.7328713536262512,0.6833711862564087,P3,0.7328713536262512,0.6833711862564087,P3,1,0,1,1,1,final_tp
01002200001307241440322205B_1293248500_484901600,6415,0,LP,"[259.0003356933594, 593.9999389648438, 383.0005798339844, 711.9995727539062]",14631.983398348093,large,Q3,1.0508527879187257,"[1,2)",0.8729130625724792,0.7342844605445862,LP,P4,1,1,1,1,0.8924481868743896,0.8924481868743896,0.8392302989959717,0.8924481868743896,P4,0.8392302989959717,0.8924481868743896,P4,1,1,1,1,1,final_tp
01002200001307241440322205B_1293248500_484901600,6415,1,LP,"[0.9999237060546875, 614.99951171875, 212.00027465820312, 697.9999389648438]",17513.119278104044,large,Q3,2.5421598171602033,"[2,4)",0.9435874223709106,0.0018164478242397308,LP,P4,1,1,1,1,0.5224016308784485,0.07040280848741531,0.5331312417984009,0.5224016308784485,P4,0.8850971460342407,0.07040280848741531,P4,1,1,1,1,1,final_tp
01002200001307241440322205B_1293248500_484901600,6415,2,TP,"[55.00057601928711, 585.0, 434.0003967285156, 602.0004272460938]",6443.158813398331,medium,Q3,22.293546591990236,"[16,inf)",0.7481665015220642,0.06562697142362595,TP,P3,1,0,1,0,0.3078993558883667,0.0,0.6274279356002808,0.3078993558883667,P3,0.6721627116203308,0.08404824882745743,P4,1,0,1,1,1,final_tp
01002200001307241440322205B_1293248500_484901600,6415,3,TP,"[0.9999298453330994, 652.999755859375, 294.0000915527344, 720.9995727539062]",19923.95672604628,large,Q3,4.3088373758761485,"[4,8)",0.8853594660758972,0.9080552458763123,TP,P4,1,1,1,1,0.9332577586174011,0.9332577586174011,0.8813161253929138,0.9332577586174011,P4,0.8813161253929138,0.9332577586174011,P4,1,1,1,1,1,final_tp
01002200001307241440322205B_1293248500_484901600,6415,4,LP,"[351.0005798339844, 547.0003051757812, 398.0001525878906, 597.0001831054688]",2349.972900442779,medium,Q2,1.0638368606346935,"[1,2)",0.8938909769058228,0.15301711857318878,LP,P3,1,1,1,1,0.3853870928287506,0.31847915053367615,0.6916347742080688,0.3853870928287506,P3,0.8938909769058228,0.15301711857318878,P3,1,1,1,1,1,final_tp
01002200001307241442227155B_1293349200_484900300,6416,0,LP,"[587.999755859375, 787.9998168945312, 600.9994506835938, 826.9999389648438]",506.98968502134085,small,Q1,3.0000798170780376,"[2,4)",0.703000545501709,0.8169794678688049,LP,P3,1,0,1,0,0.8169794678688049,0.0,0.703000545501709,0.8169794678688049,P3,0.703000545501709,0.8169794678688049,P3,1,0,1,1,1,final_tp
01002200001307241442227155B_1293349200_484900300,6416,1,LP,"[424.0, 547.9998168945312, 450.0003967285156, 633.9994506835938]",2236.0245970226824,medium,Q2,3.307627752262081,"[2,4)",0.7863708138465881,0.02102736197412014,LP,P4,1,1,1,1,0.47447946667671204,0.02102736197412014,0.5752525925636292,0.47447946667671204,P3,0.6443758010864258,0.01173322182148695,P3,1,0,1,1,1,final_tp
01002200001307241442227155B_1293349200_484900300,6416,2,LP,"[225.0004425048828, 635.0003662109375, 325.0002136230469, 715.0003051757812]",7999.97558595147,medium,Q3,1.249998092649912,"[1,2)",0.939190149307251,0.015215891413390636,LP,P3,1,1,1,1,0.9617888331413269,0.9617888331413269,0.8683611154556274,0.9617888331413269,P4,0.8683611154556274,0.9617888331413269,P4,1,1,1,1,1,final_tp
01002200001307241442227155B_1293349200_484900300,6416,3,LP,"[1.0004425048828125, 598.0001831054688, 240.0, 678.0001220703125]",19119.95001223404,large,Q3,2.9874967479681,"[2,4)",0.9517138004302979,0.002377172699198127,LP,P5,1,1,1,1,0.2953055500984192,0.2953055500984192,0.9461323022842407,0.2953055500984192,P4,0.9461323022842407,0.2953055500984192,P4,1,1,1,1,1,final_tp
01002200001307241442227155B_1293349200_484900300,6416,4,LP,"[1.0004547834396362, 577.9999389648438, 133.00018310546875, 620.0003051757812]",5544.036804098636,medium,Q2,3.1428232001325322,"[2,4)",0.8967199921607971,0.3205127716064453,LP,P3,1,1,1,1,0.5793290138244629,0.5342732071876526,0.7433603405952454,0.5793290138244629,P4,0.7433603405952454,0.5793290138244629,P4,1,0,1,1,1,final_tp
01002200001307241442227155B_1293349200_484900300,6416,5,TP,"[0.9998840689659119, 680.9999389648438, 1023.9994506835938, 784.9994506835938]",106391.45605489612,large,Q4,9.83658053626679,"[8,16)",0.952774703502655,0.34372177720069885,TP,P5,1,1,1,1,0.6545058488845825,0.6545058488845825,0.816129744052887,0.6545058488845825,P5,0.8530147075653076,0.14699023962020874,P5,1,1,1,1,1,final_tp
01002200001307241447391215B_1293605200_484894300,6417,0,LC,"[384.9999084472656, 624.9994506835938, 475.000244140625, 826.9996948242188]",18180.0897827968,large,Q3,2.2444387855269907,"[2,4)",0.9082015156745911,0.0005815174663439393,LC,P4,1,1,1,1,0.7672301530838013,0.7672301530838013,0.7788259387016296,0.7672301530838013,P4,0.7788259387016296,0.7672301530838013,P4,1,1,1,1,1,final_tp
01002200001307241447391215B_1293605200_484894300,6417,1,TC,"[267.9997863769531, 561.9999389648438, 344.0, 569.9993896484375]",607.9599608201534,small,Q1,9.500679062740819,"[8,16)",0.876728892326355,0.004107853397727013,TP,P3,1,1,1,1,0.030228715389966965,0.019501028582453728,0.6138016581535339,0.030228715389966965,P3,0.876728892326355,0.004107853397727013,P3,1,1,0,0,1,final_tp
01002200001307241451597565B_1293862100_484894600,6418,0,TC,"[0.9998840689659119, 668.0003051757812, 870.9996337890625, 824.9999389648438]",136589.64306649566,large,Q4,5.541412644492322,"[4,8)",0.7722398638725281,0.006006906274706125,TC,P5,1,1,1,1,0.8905813097953796,0.006006906274706125,0.7233484387397766,0.8905813097953796,P5,0.7233484387397766,0.8905813097953796,P5,1,0,1,1,1,final_tp
01002200001307241453069905B_1293920400_484904500,6419,0,TC,"[8.0, 703.0, 294.0001220703125, 765.0001831054688]",17732.05993654579,large,Q3,4.612891571365146,"[4,8)",0.9126083850860596,0.46529421210289,TC,P4,1,1,1,1,0.4937771260738373,0.4937771260738373,0.8120962381362915,0.4937771260738373,P5,0.8120962381362915,0.4937771260738373,P5,1,1,1,1,1,final_tp
01002200001307241711370775B_1294021900_485093000,6420,0,TC,"[156.00027465820312, 657.9993896484375, 885.0001831054688, 708.9996948242188]",37179.21624752134,large,Q4,14.294029720352949,"[8,16)",0.8943669199943542,0.4649946689605713,TC,P5,1,1,1,1,0.5876935124397278,0.5876935124397278,0.8475342392921448,0.5876935124397278,P5,0.8475342392921448,0.5876935124397278,P5,1,1,1,1,1,final_tp
01002200001307241715574875B_1293983900_485078500,6421,0,TC,"[140.99972534179688, 738.9996948242188, 609.9999389648438, 822.0001220703125]",38927.21810922213,large,Q4,5.650575896826115,"[4,8)",0.9127263426780701,0.28282636404037476,TC,P5,1,1,1,1,0.74549400806427,0.74549400806427,0.8732446432113647,0.74549400806427,P5,0.8732446432113647,0.74549400806427,P5,1,1,1,1,1,final_tp
01002200001307241715574875B_1293983900_485078500,6421,1,TC,"[856.00048828125, 768.0000610351562, 1024.0, 817.9999389648438]",8399.955078184605,medium,Q3,3.359998437496185,"[2,4)",0.9660167098045349,0.12274742126464844,TC,P4,1,1,1,1,0.3045785129070282,0.3045785129070282,0.8763735294342041,0.3045785129070282,P4,0.8763735294342041,0.3045785129070282,P4,1,1,1,1,1,final_tp
01002200001307241739073435B_1293976600_484955300,6422,0,LC,"[626.9998779296875, 726.9994506835938, 710.9996337890625, 831.99951171875]",8819.979492172599,medium,Q3,1.250004359666689,"[1,2)",0.9659097194671631,0.20601947605609894,LC,P4,1,1,1,1,0.25025999546051025,0.25025999546051025,0.937652051448822,0.25025999546051025,P4,0.937652051448822,0.25025999546051025,P4,1,1,1,1,1,final_tp
01002200001307241740344085B_1293990600_484959300,6423,0,LC,"[0.9994171261787415, 605.0001831054688, 245.9996337890625, 795.9996948242188]",46794.921172991395,large,Q4,1.2827269107567867,"[1,2)",0.9737727046012878,0.9335058927536011,LC,P5,1,1,1,1,0.9662091135978699,0.9662091135978699,0.966728150844574,0.9662091135978699,P5,0.966728150844574,0.9662091135978699,P5,1,1,1,1,1,final_tp
01002200001307241740344085B_1293990600_484959300,6423,1,MC,"[707.0003662109375, 579.0003051757812, 746.9998168945312, 586.999755859375]",319.9736331142485,small,Q1,5.000274677063702,"[4,8)",0.8223026990890503,0.00026991061167791486,MC,P3,1,1,0,0,0.00026991061167791486,0.00026991061167791486,0.25646352767944336,0.0011127711040899158,P3,0.25646352767944336,0.0011127711040899158,P3,0,0,0,0,0,confidence_filter_loss
01002200001307241800529365B_1293918000_485042000,6424,0,LC,"[527.0, 576.9999389648438, 550.0001831054688, 646.99951171875]",1610.0029906444252,medium,Q2,3.0434354558361085,"[2,4)",0.6897664070129395,0.022761976346373558,LP,P3,1,0,1,0,0.08575969934463501,0.0,0.5682523250579834,0.08575969934463501,P4,0.5682523250579834,0.08575969934463501,P4,1,0,0,0,1,final_tp
01002200001307251450271985B_1294704400_484698100,6425,0,LC,"[578.9998779296875, 637.0001831054688, 598.9996337890625, 731.0003051757812]",1879.9794921576977,medium,Q2,4.70006347733737,"[4,8)",0.804949939250946,0.00034590798895806074,LC,P3,1,1,1,0,0.048177774995565414,0.00034590798895806074,0.34825098514556885,0.11065439879894257,P4,0.702987551689148,0.048177774995565414,P3,1,0,0,0,1,final_tp
01002200001307251450271985B_1294704400_484698100,6425,1,LC,"[438.0007019042969, 734.99951171875, 574.0001220703125, 819.9998168945312]",11559.992217840627,large,Q3,1.599987433983535,"[1,2)",0.788738489151001,0.0021282536908984184,LC,P3,1,1,1,1,0.17945224046707153,0.0021282536908984184,0.3270120322704315,0.36146050691604614,P4,0.788738489151001,0.0021282536908984184,P3,1,1,0,0,1,final_tp
01002200001307251450271985B_1294704400_484698100,6425,2,LC,"[450.99932861328125, 705.0004272460938, 499.9997253417969, 744.9999389648438]",1959.99194316566,medium,Q2,1.2250248721297867,"[1,2)",0.6533185243606567,0.08979183435440063,LC,P3,1,0,1,0,0.6694998741149902,0.0,0.6144546270370483,0.6694998741149902,P3,0.6144546270370483,0.6694998741149902,P3,1,0,1,1,1,final_tp
01002200001307251450271985B_1294704400_484698100,6425,3,TC,"[0.9999451041221619, 696.9999389648438, 443.999755859375, 821.0001831054688]",54932.08544917405,large,Q4,3.5725721345527215,"[2,4)",0.8987033367156982,0.6922703385353088,TC,P5,1,1,1,1,0.9111239314079285,0.9111239314079285,0.8977670073509216,0.9111239314079285,P5,0.8977670073509216,0.9111239314079285,P5,1,1,1,1,1,final_tp
01002200001307251450271985B_1294704400_484698100,6425,4,MC,"[37.00019454956055, 609.9999389648438, 76.99968719482422, 617.9993896484375]",319.97396878455766,small,Q1,5.000279922632627,"[4,8)",0.6136531829833984,0.6280739903450012,MC,P3,1,0,1,0,0.6280739903450012,0.0,0.6136531829833984,0.6280739903450012,P3,0.6136531829833984,0.6280739903450012,P3,1,0,1,1,1,final_tp
01002200001307251450271985B_1294704400_484698100,6425,5,MC,"[333.9996032714844, 580.0003051757812, 367.99951171875, 589.0001831054688]",305.9950256459415,small,Q1,3.7778188451991808,"[2,4)",0.7725318074226379,0.7637399435043335,MC,P3,1,1,1,1,0.7816817164421082,0.7637399435043335,0.7257121801376343,0.7816817164421082,P3,0.7257121801376343,0.7816817164421082,P3,1,0,1,1,1,final_tp
01002200001307251450271985B_1294704400_484698100,6425,6,LC,"[573.0001831054688, 535.9994506835938, 731.9996948242188, 759.99951171875]",35615.90032956004,large,Q4,1.4088097417014964,"[1,2)",0.9399513602256775,0.6969869136810303,LC,P4,1,1,1,1,0.7420129776000977,0.7420129776000977,0.7979265451431274,0.7420129776000977,P5,0.7979265451431274,0.7420129776000977,P5,1,1,1,1,1,final_tp
0100220000130725153708047J2_1297023700_483568000,6509,0,P,"[353.9999084472656, 741.9996337890625, 382.0001220703125, 762.9998779296875]",588.0113220736384,small,Q1,1.3333280049292582,"[1,2)",0.6844454407691956,0.04380704089999199,P,P3,1,0,1,0,0.41207122802734375,0.0,0.5759696364402771,0.41207122802734375,P3,0.6844454407691956,0.04380704089999199,P3,1,0,1,1,1,final_tp
0100220000130725153708047J2_1297023700_483568000,6509,1,TC,"[300.000244140625, 645.0001831054688, 438.0006408691406, 652.9996948242188]",1103.93579082191,medium,Q1,17.25110251480193,"[16,inf)",0.7452858686447144,0.4293261170387268,TC,P3,1,0,1,0,0.45631131529808044,0.0,0.7033740282058716,0.45631131529808044,P3,0.7033740282058716,0.45631131529808044,P3,1,0,1,1,1,final_tp
0100220000130725153708047J2_1297023700_483568000,6509,2,P,"[312.00054931640625, 773.0001831054688, 369.0004577636719, 809.0]",2051.9862671066076,medium,Q2,1.583338843479632,"[1,2)",0.9111657738685608,0.015499420464038849,P,P4,1,1,1,1,0.9467776417732239,0.9467776417732239,0.8139545917510986,0.9467776417732239,P3,0.8139545917510986,0.9467776417732239,P3,1,1,1,1,1,final_tp
0100220000130725153708047J2_1297023700_483568000,6509,3,LC,"[473.9993591308594, 628.000244140625, 497.9998474121094, 793.00048828125]",3960.0864259004593,medium,Q2,6.8748703029316625,"[4,8)",0.732807457447052,0.048163630068302155,LC,P3,1,0,1,0,0.3442317843437195,0.0,0.6677965521812439,0.3442317843437195,P3,0.7116177082061768,0.004668395966291428,P4,1,0,1,1,1,final_tp
01002200001307281145221775B_1294089700_485376200,6426,0,AC,"[273.9999084472656, 611.9996948242188, 544.0, 743.99951171875]",35639.96264646761,large,Q4,2.045458076418896,"[2,4)",0.7395018935203552,0.02313116192817688,AC,P4,1,0,1,0,0.02313116192817688,0.0,0.2621353566646576,0.38737526535987854,P4,0.7395018935203552,0.02313116192817688,P4,1,0,0,0,1,final_tp
01002200001307281306328225B_1293762200_485360300,6427,0,P,"[432.9993591308594, 785.9999389648438, 492.9996032714844, 814.0001220703125]",1680.0178223103285,medium,Q2,2.1428518490261688,"[2,4)",0.8008947968482971,0.09290426969528198,P,P3,1,1,1,1,0.09672116488218307,0.09672116488218307,0.765018105506897,0.09672116488218307,P3,0.765018105506897,0.09672116488218307,P3,1,1,0,0,1,final_tp
01002200001307281306328225B_1293762200_485360300,6427,1,LC,"[450.9998474121094, 616.0, 512.9999389648438, 742.99951171875]",7873.981353715062,medium,Q3,2.0483761965210996,"[2,4)",0.9313376545906067,0.005275037605315447,LC,P3,1,1,1,1,0.5634241700172424,0.1644260436296463,0.6608776450157166,0.5634241700172424,P4,0.9170820116996765,0.1644260436296463,P3,1,1,1,1,1,final_tp
01002200001307281317242545B_1293684500_485215700,6428,0,AC,"[364.0003356933594, 541.0006713867188, 695.0001220703125, 837.0001831054688]",97975.77514658868,large,Q4,1.1182443661983448,"[1,2)",0.8177922368049622,0.001036379486322403,AC,P5,1,1,1,1,0.8629302382469177,0.7429420948028564,0.7412378787994385,0.8629302382469177,P5,0.7412378787994385,0.8629302382469177,P5,1,0,1,1,1,final_tp
01002200001307281327278505B_1293430300_485163900,6429,0,LC,"[254.99951171875, 590.0000610351562, 435.9996643066406, 824.00048828125]",42354.11303717457,large,Q4,1.2928189501523601,"[1,2)",0.9697198271751404,0.7761401534080505,LC,P4,1,1,1,1,0.8868579864501953,0.8868579864501953,0.95661860704422,0.8868579864501953,P5,0.95661860704422,0.8868579864501953,P5,1,1,1,1,1,final_tp
01002200001307281327278505B_1293430300_485163900,6429,1,MC,"[46.999549865722656, 585.00048828125, 81.9998779296875, 594.0003662109375]",314.9986800746992,small,Q1,3.8889780880817066,"[2,4)",0.7530574798583984,0.41849014163017273,MC,P3,1,1,1,1,0.6098802089691162,0.6098802089691162,0.7516723275184631,0.6098802089691162,P3,0.7516723275184631,0.6098802089691162,P3,1,1,1,1,1,final_tp
01002200001307281339536575B_1293472600_485053300,6430,0,TC,"[0.999432384967804, 706.9998168945312, 778.9998168945312, 754.999755859375]",37343.970092751086,large,Q4,16.208361572725387,"[16,inf)",0.852837324142456,0.258225679397583,TC,P5,1,1,1,1,0.8722497224807739,0.8722497224807739,0.8200371265411377,0.8722497224807739,P5,0.8200371265411377,0.8722497224807739,P5,1,1,1,1,1,final_tp
01002200001307281341325335B_1293466300_484971700,6431,0,TC,"[0.999401867389679, 596.999755859375, 824.9999389648438, 687.0001220703125]",74160.35119649023,large,Q4,9.155524405147005,"[8,16)",0.9758826494216919,0.8223286271095276,TC,P5,1,1,1,1,0.8515365123748779,0.8515365123748779,0.9721210598945618,0.8515365123748779,P5,0.9721210598945618,0.8515365123748779,P5,1,1,1,1,1,final_tp
01002200001307281341325335B_1293466300_484971700,6431,1,MC,"[864.0, 707.000244140625, 949.9996337890625, 739.0003051757812]",2751.9935302510858,medium,Q2,2.6874834299403574,"[2,4)",0.8695141077041626,0.8480296730995178,MC,P3,1,1,1,1,0.8480296730995178,0.8480296730995178,0.8695141077041626,0.8480296730995178,P3,0.8695141077041626,0.8480296730995178,P3,1,1,1,1,1,final_tp
01002200001307281350091495B_1293470400_484650900,6432,0,LC,"[504.0, 486.0001525878906, 580.000244140625, 832.00048828125]",26296.10998543352,large,Q4,4.55262137123069,"[4,8)",0.7875766754150391,0.0002467964659444988,LC,P4,1,1,1,1,0.3669489920139313,0.0010602150578051805,0.4840402603149414,0.7439640760421753,P4,0.6530752182006836,0.007816510275006294,P4,1,0,0,1,1,final_tp
01002200001307281350091495B_1293470400_484650900,6432,1,AC,"[543.0001220703125, 661.9996337890625, 996.0001220703125, 853.9996337890625]",86976.0,large,Q4,2.359375,"[2,4)",0.8339693546295166,0.00037911810795776546,TC,P5,1,1,1,1,0.7309761643409729,0.11156360059976578,0.6894801259040833,0.7309761643409729,P5,0.6894801259040833,0.7309761643409729,P5,1,0,1,1,1,final_tp
01002200001307281350091495B_1293470400_484650900,6432,2,MC,"[255.00059509277344, 617.9999389648438, 309.0002136230469, 630.99951171875]",701.9719697674736,small,Q1,4.153953330046717,"[4,8)",0.8763983249664307,0.7684829831123352,MC,P3,1,1,1,1,0.7745920419692993,0.7745920419692993,0.8460642099380493,0.7745920419692993,P3,0.8460642099380493,0.7745920419692993,P3,1,1,1,1,1,final_tp
01002200001307281400348605B_1293469900_484920100,6433,0,LP,"[497.9998474121094, 587.0003051757812, 533.9995727539062, 657.0]",2519.9697876814753,medium,Q2,1.9444508023217273,"[1,2)",0.9635316133499146,0.4395642876625061,LP,P4,1,1,1,1,0.9083958864212036,0.9083958864212036,0.8348307013511658,0.9083958864212036,P3,0.8348307013511658,0.9083958864212036,P3,1,1,1,1,1,final_tp
01002200001307281400348605B_1293469900_484920100,6433,1,LP,"[316.9997253417969, 636.000244140625, 394.99981689453125, 831.9999389648438]",15287.99414059706,large,Q3,2.5128136508879235,"[2,4)",0.9444559812545776,0.00030872636125423014,LP,P4,1,1,1,1,0.9663564562797546,0.9663564562797546,0.9104800820350647,0.9663564562797546,P4,0.9104800820350647,0.9663564562797546,P4,1,1,1,1,1,final_tp
01002200001307281400348605B_1293469900_484920100,6433,2,LP,"[704.0000610351562, 647.0, 1024.0, 863.0006103515625]",69120.182128869,large,Q4,1.4814770126992325,"[1,2)",0.9714713096618652,0.10618989914655685,LP,P5,1,1,1,1,0.10618989914655685,0.10618989914655685,0.9714713096618652,0.10618989914655685,P5,0.9714713096618652,0.10618989914655685,P5,1,1,0,0,1,final_tp
01002200001307281400348605B_1293469900_484920100,6433,3,LP,"[320.9999694824219, 610.0003662109375, 358.0001525878906, 672.00048828125]",2294.0158691629767,medium,Q2,1.6756706823201823,"[1,2)",0.9077181220054626,0.21748177707195282,LP,P4,1,1,1,1,0.8685964345932007,0.8685964345932007,0.8891766667366028,0.8685964345932007,P3,0.8891766667366028,0.8685964345932007,P3,1,1,1,1,1,final_tp
01002200001307281400348605B_1293469900_484920100,6433,4,LP,"[296.0000305175781, 590.9995727539062, 326.99957275390625, 622.9995727539062]",991.9853515625,small,Q1,1.0322733076522481,"[1,2)",0.6953836679458618,0.11574473232030869,LP,P3,1,0,1,0,0.3224368095397949,0.0,0.5364993214607239,0.3224368095397949,P4,0.5364993214607239,0.3224368095397949,P4,1,0,1,1,1,final_tp
01002200001307281400348605B_1293469900_484920100,6433,5,LP,"[464.9999694824219, 528.0, 477.000244140625, 545.00048828125]",204.01052869856358,small,Q1,1.416674931654905,"[1,2)",0.38050416111946106,0.1861725002527237,LP,P3,0,0,0,0,0.0,0.0,0.35999757051467896,0.20559854805469513,P3,0.35999757051467896,0.20559854805469513,P3,0,0,0,0,0,raw_geometry_failure
01002200001307281403237125B_1293476000_485050900,6434,0,TP,"[105.00050354003906, 604.9996948242188, 587.0004272460938, 622.99951171875]",8675.910644542426,medium,Q3,26.778046787314054,"[16,inf)",0.7480559349060059,0.015670878812670708,TP,P3,1,0,1,0,0.5850027203559875,0.0,0.502103328704834,0.5850027203559875,P4,0.6489160656929016,0.01818646490573883,P3,1,0,1,1,1,final_tp
01002200001307281403237125B_1293476000_485050900,6434,1,LP,"[523.9996948242188, 597.9996948242188, 557.000244140625, 711.99951171875]",3762.056579489261,medium,Q2,3.454482402747646,"[2,4)",0.9319310188293457,0.5596538782119751,LP,P3,1,1,1,1,0.8654659986495972,0.8654659986495972,0.8976202011108398,0.8654659986495972,P3,0.8976202011108398,0.8654659986495972,P3,1,1,1,1,1,final_tp
01002200001307281403237125B_1293476000_485050900,6434,2,LP,"[369.9999084472656, 622.99951171875, 423.99951171875, 839.0001220703125]",11663.947265382856,large,Q3,4.000040690403112,"[4,8)",0.9118415713310242,0.42777344584465027,LP,P4,1,1,1,1,0.9263179898262024,0.9263179898262024,0.8592728972434998,0.9263179898262024,P4,0.8592728972434998,0.9263179898262024,P4,1,1,1,1,1,final_tp
01002200001307281403237125B_1293476000_485050900,6434,3,LP,"[1.000451683998108, 671.9999389648438, 129.00045776367188, 707.0004272460938]",4480.0625,medium,Q2,3.657091837446464,"[2,4)",0.9274893403053284,0.021039260551333427,LP,P4,1,1,1,1,0.21591190993785858,0.21591190993785858,0.10493865609169006,0.6803968548774719,P5,0.8839578032493591,0.21591190993785858,P3,1,1,0,0,1,final_tp
01002200001307281451563755B_1293503100_485105100,6435,0,TC,"[0.9998840689659119, 722.9993286132812, 1023.9994506835938, 828.9996948242188]",108438.32934554666,large,Q4,9.650906023458148,"[8,16)",0.9459006786346436,0.2591874301433563,TC,P5,1,1,1,1,0.6934594511985779,0.6934594511985779,0.8336271643638611,0.6934594511985779,P5,0.8336271643638611,0.6934594511985779,P5,1,1,1,1,1,final_tp
01002200001307281451563755B_1293503100_485105100,6435,1,MC,"[454.9996032714844, 513.0004272460938, 477.9996032714844, 520.0005493164062]",161.0028076171875,small,Q1,3.2856569884035225,"[2,4)",0.8072561025619507,0.047918666154146194,MC,P3,1,1,1,1,0.047918666154146194,0.047918666154146194,0.8072561025619507,0.047918666154146194,P3,0.8072561025619507,0.047918666154146194,P3,1,1,0,0,1,final_tp
01002200001307281451563755B_1293503100_485105100,6435,2,MC,"[349.0007019042969, 515.0003051757812, 364.000244140625, 519.0001220703125]",59.99542244710028,small,Q1,3.750057223078449,"[2,4)",0.4092946946620941,0.0029153255745768547,MC,P3,0,0,0,0,0.0,0.0,0.36748483777046204,0.024671228602528572,P3,0.4092946946620941,0.0029153255745768547,P3,0,0,0,0,0,raw_geometry_failure
01002200001307281508217275B_1293322800_485006900,6436,0,LC,"[434.0004577636719, 558.0006103515625, 497.0, 827.0004272460938]",16946.865326011553,large,Q3,4.269869388660651,"[4,8)",0.8865250945091248,0.0009119226597249508,LC,P4,1,1,1,1,0.9371609091758728,0.9371609091758728,0.8177616000175476,0.9371609091758728,P4,0.8177616000175476,0.9371609091758728,P4,1,1,1,1,1,final_tp
01002200001307281508217275B_1293322800_485006900,6436,1,MC,"[988.9996337890625, 687.9999389648438, 1024.0, 716.0001831054688]",980.018798917532,small,Q1,1.2500021798080025,"[1,2)",0.7989097237586975,0.0017068326706066728,MC,P3,1,1,1,1,0.1299034059047699,0.0024805464781820774,0.656735360622406,0.1299034059047699,P3,0.656735360622406,0.1299034059047699,P3,1,0,0,0,1,final_tp
01002200001307281510021695B_1293244700_484977300,6437,0,LC,"[521.0004272460938, 631.0, 551.0005493164062, 833.9998168945312]",6090.019287087023,medium,Q3,6.766633029650758,"[4,8)",0.8818923234939575,0.6343064308166504,LC,P4,1,1,1,1,0.701012134552002,0.701012134552002,0.8571353554725647,0.701012134552002,P4,0.8571353554725647,0.701012134552002,P4,1,1,1,1,1,final_tp
01002200001307281510021695B_1293244700_484977300,6437,1,TC,"[331.9997253417969, 620.000244140625, 678.9994506835938, 630.0006103515625]",3470.1243285126984,medium,Q2,34.698701829766975,"[16,inf)",0.7041652798652649,0.09484581649303436,TC,P4,1,0,1,0,0.22577407956123352,0.0,0.5626415610313416,0.22577407956123352,P4,0.6264271140098572,0.13693220913410187,P4,1,0,0,0,1,final_tp
01002200001307281537158575B_1293088900_485607900,6438,0,LC,"[499.9997253417969, 530.0004272460938, 514.999267578125, 834.0004272460938]",4559.86083984375,medium,Q2,20.26728517512538,"[16,inf)",0.6224334836006165,0.013169893063604832,LC,P5,1,0,1,0,0.4385451674461365,0.0,0.5341123938560486,0.4385451674461365,P4,0.5341123938560486,0.4385451674461365,P4,1,0,1,1,1,final_tp
01002200001307281551000855B_1293168800_484995300,6439,0,TC,"[0.9998840689659119, 653.0001831054688, 834.9998168945312, 736.0005493164062]",69222.30035398155,large,Q4,10.048147701484986,"[8,16)",0.39517009258270264,0.0008488386520184577,TC,P5,0,0,0,0,0.0,0.0,0.1055644303560257,0.49351105093955994,P4,0.38101935386657715,0.0016365444753319025,P5,0,0,0,0,0,raw_geometry_failure
01002200001307281551000855B_1293168800_484995300,6439,1,MC,"[812.9996948242188, 622.99951171875, 866.0, 639.9999389648438]",901.0278321616352,small,Q1,3.117586658768198,"[2,4)",0.7926308512687683,0.05536174774169922,MC,P3,1,1,1,1,0.05536174774169922,0.05536174774169922,0.7926308512687683,0.05536174774169922,P3,0.7926308512687683,0.05536174774169922,P3,1,1,0,0,1,final_tp
01002200001307281619339135B_1293107300_485383100,6440,0,TC,"[222.00059509277344, 734.0001831054688, 932.0003051757812, 805.9996337890625]",51119.58801286295,large,Q4,9.861182107407435,"[8,16)",0.8620128631591797,0.5309475660324097,TC,P5,1,1,1,1,0.7881914377212524,0.6421086192131042,0.7034549713134766,0.7881914377212524,P5,0.8205562233924866,0.3088793456554413,P5,1,1,1,1,1,final_tp
01002200001307281619339135B_1293107300_485383100,6440,1,MC,"[962.0003051757812, 654.9995727539062, 1024.0, 679.99951171875]",1549.9885864444077,medium,Q2,2.4799938476412295,"[2,4)",0.8760761022567749,0.5797757506370544,MC,P3,1,1,1,1,0.7018439769744873,0.7018439769744873,0.8724491000175476,0.7018439769744873,P3,0.8724491000175476,0.7018439769744873,P3,1,1,1,1,1,final_tp
01002200001307281653334535B_1293233400_485050400,6441,0,LC,"[16.00052261352539, 681.0, 260.000244140625, 869.9996337890625]",46115.85873423144,large,Q4,1.2910063392721625,"[1,2)",0.8941685557365417,0.0035857229959219694,LC,P5,1,1,1,1,0.8741416931152344,0.8741416931152344,0.8846823573112488,0.8741416931152344,P5,0.8846823573112488,0.8741416931152344,P5,1,1,1,1,1,final_tp
01002200001307281653334535B_1293233400_485050400,6441,1,LC,"[574.9995727539062, 718.9995727539062, 592.99951171875, 768.9994506835938]",899.9947509840131,small,Q1,2.7777804151082868,"[2,4)",0.6858369708061218,0.17025025188922882,LC,P3,1,0,1,0,0.17025025188922882,0.0,0.6858369708061218,0.17025025188922882,P3,0.6858369708061218,0.17025025188922882,P3,1,0,0,0,1,final_tp
01002200001307281653334535B_1293233400_485050400,6441,2,LC,"[538.0004272460938, 797.9996337890625, 545.9999389648438, 834.9998168945312]",295.98339834809303,small,Q1,4.625305194408838,"[4,8)",0.38050827383995056,0.0006657000631093979,LC,P3,0,0,0,0,0.0,0.0,0.11337117850780487,0.13071393966674805,P3,0.29951032996177673,0.005454929079860449,P3,0,0,0,0,0,raw_geometry_failure
01002200001307281653334535B_1293233400_485050400,6441,3,LC,"[609.9999389648438, 763.999755859375, 670.99951171875, 822.9994506835938]",3598.9561768881977,medium,Q2,1.033896411424599,"[1,2)",0.8192623257637024,0.00013744372699875385,LC,P3,1,1,1,0,0.011573494412004948,0.00013744372699875385,0.2674390375614166,0.029375221580266953,P4,0.6283524036407471,0.011573494412004948,P4,1,0,0,0,1,final_tp
01002200001307281654398485B_1293270500_485074200,6442,0,P,"[614.9996337890625, 695.0, 630.99951171875, 709.0001831054688]",224.00122068077326,small,Q1,1.1428334764734347,"[1,2)",0.730710506439209,0.003721178276464343,P,P3,1,0,1,0,0.003721178276464343,0.0,0.730710506439209,0.003721178276464343,P3,0.730710506439209,0.003721178276464343,P3,1,0,0,0,1,final_tp
01002200001307281713319395B_1293387100_484962800,6443,0,TC,"[557.9996337890625, 696.0, 950.99951171875, 736.9998779296875]",16112.947021499276,large,Q3,9.585391415156414,"[8,16)",0.8172303438186646,0.0004402406048029661,TC,P4,1,1,1,1,0.2825520634651184,0.01136667001992464,0.422839492559433,0.6587852835655212,P5,0.7552833557128906,0.01136667001992464,P4,1,1,1,1,1,final_tp
01002200001307281713319395B_1293387100_484962800,6443,1,TC,"[248.0000457763672, 685.0001831054688, 673.0, 715.9996948242188]",13174.790588408709,large,Q3,13.709891395088759,"[8,16)",0.792934775352478,0.2904041111469269,TC,P4,1,1,1,1,0.3207196891307831,0.2904041111469269,0.41922977566719055,0.5695739984512329,P5,0.7289405465126038,0.3207196891307831,P4,1,0,1,1,1,final_tp
01002200001307281749026355B_1293469300_484646600,6444,0,LC,"[247.99998474121094, 643.000244140625, 420.9997253417969, 824.9999389648438]",31485.899993975647,large,Q4,1.0520229347881596,"[1,2)",0.9341713190078735,0.0002861337852664292,LC,P4,1,1,1,1,0.839929461479187,0.839929461479187,0.8890735507011414,0.839929461479187,P4,0.8890735507011414,0.839929461479187,P4,1,1,1,1,1,final_tp
01002200001307281749026355B_1293469300_484646600,6444,1,LC,"[597.0001831054688, 646.0001831054688, 760.0005493164062, 832.9999389648438]",30481.02868643403,large,Q4,1.1472351885233194,"[1,2)",0.9522932767868042,0.0015844240551814437,LC,P4,1,1,1,1,0.9501804113388062,0.9501804113388062,0.8944399952888489,0.9501804113388062,P4,0.8944399952888489,0.9501804113388062,P4,1,1,1,1,1,final_tp
01002200001307281810060065B_1293698300_484683300,6445,0,LC,"[531.9998168945312, 580.0001831054688, 588.9996337890625, 834.0004272460938]",14477.967407181859,large,Q3,4.456158948906985,"[4,8)",0.9158579707145691,0.0014109407784417272,LC,P4,1,1,1,1,0.920569658279419,0.920569658279419,0.8106799721717834,0.920569658279419,P4,0.8106799721717834,0.920569658279419,P4,1,1,1,1,1,final_tp
01002200001307281810060065B_1293698300_484683300,6445,1,TC,"[147.00030517578125, 630.0001220703125, 545.9999389648438, 653.000244140625]",9177.040283158422,medium,Q3,17.347718093377985,"[16,inf)",0.8236941695213318,0.0024976124987006187,TC,P3,1,1,1,1,0.24858422577381134,0.24858422577381134,0.3604172468185425,0.3185913562774658,P3,0.7783384919166565,0.24858422577381134,P4,1,1,0,0,1,final_tp
01002200001307301101044625S_1293890000_484335500,6446,0,TC,"[266.99981689453125, 760.9993896484375, 818.9992065429688, 797.9996337890625]",20424.112182468176,large,Q3,14.918803982765105,"[8,16)",0.8852848410606384,0.13595186173915863,TC,P4,1,1,1,1,0.2784494161605835,0.2784494161605835,0.8810081481933594,0.2784494161605835,P5,0.8810081481933594,0.2784494161605835,P5,1,1,1,1,1,final_tp
0100220000130730120027792J1_1297044800_482158000,6510,0,P,"[325.9996643066406, 634.0004272460938, 439.00006103515625, 673.9998779296875]",4519.953796168789,medium,Q2,2.825048714353072,"[2,4)",0.8798466920852661,0.03068934567272663,P,P3,1,1,1,1,0.8660585284233093,0.8660585284233093,0.8346083760261536,0.8660585284233093,P4,0.8346083760261536,0.8660585284233093,P4,1,1,1,1,1,final_tp
0100220000130731092203334J2_1297649600_483684700,6511,0,TC,"[193.0004425048828, 672.9999389648438, 748.0001831054688, 703.0]",16650.026550278068,large,Q3,18.499954223725943,"[16,inf)",0.9160933494567871,0.09389149397611618,TC,P4,1,1,1,1,0.3842683732509613,0.3842683732509613,0.8228482604026794,0.3842683732509613,P4,0.8228482604026794,0.3842683732509613,P4,1,1,1,1,1,final_tp
0100220000130731092203334J2_1297649600_483684700,6511,1,TC,"[431.00006103515625, 671.0006103515625, 617.0004272460938, 682.0003662109375]",2045.9586180746555,medium,Q2,16.909499500610366,"[16,inf)",0.5907372236251831,0.0013198383385315537,TC,P3,1,0,1,0,0.20452508330345154,0.0,0.5085623860359192,0.20452508330345154,P3,0.5907372236251831,0.0013198383385315537,P3,1,0,0,0,1,final_tp
0100220000130731110749487J1_1296947800_482111700,6512,0,TC,"[112.99942779541016, 729.9999389648438, 890.9998168945312, 824.9994506835938]",73909.65490704775,large,Q4,8.189519631577054,"[8,16)",0.9789397716522217,0.9009969830513,TC,P5,1,1,1,1,0.9366636872291565,0.9366636872291565,0.9536307454109192,0.9366636872291565,P5,0.9536307454109192,0.9366636872291565,P5,1,1,1,1,1,final_tp
0100220000130731110749487J1_1296947800_482111700,6512,1,MC,"[474.999755859375, 670.99951171875, 546.9992065429688, 695.0000610351562]",1728.0263668857515,medium,Q2,2.999908449361053,"[2,4)",0.9556857943534851,0.18019801378250122,MC,P3,1,1,1,1,0.8864532113075256,0.8864532113075256,0.9334306120872498,0.8864532113075256,P3,0.9334306120872498,0.8864532113075256,P3,1,1,1,1,1,final_tp
0100220000130731131506993J2_1296860300_483530500,6513,0,TC,"[95.99947357177734, 802.9999389648438, 192.9999542236328, 833.9994506835938]",3006.9675366915762,medium,Q2,3.129097049395939,"[2,4)",0.729360818862915,0.014463788829743862,TC,P4,1,0,1,0,0.5903039574623108,0.0,0.5684407353401184,0.5903039574623108,P3,0.6728723049163818,0.010066671296954155,P3,1,0,1,1,1,final_tp
0100220000130731131506993J2_1296860300_483530500,6513,1,LC,"[420.9997253417969, 537.9999389648438, 489.9999084472656, 806.0001220703125]",18492.061706576496,large,Q3,3.8840503176031116,"[2,4)",0.713141143321991,0.000765864213462919,LC,P4,1,0,1,0,0.9148675203323364,0.0,0.6658303141593933,0.9148675203323364,P4,0.6658303141593933,0.9148675203323364,P4,1,0,1,1,1,final_tp
0100220000130731131506993J2_1296860300_483530500,6513,2,TC,"[328.9999694824219, 632.00048828125, 688.0000610351562, 643.000244140625]",3948.9133605733514,medium,Q2,32.6370963267118,"[16,inf)",0.8373751640319824,0.09822574257850647,TC,P3,1,1,1,1,0.4730466902256012,0.4730466902256012,0.8040295243263245,0.4730466902256012,P3,0.8040295243263245,0.4730466902256012,P3,1,1,1,1,1,final_tp
0100220000130731132256352J2_1296883600_483525600,6514,0,LC,"[415.0000915527344, 628.000244140625, 470.0001525878906, 822.0001220703125]",10670.005126945674,large,Q3,3.5272665934985423,"[2,4)",0.8883277177810669,0.00044742715544998646,LC,P4,1,1,1,1,0.6591991186141968,0.6158329248428345,0.7063863277435303,0.6591991186141968,P4,0.8009511232376099,0.0019834181293845177,P4,1,1,1,1,1,final_tp
0100220000130731132256352J2_1296883600_483525600,6514,1,MC,"[333.9996032714844, 661.9996337890625, 374.99951171875, 679.9995727539062]",737.9958496149629,small,Q1,2.2777804151082868,"[2,4)",0.889514148235321,0.5721275806427002,MC,P3,1,1,1,1,0.7529891133308411,0.7529891133308411,0.8696827292442322,0.7529891133308411,P3,0.8696827292442322,0.7529891133308411,P3,1,1,1,1,1,final_tp
0100220000130731132256352J2_1296883600_483525600,6514,2,MC,"[372.9996643066406, 614.0001220703125, 417.9993591308594, 626.0004272460938]",540.010070707649,small,Q1,3.7498792043252482,"[2,4)",0.8269167542457581,0.017313728109002113,MC,P3,1,1,1,1,0.7446958422660828,0.017313728109002113,0.5789687037467957,0.7446958422660828,P3,0.8269167542457581,0.017313728109002113,P3,1,1,1,1,1,final_tp
0100220000130804114810497J3_1294326600_483724100,6253,0,TC,"[156.00027465820312, 727.0000610351562, 878.0001220703125, 766.99951171875]",28879.598510809243,large,Q4,18.050244830632746,"[16,inf)",0.9405564665794373,0.025500524789094925,TC,P5,1,1,1,1,0.29695940017700195,0.254817396402359,0.7250293493270874,0.29695940017700195,P4,0.8366520404815674,0.0015275976620614529,P5,1,1,1,1,1,final_tp
0100220000130804121851086J3_1293890200_483820200,6254,0,TC,"[321.9999084472656, 730.9998168945312, 687.9999389648438, 784.9994506835938]",19763.867614734918,large,Q3,6.777824307980966,"[4,8)",0.6424505114555359,0.00013505211973097175,TC,P4,1,0,0,0,0.0009804840665310621,0.0,0.32667508721351624,0.2532072961330414,P4,0.47607308626174927,0.01341762114316225,P4,0,0,0,0,0,final_localization_or_assignment
0100220000130804121913508J3_1293902200_483832200,6255,0,TP,"[651.9996948242188, 830.0, 809.9999389648438, 851.0003051757812]",3318.0533448010683,medium,Q2,7.52371181361878,"[4,8)",0.6537707448005676,0.0019173440523445606,TP,P3,1,0,1,0,0.005478848237544298,0.0,0.23723049461841583,0.010456684976816177,P4,0.6537707448005676,0.0019173440523445606,P3,1,0,0,0,1,final_tp
0100220000130804121913508J3_1293902200_483832200,6255,1,TP,"[230.0000762939453, 626.0004272460938, 672.00048828125, 642.0004272460938]",7072.0068359375,medium,Q3,27.62502670288086,"[16,inf)",0.885758101940155,0.09594745188951492,TP,P4,1,1,1,1,0.2063637524843216,0.1428738385438919,0.5464712381362915,0.2063637524843216,P3,0.8344279527664185,0.1428738385438919,P4,1,1,0,0,1,final_tp
0100220000130804121913508J3_1293902200_483832200,6255,2,LP,"[119.0005874633789, 814.9996337890625, 196.000244140625, 860.9996337890625]",3541.9842071533203,medium,Q2,1.6739055799401326,"[1,2)",0.8579108715057373,0.0002138082345481962,LP,P3,1,1,0,0,0.0006966371438466012,0.0006966371438466012,0.8261334896087646,0.0006966371438466012,P3,0.0,0.03021205961704254,P3,0,0,0,0,0,confidence_filter_loss
0100220000130808134952724J5_1295484600_482931700,6126,0,LP,"[57.999874114990234, 604.0001831054688, 304.9999694824219, 710.0005493164062]",26182.100158724934,large,Q4,2.3301814925923154,"[2,4)",0.9208712577819824,0.0030449486803263426,LP,P4,1,1,1,1,0.3478802740573883,0.11731109023094177,0.7120751142501831,0.3478802740573883,P4,0.8608790636062622,0.02852368913590908,P4,1,1,1,1,1,final_tp
0100220000130808134952724J5_1295484600_482931700,6126,1,LP,"[67.999755859375, 602.0004272460938, 362.9997863769531, 776.00048828125]",51330.02331543155,large,Q4,1.6954018795313766,"[1,2)",0.9401176571846008,0.019671300426125526,LP,P5,1,1,1,1,0.8192653059959412,0.8192653059959412,0.9166767597198486,0.8192653059959412,P5,0.9166767597198486,0.8192653059959412,P5,1,1,1,1,1,final_tp
0100220000130808134952724J5_1295484600_482931700,6126,2,MC,"[566.0001220703125, 608.9999389648438, 610.999755859375, 621.000244140625]",540.0093382671475,small,Q1,3.7498741181915745,"[2,4)",0.7954022288322449,0.09693249315023422,MC,P3,1,1,1,1,0.5313236117362976,0.20492832362651825,0.6735571026802063,0.5313236117362976,P3,0.7954022288322449,0.09693249315023422,P3,1,1,1,1,1,final_tp
0100220000130808134952724J5_1295484600_482931700,6126,3,LC,"[331.9997253417969, 600.0000610351562, 454.99957275390625, 818.0004272460938]",26814.011779729277,large,Q4,1.7723628996101932,"[1,2)",0.9912314414978027,7.24934070603922e-05,P,P4,1,1,1,1,0.5462148189544678,0.5462148189544678,0.9525370597839355,0.5462148189544678,P4,0.9525370597839355,0.5462148189544678,P4,1,1,1,1,1,final_tp
0100220000130808134952724J5_1295484600_482931700,6126,4,LP,"[321.9999084472656, 572.0003051757812, 364.9997253417969, 593.0005493164062]",903.0066527873278,small,Q1,2.0475865235941733,"[2,4)",0.6477109789848328,0.006976614240556955,LP,P3,1,0,1,0,0.006976614240556955,0.0,0.40289562940597534,0.01584773324429989,P3,0.6477109789848328,0.006976614240556955,P3,1,0,0,0,1,final_tp
0100220000130808134952724J5_1295484600_482931700,6126,5,TP,"[362.9997863769531, 600.9999389648438, 455.9994812011719, 611.0003051757812]",930.0310057476163,small,Q1,9.29962891983936,"[8,16)",0.66932213306427,0.0035316478461027145,TP,P3,1,0,1,0,0.23476625978946686,0.0,0.5729713439941406,0.23476625978946686,P3,0.5729713439941406,0.23476625978946686,P3,1,0,0,0,1,final_tp
0100220000130808134952724J5_1295484600_482931700,6126,6,TP,"[0.9999359250068665, 634.0004272460938, 31.999486923217773, 645.0001831054688]",340.9875012538396,small,Q1,2.8182036191876594,"[2,4)",0.8438944816589355,0.015252608805894852,TP,P3,1,1,1,1,0.06539911776781082,0.027050219476222992,0.7151662111282349,0.06539911776781082,P3,0.7536740303039551,0.027050219476222992,P3,1,1,0,0,1,final_tp
0100220000130808144311783J5_1295636500_482941200,6127,0,LP,"[0.9999298453330994, 610.9998168945312, 191.99949645996094, 676.9996948242188]",12605.948486380279,large,Q3,2.893938272997812,"[2,4)",0.932047426700592,0.18350745737552643,LP,P4,1,1,1,1,0.6504978537559509,0.6504978537559509,0.907734215259552,0.6504978537559509,P4,0.907734215259552,0.6504978537559509,P4,1,1,1,1,1,final_tp
0100220000130808144311783J5_1295636500_482941200,6127,1,MC,"[472.0, 590.0001220703125, 519.9999389648438, 600.00048828125]",480.01696775108576,small,Q1,4.79981812189495,"[4,8)",0.7768860459327698,0.14898569881916046,MC,P3,1,1,1,1,0.8485304117202759,0.14898569881916046,0.7058240175247192,0.8485304117202759,P3,0.7058240175247192,0.8485304117202759,P3,1,0,1,1,1,final_tp
0100220000130808144311783J5_1295636500_482941200,6127,2,MC,"[496.00006103515625, 615.0005493164062, 552.00048828125, 628.0001831054688]",727.9850462302566,small,Q1,4.3078465251237175,"[4,8)",0.8107052445411682,0.4175660014152527,MC,P3,1,1,1,1,0.6063973903656006,0.4175660014152527,0.6251398921012878,0.6063973903656006,P3,0.6251398921012878,0.6063973903656006,P3,1,0,1,1,1,final_tp
0100220000130808144311783J5_1295636500_482941200,6127,3,LP,"[111.99999237060547, 600.0, 318.9995422363281, 715.0003662109375]",23805.02316267416,large,Q4,1.7999902874799778,"[1,2)",0.9355917572975159,0.000788688485044986,LP,P4,1,1,1,1,0.9215080142021179,0.9215080142021179,0.9095932245254517,0.9215080142021179,P4,0.9095932245254517,0.9215080142021179,P4,1,1,1,1,1,final_tp
0100220000130808165806528J2_1296287300_483105900,6001,0,LC,"[590.9995727539062, 588.0003051757812, 782.9996337890625, 823.0001220703125]",45119.97918700054,large,Q4,1.223956990573568,"[1,2)",0.9549914598464966,0.09528256207704544,LC,P5,1,1,1,1,0.8353656530380249,0.8353656530380249,0.9195166826248169,0.8353656530380249,P5,0.9195166826248169,0.8353656530380249,P5,1,1,1,1,1,final_tp
0100220000130808165806528J2_1296287300_483105900,6001,1,MC,"[524.0001831054688, 599.0000610351562, 570.0004272460938, 609.9998168945312]",505.99145501852036,small,Q1,4.181933192764399,"[4,8)",0.8719291687011719,0.10071253031492233,MC,P3,1,1,1,1,0.7848191261291504,0.7848191261291504,0.7635132074356079,0.7848191261291504,P3,0.8719291687011719,0.10071253031492233,P3,1,1,1,1,1,final_tp
0100220000130808165806528J2_1296287300_483105900,6001,2,MC,"[417.9998474121094, 666.0004272460938, 489.9993591308594, 688.0000610351562]",1583.962890803814,medium,Q2,3.272759556322515,"[2,4)",0.9299554824829102,0.001532057416625321,MC,P3,1,1,1,1,0.8174874186515808,0.8174874186515808,0.8537262678146362,0.8174874186515808,P3,0.8537262678146362,0.8174874186515808,P3,1,1,1,1,1,final_tp
0100220000130809123456465J3_1294620400_483057300,6256,0,LC,"[526.0001220703125, 608.9994506835938, 536.00048828125, 828.9996948242188]",2200.083007901907,medium,Q2,21.999218778609183,"[16,inf)",0.8874214887619019,0.1209113672375679,LC,P3,1,1,1,1,0.42133161425590515,0.42133161425590515,0.7705929279327393,0.42133161425590515,P3,0.7983787655830383,0.36602655053138733,P4,1,1,1,1,1,final_tp
0100220000130809144745953J1_1296406600_482713300,6515,0,TC,"[351.9994812011719, 656.00048828125, 694.9995727539062, 683.0003051757812]",9260.939666731283,large,Q3,12.703793247657478,"[8,16)",0.8746851682662964,0.0004499575006775558,TC,P3,1,1,1,1,0.3921184837818146,0.3921184837818146,0.8384341597557068,0.3921184837818146,P4,0.8384341597557068,0.3921184837818146,P4,1,1,1,1,1,final_tp
0100220000130809144745953J1_1296406600_482713300,6515,1,TC,"[746.00048828125, 658.9998779296875, 952.9999389648438, 678.9996337890625]",4139.93847669661,medium,Q2,10.350098878160134,"[8,16)",0.9005951285362244,0.13425002992153168,TC,P4,1,1,1,1,0.2725207507610321,0.2725207507610321,0.8445413112640381,0.2725207507610321,P3,0.8445413112640381,0.2725207507610321,P3,1,1,1,1,1,final_tp
0100220000130809144745953J1_1296406600_482713300,6515,2,LC,"[836.9996337890625, 574.99951171875, 952.0, 659.999755859375]",9775.05920419097,large,Q3,1.3529415988579996,"[1,2)",0.9314378499984741,0.002446012804284692,LC,P3,1,1,1,1,0.8242462277412415,0.8242462277412415,0.7852930426597595,0.8242462277412415,P4,0.7852930426597595,0.8242462277412415,P4,1,1,1,1,1,final_tp
0100220000130809144745953J1_1296406600_482713300,6515,3,TC,"[266.0003967285156, 715.0004272460938, 1024.0, 774.0001220703125]",44721.74707042426,large,Q4,12.847517873565538,"[8,16)",0.9846294522285461,0.7130927443504333,TC,P5,1,1,1,1,0.7952669858932495,0.7952669858932495,0.9280788898468018,0.7952669858932495,P5,0.9280788898468018,0.7952669858932495,P5,1,1,1,1,1,final_tp
0100220000130809144745953J1_1296406600_482713300,6515,4,LC,"[510.99957275390625, 576.0006103515625, 556.9996948242188, 617.0004272460938]",1885.9965820088983,medium,Q2,1.1219592074921734,"[1,2)",0.9087644815444946,0.49566635489463806,LC,P3,1,1,1,1,0.6550068259239197,0.6550068259239197,0.8823143243789673,0.6550068259239197,P4,0.8823143243789673,0.6550068259239197,P4,1,1,1,1,1,final_tp
0100220000130814114426802J2_1296562900_483017800,6516,0,MC,"[995.9998168945312, 670.0001831054688, 1024.0, 687.0006103515625]",476.01507576182485,small,Q1,1.6470282011237367,"[1,2)",0.9108763337135315,0.7082502245903015,MC,P3,1,1,1,1,0.7145782709121704,0.7145782709121704,0.8673133254051208,0.7145782709121704,P3,0.8673133254051208,0.7145782709121704,P3,1,1,1,1,1,final_tp
0100220000130814114426802J2_1296562900_483017800,6516,1,LC,"[542.9996337890625, 681.9999389648438, 634.9998779296875, 804.9996337890625]",11316.001953050494,large,Q3,1.3369496567444996,"[1,2)",0.8908423781394958,0.039031706750392914,LC,P4,1,1,1,1,0.5168640613555908,0.5168640613555908,0.8326157927513123,0.5168640613555908,P4,0.8326157927513123,0.5168640613555908,P4,1,1,1,1,1,final_tp
0100220000130814114426802J2_1296562900_483017800,6516,2,MC,"[973.0001831054688, 632.99951171875, 1017.9998168945312, 644.999755859375]",540.006591707468,small,Q1,3.7498931906496042,"[2,4)",0.8994814157485962,0.7603369355201721,MC,P3,1,1,1,1,0.8435194492340088,0.8435194492340088,0.8749152421951294,0.8435194492340088,P3,0.8749152421951294,0.8435194492340088,P3,1,1,1,1,1,final_tp
0100220000130814114426802J2_1296562900_483017800,6516,3,TC,"[892.0001831054688, 799.99951171875, 977.9998168945312, 829.9996337890625]",2579.9995116740465,medium,Q2,2.866642795236022,"[2,4)",0.9112796783447266,0.0227518267929554,TC,P3,1,1,1,1,0.030710317194461823,0.030710317194461823,0.365629643201828,0.8838255405426025,P4,0.8648065328598022,0.030710317194461823,P3,1,1,0,0,1,final_tp
0100220000130817112634126J1_1296323200_482917700,6002,0,LC,"[271.00006103515625, 574.0001831054688, 404.9997253417969, 809.0]",31489.8965759892,large,Q4,1.7537343702351749,"[1,2)",0.98478764295578,0.7400432229042053,LC,P5,1,1,1,1,0.8984014391899109,0.8984014391899109,0.9468914270401001,0.8984014391899109,P4,0.9468914270401001,0.8984014391899109,P4,1,1,1,1,1,final_tp
0100220000130817112634126J1_1296323200_482917700,6002,1,MC,"[29.00018882751465, 606.0001220703125, 66.00037384033203, 616.00048828125]",370.0153809264302,small,Q1,3.6998828167913773,"[2,4)",0.44645926356315613,0.0006910233059898019,MC,P3,0,0,0,0,0.0,0.0,0.11452315747737885,0.003980361856520176,P3,0.11452315747737885,0.003980361856520176,P3,0,0,0,0,0,raw_geometry_failure
0100220000130817112634126J1_1296323200_482917700,6002,2,MC,"[185.9998779296875, 556.9996948242188, 205.00022888183594, 560.99951171875]",75.99792474042624,small,Q1,4.750305189751728,"[4,8)",0.3730784058570862,1.9556448023649864e-05,TC,P3,0,0,0,0,0.0,0.0,0.1419333815574646,4.842889029532671e-05,P3,0.0,0.10699724406003952,P3,0,0,0,0,0,raw_geometry_failure
0100220000130817151519871J3_1295229600_483712200,6257,0,LP,"[295.00006103515625, 596.0003662109375, 327.00006103515625, 658.9998168945312]",2015.982421875,medium,Q2,1.9687328338623047,"[1,2)",0.7953002452850342,0.004477214999496937,LP,P3,1,1,1,1,0.8051915764808655,0.8051915764808655,0.7667856216430664,0.8051915764808655,P3,0.7667856216430664,0.8051915764808655,P3,1,1,1,1,1,final_tp
0100220000130817151519871J3_1295229600_483712200,6257,1,LP,"[1.0004425048828125, 588.0003051757812, 321.00042724609375, 709.000244140625]",38719.98046875,large,Q4,2.6446294331848814,"[2,4)",0.8342287540435791,0.0124279223382473,LP,P5,1,1,1,1,0.8168308138847351,0.030157744884490967,0.5480608940124512,0.8168308138847351,P4,0.7904151082038879,0.030157744884490967,P5,1,1,1,1,1,final_tp
0100220000130817151519871J3_1295229600_483712200,6257,2,LC,"[461.0002136230469, 563.0003051757812, 1024.0, 829.0006713867188]",149758.14123526216,large,Q4,2.1165375216548306,"[2,4)",0.9666278958320618,0.5627235770225525,LC,P5,1,1,1,1,0.6580323576927185,0.6580323576927185,0.9628774523735046,0.6580323576927185,P5,0.9628774523735046,0.6580323576927185,P5,1,1,1,1,1,final_tp
0100220000130817151519871J3_1295229600_483712200,6257,3,LC,"[201.99986267089844, 658.9998168945312, 288.99993896484375, 767.9994506835938]",9482.976455660537,large,Q3,1.2528682552046018,"[1,2)",0.9305872917175293,0.004512520506978035,LC,P4,1,1,1,1,0.015727022662758827,0.015727022662758827,0.2023829072713852,0.035300079733133316,P3,0.8528894782066345,0.015727022662758827,P4,1,1,0,0,1,final_tp
0100220000130817151519871J3_1295229600_483712200,6257,4,TP,"[10.000378608703613, 654.0001831054688, 96.0, 675.0004272460938]",1806.01298513636,medium,Q2,4.095172320587791,"[4,8)",0.5106611251831055,0.0005087068420834839,LP,P3,1,0,0,0,0.0005087068420834839,0.0,0.27863171696662903,0.223066508769989,P3,0.46131810545921326,0.007599353790283203,P3,0,0,0,0,0,final_localization_or_assignment
0100220000130817151519871J3_1295229600_483712200,6257,5,MC,"[860.9996337890625, 547.0003051757812, 885.9996337890625, 551.0001220703125]",99.99542236328125,small,Q1,6.250286115392245,"[4,8)",0.42731884121894836,0.32603856921195984,MC,P3,0,0,0,0,0.0,0.0,0.42731884121894836,0.32603856921195984,P3,0.42731884121894836,0.32603856921195984,P3,0,0,0,0,0,raw_geometry_failure
01002200001308180949073915M_1296903500_484393800,6678,0,AC,"[1.0004425048828125, 639.0001220703125, 435.00030517578125, 875.0003051757812]",102424.05065915734,large,Q4,1.8389811067889403,"[1,2)",0.8521032333374023,0.00027525785844773054,TC,P5,1,1,1,1,0.23638127744197845,0.23638127744197845,0.7564665675163269,0.23638127744197845,P5,0.7564665675163269,0.23638127744197845,P5,1,1,0,0,1,final_tp
01002200001308180949073915M_1296903500_484393800,6678,1,P,"[247.0006103515625, 708.0003051757812, 292.0002746582031, 738.999755859375]",1394.96487445198,medium,Q2,1.451627797084043,"[1,2)",0.7828327417373657,0.1264638751745224,P,P3,1,1,1,1,0.6468790173530579,0.1264638751745224,0.6000868678092957,0.6468790173530579,P3,0.6000868678092957,0.6468790173530579,P3,1,0,1,1,1,final_tp
0100220000130818100952269J3_1294539700_483667500,6258,0,AC,"[406.99957275390625, 758.0001831054688, 496.9999694824219, 834.9998168945312]",6929.997588966042,medium,Q3,1.168841880145407,"[1,2)",0.9125717878341675,0.0029119052924215794,AC,P3,1,1,1,1,0.7965390682220459,0.023324642330408096,0.6815561652183533,0.7965390682220459,P4,0.83917635679245,0.005577039904892445,P3,1,1,1,1,1,final_tp
0100220000130818100952269J3_1294539700_483667500,6258,1,AC,"[649.0, 673.0004272460938, 809.0, 837.0001220703125]",26239.951171875,large,Q4,1.024998092651367,"[1,2)",0.8589538335800171,0.01255955919623375,AC,P4,1,1,1,1,0.8708606362342834,0.8349708318710327,0.7479434609413147,0.8708606362342834,P5,0.7479434609413147,0.8708606362342834,P5,1,0,1,1,1,final_tp
01002200001308181205324715M_1296604300_484549000,6679,0,P,"[127.99947357177734, 753.0004272460938, 160.9999542236328, 775.0000610351562]",725.9984892038628,small,Q1,1.5000468175184911,"[1,2)",0.8780205249786377,0.001829027198255062,P,P3,1,1,1,1,0.05763918161392212,0.05763918161392212,0.8153523206710815,0.05763918161392212,P3,0.8153523206710815,0.05763918161392212,P3,1,1,0,0,1,final_tp
01002200001308181205324715M_1296604300_484549000,6679,1,P,"[72.99993896484375, 792.9994506835938, 115.99974822998047, 811.9998168945312]",817.012123038061,small,Q1,2.2631042364006655,"[2,4)",0.8452260494232178,0.534516453742981,P,P3,1,1,1,1,0.554569661617279,0.554569661617279,0.8394514322280884,0.554569661617279,P3,0.8394514322280884,0.554569661617279,P3,1,1,1,1,1,final_tp
0100220000130819125335436J3_1295358300_483113800,6259,0,AC,"[738.0003662109375, 592.0, 1024.0, 652.000244140625]",17160.047851473093,large,Q3,4.766641167638478,"[4,8)",0.9158868789672852,0.00048511975910514593,LP,P4,1,1,1,1,0.036541566252708435,0.0075537976808846,0.258407324552536,0.05989653989672661,P4,0.7142505049705505,0.036541566252708435,P5,1,0,0,0,1,final_tp
0100220000130819125335436J3_1295358300_483113800,6259,1,LP,"[777.9999389648438, 677.9996337890625, 968.0001220703125, 794.9999389648438]",22230.07940679416,large,Q4,1.6239289531767673,"[1,2)",0.8269950151443481,2.786584445857443e-05,LC,P3,1,1,0,0,0.0005957300891168416,3.618662594817579e-05,0.3938107490539551,0.0022881266195327044,P5,0.3938107490539551,0.0022881266195327044,P5,0,0,0,0,0,confidence_filter_loss
0100220000130819125335436J3_1295358300_483113800,6259,2,LP,"[0.9999634027481079, 558.0000610351562, 432.9999694824219, 824.00048828125]",114912.1845703125,large,Q4,1.6240575418336813,"[1,2)",0.9918888807296753,0.000869707961101085,LP,P5,1,1,1,1,0.9580111503601074,0.9580111503601074,0.9768698811531067,0.9580111503601074,P5,0.9768698811531067,0.9580111503601074,P5,1,1,1,1,1,final_tp
0100220000130819125335436J3_1295358300_483113800,6259,3,LP,"[631.0000610351562, 591.0006103515625, 887.0001220703125, 794.0004272460938]",51967.96551512554,large,Q4,1.2610851820036928,"[1,2)",0.848682165145874,0.0001557910582050681,LC,P4,1,1,1,0,0.032611604779958725,0.0001557910582050681,0.5414664149284363,0.032611604779958725,P5,0.5414664149284363,0.032611604779958725,P5,1,0,0,0,1,final_tp
01002200001308201014409525D_1298351300_483083900,6680,0,LC,"[461.0002136230469, 549.9996337890625, 484.0002136230469, 581.9996948242188]",736.0014038085938,small,Q1,1.3913070015285327,"[1,2)",0.8707770705223083,0.026189005002379417,LP,P3,1,1,1,1,0.11704589426517487,0.11704589426517487,0.7567504644393921,0.11704589426517487,P4,0.7567504644393921,0.11704589426517487,P4,1,1,0,0,1,final_tp
01002200001308201014409525D_1298351300_483083900,6680,1,LC,"[350.9995422363281, 636.9996948242188, 446.99957275390625, 828.9996948242188]",18432.005859375,large,Q3,1.9999993642173246,"[1,2)",0.9467657208442688,0.006422361824661493,LC,P4,1,1,1,1,0.9722056984901428,0.9722056984901428,0.9277176856994629,0.9722056984901428,P4,0.9277176856994629,0.9722056984901428,P4,1,1,1,1,1,final_tp
01002200001308201014409525D_1298351300_483083900,6680,2,LC,"[145.99989318847656, 628.0001831054688, 288.0000305175781, 711.9999389648438]",11927.976867642254,large,Q3,1.6904827386263561,"[1,2)",0.6790043711662292,0.00029799650656059384,LC,P4,1,0,0,0,0.0006296514766290784,0.0,0.12074132263660431,0.009122480638325214,P3,0.3261946439743042,0.0011365489335730672,P4,0,0,0,0,0,final_localization_or_assignment
01002200001308201014409525D_1298351300_483083900,6680,3,LC,"[112.99995422363281, 582.99951171875, 441.9999084472656, 676.9996948242188]",30926.054504383355,large,Q4,3.4999925329475574,"[2,4)",0.6062806844711304,0.0001517338096164167,LC,P4,1,0,0,0,0.0004523874376900494,0.0,0.17773771286010742,0.0016956303734332323,P4,0.17773771286010742,0.0016956303734332323,P4,0,0,0,0,0,final_localization_or_assignment
01002200001308201032507615M_1298365000_483513300,6681,0,LC,"[326.0001220703125, 542.0001220703125, 459.99981689453125, 830.0]",38591.89575199038,large,Q4,2.1492577151573866,"[2,4)",0.9752240777015686,0.1439286768436432,LC,P4,1,1,1,1,0.7958241701126099,0.7958241701126099,0.965692400932312,0.7958241701126099,P4,0.965692400932312,0.7958241701126099,P4,1,1,1,1,1,final_tp
0100220000130820114033694J3_1294349400_482426300,6260,0,LC,"[744.0, 581.9995727539062, 930.0004272460938, 638.99951171875]",10602.013000462204,large,Q3,3.263168884458184,"[2,4)",0.7275160551071167,0.00011133839143440127,TP,P4,1,0,1,0,0.005483545362949371,0.0,0.3010386526584625,0.036527179181575775,P4,0.5987557172775269,0.005483545362949371,P3,1,0,0,0,1,final_tp
0100220000130820114033694J3_1294349400_482426300,6260,1,MC,"[634.999755859375, 762.9998779296875, 769.9999389648438, 819.0003051757812]",7560.067932207137,medium,Q3,2.4106991632797863,"[2,4)",0.9309569597244263,0.6115267276763916,MC,P3,1,1,1,1,0.9655020236968994,0.9655020236968994,0.8969541788101196,0.9655020236968994,P3,0.8969541788101196,0.9655020236968994,P3,1,1,1,1,1,final_tp
0100220000130820114033694J3_1294349400_482426300,6260,2,LC,"[590.0000610351562, 558.0006713867188, 718.0001220703125, 589.0001831054688]",3967.9393920600414,medium,Q2,4.129099264416337,"[4,8)",0.8121504783630371,4.9309142923448235e-05,TP,P3,1,1,1,0,0.10273145884275436,4.9309142923448235e-05,0.4865450859069824,0.2395445555448532,P3,0.585323691368103,0.002874559722840786,P3,1,0,0,0,1,final_tp
0100220000130820114033694J3_1294349400_482426300,6260,3,TC,"[104.0000228881836, 592.9994506835938, 674.9998168945312, 609.9999389648438]",9707.275695711374,large,Q3,33.58725981560732,"[16,inf)",0.5375264286994934,5.78760082134977e-05,TC,P3,1,0,1,0,0.018417971208691597,0.0,0.38288140296936035,0.03483685106039047,P4,0.47824323177337646,0.01850011572241783,P4,0,0,0,0,0,nms_or_maxdet_loss
0100220000130823105703744J3_1294580200_482908600,6261,0,MC,"[249.9998779296875, 693.99951171875, 347.00030517578125, 728.9999389648438]",3395.056396666914,medium,Q2,2.771406947808603,"[2,4)",0.9625343680381775,0.0021563791669905186,MC,P3,1,1,1,1,0.951481819152832,0.951481819152832,0.910145103931427,0.951481819152832,P3,0.910145103931427,0.951481819152832,P3,1,1,1,1,1,final_tp
0100220000130823105703744J3_1294580200_482908600,6261,1,LC,"[496.9999084472656, 674.9998168945312, 552.0000610351562, 822.9996337890625]",8140.012512179092,medium,Q3,2.6908982962915697,"[2,4)",0.9326157569885254,0.005902898032218218,LC,P3,1,1,1,1,0.7131542563438416,0.7131542563438416,0.810867190361023,0.7131542563438416,P4,0.810867190361023,0.7131542563438416,P4,1,1,1,1,1,final_tp
0100220000130823105703744J3_1294580200_482908600,6261,2,TC,"[535.9999389648438, 731.0004272460938, 701.0001831054688, 761.9999389648438]",5114.927001833916,medium,Q2,5.32267235812056,"[4,8)",0.7932617664337158,0.06824768334627151,TC,P3,1,1,1,1,0.18767358362674713,0.1464957743883133,0.7485829591751099,0.18767358362674713,P4,0.7485829591751099,0.18767358362674713,P4,1,0,0,0,1,final_tp
0100220000130823105737647J3_1294567800_482915300,6262,0,LC,"[500.000244140625, 715.999755859375, 512.00048828125, 831.99951171875]",1392.0253905653954,medium,Q1,9.666449657192846,"[8,16)",0.7674009203910828,0.12245233356952667,LC,P3,1,1,1,1,0.5908928513526917,0.12245233356952667,0.7483324408531189,0.5908928513526917,P3,0.7483324408531189,0.5908928513526917,P3,1,0,1,1,1,final_tp
0100220000130823121440959J3_1294794000_482885200,6263,0,AC,"[415.00006103515625, 613.99951171875, 516.999755859375, 712.9999389648438]",10098.013366568834,large,Q3,1.0302955013584887,"[1,2)",0.8631435632705688,0.1590852588415146,AC,P4,1,1,1,1,0.5605905055999756,0.5605905055999756,0.8249258399009705,0.5605905055999756,P4,0.8249258399009705,0.5605905055999756,P4,1,1,1,1,1,final_tp
0100220000130823121440959J3_1294794000_482885200,6263,1,AC,"[313.9993591308594, 734.0001831054688, 508.9996643066406, 822.0006103515625]",17160.110168587416,large,Q3,2.21590180045901,"[2,4)",0.9416639804840088,0.035138990730047226,AC,P5,1,1,1,1,0.1543126404285431,0.049373481422662735,0.6575881838798523,0.1543126404285431,P5,0.8371788263320923,0.049373481422662735,P4,1,1,0,0,1,final_tp
0100220000130823121440959J3_1294794000_482885200,6263,2,MC,"[335.0005798339844, 748.000244140625, 460.00030517578125, 798.0001220703125]",6249.971008334309,medium,Q3,2.5000006103530525,"[2,4)",0.9296881556510925,0.8960073590278625,MC,P3,1,1,1,1,0.9419471025466919,0.9419471025466919,0.8962671756744385,0.9419471025466919,P3,0.8962671756744385,0.9419471025466919,P3,1,1,1,1,1,final_tp
0100220000130823121440959J3_1294794000_482885200,6263,3,AC,"[568.9999389648438, 626.0004272460938, 707.0003662109375, 706.0004272460938]",11040.0341796875,large,Q3,1.7250053405761718,"[1,2)",0.7752766013145447,0.0004013869329355657,AC,P4,1,1,1,0,0.08331945538520813,0.0004013869329355657,0.5936545729637146,0.08331945538520813,P4,0.6506338119506836,0.005582696292549372,P4,1,0,0,0,1,final_tp
01002200001308241549511245C_1296082600_482115100,6007,0,TC,"[1.0004425048828125, 667.9996948242188, 197.0001983642578, 847.0001220703125]",35084.04003895819,large,Q4,1.0949680896007594,"[1,2)",0.9676414132118225,0.0009457542328163981,LC,P5,1,1,1,1,0.4326251149177551,0.4326251149177551,0.9438388347625732,0.4326251149177551,P4,0.9438388347625732,0.4326251149177551,P4,1,1,1,1,1,final_tp
01002200001308241549511245C_1296082600_482115100,6007,1,TP,"[274.0003662109375, 614.9996337890625, 486.0001525878906, 662.99951171875]",10175.963867213577,large,Q3,4.416673448367941,"[4,8)",0.9119423627853394,0.00046813342487439513,TC,P4,1,1,1,1,0.0030838842503726482,0.0030838842503726482,0.8873394131660461,0.0030838842503726482,P4,0.8873394131660461,0.0030838842503726482,P4,1,1,0,0,1,final_tp
01002200001308241549511245C_1296082600_482115100,6007,2,TP,"[769.00048828125, 691.0004272460938, 894.0001220703125, 702.0001831054688]",1374.9654541909695,medium,Q1,11.363855287981355,"[8,16)",0.8806676268577576,0.00689643993973732,TC,P3,1,1,1,1,0.012750486843287945,0.012750486843287945,0.8250455856323242,0.012750486843287945,P3,0.8250455856323242,0.012750486843287945,P3,1,1,0,0,1,final_tp
01002200001308241549511245C_1296082600_482115100,6007,3,MC,"[373.9996643066406, 617.0, 419.999755859375, 631.0000610351562]",644.0040893610567,small,Q1,3.2857065006517656,"[2,4)",0.832942545413971,0.42508402466773987,MC,P3,1,1,1,1,0.6147933602333069,0.42508402466773987,0.7146075963973999,0.6147933602333069,P3,0.7146075963973999,0.6147933602333069,P3,1,0,1,1,1,final_tp
01002200001308241549511245C_1296082600_482115100,6007,4,MC,"[942.99951171875, 649.0004272460938, 995.9998168945312, 665.0004272460938]",848.0048828125,small,Q1,3.312519073486328,"[2,4)",0.9371975064277649,7.049451960483566e-05,TC,P4,1,1,1,1,0.7580792903900146,0.7580792903900146,0.9011600017547607,0.7580792903900146,P3,0.9011600017547607,0.7580792903900146,P3,1,1,1,1,1,final_tp
01002200001308241549511245C_1296082600_482115100,6007,5,MC,"[21.00018882751465, 647.0000610351562, 77.0007095336914, 664.00048828125]",952.0327455829829,small,Q1,3.2940653777801714,"[2,4)",0.8766921758651733,7.96469539636746e-05,TC,P4,1,1,1,1,0.9025149941444397,0.9025149941444397,0.8689810037612915,0.9025149941444397,P3,0.8689810037612915,0.9025149941444397,P3,1,1,1,1,1,final_tp
01002200001308241549511245C_1296082600_482115100,6007,6,MC,"[111.00006103515625, 603.999755859375, 159.00006103515625, 616.0000610351562]",576.0146484375,small,Q1,3.999898277326525,"[2,4)",0.9042319655418396,0.013125341385602951,MC,P3,1,1,1,1,0.7222814559936523,0.7222814559936523,0.7637954950332642,0.7222814559936523,P3,0.8494465947151184,0.003701898967847228,P3,1,1,1,1,1,final_tp
0100220000130825100227130J3_1294541600_483016200,6264,0,TC,"[83.99974822998047, 591.0, 471.9994812011719, 614.0001831054688]",8924.064727732912,medium,Q3,16.869418976475114,"[16,inf)",0.7173036336898804,0.00038379363832063973,TC,P3,1,0,1,0,0.15012140572071075,0.0,0.12890303134918213,0.1664762794971466,P4,0.5818870067596436,0.004917076323181391,P5,1,0,0,0,1,final_tp
0100220000130825100227130J3_1294541600_483016200,6264,1,MC,"[721.0, 730.0004272460938, 790.0001831054688, 769.00048828125]",2691.0113525502384,medium,Q2,1.7692326953865318,"[1,2)",0.8115755915641785,0.00028108834521844983,MC,P3,1,1,1,1,0.2993565797805786,0.022404741495847702,0.6254438757896423,0.2993565797805786,P3,0.7938537001609802,0.022404741495847702,P3,1,1,1,1,1,final_tp
01002200001308251022236025D_1296511200_483350400,6682,0,P,"[203.0002899169922, 726.9995727539062, 390.0000915527344, 809.9999389648438]",15521.05201713927,large,Q3,2.252999717621728,"[2,4)",0.9398855566978455,0.0007111873128451407,AC,P4,1,1,1,1,0.7848380208015442,0.7848380208015442,0.8852230906486511,0.7848380208015442,P4,0.8852230906486511,0.7848380208015442,P4,1,1,1,1,1,final_tp
01002200001308251325411875D_1296983100_483924100,6683,0,TP,"[948.0003051757812, 649.9993896484375, 1024.0, 673.9999389648438]",1824.034423660487,medium,Q2,3.1665814737109796,"[2,4)",0.9197441339492798,0.32269230484962463,TP,P3,1,1,1,1,0.6181374788284302,0.6181374788284302,0.8923130035400391,0.6181374788284302,P3,0.8923130035400391,0.6181374788284302,P3,1,1,1,1,1,final_tp
01002200001308251325411875D_1296983100_483924100,6683,1,TP,"[176.0, 693.9996948242188, 1011.9998168945312, 785.9999389648438]",76912.18725581467,large,Q4,9.086930417452823,"[8,16)",0.9815760254859924,0.8431161046028137,TP,P5,1,1,1,1,0.8500672578811646,0.8500672578811646,0.9745626449584961,0.8500672578811646,P5,0.9745626449584961,0.8500672578811646,P5,1,1,1,1,1,final_tp
01002200001308251325411875D_1296983100_483924100,6683,2,TP,"[1.0004364252090454, 657.00048828125, 179.00033569335938, 707.0003662109375]",8899.972930921242,medium,Q3,3.560006555191785,"[2,4)",0.9741830229759216,0.8690120577812195,TP,P4,1,1,1,1,0.8992660045623779,0.8992660045623779,0.9511836171150208,0.8992660045623779,P4,0.9511836171150208,0.8992660045623779,P4,1,1,1,1,1,final_tp
0100220000130825163751026J3_1294710000_483507800,6265,0,LC,"[465.0004577636719, 687.9999389648438, 501.0001525878906, 819.9998168945312]",4751.955322302878,medium,Q2,3.666694358777862,"[2,4)",0.7865284085273743,0.0008622404420748353,LC,P3,1,1,1,1,0.7038016319274902,0.4746052622795105,0.735775887966156,0.7038016319274902,P4,0.735775887966156,0.7038016319274902,P4,1,0,1,1,1,final_tp
0100220000130825163751026J3_1294710000_483507800,6265,1,MC,"[480.0005798339844, 593.00048828125, 525.000244140625, 600.9999389648438]",359.9725953992456,small,Q1,5.6253443000694325,"[4,8)",0.6618950963020325,0.3614594042301178,MC,P3,1,0,1,0,0.4002087712287903,0.0,0.6498579382896423,0.4002087712287903,P3,0.6498579382896423,0.4002087712287903,P3,1,0,1,1,1,final_tp
0100220000130825164202186J3_1294719500_483521000,6266,0,LP,"[309.0002136230469, 750.99951171875, 472.00054931640625, 821.9996337890625]",11573.043731730431,large,Q3,2.295775428835709,"[2,4)",0.8449350595474243,8.175104994734284e-06,TC,P4,1,1,0,0,0.0003824018349405378,0.000376763055101037,0.5133742690086365,0.0003824018349405378,P5,0.0,0.0,none,0,0,0,0,0,confidence_filter_loss
0100220000130826130526299J3_1294779500_482667400,6267,0,LP,"[467.00030517578125, 736.9999389648438, 488.9999084472656, 827.9996337890625]",2001.9571839589626,medium,Q2,4.136424357350638,"[4,8)",0.89961177110672,0.0024344096891582012,LC,P3,1,1,1,1,0.003260916331782937,0.003260916331782937,0.8946000933647156,0.003260916331782937,P3,0.8946000933647156,0.003260916331782937,P3,1,1,0,0,1,final_tp
01002200001308261413307455K_1296048500_482456100,6008,0,AC,"[0.9994110465049744, 787.0004272460938, 195.999755859375, 866.0]",15404.944412081502,large,Q3,2.4683722222093456,"[2,4)",0.9114946126937866,0.0008080955594778061,TC,P4,1,1,1,1,0.7869090437889099,0.7869090437889099,0.8598875403404236,0.7869090437889099,P4,0.8598875403404236,0.7869090437889099,P4,1,1,1,1,1,final_tp
01002200001308261413307455K_1296048500_482456100,6008,1,MC,"[370.9997863769531, 584.9999389648438, 408.9994201660156, 595.9996948242188]",417.98669442534447,small,Q1,3.4545888358672734,"[2,4)",0.7760624885559082,0.6031214594841003,MC,P3,1,1,1,1,0.6714484691619873,0.6714484691619873,0.7736436724662781,0.6714484691619873,P3,0.7736436724662781,0.6714484691619873,P3,1,1,1,1,1,final_tp
01002200001308261413307455K_1296048500_482456100,6008,2,AC,"[251.9997100830078, 683.9996948242188, 349.0002136230469, 831.99951171875]",14356.056762603112,large,Q3,1.5257633877481998,"[1,2)",0.7516315579414368,0.0018077982822433114,AC,P4,1,1,1,1,0.813701868057251,0.0018077982822433114,0.6057484149932861,0.813701868057251,P4,0.6057484149932861,0.813701868057251,P4,1,0,1,1,1,final_tp
01002200001308261413307455K_1296048500_482456100,6008,3,MC,"[424.00048828125, 650.999755859375, 496.0, 672.9994506835938]",1583.9672853052616,medium,Q2,3.2727504764969773,"[2,4)",0.7931132912635803,0.7247785925865173,MC,P3,1,1,1,1,0.7247785925865173,0.7247785925865173,0.7931132912635803,0.7247785925865173,P3,0.7931132912635803,0.7247785925865173,P3,1,1,1,1,1,final_tp
01002200001308261413307455K_1296048500_482456100,6008,4,TC,"[671.99951171875, 788.000244140625, 907.9998168945312, 832.00048828125]",10384.07104499638,large,Q3,5.363613538632265,"[4,8)",0.7814817428588867,0.02354739047586918,TC,P4,1,1,1,1,0.03125996142625809,0.02354739047586918,0.4505365490913391,0.5240669250488281,P4,0.6589311957359314,0.03125996142625809,P4,1,0,0,0,1,final_tp
01002200001308261413307455K_1296048500_482456100,6008,5,TC,"[848.00048828125, 705.9998779296875, 1010.0004272460938, 780.9996337890625]",12149.955871596932,large,Q3,2.160006217468156,"[2,4)",0.7750124335289001,0.021351004019379616,TC,P4,1,1,1,1,0.20764276385307312,0.1556253284215927,0.7319560647010803,0.20764276385307312,P4,0.7319560647010803,0.20764276385307312,P4,1,0,0,0,1,final_tp
01002200001308261413307455K_1296048500_482456100,6008,6,LC,"[232.0, 593.9999389648438, 344.0, 832.0]",26656.0068359375,large,Q4,2.125000544956752,"[2,4)",0.7808406352996826,0.0001909800776047632,LC,P4,1,1,1,0,0.39445093274116516,0.0001909800776047632,0.6174373626708984,0.39445093274116516,P4,0.6174373626708984,0.39445093274116516,P4,1,0,1,1,1,final_tp
01002200001308261413307455K_1296048500_482456100,6008,7,MC,"[859.9998168945312, 585.0004272460938, 904.0, 598.0001220703125]",571.9889525808394,small,Q1,3.3847089258968857,"[2,4)",0.7506763339042664,0.15633311867713928,MC,P3,1,1,1,1,0.22017669677734375,0.15633311867713928,0.7352948784828186,0.22017669677734375,P3,0.7352948784828186,0.22017669677734375,P3,1,0,0,0,1,final_tp
01002200001308261413307455K_1296048500_482456100,6008,8,TC,"[981.9996337890625, 840.0, 1024.0, 866.0004272460938]",1092.0274659767747,medium,Q1,1.6153721557497693,"[1,2)",0.7682331204414368,0.04901706054806709,TC,P4,1,1,1,1,0.34003210067749023,0.04901706054806709,0.6831268668174744,0.34003210067749023,P4,0.6831268668174744,0.34003210067749023,P4,1,0,1,1,1,final_tp
0100220000130830085914977J3_1294964200_483371100,6268,0,TC,"[790.0001831054688, 721.9999389648438, 919.0006103515625, 828.0001831054688]",13674.07678233087,large,Q3,1.2169823597288663,"[1,2)",0.828798234462738,7.97285683802329e-05,LC,P4,1,1,1,1,0.03063429892063141,0.03063429892063141,0.7969032526016235,0.03063429892063141,P4,0.7969032526016235,0.03063429892063141,P4,1,1,0,0,1,final_tp
0100220000130830091049153J3_1294974800_483388100,6269,0,LC,"[257.9998779296875, 643.0004272460938, 471.00006103515625, 800.0]",33440.937744062394,large,Q4,1.3566927563512696,"[1,2)",0.9152039289474487,0.0006025401526130736,LC,P4,1,1,1,1,0.8949053287506104,0.8949053287506104,0.7938900589942932,0.8949053287506104,P5,0.7938900589942932,0.8949053287506104,P5,1,1,1,1,1,final_tp
0100220000130830091049153J3_1294974800_483388100,6269,1,TC,"[147.999755859375, 776.9999389648438, 375.0000305175781, 816.9994506835938]",9079.900146350265,medium,Q3,5.675076142286893,"[4,8)",0.7059794068336487,0.004445058759301901,TC,P4,1,0,1,0,0.007576516829431057,0.0,0.3801017701625824,0.6497683525085449,P4,0.6779518127441406,0.007576516829431057,P4,1,0,0,0,1,final_tp
0100220000130830091049153J3_1294974800_483388100,6269,2,TC,"[846.99951171875, 809.0, 960.0, 826.9998168945312]",2033.9880980551243,medium,Q2,6.2778687662974,"[4,8)",0.819446325302124,0.14297161996364594,TC,P3,1,1,1,1,0.36694520711898804,0.21673256158828735,0.7428562045097351,0.36694520711898804,P3,0.7428562045097351,0.36694520711898804,P3,1,0,1,1,1,final_tp
0100220000130830094232992J3_1294923100_483335500,6270,0,LC,"[226.00035095214844, 590.0006103515625, 413.0002136230469, 820.0001831054688]",43009.88851934578,large,Q4,1.229945142573089,"[1,2)",0.9778264164924622,0.03536809980869293,LC,P5,1,1,1,1,0.8938800096511841,0.8938800096511841,0.9173564314842224,0.8938800096511841,P5,0.9173564314842224,0.8938800096511841,P5,1,1,1,1,1,final_tp
0100220000130830094232992J3_1294923100_483335500,6270,1,LC,"[38.99956130981445, 599.0000610351562, 367.99951171875, 865.0003051757812]",87514.06408689916,large,Q4,1.2368407406081665,"[1,2)",0.8111186027526855,0.0017335228621959686,LC,P5,1,1,1,1,0.7732109427452087,0.0020044976845383644,0.5639224648475647,0.7732109427452087,P5,0.8079909086227417,0.0020044976845383644,P5,1,1,1,1,1,final_tp
0100220000130830094232992J3_1294923100_483335500,6270,2,MC,"[428.9996643066406, 600.9999389648438, 478.99957275390625, 611.9996948242188]",549.9867859110236,small,Q1,4.545547109088892,"[4,8)",0.9406903386116028,4.434137008502148e-05,TC,P4,1,1,1,1,0.7477105855941772,0.7477105855941772,0.8058668971061707,0.7477105855941772,P3,0.8058668971061707,0.7477105855941772,P3,1,1,1,1,1,final_tp
0100220000130830094232992J3_1294923100_483335500,6270,3,MC,"[939.9996948242188, 736.9999389648438, 1023.9994506835938, 770.9998168945312]",2855.9814453423023,medium,Q2,2.470589924854682,"[2,4)",0.9169449210166931,4.498578346101567e-05,TC,P4,1,1,1,1,0.9268658757209778,0.9268658757209778,0.8710240721702576,0.9268658757209778,P3,0.8710240721702576,0.9268658757209778,P3,1,1,1,1,1,final_tp
0100220000130830123737150J3_1295080000_483353300,6271,0,LC,"[319.99951171875, 593.9998779296875, 416.9999694824219, 807.99951171875]",20758.062438797206,large,Q4,2.2061713802469143,"[2,4)",0.8517436981201172,0.0009479359723627567,LC,P4,1,1,1,1,0.9225037693977356,0.8940135836601257,0.7357179522514343,0.9225037693977356,P4,0.7357179522514343,0.9225037693977356,P4,1,0,1,1,1,final_tp
0100220000130830124823457J3_1295022000_483290700,6272,0,TC,"[225.99990844726562, 737.00048828125, 624.0, 766.0001220703125]",11541.856903042644,large,Q3,13.724314398164713,"[8,16)",0.9343245029449463,0.6648004651069641,TC,P4,1,1,1,1,0.6648004651069641,0.6648004651069641,0.9343245029449463,0.6648004651069641,P4,0.9343245029449463,0.6648004651069641,P4,1,1,1,1,1,final_tp
0100220000130830124823457J3_1295022000_483290700,6272,1,MC,"[678.9994506835938, 678.9995727539062, 744.0, 697.9999389648438]",1235.034240923822,medium,Q1,3.421015605424957,"[2,4)",0.7829498648643494,0.22185489535331726,MC,P3,1,1,1,1,0.8163169026374817,0.8163169026374817,0.7727615833282471,0.8163169026374817,P3,0.7727615833282471,0.8163169026374817,P3,1,1,1,1,1,final_tp
0100220000130901111350607J3_1295276500_483492700,6273,0,P,"[535.0005493164062, 642.999755859375, 548.0001831054688, 655.0]",155.99877920746803,small,Q1,1.0832807763513925,"[1,2)",0.6867514252662659,0.6528626084327698,P,P3,1,0,1,0,0.6528626084327698,0.0,0.6867514252662659,0.6528626084327698,P3,0.6867514252662659,0.6528626084327698,P3,1,0,1,1,1,final_tp
0100220000130901111350607J3_1295276500_483492700,6273,1,P,"[535.0, 654.9995727539062, 545.999755859375, 664.9999389648438]",110.00158682465553,small,Q1,1.099935305103573,"[1,2)",0.30274930596351624,0.4892020523548126,P,P3,0,0,0,0,0.0,0.0,0.10334466397762299,0.0006998318713158369,P3,0.30274930596351624,0.4892020523548126,P3,0,0,0,0,0,raw_geometry_failure
0100220000130901111350607J3_1295276500_483492700,6273,2,TC,"[607.0001831054688, 734.99951171875, 779.0003051757812, 752.9994506835938]",3095.9916992112994,medium,Q2,9.555594738751692,"[8,16)",0.8568007946014404,0.05100962892174721,TC,P3,1,1,1,1,0.6090728640556335,0.10991427302360535,0.6104565262794495,0.6090728640556335,P3,0.8105316758155823,0.10991427302360535,P3,1,1,1,1,1,final_tp
0100220000130901111350607J3_1295276500_483492700,6273,3,LC,"[561.9999389648438, 685.0001831054688, 625.9999389648438, 786.999755859375]",6527.97265625,medium,Q3,1.5937433242797852,"[1,2)",0.41212666034698486,0.0004074012103956193,LC,P3,0,0,0,0,0.0,0.0,0.1182151660323143,0.0012771744513884187,P3,0.25438156723976135,0.0011490515898913145,P3,0,0,0,0,0,raw_geometry_failure
0100220000130901142851455J3_1294965700_483488700,6274,0,TC,"[370.99981689453125, 604.9996948242188, 635.9998168945312, 615.0001220703125]",2650.1132202148438,medium,Q2,26.49886784622239,"[16,inf)",0.9132053852081299,0.20741122961044312,TC,P3,1,1,1,1,0.5991906523704529,0.5991906523704529,0.8107218146324158,0.5991906523704529,P3,0.8107218146324158,0.5991906523704529,P3,1,1,1,1,1,final_tp
0100220000130901142851455J3_1294965700_483488700,6274,1,MC,"[449.0004577636719, 548.999755859375, 481.0004577636719, 554.9993286132812]",191.986328125,small,Q1,5.333713134683663,"[4,8)",0.5889719724655151,0.26992693543434143,MC,P3,1,0,1,0,0.26992693543434143,0.0,0.5889719724655151,0.26992693543434143,P3,0.5889719724655151,0.26992693543434143,P3,1,0,1,1,1,final_tp
0100220000130901142851455J3_1294965700_483488700,6274,2,LC,"[517.0001831054688, 529.9999389648438, 570.9998168945312, 643.0004272460938]",6101.984985172749,medium,Q3,2.0926158262972883,"[2,4)",0.818825364112854,0.018032455816864967,LC,P4,1,1,1,1,0.06605024635791779,0.018032455816864967,0.17682531476020813,0.37628617882728577,P4,0.818825364112854,0.018032455816864967,P4,1,1,0,0,1,final_tp
0100220000130902123614896J3_1294819400_483486000,6275,0,TC,"[59.00030517578125, 620.0003051757812, 665.9999389648438, 659.999755859375]",24279.651916705072,large,Q4,15.175199244374388,"[8,16)",0.8776625990867615,0.0650378093123436,TC,P4,1,1,1,1,0.7463220953941345,0.1001727283000946,0.7405054569244385,0.7463220953941345,P4,0.7522151470184326,0.003385014832019806,P5,1,1,1,1,1,final_tp
0100220000130902123614896J3_1294819400_483486000,6275,1,LC,"[461.0002136230469, 691.000244140625, 491.00030517578125, 840.9999389648438]",4500.004577608779,medium,Q2,4.9999745687625055,"[4,8)",0.9737988114356995,0.09715474396944046,LC,P3,1,1,1,1,0.5372931957244873,0.5372931957244873,0.7671805620193481,0.5372931957244873,P4,0.8897120952606201,0.08697164803743362,P3,1,1,1,1,1,final_tp
0100220000130902124106781J3_1294833200_483508000,6276,0,LC,"[323.9997253417969, 696.0, 398.9994812011719, 843.9998168945312]",11099.950134322047,large,Q3,1.9733373155511573,"[1,2)",0.9694514274597168,0.5419784784317017,LC,P4,1,1,1,1,0.5968884825706482,0.5968884825706482,0.9642549157142639,0.5968884825706482,P4,0.9642549157142639,0.5968884825706482,P4,1,1,1,1,1,final_tp
0100220000130902124106781J3_1294833200_483508000,6276,1,MC,"[405.9996032714844, 613.0001831054688, 458.99981689453125, 627.999755859375]",794.9805602114648,small,Q1,3.533448218333042,"[2,4)",0.8523075580596924,0.120726078748703,MC,P3,1,1,1,1,0.2718164920806885,0.2718164920806885,0.7870461344718933,0.2718164920806885,P3,0.7870461344718933,0.2718164920806885,P3,1,1,1,1,1,final_tp
0100220000130902124127299J3_1294834400_483496600,6277,0,LC,"[368.0005187988281, 634.999755859375, 448.00054931640625, 844.0003051757812]",16720.050323503092,large,Q3,2.6125058698631785,"[2,4)",0.8970222473144531,0.18704000115394592,LC,P4,1,1,1,1,0.2113000601530075,0.2113000601530075,0.46947288513183594,0.8979294896125793,P5,0.8360128402709961,0.2113000601530075,P4,1,1,0,0,1,final_tp
0100220000130902124127299J3_1294834400_483496600,6277,1,LC,"[453.0002136230469, 553.0, 477.0007019042969, 613.9995727539062]",1464.0195310413837,medium,Q2,2.541597155819584,"[2,4)",0.551729142665863,0.0026824064552783966,LC,P3,1,0,1,0,0.0026824064552783966,0.0,0.11596717685461044,0.08339111506938934,P3,0.551729142665863,0.0026824064552783966,P3,1,0,0,0,1,final_tp
0100220000130902124127299J3_1294834400_483496600,6277,2,MC,"[469.0002136230469, 671.0, 550.000732421875, 697.9998779296875]",2187.004119809717,medium,Q2,3.0000327782876623,"[2,4)",0.9696056246757507,0.0077085550874471664,MC,P3,1,1,1,1,0.9385331869125366,0.9385331869125366,0.9139085412025452,0.9385331869125366,P3,0.9139085412025452,0.9385331869125366,P3,1,1,1,1,1,final_tp
0100220000130902124127299J3_1294834400_483496600,6277,3,MC,"[222.0001678466797, 608.9999389648438, 275.9997863769531, 621.000244140625]",648.0119017390534,small,Q1,4.499853773656879,"[4,8)",0.8778828382492065,0.2905293107032776,MC,P3,1,1,1,1,0.2905293107032776,0.2905293107032776,0.8778828382492065,0.2905293107032776,P3,0.8778828382492065,0.2905293107032776,P3,1,1,1,1,1,final_tp
0100220000130902124127299J3_1294834400_483496600,6277,4,MC,"[367.0000915527344, 564.0007934570312, 404.9997253417969, 572.0001831054688]",303.9738771766424,small,Q1,4.750316644031069,"[4,8)",0.8452513813972473,0.24501533806324005,MC,P3,1,1,1,1,0.24501533806324005,0.24501533806324005,0.8452513813972473,0.24501533806324005,P3,0.8452513813972473,0.24501533806324005,P3,1,1,0,0,1,final_tp
0100220000130902124206864J3_1294848000_483487100,6278,0,TC,"[333.0002136230469, 720.0, 1024.0, 791.0001220703125]",49061.06701657176,large,Q4,9.732374194724164,"[8,16)",0.9291688203811646,0.153079554438591,TC,P5,1,1,1,1,0.9213899970054626,0.9213899970054626,0.8949601650238037,0.9213899970054626,P5,0.8949601650238037,0.9213899970054626,P5,1,1,1,1,1,final_tp
0100220000130902124206864J3_1294848000_483487100,6278,1,TC,"[571.0003662109375, 596.9996337890625, 957.0001831054688, 619.9998168945312]",8878.066467251629,medium,Q3,16.782467127522654,"[16,inf)",0.7110631465911865,0.0008721061167307198,TC,P5,1,0,1,0,0.3875907063484192,0.0,0.5377064347267151,0.3875907063484192,P4,0.6256770491600037,0.001430719275958836,P4,1,0,1,1,1,final_tp
0100220000130902124224992J3_1294849300_483476200,6279,0,AC,"[612.9996948242188, 586.9998168945312, 1023.9996337890625, 860.9996948242188]",112613.9331054762,large,Q4,1.500000445512288,"[1,2)",0.8687693476676941,0.000536142208147794,AC,P5,1,1,1,1,0.9626192450523376,0.9626192450523376,0.7744951844215393,0.9626192450523376,P5,0.7744951844215393,0.9626192450523376,P5,1,1,1,1,1,final_tp
0100220000130902124224992J3_1294849300_483476200,6279,1,MC,"[456.0, 582.0006103515625, 493.9996032714844, 590.0000610351562]",303.975952366367,small,Q1,4.750276584543311,"[4,8)",0.8811674118041992,0.6885473132133484,MC,P3,1,1,1,1,0.7159128189086914,0.7159128189086914,0.8435454368591309,0.7159128189086914,P3,0.8435454368591309,0.7159128189086914,P3,1,1,1,1,1,final_tp
0100220000130902124224992J3_1294849300_483476200,6279,2,MC,"[151.99949645996094, 575.0006103515625, 190.9995574951172, 583.0000610351562]",311.97906490787864,small,Q1,4.875342392589824,"[4,8)",0.8590981960296631,0.2935260832309723,MC,P3,1,1,1,1,0.3832142651081085,0.3832142651081085,0.8171651363372803,0.3832142651081085,P3,0.8171651363372803,0.3832142651081085,P3,1,1,1,1,1,final_tp
0100220000130902130944582J3_1294923700_483471000,6280,0,AC,"[183.99949645996094, 660.9995727539062, 869.9996337890625, 829.9996337890625]",115934.06250000745,large,Q4,4.059170853953758,"[4,8)",0.8200100660324097,0.009134144522249699,AC,P5,1,1,1,1,0.013414287939667702,0.009134144522249699,0.4813055098056793,0.054860543459653854,P5,0.8200100660324097,0.009134144522249699,P5,1,1,0,0,1,final_tp
0100220000130902133831847J3_1294903400_483481600,6281,0,LC,"[479.0006408691406, 602.9998168945312, 494.0001525878906, 841.9993286132812]",3584.8759768009186,medium,Q2,15.93381946026889,"[8,16)",0.8921061754226685,0.04989178106188774,LC,P3,1,1,1,1,0.3908706307411194,0.04989178106188774,0.5663135647773743,0.3908706307411194,P4,0.7759007215499878,0.025056978687644005,P3,1,1,1,1,1,final_tp
0100220000130902133831847J3_1294903400_483481600,6281,1,MC,"[854.9996337890625, 648.0, 934.9996337890625, 674.0004272460938]",2080.0341796875,medium,Q2,3.0768725160860204,"[2,4)",0.9172714948654175,0.37135744094848633,MC,P3,1,1,1,1,0.8592383861541748,0.8592383861541748,0.878411591053009,0.8592383861541748,P3,0.878411591053009,0.8592383861541748,P3,1,1,1,1,1,final_tp
0100220000130902133936778J3_1294859000_483479000,6282,0,TC,"[136.0005340576172, 673.9999389648438, 453.0002136230469, 705.9999389648438]",10143.990234375,large,Q3,9.906240463256836,"[8,16)",0.7700681686401367,0.07259175181388855,TC,P4,1,1,1,1,0.19414697587490082,0.12625786662101746,0.7383789420127869,0.19414697587490082,P4,0.7383789420127869,0.19414697587490082,P4,1,0,0,0,1,final_tp
0100220000130902133936778J3_1294859000_483479000,6282,1,TC,"[175.99948120117188, 707.000244140625, 578.9996948242188, 749.0006713867188]",16926.18115243502,large,Q3,9.595145574632884,"[8,16)",0.6978042721748352,0.007174867670983076,TC,P4,1,0,1,0,0.0724867582321167,0.0,0.40864449739456177,0.45199325680732727,P4,0.6200116872787476,0.017791185528039932,P5,1,0,0,0,1,final_tp
0100220000130902133936778J3_1294859000_483479000,6282,2,TC,"[544.0, 723.0004272460938, 700.9996337890625, 734.0001831054688]",1726.9576416909695,medium,Q2,14.273010764621018,"[8,16)",0.7502976655960083,0.04395119845867157,TC,P3,1,1,1,1,0.106936976313591,0.04395119845867157,0.2361839860677719,0.2858537435531616,P4,0.6740784645080566,0.0027115170378237963,P3,1,0,0,0,1,final_tp
0100220000130902133936778J3_1294859000_483479000,6282,3,MC,"[469.0002136230469, 700.000244140625, 543.0006103515625, 728.9999389648438]",2145.9889219980687,medium,Q2,2.551764671216991,"[2,4)",0.9443010091781616,0.37022385001182556,MC,P3,1,1,1,1,0.7796342968940735,0.7796342968940735,0.9059463739395142,0.7796342968940735,P3,0.9059463739395142,0.7796342968940735,P3,1,1,1,1,1,final_tp
0100220000130902152214476J3_1294917100_483601100,6283,0,LP,"[247.0006103515625, 606.0001220703125, 605.0001831054688, 741.000244140625]",48329.986022897065,large,Q4,2.651846289201489,"[2,4)",0.9524033069610596,0.6015941500663757,LP,P5,1,1,1,1,0.8299500942230225,0.8299500942230225,0.9457602500915527,0.8299500942230225,P5,0.9457602500915527,0.8299500942230225,P5,1,1,1,1,1,final_tp
0100220000130902152214476J3_1294917100_483601100,6283,1,TP,"[36.99968338012695, 680.0, 1023.9994506835938, 880.9999389648438]",198386.89068605006,large,Q4,4.910448037658399,"[4,8)",0.9245493412017822,0.014743768610060215,TP,P5,1,1,1,1,0.23001690208911896,0.23001690208911896,0.7898612022399902,0.23001690208911896,P5,0.7898612022399902,0.23001690208911896,P5,1,1,0,0,1,final_tp
0100220000130902152214476J3_1294917100_483601100,6283,2,MC,"[1.0004456043243408, 776.9999389648438, 62.00012969970703, 826.9998168945312]",3049.976722755935,medium,Q2,1.2199966461099758,"[1,2)",0.9775635600090027,0.02958238124847412,MC,P3,1,1,1,1,0.8751382827758789,0.8751382827758789,0.9109887480735779,0.8751382827758789,P3,0.9109887480735779,0.8751382827758789,P3,1,1,1,1,1,final_tp
0100220000130902152214476J3_1294917100_483601100,6283,3,LP,"[45.00019454956055, 620.000244140625, 168.0, 684.000244140625]",7871.9873046875,medium,Q3,1.9218719005584717,"[1,2)",0.9223171472549438,0.004815020598471165,LP,P3,1,1,1,1,0.7192286252975464,0.016655011102557182,0.6758922338485718,0.7192286252975464,P4,0.8742439150810242,0.0020818531047552824,P3,1,1,1,1,1,final_tp
01002200001309200917368155F_1295005800_483984000,6447,0,TC,"[480.9999084472656, 772.9996948242188, 681.9999389648438, 802.9998168945312]",6030.0254516638815,medium,Q3,6.699973754989604,"[4,8)",0.689332127571106,0.04827103391289711,TC,P4,1,0,1,0,0.2949078679084778,0.0,0.658619225025177,0.2949078679084778,P4,0.658619225025177,0.2949078679084778,P4,1,0,1,1,1,final_tp
01002200001309200917368155F_1295005800_483984000,6447,1,TC,"[314.9998474121094, 789.000244140625, 595.999755859375, 828.9996948242188]",11239.84198003076,large,Q3,7.025094186168938,"[4,8)",0.8402684330940247,0.1387089639902115,TC,P4,1,1,1,1,0.543492317199707,0.3029242753982544,0.6037511229515076,0.543492317199707,P4,0.8402684330940247,0.1387089639902115,P4,1,1,1,1,1,final_tp
01002200001309200917368155F_1295005800_483984000,6447,2,MC,"[432.0, 577.0005493164062, 481.0003967285156, 588.0003051757812]",538.9924010261893,small,Q1,4.45468039063367,"[4,8)",0.941102147102356,0.7509549856185913,MC,P3,1,1,1,1,0.7509549856185913,0.7509549856185913,0.941102147102356,0.7509549856185913,P3,0.941102147102356,0.7509549856185913,P3,1,1,1,1,1,final_tp
01002200001309200917368155F_1295005800_483984000,6447,3,AC,"[369.9998779296875, 652.9996948242188, 526.9995727539062, 691.999755859375]",6122.997680645436,medium,Q3,4.025626900498766,"[4,8)",0.759952187538147,0.0009778515668585896,TC,P3,1,1,1,0,0.2657611668109894,0.0009778515668585896,0.48727279901504517,0.2905614674091339,P4,0.7412528991699219,0.017156999558210373,P4,1,0,0,1,1,final_tp
01002200001309200918395485P_1295201600_483200000,6448,0,TC,"[0.9999145865440369, 782.0001831054688, 781.9995727539062, 810.9999389648438]",22648.798706144094,large,Q4,26.93124857934216,"[16,inf)",0.6988770961761475,0.08791137486696243,TC,P4,1,0,1,0,0.17996355891227722,0.0,0.4530351459980011,0.23339831829071045,P5,0.6766886115074158,0.17996355891227722,P4,1,0,0,0,1,final_tp
01002200001309200918395485P_1295201600_483200000,6448,1,TC,"[838.0001220703125, 804.9996948242188, 936.0, 834.9998168945312]",2940.008300766349,medium,Q2,3.266649305626198,"[2,4)",0.8878641724586487,0.04025518149137497,TC,P3,1,1,1,1,0.5142130851745605,0.04025518149137497,0.6064042448997498,0.5142130851745605,P4,0.8878641724586487,0.04025518149137497,P3,1,1,1,1,1,final_tp
01002200001309200953493775F_1295054600_484039800,6449,0,TC,"[76.00023651123047, 688.9994506835938, 566.0006713867188, 734.99951171875]",22540.049560572952,large,Q4,10.652169067158486,"[8,16)",0.7971364259719849,0.004184879828244448,TC,P4,1,1,1,1,0.7493817806243896,0.7493817806243896,0.7731179594993591,0.7493817806243896,P4,0.7731179594993591,0.7493817806243896,P4,1,1,1,1,1,final_tp
01002200001309200953493775F_1295054600_484039800,6449,1,MC,"[520.00048828125, 690.9998168945312, 609.0005493164062, 724.9996948242188]",3025.9912109300494,medium,Q2,2.617658252162268,"[2,4)",0.971554696559906,0.01207473874092102,MC,P3,1,1,1,1,0.8506370186805725,0.8506370186805725,0.934302806854248,0.8506370186805725,P3,0.934302806854248,0.8506370186805725,P3,1,1,1,1,1,final_tp
01002200001309200953493775F_1295054600_484039800,6449,2,LC,"[635.9996948242188, 671.0005493164062, 687.0001220703125, 743.0]",3672.002746347338,medium,Q2,1.4117421082802473,"[1,2)",0.9039353728294373,0.015492741018533707,LC,P3,1,1,1,1,0.602226734161377,0.5827894806861877,0.7389187812805176,0.602226734161377,P3,0.7389187812805176,0.602226734161377,P3,1,0,1,1,1,final_tp
01002200001309200953493775F_1295054600_484039800,6449,3,LC,"[455.0005798339844, 673.9999389648438, 468.00030517578125, 755.0004272460938]",1052.9841002076864,medium,Q1,6.2309384353541875,"[4,8)",0.9261801838874817,0.23530103266239166,LC,P3,1,1,1,1,0.7336943745613098,0.7336943745613098,0.8736083507537842,0.7336943745613098,P3,0.8736083507537842,0.7336943745613098,P3,1,1,1,1,1,final_tp
01002200001309200953493775F_1295054600_484039800,6449,4,TC,"[465.0003967285156, 741.9996337890625, 682.0003662109375, 759.0000610351562]",3689.092193590477,medium,Q2,12.764383291148329,"[8,16)",0.8762447834014893,0.16685263812541962,TC,P4,1,1,1,1,0.16685263812541962,0.16685263812541962,0.8762447834014893,0.16685263812541962,P4,0.8762447834014893,0.16685263812541962,P4,1,1,0,0,1,final_tp
01002200001309200953493775F_1295054600_484039800,6449,5,TC,"[464.0, 666.9998779296875, 634.0004272460938, 674.9993286132812]",1359.9100339449942,medium,Q1,21.25151263132997,"[16,inf)",0.5182557106018066,0.008883782662451267,TC,P3,1,0,1,0,0.008883782662451267,0.0,0.36558228731155396,0.05405840277671814,P3,0.5182557106018066,0.008883782662451267,P3,1,0,0,0,1,final_tp
01002200001309201318419855A_1293017800_485035300,6450,0,TP,"[211.999755859375, 684.9996337890625, 428.9997253417969, 705.9998779296875]",4557.052337639034,medium,Q2,10.333211748840345,"[8,16)",0.860745370388031,0.3072790503501892,TP,P3,1,1,1,1,0.5876200795173645,0.5876200795173645,0.8235114216804504,0.5876200795173645,P4,0.8235114216804504,0.5876200795173645,P4,1,1,1,1,1,final_tp
01002200001309201349262275Q_1294659500_484114200,6451,0,TP,"[348.99969482421875, 718.0001220703125, 760.9999389648438, 778.0004272460938]",24720.14038093388,large,Q4,6.866635810161284,"[4,8)",0.8962670564651489,0.005669765640050173,TP,P4,1,1,1,1,0.74864661693573,0.3088439404964447,0.6083071827888489,0.74864661693573,P5,0.8784200549125671,0.006058372091501951,P4,1,1,1,1,1,final_tp
01002200001309201508327435F_1294562800_483565600,6452,0,TC,"[0.999432384967804, 782.9994506835938, 803.9998168945312, 849.9999389648438]",53801.41662615538,large,Q4,11.984992748711894,"[8,16)",0.9038364887237549,0.7519838213920593,TC,P5,1,1,1,1,0.766410768032074,0.766410768032074,0.8173762559890747,0.766410768032074,P5,0.8173762559890747,0.766410768032074,P5,1,1,1,1,1,final_tp
01002200001309201508327435F_1294562800_483565600,6452,1,MC,"[413.0001525878906, 542.9995727539062, 447.0, 549.9996337890625]",238.0010070707649,small,Q1,4.857078708507355,"[4,8)",0.7926014065742493,0.4109395742416382,MC,P3,1,1,1,1,0.8025959134101868,0.4109395742416382,0.6960196495056152,0.8025959134101868,P3,0.6960196495056152,0.8025959134101868,P3,1,0,1,1,1,final_tp
01002200001309211122399765L_1295241400_483065600,6128,0,LC,"[520.0000610351562, 564.0003051757812, 592.9999389648438, 832.00048828125]",19563.980651833117,large,Q3,3.6712415240420393,"[2,4)",0.8857627511024475,0.106885626912117,LC,P4,1,1,1,1,0.9236445426940918,0.9236445426940918,0.845528781414032,0.9236445426940918,P4,0.845528781414032,0.9236445426940918,P4,1,1,1,1,1,final_tp
01002200001404291200171516Z_1294971200_484293100,6453,0,TP,"[319.9999694824219, 700.9996337890625, 593.0004272460938, 721.9998779296875]",5733.076263539493,medium,Q2,12.999870665101085,"[8,16)",0.6880139112472534,0.00428363960236311,TC,P3,1,0,1,0,0.07556889206171036,0.0,0.5996372103691101,0.07556889206171036,P5,0.5996372103691101,0.07556889206171036,P5,1,0,0,0,1,final_tp
01002200001404291200171516Z_1294971200_484293100,6453,1,TP,"[1.00042724609375, 657.9998779296875, 282.0003662109375, 704.9994506835938]",13206.87707522139,large,Q3,5.978776454760201,"[4,8)",0.8902362585067749,0.03531878814101219,TC,P4,1,1,1,1,0.03531878814101219,0.03531878814101219,0.8902362585067749,0.03531878814101219,P4,0.8902362585067749,0.03531878814101219,P4,1,1,0,0,1,final_tp
01002200001404291200171516Z_1294971200_484293100,6453,2,MC,"[280.0004577636719, 687.0, 334.0000915527344, 706.999755859375]",1079.979492276907,medium,Q1,2.700014648616316,"[2,4)",0.8130505084991455,0.6116710305213928,MC,P3,1,1,1,1,0.8249422907829285,0.8249422907829285,0.7906820774078369,0.8249422907829285,P3,0.7906820774078369,0.8249422907829285,P3,1,1,1,1,1,final_tp
01002200001404291200171516Z_1294971200_484293100,6453,3,MC,"[223.9994659423828, 652.999755859375, 267.999755859375, 663.0001220703125]",440.01901255734265,small,Q1,4.399867863725694,"[4,8)",0.8382943868637085,0.7449878454208374,MC,P3,1,1,1,1,0.7765895128250122,0.7765895128250122,0.7513101696968079,0.7765895128250122,P3,0.7513101696968079,0.7765895128250122,P3,1,1,1,1,1,final_tp
01002200001405021347262626Z_1295238700_483870500,6454,0,TC,"[364.000244140625, 699.9996948242188, 680.00048828125, 726.9995727539062]",8531.968017548323,medium,Q3,11.703765660109502,"[8,16)",0.828965425491333,0.005958961322903633,TC,P4,1,1,1,1,0.7490341067314148,0.18912765383720398,0.6784133315086365,0.7490341067314148,P5,0.6784133315086365,0.7490341067314148,P5,1,0,1,1,1,final_tp
01002200001405021347262626Z_1295238700_483870500,6454,1,MC,"[318.99957275390625, 682.9998779296875, 378.9997863769531, 700.0003051757812]",1020.0292664486915,small,Q1,3.529335631069704,"[2,4)",0.9013283848762512,0.5215566158294678,MC,P3,1,1,1,1,0.8318191766738892,0.8318191766738892,0.8743847012519836,0.8318191766738892,P3,0.8743847012519836,0.8318191766738892,P3,1,1,1,1,1,final_tp
01002200001405021347262626Z_1295238700_483870500,6454,2,MC,"[970.0004272460938, 662.0001220703125, 1024.0, 678.0000610351562]",863.9898681901395,small,Q1,3.3749861716696614,"[2,4)",0.8033282160758972,0.6151226162910461,MC,P3,1,1,1,1,0.7318326234817505,0.7318326234817505,0.7711427807807922,0.7318326234817505,P3,0.7711427807807922,0.7318326234817505,P3,1,1,1,1,1,final_tp
01002200001405091020099456Z_1295186900_483313600,6455,0,TC,"[331.00030517578125, 756.000244140625, 664.0, 779.0004272460938]",7659.053955022246,medium,Q3,14.478132339087399,"[8,16)",0.9031460285186768,0.7461971044540405,TC,P5,1,1,1,1,0.7494611740112305,0.7494611740112305,0.8638293147087097,0.7494611740112305,P5,0.8638293147087097,0.7494611740112305,P5,1,1,1,1,1,final_tp
01002200001405091226059896Z_1295267800_483649200,6456,0,LC,"[329.9999084472656, 705.9998779296875, 399.00006103515625, 823.99951171875]",8141.992736760527,medium,Q3,1.71013583830496,"[1,2)",0.831476628780365,0.0007220865809358656,LC,P3,1,1,1,1,0.2723234295845032,0.0029231675434857607,0.6447092890739441,0.2723234295845032,P4,0.789621889591217,0.0029231675434857607,P3,1,1,1,1,1,final_tp
01002200001405091230029746Z_1295249000_483682800,6457,0,LC,"[214.0001220703125, 599.0006713867188, 457.0004577636719, 932.0001831054688]",80918.99313338101,large,Q4,1.370366467884061,"[1,2)",0.9227317571640015,0.0007896973984315991,LC,P5,1,1,1,1,0.9443534016609192,0.9443534016609192,0.8207665681838989,0.9443534016609192,P5,0.8207665681838989,0.9443534016609192,P5,1,1,1,1,1,final_tp
01002200001405091230029746Z_1295249000_483682800,6457,1,LC,"[84.99967193603516, 931.9996948242188, 161.99937438964844, 984.9999389648438]",4081.0030287969857,medium,Q2,1.4528178822971223,"[1,2)",0.880197286605835,0.018863048404455185,LC,P3,1,1,1,1,0.26539134979248047,0.26539134979248047,0.8652610778808594,0.26539134979248047,P4,0.8652610778808594,0.26539134979248047,P4,1,1,1,1,1,final_tp
01002200001405091230029746Z_1295249000_483682800,6457,2,TC,"[1.9998962879180908, 693.000244140625, 780.9996948242188, 781.0006713867188]",68552.31671134755,large,Q4,8.852227668350443,"[8,16)",0.8888328671455383,0.46639949083328247,TC,P5,1,1,1,1,0.6937033534049988,0.6937033534049988,0.8313612937927246,0.6937033534049988,P5,0.8313612937927246,0.6937033534049988,P5,1,1,1,1,1,final_tp
01002200001405091230029746Z_1295249000_483682800,6457,3,TC,"[218.0003204345703, 628.9996337890625, 652.000244140625, 648.0]",8246.157775856555,medium,Q3,22.841661794655995,"[16,inf)",0.7602146863937378,0.011389336548745632,TC,P3,1,1,1,1,0.3130834996700287,0.238261878490448,0.6767393946647644,0.3130834996700287,P3,0.7602146863937378,0.011389336548745632,P3,1,1,1,1,1,final_tp
01002200001405091230376676Z_1295238500_483682200,6458,0,TC,"[0.9998840689659119, 730.9996948242188, 863.99951171875, 830.0]",85437.22711170465,large,Q4,8.717141146754573,"[8,16)",0.9533175826072693,0.8145399689674377,TC,P5,1,1,1,1,0.8353163003921509,0.8353163003921509,0.905501663684845,0.8353163003921509,P5,0.905501663684845,0.8353163003921509,P5,1,1,1,1,1,final_tp
09002200001503151305378186P_1294982400_484057100,6459,0,LC,"[337.9998474121094, 618.0004272460938, 408.9999694824219, 711.0000610351562]",6602.9853515177965,medium,Q3,1.3098517450007134,"[1,2)",0.9139337539672852,0.008948621340095997,LC,P3,1,1,1,1,0.7240907549858093,0.7240907549858093,0.8683934211730957,0.7240907549858093,P4,0.8683934211730957,0.7240907549858093,P4,1,1,1,1,1,final_tp
09002200001503151305378186P_1294982400_484057100,6459,1,LC,"[1.0004425048828125, 710.0000610351562, 325.0002136230469, 1010.0004272460938]",97200.04541006684,large,Q4,1.0799978678411444,"[1,2)",0.9021949172019958,0.001746832742355764,AC,P5,1,1,1,1,0.03368514031171799,0.005876732058823109,0.41490399837493896,0.8527449369430542,P5,0.8837195038795471,0.005876732058823109,P5,1,1,0,0,1,final_tp
09002200001503151305378186P_1294982400_484057100,6459,2,LC,"[153.99989318847656, 743.0, 344.0000305175781, 977.9998168945312]",44649.99748227466,large,Q4,1.2368402475809015,"[1,2)",0.8667506575584412,0.01657227613031864,LC,P4,1,1,1,1,0.05383635684847832,0.05383635684847832,0.3827553391456604,0.578768789768219,P5,0.8585971593856812,0.05383635684847832,P4,1,1,0,0,1,final_tp
09002200001503151305378186P_1294982400_484057100,6459,3,TC,"[326.0000915527344, 742.0001220703125, 651.0003051757812, 761.00048828125]",6175.123077470809,medium,Q3,17.1049447160635,"[16,inf)",0.5467307567596436,0.00021467701299116015,LC,P3,1,0,1,0,0.0694560781121254,0.0,0.35397449135780334,0.3597159683704376,P3,0.534372091293335,0.0694560781121254,P4,1,0,0,0,1,final_tp
09002200001503151305378186P_1294982400_484057100,6459,4,TC,"[231.0000762939453, 750.0005493164062, 302.9995422363281, 770.0004272460938]",1439.9805298503488,medium,Q2,3.5999952697465196,"[2,4)",0.5159683227539062,0.026668839156627655,TC,P3,1,0,1,0,0.026668839156627655,0.0,0.4164069890975952,0.04865597188472748,P3,0.4164069890975952,0.04865597188472748,P3,0,0,0,0,0,nms_or_maxdet_loss
09002200001503151305378186P_1294982400_484057100,6459,5,LC,"[616.0, 848.9994506835938, 660.9996948242188, 883.9998168945312]",1575.005798228085,medium,Q2,1.285692113991553,"[1,2)",0.6826733946800232,0.0001700200082268566,LC,P3,1,0,1,0,0.006181973963975906,0.0,0.1255393922328949,0.3063640892505646,P4,0.6415168046951294,0.006181973963975906,P3,1,0,0,0,1,final_tp
09002200001504060306140736P_1293931000_483851900,6460,0,TP,"[0.9999298453330994, 741.9996337890625, 283.00030517578125, 812.9996337890625]",20022.026000976562,large,Q3,3.971836143816021,"[2,4)",0.9427762031555176,0.6018081903457642,TP,P4,1,1,1,1,0.8904324173927307,0.8904324173927307,0.919629693031311,0.8904324173927307,P5,0.919629693031311,0.8904324173927307,P5,1,1,1,1,1,final_tp
09002200001504060328049306P_1293775600_482830700,6461,0,LP,"[207.00059509277344, 555.9996948242188, 396.00030517578125, 656.9999389648438]",19089.016860891134,large,Q3,1.87127973492677,"[1,2)",0.8695988059043884,0.0005186210037209094,LC,P5,1,1,1,1,0.2609642744064331,0.0302332304418087,0.6811096668243408,0.2609642744064331,P4,0.6811096668243408,0.2609642744064331,P4,1,0,1,1,1,final_tp
09002200001504060328049306P_1293775600_482830700,6461,1,LP,"[526.0000610351562, 598.0005493164062, 586.0004272460938, 748.0001831054688]",9000.032958850265,medium,Q3,2.4999786378256967,"[2,4)",0.9125909209251404,4.542068927548826e-05,TP,P3,1,1,1,1,0.9265382885932922,0.9265382885932922,0.9046272039413452,0.9265382885932922,P4,0.9046272039413452,0.9265382885932922,P4,1,1,1,1,1,final_tp
09002200001504130345205677E_1295788800_483312600,6009,0,LC,"[594.999267578125, 619.9992065429688, 835.9998168945312, 803.9998168945312]",44344.24816928059,large,Q4,1.3097812493987726,"[1,2)",0.8950044512748718,0.00021028649643994868,AC,P5,1,1,0,0,0.000581389176659286,0.0003237486816942692,0.197600856423378,0.6284123063087463,P4,0.44689664244651794,0.0014255768619477749,P4,0,0,0,0,0,confidence_filter_loss
09002200001504130345205677E_1295788800_483312600,6009,1,AC,"[200.9999542236328, 591.0000610351562, 428.9997253417969, 795.9996948242188]",46739.8695832137,large,Q4,1.112195992275615,"[1,2)",0.8744091987609863,0.0003060740709770471,AC,P4,1,1,1,0,0.8799896836280823,0.0003350727492943406,0.6995130181312561,0.8799896836280823,P5,0.6995130181312561,0.8799896836280823,P5,1,0,1,1,1,final_tp
09002200001504130345205677E_1295788800_483312600,6009,2,MC,"[487.9994201660156, 636.0003051757812, 522.999755859375, 647.0000610351562]",384.99514762312174,small,Q1,3.1819193208300964,"[2,4)",0.9374321699142456,0.314985454082489,MC,P3,1,1,1,1,0.5807039141654968,0.5807039141654968,0.9104335308074951,0.5807039141654968,P3,0.9104335308074951,0.5807039141654968,P3,1,1,1,1,1,final_tp
09002200001504130345205677E_1295788800_483312600,6009,3,LC,"[391.00006103515625, 588.0003051757812, 455.00006103515625, 794.9999389648438]",13247.9765625,large,Q3,3.2343692779541016,"[2,4)",0.8567777276039124,0.00043779719271697104,LC,P4,1,1,1,1,0.014710883609950542,0.014710883609950542,0.8144477009773254,0.014710883609950542,P4,0.8144477009773254,0.014710883609950542,P4,1,1,0,0,1,final_tp
09002200001504160308367446P_1294457000_482831600,6462,0,LP,"[416.9999694824219, 538.0004272460938, 493.9996032714844, 826.0004272460938]",22175.89453125,large,Q4,3.740277528968057,"[2,4)",0.9303452372550964,0.4095802903175354,LP,P4,1,1,1,1,0.711931049823761,0.711931049823761,0.907870352268219,0.711931049823761,P4,0.907870352268219,0.711931049823761,P4,1,1,1,1,1,final_tp
09002200001504160331482026P_1295433200_483719300,6463,0,TC,"[0.9994171261787415, 661.99951171875, 401.9998474121094, 760.9999389648438]",39699.213623229414,large,Q4,4.050491885750079,"[4,8)",0.9059023857116699,0.014454813674092293,TC,P4,1,1,1,1,0.9099321365356445,0.014454813674092293,0.7256321907043457,0.9099321365356445,P5,0.8348888158798218,0.0025500485207885504,P4,1,1,1,1,1,final_tp
09002200001504160331482026P_1295433200_483719300,6463,1,MC,"[630.0001220703125, 768.0, 745.00048828125, 824.0004272460938]",6440.069641269743,medium,Q3,2.0535623006154693,"[2,4)",0.9027999043464661,0.00010123587708221748,LC,P4,1,1,1,1,0.9041405916213989,0.9041405916213989,0.8572137355804443,0.9041405916213989,P3,0.8572137355804443,0.9041405916213989,P3,1,1,1,1,1,final_tp
09002200001504160331482026P_1295433200_483719300,6463,2,TC,"[797.99951171875, 716.9996948242188, 927.0001220703125, 752.9994506835938]",4643.990478366613,medium,Q2,3.5833745888576174,"[2,4)",0.8858020901679993,0.021627336740493774,TC,P3,1,1,1,1,0.21177591383457184,0.21177591383457184,0.7594267725944519,0.21177591383457184,P4,0.7650591731071472,0.023037351667881012,P3,1,1,0,0,1,final_tp
0900220000150504021829578T5_1295832900_482342000,6003,0,LC,"[8.000009536743164, 654.0001831054688, 212.00027465820312, 732.0003051757812]",15912.045135529712,large,Q3,2.6153838479319287,"[2,4)",0.9443061947822571,0.04966828227043152,LC,P4,1,1,1,1,0.19929124414920807,0.19929124414920807,0.8769128322601318,0.19929124414920807,P4,0.8769128322601318,0.19929124414920807,P4,1,1,0,0,1,final_tp
0900220000150504021829578T5_1295832900_482342000,6003,1,LC,"[480.9999084472656, 518.9995727539062, 557.99951171875, 822.9996948242188]",23407.888793896884,large,Q4,3.948073875114293,"[2,4)",0.9392200708389282,0.8957728147506714,LC,P4,1,1,1,1,0.8957728147506714,0.8957728147506714,0.9392200708389282,0.8957728147506714,P4,0.9392200708389282,0.8957728147506714,P4,1,1,1,1,1,final_tp
0900220000150504021829578T5_1295832900_482342000,6003,2,TC,"[504.9999694824219, 750.9996337890625, 608.9994506835938, 760.9999389648438]",1040.026550134644,medium,Q1,10.399630748573347,"[8,16)",0.7769962549209595,0.004800157621502876,TC,P3,1,1,1,1,0.21419434249401093,0.004800157621502876,0.5126775503158569,0.21419434249401093,P3,0.7255653738975525,0.08236246556043625,P3,1,0,0,0,1,final_tp
0900220000150504021829578T5_1295832900_482342000,6003,3,TC,"[515.9996948242188, 698.9998779296875, 597.0001831054688, 706.9993286132812]",647.9594113528728,small,Q1,10.125756315664985,"[8,16)",0.678633987903595,0.005609818268567324,TC,P3,1,0,1,0,0.08669460564851761,0.0,0.47532719373703003,0.18484780192375183,P3,0.678633987903595,0.005609818268567324,P3,1,0,0,0,1,final_tp
0900220000150504021829578T5_1295832900_482342000,6003,4,MC,"[743.0000610351562, 573.0001831054688, 771.0003051757812, 578.0003662109375]",140.00634770095348,small,Q1,5.599843755721836,"[4,8)",0.44638532400131226,0.0004704639140982181,LP,P3,0,0,0,0,0.0,0.0,0.4176620841026306,0.014758461154997349,P3,0.4176620841026306,0.014758461154997349,P3,0,0,0,0,0,raw_geometry_failure
0900220000150516023747369A6_1293879900_483249200,6284,0,LC,"[544.0, 570.999755859375, 600.9999389648438, 656.0000610351562]",4845.012207012624,medium,Q2,1.491235020939364,"[1,2)",0.8470863103866577,0.6786889433860779,LC,P4,1,1,1,1,0.6786889433860779,0.6786889433860779,0.8470863103866577,0.6786889433860779,P4,0.8470863103866577,0.6786889433860779,P4,1,1,1,1,1,final_tp
0900220000150516023747369A6_1293879900_483249200,6284,1,LC,"[587.0003051757812, 621.0003051757812, 863.0001220703125, 982.0001220703125]",99635.88336184993,large,Q4,1.3079712188087478,"[1,2)",0.8541860580444336,0.0006461610901169479,LC,P5,1,1,1,0,0.8474593162536621,0.0006461610901169479,0.6651055812835693,0.8474593162536621,P5,0.6651055812835693,0.8474593162536621,P5,1,0,1,1,1,final_tp
0900220000150516023747369A6_1293879900_483249200,6284,2,AC,"[510.0000915527344, 592.0, 556.0003051757812, 620.000244140625]",1288.0172119662166,medium,Q1,1.6428504477325636,"[1,2)",0.4237394630908966,0.0002227208751719445,LC,P3,0,0,0,0,0.0,0.0,0.2542961835861206,0.003387985983863473,P4,0.2542961835861206,0.003387985983863473,P4,0,0,0,0,0,raw_geometry_failure
0900220000150516023747369A6_1293879900_483249200,6284,3,TC,"[453.9996032714844, 594.0004272460938, 528.9994506835938, 599.0006713867188]",375.017547570169,small,Q1,14.999237097797959,"[8,16)",0.7304049134254456,0.4508861005306244,TC,P3,1,0,1,0,0.4508861005306244,0.0,0.7304049134254456,0.4508861005306244,P3,0.7304049134254456,0.4508861005306244,P3,1,0,1,1,1,final_tp
0900220000150516040411435A6_1293945800_483229100,6285,0,AC,"[0.9994171261787415, 572.9996948242188, 419.999755859375, 846.9996337890625]",114806.06640622951,large,Q4,1.5291986460884586,"[1,2)",0.9728538990020752,0.00010138175275642425,TP,P5,1,1,1,1,0.9365231990814209,0.9365231990814209,0.9501717686653137,0.9365231990814209,P5,0.9501717686653137,0.9365231990814209,P5,1,1,1,1,1,final_tp
0900220000150516040411435A6_1293945800_483229100,6285,1,TC,"[459.00030517578125, 721.9998779296875, 585.0004272460938, 732.9996337890625]",1385.9705810248852,medium,Q1,11.454810786816113,"[8,16)",0.8916220664978027,0.18849942088127136,TC,P3,1,1,1,1,0.212336003780365,0.18849942088127136,0.7196144461631775,0.212336003780365,P3,0.8243696689605713,0.12548339366912842,P3,1,1,0,0,1,final_tp
0900220000150516062822171A6_1293914400_483091900,6286,0,LC,"[537.9999389648438, 594.0004272460938, 607.99951171875, 824.0]",16099.871826354414,large,Q3,3.285728236692293,"[2,4)",0.8924127221107483,5.5201388022396713e-05,LC,P3,1,1,1,1,0.8989097476005554,0.0022825163323432207,0.6055604815483093,0.8989097476005554,P4,0.745660662651062,0.0018552374094724655,P4,1,0,1,1,1,final_tp
0900220000150516062822171A6_1293914400_483091900,6286,1,MC,"[301.0002136230469, 757.000244140625, 384.9999694824219, 792.0005493164062]",2940.017089769244,medium,Q2,2.399972098457568,"[2,4)",0.9365012049674988,0.0001864609948825091,MC,P3,1,1,1,1,0.932027280330658,0.932027280330658,0.9112599492073059,0.932027280330658,P3,0.9112599492073059,0.932027280330658,P3,1,1,1,1,1,final_tp
0900220000150516062822171A6_1293914400_483091900,6286,2,TC,"[572.0001831054688, 651.0004272460938, 835.0004272460938, 678.0001220703125]",7100.9263304919,medium,Q3,9.740859882042576,"[8,16)",0.9085258841514587,0.2742423117160797,TC,P4,1,1,1,1,0.48979252576828003,0.48979252576828003,0.8539460301399231,0.48979252576828003,P5,0.8539460301399231,0.48979252576828003,P5,1,1,1,1,1,final_tp
0900220000150516062822171A6_1293914400_483091900,6286,3,MC,"[455.00006103515625, 588.000244140625, 487.00006103515625, 595.0003051757812]",224.001953125,small,Q1,4.57138871208224,"[4,8)",0.5261122584342957,0.0009498394792899489,MC,P3,1,0,0,0,0.0009498394792899489,0.0,0.33833250403404236,0.5195456147193909,P3,0.33833250403404236,0.5195456147193909,P3,0,0,0,0,0,final_localization_or_assignment
0900220000150516062910553A6_1293908600_483096900,6287,0,LC,"[380.0002136230469, 559.9999389648438, 479.9999694824219, 744.9999389648438]",18499.954833984375,large,Q3,1.8500045166125894,"[1,2)",0.9102840423583984,0.0159896370023489,LC,P4,1,1,1,1,0.9074187278747559,0.9074187278747559,0.8845043778419495,0.9074187278747559,P4,0.8845043778419495,0.9074187278747559,P4,1,1,1,1,1,final_tp
0900220000150516062910553A6_1293908600_483096900,6287,1,MC,"[550.0001220703125, 681.9999389648438, 612.9995727539062, 701.9996337890625]",1259.9697877652943,medium,Q1,3.1500205996795607,"[2,4)",0.9365770816802979,0.6713988184928894,MC,P3,1,1,1,1,0.7871760129928589,0.7871760129928589,0.9168301820755005,0.7871760129928589,P3,0.9168301820755005,0.7871760129928589,P3,1,1,1,1,1,final_tp
0900220000150516062910553A6_1293908600_483096900,6287,2,LC,"[160.00051879882812, 746.9998168945312, 361.0004577636719, 810.9998168945312]",12863.99609375,large,Q3,3.1406240463256836,"[2,4)",0.8054622411727905,5.213574695517309e-05,TC,P4,1,1,0,0,0.0006748812738806009,0.00016806360508780926,0.1769370138645172,0.02017594315111637,P3,0.4692441523075104,0.002831297693774104,P4,0,0,0,0,0,confidence_filter_loss
0900220000150517030540482A6_1294173800_482953500,6288,0,TC,"[327.00006103515625, 835.9998168945312, 693.0001831054688, 850.9992065429688]",5489.778442308307,medium,Q2,24.401001017293996,"[16,inf)",0.7056342959403992,0.008227299898862839,TC,P3,1,0,1,0,0.014526020735502243,0.0,0.15977714955806732,0.2494276762008667,P5,0.6992415189743042,0.004095121286809444,P3,1,0,0,0,1,final_tp
0900220000150517030540482A6_1294173800_482953500,6288,1,LC,"[266.0003662109375, 839.9999389648438, 327.0000305175781, 895.0001220703125]",3354.992706237361,medium,Q2,1.1090811132331546,"[1,2)",0.8372086882591248,0.06431829929351807,LC,P3,1,1,1,1,0.5856090188026428,0.5856090188026428,0.7594486474990845,0.5856090188026428,P4,0.7594486474990845,0.5856090188026428,P4,1,1,1,1,1,final_tp
0900220000150517030540482A6_1294173800_482953500,6288,2,TC,"[374.00018310546875, 648.9999389648438, 689.0000610351562, 659.9996948242188]",3464.92175295949,medium,Q2,28.63698812562424,"[16,inf)",0.8549708724021912,0.08446254581212997,TC,P3,1,1,1,1,0.6636216640472412,0.32694870233535767,0.5437755584716797,0.6636216640472412,P4,0.7965781092643738,0.32694870233535767,P4,1,1,1,1,1,final_tp
0900220000150517030540482A6_1294173800_482953500,6288,3,LC,"[923.0003051757812, 846.9996337890625, 1024.0, 903.9994506835938]",5756.964111384004,medium,Q2,1.7719301627073998,"[1,2)",0.9290915131568909,0.1158924400806427,LC,P4,1,1,1,1,0.8054574131965637,0.8054574131965637,0.8703750967979431,0.8054574131965637,P4,0.8703750967979431,0.8054574131965637,P4,1,1,1,1,1,final_tp
0900220000150517030540482A6_1294173800_482953500,6288,4,TC,"[188.00027465820312, 877.0001831054688, 302.0001220703125, 903.0006103515625]",2964.0447387043387,medium,Q2,4.384537466753993,"[4,8)",0.743146538734436,0.12382406741380692,TC,P3,1,0,1,0,0.28823110461235046,0.0,0.7424798011779785,0.28823110461235046,P3,0.7424798011779785,0.28823110461235046,P3,1,0,1,1,1,final_tp
09002200001505180230456392M_1295271000_484100200,6464,0,LC,"[546.9996948242188, 658.9996948242188, 630.0001220703125, 806.0001220703125]",12201.098266784102,large,Q3,1.771080368179816,"[1,2)",0.8951262831687927,0.001708204741589725,AC,P4,1,1,1,1,0.042053040117025375,0.042053040117025375,0.2983071804046631,0.07177123427391052,P4,0.872438371181488,0.042053040117025375,P4,1,1,0,0,1,final_tp
09002200001505180230456392M_1295271000_484100200,6464,1,MC,"[446.99951171875, 651.0003662109375, 499.9996643066406, 667.0003051757812]",847.9992065336555,small,Q1,3.31252217301244,"[2,4)",0.9184329509735107,0.8232987523078918,MC,P3,1,1,1,1,0.9059000015258789,0.9059000015258789,0.7864969968795776,0.9059000015258789,P3,0.7864969968795776,0.9059000015258789,P3,1,1,1,1,1,final_tp
09002200001505180230456392M_1295271000_484100200,6464,2,MC,"[354.00042724609375, 630.9996337890625, 398.0006408691406, 642.9998779296875]",528.0133057162166,small,Q1,3.6666098712184403,"[2,4)",0.652215301990509,0.002854782622307539,MC,P3,1,0,1,0,0.34708333015441895,0.0,0.6389819383621216,0.34708333015441895,P3,0.652215301990509,0.002854782622307539,P3,1,0,1,1,1,final_tp
09002200001505180230456392M_1295271000_484100200,6464,3,MC,"[208.00003051757812, 641.9998779296875, 257.9999084472656, 652.9996337890625]",549.9864502251148,small,Q1,4.545544334702031,"[4,8)",0.8453904986381531,0.818827211856842,MC,P3,1,1,1,1,0.818827211856842,0.818827211856842,0.8453904986381531,0.818827211856842,P3,0.8453904986381531,0.818827211856842,P3,1,1,1,1,1,final_tp
09002200001505180230456392M_1295271000_484100200,6464,4,MC,"[222.0001220703125, 602.0004272460938, 264.00054931640625, 613.0001831054688]",461.9944456964731,small,Q1,3.818305404505604,"[2,4)",0.6499001383781433,0.02226458676159382,MC,P3,1,0,1,0,0.19259288907051086,0.0,0.6483643651008606,0.19259288907051086,P3,0.6483643651008606,0.19259288907051086,P3,1,0,0,0,1,final_tp
0900220000150519065622796A6_1294368400_482652000,6289,0,TC,"[144.99940490722656, 660.0003662109375, 673.9999389648438, 690.9998168945312]",16398.72644012794,large,Q3,17.064836235836147,"[16,inf)",0.8165283799171448,0.012945229187607765,TC,P5,1,1,1,1,0.4671975076198578,0.0249654408544302,0.6650524735450745,0.4671975076198578,P5,0.8150190114974976,0.0249654408544302,P5,1,1,1,1,1,final_tp
0900220000150519065622796A6_1294368400_482652000,6289,1,LC,"[82.99979400634766, 609.00048828125, 404.9997253417969, 844.0001220703125]",75669.86773683876,large,Q4,1.3702146414997114,"[1,2)",0.6349098086357117,0.0014306436059996486,LC,P5,1,0,1,0,0.0014306436059996486,0.0,0.46795007586479187,0.6911299228668213,P5,0.6349098086357117,0.0014306436059996486,P5,1,0,0,0,1,final_tp
0900220000150519065622796A6_1294368400_482652000,6289,2,LC,"[1.0004364252090454, 615.0001220703125, 257.0004577636719, 700.999755859375]",22015.908874500543,large,Q4,2.976757216728246,"[2,4)",0.9145826101303101,0.004362284671515226,LC,P4,1,1,1,1,0.12624609470367432,0.12624609470367432,0.7734187841415405,0.12624609470367432,P5,0.7734187841415405,0.12624609470367432,P5,1,1,0,0,1,final_tp
0900220000150519065622796A6_1294368400_482652000,6289,3,TC,"[80.0, 701.0001831054688, 211.999755859375, 734.000732421875]",4356.06445299089,medium,Q2,3.9999260192239046,"[2,4)",0.8087034821510315,0.14930981397628784,TC,P3,1,1,1,1,0.3522009253501892,0.32610398530960083,0.7141343951225281,0.3522009253501892,P3,0.7432770133018494,0.04778117313981056,P3,1,0,1,1,1,final_tp
0900220000150520072833699A6_1294847900_482445900,6290,0,LC,"[213.9996337890625, 647.9994506835938, 369.9998779296875, 778.9998168945312]",20436.089111417532,large,Q3,1.1908382293331345,"[1,2)",0.9135231375694275,0.09346809983253479,LC,P4,1,1,1,1,0.6990556120872498,0.6990556120872498,0.8237878680229187,0.6990556120872498,P4,0.8237878680229187,0.6990556120872498,P4,1,1,1,1,1,final_tp
0900220000150520072833699A6_1294847900_482445900,6290,1,LC,"[546.9993286132812, 587.0003051757812, 620.9996948242188, 813.0001831054688]",16724.073730424047,large,Q3,3.0540372906463262,"[2,4)",0.9657024145126343,0.6842451095581055,LC,P4,1,1,1,1,0.9558117389678955,0.9558117389678955,0.9572349786758423,0.9558117389678955,P4,0.9572349786758423,0.9558117389678955,P4,1,1,1,1,1,final_tp
09002200011601071016280047H_1294661900_484115700,6465,0,TP,"[42.99981689453125, 634.999267578125, 640.9994506835938, 699.9998168945312]",38870.304687298834,large,Q4,9.199916617291208,"[8,16)",0.9682888984680176,0.2502048909664154,TP,P5,1,1,1,1,0.8896943926811218,0.8896943926811218,0.8609654307365417,0.8896943926811218,P5,0.8609654307365417,0.8896943926811218,P5,1,1,1,1,1,final_tp
09002200011601071054157417H_1293840700_483252100,6466,0,AC,"[398.9994812011719, 691.000244140625, 1024.0, 815.0006103515625]",77500.28942888975,large,Q4,5.040311632774207,"[4,8)",0.6554387807846069,0.3175112009048462,AC,P5,1,0,1,0,0.655701756477356,0.0,0.6218194365501404,0.655701756477356,P5,0.6218194365501404,0.655701756477356,P5,1,0,1,1,1,final_tp
09002200011601071054157417H_1293840700_483252100,6466,1,LP,"[886.99951171875, 650.999755859375, 1023.99951171875, 679.0]",3836.033447265625,medium,Q2,4.8928144809005225,"[4,8)",0.838792085647583,0.00027935602702200413,LC,P3,1,1,1,1,0.002086998661980033,0.0011299153557047248,0.24872136116027832,0.013343684375286102,P3,0.5678396821022034,0.002086998661980033,P3,1,0,0,0,1,final_tp
09002200011601071054157417H_1293840700_483252100,6466,2,TP,"[805.0001831054688, 622.0000610351562, 926.0001831054688, 640.0]",2177.9926147460938,medium,Q2,6.722245016293051,"[4,8)",0.5471029281616211,0.0005906397709622979,TC,P3,1,0,0,0,0.0005906397709622979,0.0,0.35996556282043457,0.0011770226992666721,P3,0.35996556282043457,0.0011770226992666721,P3,0,0,0,0,0,classification_mismatch
09002200011601071307065217H_1294633200_483638600,6467,0,LP,"[445.9996032714844, 550.0001831054688, 504.0, 630.0001220703125]",4640.028198217973,medium,Q2,1.3792998578837679,"[1,2)",0.9083832502365112,0.0005770150455646217,LP,P4,1,1,1,1,0.7148491144180298,0.7148491144180298,0.8478379845619202,0.7148491144180298,P3,0.8478379845619202,0.7148491144180298,P3,1,1,1,1,1,final_tp
09002200011601071307065217H_1294633200_483638600,6467,1,LP,"[370.0003967285156, 634.0004272460938, 429.0002136230469, 719.0005493164062]",5014.991638161242,medium,Q2,1.440684506229226,"[1,2)",0.8275986909866333,0.00023226611665450037,LP,P3,1,1,1,0,0.132234588265419,0.00023226611665450037,0.20121024549007416,0.8529002070426941,P4,0.667579710483551,0.132234588265419,P4,1,0,0,0,1,final_tp
09002200011601071307065217H_1294633200_483638600,6467,2,TP,"[0.99993896484375, 821.9996337890625, 52.99968338012695, 857.9994506835938]",1871.9812775126193,medium,Q2,1.4444446916945988,"[1,2)",0.872593104839325,0.4999964237213135,TP,P3,1,1,1,1,0.6104483008384705,0.6104483008384705,0.8202014565467834,0.6104483008384705,P3,0.8202014565467834,0.6104483008384705,P3,1,1,1,1,1,final_tp
09002200011601071307065217H_1294633200_483638600,6467,3,TP,"[320.9999694824219, 627.999755859375, 724.0003051757812, 638.99951171875]",4432.905303873122,medium,Q2,36.63720730218622,"[16,inf)",0.6005604267120361,0.04689282178878784,TP,P4,1,0,1,0,0.07989908009767532,0.0,0.2553420662879944,0.22164998948574066,P3,0.6005604267120361,0.04689282178878784,P4,1,0,0,0,1,final_tp
09002200011601091003273818E_1295362700_484101300,6468,0,P,"[161.9998779296875, 724.0001831054688, 225.9998779296875, 750.0005493164062]",1664.0234375,medium,Q2,2.461503791168807,"[2,4)",0.8868165612220764,0.010512050241231918,P,P3,1,1,1,1,0.16461853682994843,0.16461853682994843,0.8537214994430542,0.16461853682994843,P3,0.8537214994430542,0.16461853682994843,P3,1,1,0,0,1,final_tp
09002200011601091205150898E_1295048100_483701700,6469,0,LP,"[557.000244140625, 566.0001220703125, 651.9996948242188, 809.9999389648438]",23179.848571877927,large,Q4,2.568433976604768,"[2,4)",0.7192125916481018,0.037151485681533813,LP,P4,1,0,1,0,0.9290260076522827,0.0,0.6915619969367981,0.9290260076522827,P4,0.6915619969367981,0.9290260076522827,P4,1,0,1,1,1,final_tp
09002200011601091205150898E_1295048100_483701700,6469,1,LP,"[607.0006103515625, 646.0001220703125, 629.0001831054688, 690.999755859375]",989.9727174416184,small,Q1,2.0454776232448584,"[2,4)",0.867133617401123,6.628795381402597e-05,LP,P3,1,1,0,0,7.073262531775981e-05,7.073262531775981e-05,0.36022838950157166,0.00013652521010953933,P3,0.06175646558403969,0.9290260076522827,P4,0,0,0,0,0,confidence_filter_loss
09002200011601091205150898E_1295048100_483701700,6469,2,TP,"[55.999996185302734, 601.0004272460938, 232.0, 624.0005493164062]",4048.021484375,medium,Q2,7.652133300073772,"[4,8)",0.8787233233451843,0.010826662182807922,TP,P3,1,1,1,1,0.27709829807281494,0.27709829807281494,0.22555813193321228,0.4505321681499481,P3,0.8320173025131226,0.27709829807281494,P5,1,1,1,1,1,final_tp
09002200011601091209566738E_1294754800_483696000,6470,0,LP,"[0.9999298453330994, 592.9999389648438, 301.9996032714844, 722.9999389648438]",39129.95635986328,large,Q4,2.315382033128005,"[2,4)",0.9467418193817139,0.9193733334541321,LP,P5,1,1,1,1,0.945995032787323,0.945995032787323,0.9406039714813232,0.945995032787323,P5,0.9406039714813232,0.945995032787323,P5,1,1,1,1,1,final_tp
09002200011601091209566738E_1294754800_483696000,6470,1,TP,"[211.999755859375, 583.0005493164062, 296.9999694824219, 589.000244140625]",509.9753417316824,small,Q1,14.167422862897894,"[8,16)",0.5383595824241638,0.0005065787117928267,LP,P3,1,0,0,0,0.0005065787117928267,0.0,0.19386768341064453,0.0033184385392814875,P3,0.27408283948898315,0.001071298960596323,P3,0,0,0,0,0,classification_mismatch
09002200011601091220588558E_1294810400_483694000,6471,0,LP,"[467.99981689453125, 567.0006103515625, 485.9996032714844, 594.0004272460938]",485.9909363184124,small,Q1,1.5000076294850775,"[1,2)",0.6777677536010742,0.7504296898841858,LP,P3,1,0,1,0,0.7504296898841858,0.0,0.6777677536010742,0.7504296898841858,P3,0.6777677536010742,0.7504296898841858,P3,1,0,1,1,1,final_tp
09002200011601091220588558E_1294810400_483694000,6471,1,LP,"[0.9999451041221619, 561.9999389648438, 376.0, 661.0003051757812]",37125.14337160438,large,Q4,3.787865392701209,"[2,4)",0.9409090280532837,0.00024821635452099144,LP,P4,1,1,1,1,0.5608557462692261,0.1067085862159729,0.8648613095283508,0.1067085862159729,P5,0.8648613095283508,0.1067085862159729,P5,1,1,0,1,1,final_tp
09002200011601091220588558E_1294810400_483694000,6471,2,LP,"[36.99968338012695, 582.9996337890625, 415.00006103515625, 726.9995727539062]",54432.029663063586,large,Q4,2.625003655753096,"[2,4)",0.8270015120506287,0.0007109562866389751,LP,P5,1,1,1,1,0.5608557462692261,0.4580520689487457,0.4461352825164795,0.565918505191803,P4,0.7493708729743958,0.5608557462692261,P5,1,0,1,1,1,final_tp
09002200011601091220588558E_1294810400_483694000,6471,3,TP,"[40.99991989135742, 710.0000610351562, 844.0001831054688, 768.00048828125]",46574.35723887384,large,Q4,13.844729810929211,"[8,16)",0.966273844242096,0.09597259759902954,TP,P5,1,1,1,1,0.5869099497795105,0.5869099497795105,0.9075313210487366,0.5869099497795105,P5,0.9075313210487366,0.5869099497795105,P5,1,1,1,1,1,final_tp
09002200011601100837057868E_1294665600_484120300,6472,0,LP,"[566.0001831054688, 683.9996948242188, 649.9999389648438, 806.0001220703125]",10248.006103411317,large,Q3,1.452390259923328,"[1,2)",0.8757749795913696,0.7307736873626709,LP,P4,1,1,1,1,0.9363225102424622,0.9363225102424622,0.8602151274681091,0.9363225102424622,P4,0.8602151274681091,0.9363225102424622,P4,1,1,1,1,1,final_tp
09002200011601100837057868E_1294665600_484120300,6472,1,LP,"[481.9999694824219, 536.00048828125, 492.00030517578125, 554.0004272460938]",180.00543210841715,small,Q1,1.799933473912924,"[1,2)",0.5289787650108337,0.1970752328634262,LP,P3,1,0,1,0,0.1970752328634262,0.0,0.5289787650108337,0.1970752328634262,P3,0.5289787650108337,0.1970752328634262,P3,1,0,0,0,1,final_tp
09002200011601100846218348E_1294971300_484180900,6473,0,LP,"[525.9996337890625, 562.0004272460938, 562.9998168945312, 802.0004272460938]",8880.0439453125,medium,Q3,6.486454386344029,"[4,8)",0.7149855494499207,0.002685178304091096,LC,P4,1,0,1,0,0.056637242436409,0.0,0.17340174317359924,0.5075076818466187,P3,0.6821757555007935,0.056637242436409,P4,1,0,0,0,1,final_tp
09002200011601100846218348E_1294971300_484180900,6473,1,TP,"[432.9999694824219, 530.0004272460938, 544.9999389648438, 535.0006103515625]",560.0203552190214,small,Q1,22.399173614247527,"[16,inf)",0.8614891767501831,0.027146490290760994,TP,P3,1,1,1,1,0.04760073497891426,0.035628680139780045,0.6346956491470337,0.04760073497891426,P3,0.6346956491470337,0.04760073497891426,P3,1,0,0,0,1,final_tp
09002200011601101158264457H_1293853700_483750500,6474,0,TP,"[398.0001525878906, 657.00048828125, 689.00048828125, 668.000244140625]",3200.9326476231217,medium,Q2,26.455163133947398,"[16,inf)",0.908208429813385,0.5258402228355408,TP,P5,1,1,1,1,0.6154567003250122,0.6154567003250122,0.9049187302589417,0.6154567003250122,P5,0.9049187302589417,0.6154567003250122,P5,1,1,1,1,1,final_tp
09002200011601101158264457H_1293853700_483750500,6474,1,LP,"[515.0003051757812, 576.99951171875, 565.0001831054688, 604.9996948242188]",1400.0057372823358,medium,Q2,1.785698248520452,"[1,2)",0.6102498769760132,0.0007404117495752871,LP,P3,1,0,0,0,0.0007404117495752871,0.0,0.30194011330604553,0.47665271162986755,P3,0.4325098991394043,0.005137814674526453,P3,0,0,0,0,0,final_localization_or_assignment
09002200011601101158264457H_1293853700_483750500,6474,2,LP,"[528.9994506835938, 612.9996948242188, 553.0, 642.9998168945312]",720.0194092467427,small,Q1,1.2499764765719372,"[1,2)",0.7501543760299683,0.45134589076042175,LP,P3,1,1,1,1,0.5177916288375854,0.45134589076042175,0.5955109000205994,0.5177916288375854,P3,0.7501543760299683,0.45134589076042175,P3,1,1,1,1,1,final_tp
09002200011601101348349272L_1295050900_483431000,6475,0,LP,"[401.9999084472656, 613.9995727539062, 501.9996032714844, 908.9996337890625]",29499.91607664153,large,Q4,2.950009613066446,"[2,4)",0.9620001316070557,0.3909297585487366,LP,P4,1,1,1,1,0.9708578586578369,0.9708578586578369,0.9429795145988464,0.9708578586578369,P4,0.9429795145988464,0.9708578586578369,P4,1,1,1,1,1,final_tp
09002200011601101348349272L_1295050900_483431000,6475,1,LP,"[0.9999451041221619, 580.9996948242188, 422.99957275390625, 898.9998168945312]",134195.93505854905,large,Q4,1.327042364140209,"[1,2)",0.9869542121887207,0.08056922256946564,LP,P5,1,1,1,1,0.9604054689407349,0.9604054689407349,0.9777588248252869,0.9604054689407349,P5,0.9777588248252869,0.9604054689407349,P5,1,1,1,1,1,final_tp
09002200011601101348349272L_1295050900_483431000,6475,2,LP,"[537.00048828125, 517.9996337890625, 568.0, 560.9993896484375]",1332.9714356660843,medium,Q1,1.3871107470820798,"[1,2)",0.8258318901062012,0.40378308296203613,LP,P3,1,1,1,1,0.7496157884597778,0.6512593626976013,0.7257012128829956,0.7496157884597778,P3,0.7257012128829956,0.7496157884597778,P3,1,0,1,1,1,final_tp
09002200011601101348349272L_1295050900_483431000,6475,3,AC,"[552.9999389648438, 591.0, 627.9996948242188, 909.0001831054688]",23849.936096146703,large,Q4,4.24001624354246,"[4,8)",0.9356099963188171,0.00031170042348094285,LP,P4,1,1,0,0,0.000876921636518091,0.000876921636518091,0.10498250275850296,0.013138237409293652,P5,0.34760022163391113,0.0010965754045173526,P5,0,0,0,0,0,confidence_filter_loss
09002200011601101348517072L_1295073100_483431900,6476,0,LP,"[91.999755859375, 609.0000610351562, 413.9996643066406, 845.0001831054688]",75992.01770018414,large,Q4,1.3644056859908353,"[1,2)",0.8805150389671326,0.011582690291106701,LP,P5,1,1,1,1,0.9507346153259277,0.9507346153259277,0.8259456157684326,0.9507346153259277,P5,0.8259456157684326,0.9507346153259277,P5,1,1,1,1,1,final_tp
09002200011601101350137482L_1295175700_483434000,6477,0,TP,"[302.9995422363281, 608.9994506835938, 608.9994506835938, 629.9996948242188]",6426.072784401476,medium,Q3,14.57125481009568,"[8,16)",0.9606906175613403,0.7653058767318726,TP,P5,1,1,1,1,0.7777848839759827,0.7777848839759827,0.8681595325469971,0.7777848839759827,P4,0.8681595325469971,0.7777848839759827,P4,1,1,1,1,1,final_tp
09002200011601101355105462L_1295530100_483444600,6129,0,LP,"[498.99981689453125, 543.99951171875, 557.99951171875, 573.9996337890625]",1769.998046837747,medium,Q2,1.9666484918274258,"[1,2)",0.8333565592765808,0.040393538773059845,LP,P3,1,1,1,1,0.4681667983531952,0.32597216963768005,0.35684219002723694,0.487296462059021,P3,0.7419044971466064,0.38079750537872314,P4,1,0,1,1,1,final_tp
09002200011601101355105462L_1295530100_483444600,6129,1,TC,"[37.99959945678711, 707.9996948242188, 336.0, 789.0001831054688]",24138.17764301598,large,Q4,3.6789950659778525,"[2,4)",0.9699044227600098,0.11708561331033707,TC,P4,1,1,1,1,0.42285603284835815,0.42285603284835815,0.9178187847137451,0.42285603284835815,P4,0.9178187847137451,0.42285603284835815,P4,1,1,1,1,1,final_tp
09002200011601101355105462L_1295530100_483444600,6129,2,LP,"[377.9993591308594, 634.0004272460938, 476.9996643066406, 784.0000610351562]",14850.009521372616,large,Q3,1.51514314549565,"[1,2)",0.8452721238136292,0.005060271825641394,LP,P4,1,1,1,1,0.8702211976051331,0.011671824380755424,0.5583897233009338,0.8702211976051331,P4,0.8452721238136292,0.005060271825641394,P4,1,1,1,1,1,final_tp
09002200011601101355105462L_1295530100_483444600,6129,3,LP,"[284.9997253417969, 661.9996948242188, 362.99981689453125, 711.99951171875]",3899.9902953933924,medium,Q2,1.5600075439729393,"[1,2)",0.9384710788726807,0.5373017191886902,LP,P4,1,1,1,1,0.8885976672172546,0.8885976672172546,0.8764529824256897,0.8885976672172546,P3,0.8764529824256897,0.8885976672172546,P3,1,1,1,1,1,final_tp
09002200011601101355105462L_1295530100_483444600,6129,4,LC,"[332.9997253417969, 738.0004272460938, 396.9997253417969, 815.0]",4927.97265625,medium,Q2,1.2031183242797852,"[1,2)",0.9553738832473755,0.000999727752059698,LC,P3,1,1,1,1,0.0011638575233519077,0.0011638575233519077,0.11856431514024734,0.008248111233115196,P3,0.7889824509620667,0.0011638575233519077,P4,1,1,0,0,1,final_tp
09002200011601101356197142L_1295631300_483450200,6130,0,TP,"[229.00022888183594, 650.999755859375, 321.9999084472656, 668.999755859375]",1673.9942321777344,medium,Q2,5.166648864746094,"[4,8)",0.6921606659889221,0.0002572474186308682,TC,P3,1,0,1,0,0.0035826133098453283,0.0,0.4810200333595276,0.022009005770087242,P3,0.4810200333595276,0.022009005770087242,P3,0,0,0,0,0,nms_or_maxdet_loss
09002200011601101356197142L_1295631300_483450200,6130,1,LP,"[664.00048828125, 563.9998168945312, 1009.00048828125, 848.0001220703125]",97980.10528564453,large,Q4,1.214787427029218,"[1,2)",0.9507666230201721,0.8626847863197327,LP,P5,1,1,1,1,0.8626847863197327,0.8626847863197327,0.9507666230201721,0.8626847863197327,P5,0.9507666230201721,0.8626847863197327,P5,1,1,1,1,1,final_tp
09002200011601101356197142L_1295631300_483450200,6130,2,LP,"[497.9999084472656, 562.0003662109375, 519.99951171875, 592.00048828125]",659.9907836429775,small,Q1,1.363666503440919,"[1,2)",0.889748752117157,0.4992940127849579,LP,P3,1,1,1,1,0.5862718820571899,0.5862718820571899,0.8292173147201538,0.5862718820571899,P3,0.8292173147201538,0.5862718820571899,P3,1,1,1,1,1,final_tp
09002200011601101356197142L_1295631300_483450200,6130,3,TC,"[650.0004272460938, 586.9998168945312, 867.0004272460938, 594.999267578125]",1735.8807983398438,medium,Q2,27.12686265383823,"[16,inf)",0.5104478001594543,0.03441935032606125,TP,P3,1,0,1,0,0.03441935032606125,0.0,0.49262139201164246,0.036092884838581085,P3,0.49262139201164246,0.036092884838581085,P3,0,0,0,0,0,nms_or_maxdet_loss
09002200011601101357076032L_1295691400_483453100,6131,0,TP,"[158.00013732910156, 672.0000610351562, 759.0000610351562, 739.9998779296875]",40867.88580323383,large,Q4,8.838258195562553,"[8,16)",0.7971413731575012,0.5197281837463379,TP,P5,1,1,1,1,0.5922463536262512,0.5922463536262512,0.7772952914237976,0.5922463536262512,P5,0.7783669829368591,0.03601328656077385,P5,1,1,1,1,1,final_tp
09002200011601101357076032L_1295691400_483453100,6131,1,LC,"[304.0000305175781, 621.0001831054688, 439.99951171875, 779.9996948242188]",21623.851104989648,large,Q4,1.1691185165887232,"[1,2)",0.5237270593643188,0.00023586736642755568,LC,P4,1,0,0,0,0.00023586736642755568,0.0,0.17542430758476257,0.06799767166376114,P3,0.24100624024868011,0.009877892211079597,P3,0,0,0,0,0,final_localization_or_assignment
09002200011601101357076032L_1295691400_483453100,6131,2,LC,"[593.9999389648438, 621.0001831054688, 639.9999389648438, 672.0005493164062]",2346.016845703125,medium,Q2,1.10870361328125,"[1,2)",0.8133662939071655,0.032005976885557175,LC,P3,1,1,1,1,0.08437052369117737,0.08437052369117737,0.17609193921089172,0.1512613743543625,P4,0.7527161240577698,0.08437052369117737,P3,1,1,0,0,1,final_tp
09002200011601101357335272L_1295721800_483454600,6132,0,TP,"[303.00006103515625, 624.0, 657.0, 638.0000610351562]",4956.0207519494,medium,Q2,25.285599689593987,"[16,inf)",0.9053311347961426,0.1367582231760025,TP,P4,1,1,1,1,0.702720582485199,0.702720582485199,0.808473527431488,0.702720582485199,P4,0.808473527431488,0.702720582485199,P4,1,1,1,1,1,final_tp
09002200011601101357335272L_1295721800_483454600,6132,1,LP,"[568.9999389648438, 494.9996032714844, 590.9995727539062, 554.9998168945312]",1319.9827269725502,medium,Q1,2.7273278363786684,"[2,4)",0.8488956689834595,0.0035538161173462868,LP,P4,1,1,1,1,0.7428506016731262,0.0035538161173462868,0.5430219769477844,0.7428506016731262,P3,0.7268306016921997,0.00444169482216239,P3,1,0,1,1,1,final_tp
09002200011601101357335272L_1295721800_483454600,6132,2,TP,"[120.99946594238281, 673.9999389648438, 683.9998168945312, 737.9999389648438]",36032.0234375,large,Q4,8.796880722045898,"[8,16)",0.8989628553390503,0.20679360628128052,TP,P5,1,1,1,1,0.5254102349281311,0.5254102349281311,0.8022674322128296,0.5254102349281311,P5,0.8022674322128296,0.5254102349281311,P5,1,1,1,1,1,final_tp
09002200011601101357335272L_1295721800_483454600,6132,3,LP,"[428.9996643066406, 693.0001831054688, 485.9996032714844, 771.9996948242188]",4502.967346221209,medium,Q2,1.385957830015837,"[1,2)",0.5881599187850952,0.010356200858950615,LP,P3,1,0,1,0,0.06932783126831055,0.0,0.524738073348999,0.06932783126831055,P4,0.5881599187850952,0.010356200858950615,P3,1,0,0,0,1,final_tp
09002200011601101357335272L_1295721800_483454600,6132,4,LC,"[480.9999694824219, 624.00048828125, 507.999755859375, 651.0003051757812]",728.9892883691937,small,Q1,1.0000011302896141,"[1,2)",0.3811119496822357,0.012645841576159,LC,P3,0,0,0,0,0.0,0.0,0.1547725945711136,0.03565084934234619,P3,0.3674904704093933,0.016688397154211998,P3,0,0,0,0,0,raw_geometry_failure
09002200011601101410310642L_1295661900_483453600,6133,0,LP,"[631.0001220703125, 551.99951171875, 680.9999389648438, 593.9999389648438]",2100.013671796769,medium,Q2,1.1904597208396608,"[1,2)",0.8436426520347595,0.0775650292634964,LP,P3,1,1,1,1,0.7322250008583069,0.7322250008583069,0.8248879313468933,0.7322250008583069,P3,0.8248879313468933,0.7322250008583069,P3,1,1,1,1,1,final_tp
09002200011601101410310642L_1295661900_483453600,6133,1,TP,"[613.0001831054688, 635.9996948242188, 880.0, 655.0001220703125]",5073.110595624894,medium,Q2,14.052305952721303,"[8,16)",0.8648303151130676,0.006849740166217089,TC,P3,1,1,1,1,0.12093669176101685,0.006849740166217089,0.621116042137146,0.12093669176101685,P4,0.8474755883216858,0.0059770685620605946,P3,1,1,0,0,1,final_tp
09002200011601101410310642L_1295661900_483453600,6133,2,LC,"[561.9994506835938, 512.0, 669.9996337890625, 800.0001220703125]",31104.0659179911,large,Q4,2.666663275830402,"[2,4)",0.9552757143974304,0.7919854521751404,LC,P5,1,1,1,1,0.850558876991272,0.850558876991272,0.9175838828086853,0.850558876991272,P4,0.9175838828086853,0.850558876991272,P4,1,1,1,1,1,final_tp
09002200011601101412330032L_1295547700_483447600,6478,0,LP,"[565.0001831054688, 647.0, 579.000244140625, 810.9998168945312]",2296.0074462778866,medium,Q2,11.714221565370547,"[8,16)",0.8077408075332642,0.795988142490387,LP,P4,1,1,1,1,0.8345085978507996,0.8345085978507996,0.7879496216773987,0.8345085978507996,P4,0.7879496216773987,0.8345085978507996,P4,1,1,1,1,1,final_tp
09002200011601101412330032L_1295547700_483447600,6478,1,LP,"[503.0000915527344, 619.9996948242188, 524.0003662109375, 685.0001831054688]",1365.0281068235636,medium,Q1,3.095220864449957,"[2,4)",0.7941163182258606,0.36716148257255554,LP,P3,1,1,1,1,0.803729236125946,0.4781376123428345,0.7238990068435669,0.803729236125946,P3,0.7238990068435669,0.803729236125946,P3,1,0,1,1,1,final_tp
09002200011601101412330032L_1295547700_483447600,6478,2,TC,"[393.9998474121094, 714.0004272460938, 758.9995727539062, 750.0001220703125]",13139.87872322835,large,Q3,10.138967208584328,"[8,16)",0.5234190821647644,0.0014460482634603977,TP,P4,1,0,1,0,0.0014460482634603977,0.0,0.1119479313492775,0.23784293234348297,P3,0.40704676508903503,0.0041564335115253925,P3,0,0,0,0,0,nms_or_maxdet_loss
09002200011601101412330032L_1295547700_483447600,6478,3,LP,"[563.999755859375, 539.0004272460938, 570.9998168945312, 552.0000610351562]",90.99822995811701,small,Q1,1.8570743488913497,"[1,2)",0.4468560814857483,0.4786185622215271,LP,P3,0,0,0,0,0.0,0.0,0.4468560814857483,0.4786185622215271,P3,0.4468560814857483,0.4786185622215271,P3,0,0,0,0,0,raw_geometry_failure
09002200011601101412330032L_1295547700_483447600,6478,4,TP,"[558.0000610351562, 595.0003051757812, 576.0, 599.0001220703125]",71.99645997211337,small,Q1,4.50019074359483,"[4,8)",0.09679512679576874,0.2668764293193817,TP,P3,0,0,0,0,0.0,0.0,0.0,0.0,none,0.09679512679576874,0.2668764293193817,P3,0,0,0,0,0,raw_geometry_failure
09002200011601101412330032L_1295547700_483447600,6478,5,TP,"[585.0, 595.0003051757812, 624.9994506835938, 598.000732421875]",120.01544165983796,small,Q1,13.331251652800098,"[8,16)",0.16135500371456146,0.2668764293193817,TP,P3,0,0,0,0,0.0,0.0,0.14634904265403748,0.3737525939941406,P3,0.16135500371456146,0.2668764293193817,P3,0,0,0,0,0,raw_geometry_failure
09002200011601101414345012L_1295421300_483440700,6479,0,LP,"[434.99981689453125, 596.9995727539062, 500.9997253417969, 729.9999389648438]",8778.011993374676,medium,Q3,2.0151598591565576,"[2,4)",0.9353050589561462,0.08383257687091827,LP,P3,1,1,1,1,0.8919411301612854,0.8919411301612854,0.9194586277008057,0.8919411301612854,P4,0.9194586277008057,0.8919411301612854,P4,1,1,1,1,1,final_tp
09002200011601101414345012L_1295421300_483440700,6479,1,LP,"[760.00048828125, 640.0, 1024.0, 814.0001220703125]",45935.947265565395,large,Q4,1.5172375086729493,"[1,2)",0.9758603572845459,0.02188960649073124,LP,P4,1,1,1,1,0.3352467119693756,0.3352467119693756,0.893130362033844,0.3352467119693756,P4,0.893130362033844,0.3352467119693756,P4,1,1,1,1,1,final_tp
09002200011601101414345012L_1295421300_483440700,6479,2,TP,"[765.9996948242188, 642.0004272460938, 927.9996337890625, 665.0005493164062]",3726.0183715745807,medium,Q2,7.043438224788634,"[4,8)",0.9432780146598816,0.0027839387767016888,TC,P3,1,1,1,1,0.0753469467163086,0.0753469467163086,0.8141649961471558,0.0753469467163086,P3,0.8141649961471558,0.0753469467163086,P3,1,1,0,0,1,final_tp
09002200011601101414345012L_1295421300_483440700,6479,3,LP,"[520.9994506835938, 533.9995727539062, 532.999755859375, 554.9998168945312]",252.00933845341206,small,Q1,1.7499758408650496,"[1,2)",0.7189902067184448,0.6624694466590881,LP,P3,1,0,1,0,0.6624694466590881,0.0,0.7189902067184448,0.6624694466590881,P3,0.7189902067184448,0.6624694466590881,P3,1,0,1,1,1,final_tp
09002200011601101414345012L_1295421300_483440700,6479,4,TC,"[860.0001831054688, 684.999755859375, 1024.0, 713.9993286132812]",4755.924621660262,medium,Q2,5.655249416474263,"[4,8)",0.8771271705627441,0.00041941454401239753,LP,P4,1,1,1,0,0.11552150547504425,0.00041941454401239753,0.500387966632843,0.11552150547504425,P3,0.5790113210678101,0.02503969706594944,P3,1,0,0,0,1,final_tp
09002200011601101414345012L_1295421300_483440700,6479,5,TC,"[682.9998168945312, 592.0006103515625, 800.0001220703125, 605.000244140625]",1520.96112049371,medium,Q2,9.000277013512624,"[8,16)",0.6808567047119141,0.02216251753270626,TC,P3,1,0,1,0,0.04737420007586479,0.0,0.3428080081939697,0.08263153582811356,P3,0.6808567047119141,0.02216251753270626,P3,1,0,0,0,1,final_tp
09002200011601121106002432L_1295803600_483185600,6010,0,MC,"[692.9995727539062, 764.9996948242188, 793.9999389648438, 807.9994506835938]",4342.9910887777805,medium,Q2,2.348859061926905,"[2,4)",0.8242664337158203,1.8587041267892346e-05,LC,P3,1,1,1,1,0.8772124648094177,0.8772124648094177,0.7852492332458496,0.8772124648094177,P3,0.7852492332458496,0.8772124648094177,P3,1,1,1,1,1,final_tp
09002200011601121106002432L_1295803600_483185600,6010,1,LC,"[584.0, 674.999755859375, 596.9996337890625, 726.0001220703125]",662.9860838502645,small,Q1,3.923215610415708,"[2,4)",0.3647526502609253,0.05639711022377014,LC,P3,0,0,0,0,0.0,0.0,0.26086992025375366,0.23083102703094482,P4,0.3214391767978668,0.005408346187323332,P3,0,0,0,0,0,raw_geometry_failure
09002200011601121131502909S_1294441600_482671100,6480,0,TP,"[269.0002136230469, 656.00048828125, 925.0001831054688, 758.0000610351562]",66911.7197265625,large,Q4,6.431399488140281,"[4,8)",0.9481458067893982,0.00030727984267286956,TP,P5,1,1,1,1,0.9522613286972046,0.9522613286972046,0.9174516797065735,0.9522613286972046,P5,0.9174516797065735,0.9522613286972046,P5,1,1,1,1,1,final_tp
09002200011601121131502909S_1294441600_482671100,6480,1,LP,"[596.9996337890625, 618.999267578125, 619.9998168945312, 676.9996948242188]",1334.0204468555748,medium,Q1,2.5217376305279497,"[2,4)",0.8614766001701355,0.20044706761837006,LP,P4,1,1,1,1,0.32802850008010864,0.32802850008010864,0.8003647923469543,0.32802850008010864,P3,0.8003647923469543,0.32802850008010864,P3,1,1,1,1,1,final_tp
09002200011601121131502909S_1294441600_482671100,6480,2,MC,"[495.0000915527344, 613.0001831054688, 550.0001831054688, 623.0006103515625]",550.0244141016155,small,Q1,5.499774179569965,"[4,8)",0.6343436241149902,0.00011739044566638768,MC,P3,1,0,0,0,0.00011739044566638768,0.0,0.3973486125469208,0.014028390869498253,P3,0.4206216037273407,0.006568703334778547,P3,0,0,0,0,0,final_localization_or_assignment
09002200011601121131502909S_1294441600_482671100,6480,3,MC,"[887.0001831054688, 648.00048828125, 933.0001831054688, 659.000244140625]",505.98876953125,small,Q1,4.181910997669515,"[4,8)",0.8973928093910217,0.05589156225323677,MC,P3,1,1,1,1,0.342069149017334,0.1167227104306221,0.5817350745201111,0.342069149017334,P3,0.7780280113220215,0.06022556498646736,P3,1,1,1,1,1,final_tp
09002200011601121246069362L_1295932100_483231700,6011,0,LC,"[484.000732421875, 543.99951171875, 524.0001831054688, 815.99951171875]",10879.8505859375,large,Q3,6.800093385071511,"[4,8)",0.7707266211509705,0.306916207075119,LC,P4,1,1,1,1,0.5819825530052185,0.306916207075119,0.7327544689178467,0.5819825530052185,P4,0.7327544689178467,0.5819825530052185,P4,1,0,1,1,1,final_tp
09002200011601121246069362L_1295932100_483231700,6011,1,LC,"[632.00048828125, 645.0001831054688, 760.0005493164062, 812.9996948242188]",21503.947753876448,large,Q4,1.3124955594560817,"[1,2)",0.8743127584457397,0.00041021843208000064,LC,P5,1,1,1,1,0.8674216270446777,0.008976473473012447,0.6597883701324463,0.8674216270446777,P4,0.6597883701324463,0.8674216270446777,P4,1,0,1,1,1,final_tp
09002200011601121258094719S_1293758000_482806700,6481,0,TP,"[362.9997863769531, 705.9993896484375, 668.0003051757812, 724.9996948242188]",5795.1029359493405,medium,Q2,16.052401052357688,"[16,inf)",0.9522632360458374,0.012341417372226715,TP,P3,1,1,1,1,0.6423514485359192,0.6423514485359192,0.8432818055152893,0.6423514485359192,P5,0.8432818055152893,0.6423514485359192,P5,1,1,1,1,1,final_tp
09002200011601121258094719S_1293758000_482806700,6481,1,TC,"[671.99951171875, 686.9995727539062, 857.9999389648438, 711.99951171875]",4649.999328587204,medium,Q2,7.44003525399232,"[4,8)",0.8251506090164185,0.0007534271571785212,TC,P3,1,1,1,1,0.0031161531805992126,0.001728668692521751,0.22827087342739105,0.004437481518834829,P3,0.8133004903793335,0.001728668692521751,P4,1,1,0,0,1,final_tp
09002200011601121522083069S_1294447300_483445500,6482,0,LP,"[496.00048828125, 611.9998168945312, 512.0004272460938, 661.9996948242188]",799.9949951246381,small,Q1,3.1250042915507947,"[2,4)",0.9111635684967041,0.4263695180416107,LP,P4,1,1,1,1,0.8227561712265015,0.8227561712265015,0.8821521997451782,0.8227561712265015,P3,0.8821521997451782,0.8227561712265015,P3,1,1,1,1,1,final_tp
09002200011601121522083069S_1294447300_483445500,6482,1,LP,"[461.0001525878906, 708.9996948242188, 494.0006408691406, 806.9996337890625]",3234.0458373725414,medium,Q2,2.969651179995561,"[2,4)",0.9570919275283813,0.7153440117835999,LP,P3,1,1,1,1,0.8915101885795593,0.8915101885795593,0.948012113571167,0.8915101885795593,P4,0.948012113571167,0.8915101885795593,P4,1,1,1,1,1,final_tp
09002200011601121522083069S_1294447300_483445500,6482,2,TP,"[254.9995574951172, 636.9996948242188, 311.00006103515625, 643.999755859375]",392.0069427797571,small,Q1,8.000002179808002,"[8,16)",0.573316752910614,0.002570655196905136,TP,P3,1,0,1,0,0.004512745421379805,0.0,0.34478217363357544,0.02215694636106491,P3,0.5284198522567749,0.004512745421379805,P3,1,0,0,0,1,final_tp
09002200011601131337493288O_1295648500_481846400,6768,0,LC,"[2.0003907680511475, 662.0001220703125, 402.0003967285156, 991.0001220703125]",131600.0,large,Q4,1.21580547112462,"[1,2)",0.990103542804718,0.5048837661743164,LC,P5,1,1,1,1,0.8803867697715759,0.8803867697715759,0.9851346015930176,0.8803867697715759,P5,0.9851346015930176,0.8803867697715759,P5,1,1,1,1,1,final_tp
09002200011601131337493288O_1295648500_481846400,6768,1,TP,"[280.99993896484375, 638.0000610351562, 405.9996032714844, 659.9996948242188]",2749.946838501841,medium,Q2,5.681897503620554,"[4,8)",0.9204950928688049,0.0030849913600832224,TP,P3,1,1,1,1,0.6771674156188965,0.08304060995578766,0.5664730072021484,0.6771674156188965,P3,0.7416882514953613,0.010289151221513748,P3,1,0,1,1,1,final_tp
09002200011601131337493288O_1295648500_481846400,6768,2,LP,"[0.999432384967804, 588.000244140625, 341.9996337890625, 723.0003662109375]",46035.07046511397,large,Q4,2.525925224315299,"[2,4)",0.9400299191474915,0.3793255388736725,LP,P5,1,1,1,1,0.4628341495990753,0.4628341495990753,0.9270484447479248,0.4628341495990753,P5,0.9270484447479248,0.4628341495990753,P5,1,1,1,1,1,final_tp
09002200011601131341484419S_1294452100_482771900,6483,0,TP,"[106.99980926513672, 684.000244140625, 1024.0, 751.0005493164062]",61439.29211431369,large,Q4,13.686507556937798,"[8,16)",0.9473902583122253,0.5056030750274658,TP,P5,1,1,1,1,0.7389625906944275,0.7389625906944275,0.9107249975204468,0.7389625906944275,P5,0.9107249975204468,0.7389625906944275,P5,1,1,1,1,1,final_tp
09002200011601131342452108O_1295254300_481735400,6769,0,LP,"[342.9995422363281, 574.0001220703125, 479.9994812011719, 727.0000610351562]",20960.982299808413,large,Q4,1.1167883731985153,"[1,2)",0.9568479061126709,0.004458673298358917,LP,P4,1,1,1,1,0.952160120010376,0.952160120010376,0.934621274471283,0.952160120010376,P4,0.934621274471283,0.952160120010376,P4,1,1,1,1,1,final_tp
09002200011601131409167248O_1295532900_481837600,6770,0,LP,"[332.0002746582031, 591.0000610351562, 478.0001525878906, 795.0004272460938]",29784.02856440842,large,Q4,1.3972639505163327,"[1,2)",0.927963376045227,0.0038880910724401474,LP,P4,1,1,1,1,0.3142806887626648,0.007537675090134144,0.48794421553611755,0.5532827973365784,P5,0.8495928049087524,0.007537675090134144,P4,1,1,0,1,1,final_tp
09002200011601131409167248O_1295532900_481837600,6770,1,TP,"[110.0001220703125, 797.0001831054688, 529.00048828125, 926.0006713867188]",54051.2518312335,large,Q4,3.248052560060259,"[2,4)",0.93119215965271,0.12321043759584427,TP,P5,1,1,1,1,0.5180768966674805,0.5180768966674805,0.865299642086029,0.5180768966674805,P5,0.865299642086029,0.5180768966674805,P5,1,1,1,1,1,final_tp
09002200011601131409167248O_1295532900_481837600,6770,2,TP,"[790.0000610351562, 900.9996948242188, 980.9996337890625, 945.9993286132812]",8594.910827793181,medium,Q3,4.244469491667955,"[4,8)",0.9328797459602356,9.029450302477926e-05,TP,P3,1,1,1,1,0.7924241423606873,0.7924241423606873,0.8000719547271729,0.7924241423606873,P4,0.8000719547271729,0.7924241423606873,P4,1,1,1,1,1,final_tp
09002200011601141254425649S_1293812500_481645300,6771,0,LC,"[1.0004425048828125, 610.999755859375, 456.9999694824219, 996.0001831054688]",175560.00683572888,large,Q4,1.1844130017738224,"[1,2)",0.9754431247711182,0.03887159377336502,LC,P5,1,1,1,1,0.15448708832263947,0.15448708832263947,0.9671347737312317,0.15448708832263947,P5,0.9671347737312317,0.15448708832263947,P5,1,1,0,0,1,final_tp
09002200011601151222574348O_1295240400_481745300,6772,0,LC,"[642.999755859375, 690.9998168945312, 825.9999389648438, 927.9994506835938]",43370.976379327476,large,Q4,1.2950786702353854,"[1,2)",0.8573352694511414,0.0003991090343333781,LC,P4,1,1,1,1,0.09161501377820969,0.002512906910851598,0.4945841133594513,0.16552729904651642,P4,0.7342652678489685,0.006058558821678162,P5,1,0,0,0,1,final_tp
09002200011601151538576048O_1295243200_481653000,6773,0,TP,"[575.0000610351562, 672.9994506835938, 868.0001831054688, 696.9999389648438]",7032.145996153355,medium,Q3,12.208090045368543,"[8,16)",0.7948768734931946,0.00818593893200159,TP,P3,1,1,1,1,0.41138914227485657,0.253362774848938,0.27267736196517944,0.5304301381111145,P5,0.7029547095298767,0.41138914227485657,P4,1,0,1,1,1,final_tp
09002200011601151538576048O_1295243200_481653000,6773,1,TP,"[301.00018310546875, 665.9993896484375, 441.9999084472656, 689.9999389648438]",3384.070861665532,medium,Q2,5.874854091169178,"[4,8)",0.5953337550163269,0.15427756309509277,TP,P3,1,0,1,0,0.2595805823802948,0.0,0.497237890958786,0.43601828813552856,P4,0.5657970905303955,0.18997076153755188,P3,1,0,0,1,1,final_tp
09002200011601151538576048O_1295243200_481653000,6773,2,LP,"[1.0004425048828125, 700.000244140625, 353.0004577636719, 973.0007934570312]",96096.193359375,large,Q4,1.289374694964565,"[1,2)",0.9723547101020813,0.0004789606318809092,LP,P5,1,1,1,1,0.9594643115997314,0.9594643115997314,0.9277665019035339,0.9594643115997314,P5,0.9277665019035339,0.9594643115997314,P5,1,1,1,1,1,final_tp
09002200011601151542260778O_1295242500_481576800,6774,0,LP,"[0.999401867389679, 597.0003051757812, 462.99957275390625, 992.0]",182489.93133539334,large,Q4,1.1696216203687608,"[1,2)",0.972567617893219,0.8138274550437927,LP,P5,1,1,1,1,0.9187096357345581,0.9187096357345581,0.9709048271179199,0.9187096357345581,P5,0.9709048271179199,0.9187096357345581,P5,1,1,1,1,1,final_tp
09002200011601251352249002L_1296214400_483058900,6012,0,TC,"[319.0006408691406, 604.000244140625, 483.0003967285156, 618.0004272460938]",2296.0266112834215,medium,Q2,11.714115067203188,"[8,16)",0.8311233520507812,0.0008526601013727486,TC,P3,1,1,1,0,0.01450258307158947,0.0008526601013727486,0.5636526942253113,0.01450258307158947,P3,0.6034787893295288,0.013628127984702587,P3,1,0,0,0,1,final_tp
09002200011601251352249002L_1296214400_483058900,6012,1,TC,"[653.0001831054688, 712.0005493164062, 925.0001831054688, 812.0001831054688]",27199.900390625,large,Q4,2.7200099609739783,"[2,4)",0.914908230304718,0.00085947330808267,TC,P4,1,1,1,1,0.7511290907859802,0.7511290907859802,0.824296772480011,0.7511290907859802,P4,0.824296772480011,0.7511290907859802,P4,1,1,1,1,1,final_tp
09002200011601281428246562L_1295450100_481960000,6775,0,TC,"[885.0001220703125, 913.0, 998.0006103515625, 982.9996948242188]",7909.999694675207,medium,Q3,1.614299727520436,"[1,2)",0.9081771373748779,0.03956049680709839,TC,P3,1,1,1,1,0.8573908805847168,0.0658721849322319,0.7329592704772949,0.8573908805847168,P4,0.7613144516944885,0.004122106358408928,P3,1,1,1,1,1,final_tp
09002200011601281428246562L_1295450100_481960000,6775,1,P,"[921.0006103515625, 775.9994506835938, 1012.0003051757812, 810.9996948242188]",3185.0115355700254,medium,Q2,2.5999731447185774,"[2,4)",0.8385072946548462,0.017301514744758606,P,P4,1,1,1,1,0.6009604930877686,0.06360658258199692,0.6571229100227356,0.6009604930877686,P3,0.8085341453552246,0.06360658258199692,P4,1,1,1,1,1,final_tp
09002200011601281428246562L_1295450100_481960000,6775,2,P,"[778.0004272460938, 796.0003051757812, 839.0001831054688, 824.9999389648438]",1768.9705811440945,medium,Q2,2.103466419716709,"[2,4)",0.8450072407722473,0.009844203479588032,P,P3,1,1,1,1,0.8767492771148682,0.8767492771148682,0.817270815372467,0.8767492771148682,P3,0.817270815372467,0.8767492771148682,P3,1,1,1,1,1,final_tp
09002200011602201244001442Q_1296131800_482989700,6013,0,LC,"[346.0003662109375, 628.0001831054688, 456.9999694824219, 786.0003662109375]",17537.95764152892,large,Q3,1.4234301605477788,"[1,2)",0.8709383606910706,0.3554832339286804,LC,P4,1,1,1,1,0.734519898891449,0.3554832339286804,0.5520553588867188,0.734519898891449,P5,0.8709383606910706,0.3554832339286804,P4,1,1,1,1,1,final_tp
09002200011602201244001442Q_1296131800_482989700,6013,1,LC,"[368.0, 684.999755859375, 407.99951171875, 730.9998168945312]",1839.9799804389477,medium,Q2,1.150015564154836,"[1,2)",0.7862718105316162,0.0019428613595664501,LC,P3,1,1,1,1,0.004738671239465475,0.0019428613595664501,0.3401372730731964,0.00795045867562294,P3,0.7862718105316162,0.0019428613595664501,P3,1,1,0,0,1,final_tp
09002200011706120823208941M_1294464800_484900000,6484,0,TC,"[246.9995574951172, 675.000244140625, 657.0, 696.9999389648438]",9019.884277213365,medium,Q3,18.636641577170316,"[16,inf)",0.8938859105110168,0.17225761711597443,TC,P4,1,1,1,1,0.5329626202583313,0.271481454372406,0.6935834884643555,0.5329626202583313,P4,0.8806232810020447,0.013753240928053856,P4,1,1,1,1,1,final_tp
09002200011706120944012422B_1295050800_484096300,6485,0,TC,"[69.00020599365234, 674.9993896484375, 545.0004272460938, 730.9998168945312]",26656.21533212252,large,Q4,8.499938965309408,"[8,16)",0.9086400866508484,0.002313585951924324,TC,P4,1,1,1,1,0.7478268146514893,0.7478268146514893,0.8502960205078125,0.7478268146514893,P5,0.8502960205078125,0.7478268146514893,P5,1,1,1,1,1,final_tp
09002200011706120944012422B_1295050800_484096300,6485,1,MC,"[392.9999694824219, 547.999755859375, 417.9999084472656, 551.99951171875]",99.99365235865116,small,Q1,6.250366233290606,"[4,8)",0.4754226803779602,0.3390634059906006,MC,P3,0,0,0,0,0.0,0.0,0.4754226803779602,0.3390634059906006,P3,0.4754226803779602,0.3390634059906006,P3,0,0,0,0,0,raw_geometry_failure
09002200011706121027181188D_1294679400_484370500,6486,0,P,"[567.0001220703125, 654.0001831054688, 588.9996948242188, 675.0004272460938]",461.9963988214731,small,Q1,1.0475865235941733,"[1,2)",0.8240132927894592,0.07492933422327042,P,P3,1,1,1,1,0.8812767267227173,0.07492933422327042,0.6173187494277954,0.8812767267227173,P3,0.711689293384552,0.03570679575204849,P3,1,0,1,1,1,final_tp
09002200011706121027181188D_1294679400_484370500,6486,1,LC,"[442.99981689453125, 611.0003051757812, 485.0002136230469, 810.9998168945312]",8400.05883769691,medium,Q3,4.761848156138081,"[4,8)",0.9074133038520813,3.896617272403091e-05,TC,P3,1,1,1,1,0.2928721308708191,0.2928721308708191,0.7748733758926392,0.2928721308708191,P4,0.7748733758926392,0.2928721308708191,P4,1,1,1,1,1,final_tp
09002200011706121027181188D_1294679400_484370500,6486,2,LC,"[549.9995727539062, 614.0001220703125, 634.9998779296875, 804.0001831054688]",16150.063171405345,large,Q3,2.235286810350089,"[2,4)",0.6824585795402527,0.00026557492674328387,LC,P4,1,0,0,0,0.0005586157203651965,0.0,0.32764238119125366,0.07869142293930054,P3,0.48806172609329224,0.004665168933570385,P4,0,0,0,0,0,final_localization_or_assignment
09002200011706121027181188D_1294679400_484370500,6486,3,LC,"[572.9996337890625, 617.9999389648438, 718.0001220703125, 761.9999389648438]",20880.0703125,large,Q4,1.0069478352864583,"[1,2)",0.893446147441864,0.15710356831550598,LC,P4,1,1,1,1,0.15710356831550598,0.15710356831550598,0.893446147441864,0.15710356831550598,P4,0.893446147441864,0.15710356831550598,P4,1,1,0,0,1,final_tp
09002200011706121027181188D_1294679400_484370500,6486,4,TC,"[615.0, 761.00048828125, 714.9998168945312, 774.0001220703125]",1299.9609986022115,medium,Q1,7.692510305841698,"[4,8)",0.560709536075592,0.0013189386809244752,TC,P3,1,0,1,0,0.0029276907444000244,0.0,0.25370046496391296,0.006066157948225737,P3,0.5166442394256592,0.0029276907444000244,P3,1,0,0,0,1,final_tp
09002200011706121027181188D_1294679400_484370500,6486,5,TC,"[670.9995727539062, 781.9995727539062, 791.0, 808.0]",3120.0623781122267,medium,Q2,4.615325206401074,"[4,8)",0.9004781246185303,0.17544768750667572,TC,P3,1,1,1,1,0.4821300506591797,0.34064069390296936,0.47997698187828064,0.4840337634086609,P4,0.8260781764984131,0.34064069390296936,P3,1,1,1,1,1,final_tp
09002200011706121027181188D_1294679400_484370500,6486,6,LC,"[682.0004272460938, 615.9999389648438, 1024.0, 756.000244140625]",47880.04455553368,large,Q4,2.442848766111611,"[2,4)",0.8611828684806824,0.00328609230928123,LC,P5,1,1,1,1,0.06678515672683716,0.007516544312238693,0.12180023640394211,0.026326600462198257,P3,0.8611828684806824,0.00328609230928123,P5,1,1,0,0,1,final_tp
09002200011706121027181188D_1294679400_484370500,6486,7,LC,"[717.000244140625, 603.0004272460938, 1024.0, 697.9999389648438]",29164.826904416084,large,Q4,3.2315929872172453,"[2,4)",0.9841955900192261,0.05613616108894348,LC,P4,1,1,1,1,0.13308994472026825,0.13308994472026825,0.4722242057323456,0.1482173502445221,P4,0.8261861801147461,0.006076053250581026,P5,1,1,0,0,1,final_tp
09002200011706121027181188D_1294679400_484370500,6486,8,MC,"[810.9998168945312, 581.0001831054688, 842.9998168945312, 588.0003051757812]",224.00390625,small,Q1,4.571348853430988,"[4,8)",0.6942914128303528,0.3380145728588104,MC,P3,1,0,1,0,0.3728072941303253,0.0,0.6522398591041565,0.3728072941303253,P3,0.6522398591041565,0.3728072941303253,P3,1,0,1,1,1,final_tp
09002200011706121027181188D_1294679400_484370500,6486,9,TC,"[23.000080108642578, 567.0005493164062, 161.00047302246094, 587.0003051757812]",2759.974243067205,medium,Q2,6.900104066211746,"[4,8)",0.8375903367996216,0.015687553212046623,TC,P3,1,1,1,1,0.06448235362768173,0.015687553212046623,0.6267427206039429,0.06448235362768173,P4,0.8375903367996216,0.015687553212046623,P3,1,1,0,0,1,final_tp
09002200011706121030361088D_1294683000_484352000,6487,0,AC,"[1.000457763671875, 572.0003051757812, 556.0003051757812, 846.0001831054688]",152069.89880372584,large,Q4,2.025547902149463,"[2,4)",0.9866471886634827,0.0006838529370725155,AC,P5,1,1,1,1,0.9439301490783691,0.9439301490783691,0.9627683758735657,0.9439301490783691,P5,0.9627683758735657,0.9439301490783691,P5,1,1,1,1,1,final_tp
09002200011706121030540878D_1294685100_484340000,6488,0,AC,"[0.999401867389679, 552.9999389648438, 821.9996337890625, 865.9999389648438]",256973.07641601562,large,Q4,2.623003974890176,"[2,4)",0.9658841490745544,0.00032695839763619006,TP,P5,1,1,1,1,0.9374529123306274,0.9374529123306274,0.950870156288147,0.9374529123306274,P5,0.950870156288147,0.9374529123306274,P5,1,1,1,1,1,final_tp
09002200011706121030540878D_1294685100_484340000,6488,1,MC,"[496.00006103515625, 625.00048828125, 545.0005493164062, 640.0]",734.9833981990814,small,Q1,3.2668055600768255,"[2,4)",0.9385049939155579,0.5537247061729431,MC,P3,1,1,1,1,0.8325144648551941,0.8325144648551941,0.8768411874771118,0.8325144648551941,P3,0.8768411874771118,0.8325144648551941,P3,1,1,1,1,1,final_tp
09002200011706121030540878D_1294685100_484340000,6488,2,MC,"[348.9997253417969, 588.9996948242188, 384.0, 599.0001220703125]",350.01770031265914,small,Q1,3.4998779349026834,"[2,4)",0.7985191941261292,0.12112626433372498,MC,P3,1,1,1,1,0.5767272710800171,0.12112626433372498,0.5301861763000488,0.5767272710800171,P3,0.7985191941261292,0.12112626433372498,P3,1,1,1,1,1,final_tp
09002200011706121039162568D_1294694500_484287800,6489,0,AC,"[144.00003051757812, 575.0, 649.0, 825.0004272460938]",126250.20812986977,large,Q4,2.019996425787358,"[2,4)",0.7982534170150757,0.739167332649231,AC,P5,1,1,1,1,0.9176902174949646,0.9176902174949646,0.7723941802978516,0.9176902174949646,P5,0.7723941802978516,0.9176902174949646,P5,1,1,1,1,1,final_tp
09002200011706121039162568D_1294694500_484287800,6489,1,LC,"[569.0, 547.0004272460938, 789.000244140625, 814.0001220703125]",58739.998046800494,large,Q4,1.2136336296679358,"[1,2)",0.8351304531097412,0.0008925513830035925,LC,P5,1,1,1,1,0.11635985225439072,0.005400269757956266,0.6985297799110413,0.11635985225439072,P5,0.6985297799110413,0.11635985225439072,P5,1,0,0,0,1,final_tp
09002200011706121130361392B_1295097500_483792100,6490,0,TC,"[292.0003356933594, 739.0003051757812, 831.0001220703125, 792.0005493164062]",28567.118652284145,large,Q4,10.169759868072541,"[8,16)",0.9511852860450745,0.5032963156700134,TC,P5,1,1,1,1,0.7449777126312256,0.7449777126312256,0.8793042898178101,0.7449777126312256,P5,0.8793042898178101,0.7449777126312256,P5,1,1,1,1,1,final_tp
09002200011706121224149282B_1295103400_483746100,6491,0,TP,"[394.0003967285156, 705.9998779296875, 878.0001220703125, 752.9994506835938]",22747.780304072425,large,Q4,10.297960108617593,"[8,16)",0.9649550914764404,0.4615030884742737,TP,P5,1,1,1,1,0.5005407333374023,0.5005407333374023,0.933292806148529,0.5005407333374023,P5,0.933292806148529,0.5005407333374023,P5,1,1,1,1,1,final_tp
09002200011706121541209631M_1294346400_484701900,6492,0,AC,"[0.9999634027481079, 612.9996337890625, 511.00006103515625, 856.0]",123930.2090149261,large,Q4,2.0987626459378528,"[2,4)",0.886005163192749,0.007627238053828478,AC,P5,1,1,1,1,0.8150022625923157,0.8060529828071594,0.727405309677124,0.8150022625923157,P5,0.727405309677124,0.8150022625923157,P5,1,0,1,1,1,final_tp
09002200011706140947236372B_1294899200_483951300,6493,0,TC,"[179.999755859375, 707.999755859375, 744.9999389648438, 743.0000610351562]",19775.178833063692,large,Q3,16.142721621079616,"[16,inf)",0.9596120119094849,0.3257915675640106,TC,P5,1,1,1,1,0.7587568759918213,0.7587568759918213,0.8689960837364197,0.7587568759918213,P5,0.8689960837364197,0.7587568759918213,P5,1,1,1,1,1,final_tp
09002200011706141206044712B_1294931300_483542600,6494,0,TC,"[377.9998779296875, 620.0003051757812, 667.0003662109375, 631.0000610351562]",3178.9348143339157,medium,Q2,26.27335478859172,"[16,inf)",0.9181710481643677,0.039775550365448,TC,P3,1,1,1,1,0.5359348058700562,0.5359348058700562,0.8702533841133118,0.5359348058700562,P4,0.8702533841133118,0.5359348058700562,P4,1,1,1,1,1,final_tp
09002200011706191006576342Q_1295848100_482179000,6014,0,LC,"[600.9999389648438, 601.9999389648438, 949.0001831054688, 1023.99951171875]",146855.95434559882,large,Q4,1.2126415997092763,"[1,2)",0.9684011340141296,0.0005099630216136575,TP,P5,1,1,1,1,0.21705935895442963,0.21705935895442963,0.8338668942451477,0.21705935895442963,P5,0.8338668942451477,0.21705935895442963,P5,1,1,0,0,1,final_tp
09002200011706191006576342Q_1295848100_482179000,6014,1,AC,"[158.00010681152344, 617.0004272460938, 823.0001220703125, 967.0006103515625]",232750.12176513672,large,Q4,1.8999990059994039,"[1,2)",0.7784693837165833,0.0008044944261200726,AC,P5,1,1,1,1,0.854080855846405,0.841264545917511,0.6805862188339233,0.854080855846405,P5,0.6805862188339233,0.854080855846405,P5,1,0,1,1,1,final_tp
09002200011706191549291062Q_1295487400_482278800,6134,0,LC,"[418.0002136230469, 607.9995727539062, 463.0002136230469, 669.9995727539062]",2790.0,medium,Q2,1.3777777777777778,"[1,2)",0.8353630304336548,0.0014419538201764226,LC,P3,1,1,1,1,0.00945721659809351,0.003935233224183321,0.17468786239624023,0.01992776058614254,P4,0.785395622253418,0.003935233224183321,P3,1,1,0,0,1,final_tp
09002200011706191549291062Q_1295487400_482278800,6134,1,LC,"[513.0003051757812, 689.999755859375, 535.0003051757812, 725.9998168945312]",792.0013427734375,small,Q1,1.6363664106889204,"[1,2)",0.5309696793556213,0.018900617957115173,LC,P3,1,0,1,0,0.018900617957115173,0.0,0.5309696793556213,0.018900617957115173,P3,0.5309696793556213,0.018900617957115173,P3,1,0,0,0,1,final_tp
09002200011706191549291062Q_1295487400_482278800,6134,2,LC,"[573.9996337890625, 602.0004272460938, 681.9999389648438, 809.0]",22356.01702867821,large,Q4,1.9166572947825826,"[1,2)",0.9075970649719238,0.012336651794612408,LC,P4,1,1,1,1,0.9052727818489075,0.9052727818489075,0.8871238827705383,0.9052727818489075,P4,0.8871238827705383,0.9052727818489075,P4,1,1,1,1,1,final_tp
09002200121706171302376012Q_1295754500_482320800,6135,0,TC,"[904.00048828125, 738.0004272460938, 1000.00048828125, 761.0005493164062]",2208.01171875,medium,Q2,4.17389089094933,"[4,8)",0.8056842684745789,0.10257227718830109,TC,P3,1,1,1,1,0.17164117097854614,0.17164117097854614,0.4640476703643799,0.20972925424575806,P4,0.7723708748817444,0.17164117097854614,P3,1,1,0,0,1,final_tp
09002200121706171302376012Q_1295754500_482320800,6135,1,LP,"[583.9994506835938, 644.000244140625, 707.9996948242188, 788.000244140625]",17856.03515625,large,Q3,1.1612880361484923,"[1,2)",0.9241737723350525,0.2289980798959732,LP,P4,1,1,1,1,0.2984355688095093,0.2984355688095093,0.8921428322792053,0.2984355688095093,P4,0.8921428322792053,0.2984355688095093,P4,1,1,1,1,1,final_tp
09002200121706171302376012Q_1295754500_482320800,6135,2,MC,"[458.99981689453125, 606.99951171875, 490.99981689453125, 613.9995727539062]",224.001953125,small,Q1,4.57138871208224,"[4,8)",0.7330801486968994,0.03956437483429909,MC,P3,1,0,1,0,0.05754854902625084,0.0,0.7241159677505493,0.05754854902625084,P3,0.7241159677505493,0.05754854902625084,P3,1,0,0,0,1,final_tp
09002200121706171302376012Q_1295754500_482320800,6135,3,TC,"[243.99974060058594, 660.0003051757812, 489.9994201660156, 733.000244140625]",17957.961593647487,large,Q3,3.369861441718484,"[2,4)",0.874830961227417,0.0010411612456664443,TC,P4,1,1,1,1,0.7216755747795105,0.1419534534215927,0.7391954064369202,0.7216755747795105,P4,0.7494039535522461,0.004741692449897528,P4,1,0,1,1,1,final_tp
09002200121706171302376012Q_1295754500_482320800,6135,4,MC,"[523.999755859375, 629.0001831054688, 568.0000610351562, 639.9999389648438]",483.99261467158794,small,Q1,4.000116524248141,"[4,8)",0.5799127817153931,0.5487452745437622,MC,P3,1,0,1,0,0.6256163120269775,0.0,0.5213696360588074,0.6256163120269775,P3,0.5730001330375671,0.22311660647392273,P3,1,0,1,1,1,final_tp
09002200121706211156177582Q_1295445100_483058000,6136,0,LC,"[433.9999084472656, 549.0006713867188, 529.9999389648438, 804.0001831054688]",24479.96090696752,large,Q4,2.65624406933973,"[2,4)",0.9844992160797119,0.0318412259221077,LC,P4,1,1,1,1,0.9323978424072266,0.9323978424072266,0.9741833806037903,0.9323978424072266,P4,0.9741833806037903,0.9323978424072266,P4,1,1,1,1,1,final_tp
09002200121706211156177582Q_1295445100_483058000,6136,1,MC,"[280.9999694824219, 591.0001831054688, 316.9997253417969, 600.0]",323.9912109822035,small,Q1,4.0000542545760345,"[4,8)",0.673250675201416,0.19923175871372223,MC,P3,1,0,1,0,0.639465868473053,0.0,0.5316550731658936,0.639465868473053,P3,0.5316550731658936,0.639465868473053,P3,1,0,1,1,1,final_tp
09002200121706211156177582Q_1295445100_483058000,6136,2,LC,"[616.0, 560.9999389648438, 902.0001831054688, 811.0003051757812]",71500.15051276237,large,Q4,1.1439990566420069,"[1,2)",0.9339181184768677,0.0002895984216593206,LC,P4,1,1,1,1,0.9376678466796875,0.9376678466796875,0.8992984294891357,0.9376678466796875,P5,0.8992984294891357,0.9376678466796875,P5,1,1,1,1,1,final_tp
09002200121706211156177582Q_1295445100_483058000,6136,3,TC,"[935.0, 798.99951171875, 1024.0, 823.0001220703125]",2136.0543212890625,medium,Q2,3.708239027938132,"[2,4)",0.9469289779663086,0.07502279430627823,TC,P3,1,1,1,1,0.48862627148628235,0.48862627148628235,0.8881758451461792,0.48862627148628235,P3,0.8881758451461792,0.48862627148628235,P3,1,1,1,1,1,final_tp
09002200121706211156295342Q_1295444000_483068800,6137,0,LC,"[535.99951171875, 578.0004272460938, 901.9996337890625, 815.0]",86741.8725585416,large,Q4,1.544307096495726,"[1,2)",0.9497837424278259,0.04636967554688454,LC,P5,1,1,1,1,0.23113763332366943,0.2239760458469391,0.42806002497673035,0.8848603367805481,P5,0.9325876235961914,0.2239760458469391,P5,1,1,0,0,1,final_tp
09002200121706211156295342Q_1295444000_483068800,6137,1,LC,"[317.9996643066406, 582.99951171875, 486.9996032714844, 808.0]",38025.06878659129,large,Q4,1.3313643168123024,"[1,2)",0.8732465505599976,0.002127300249412656,LC,P5,1,1,1,1,0.4754621386528015,0.4754621386528015,0.8595216274261475,0.4754621386528015,P5,0.8595216274261475,0.4754621386528015,P5,1,1,1,1,1,final_tp
09002200121706211156492302Q_1295441700_483088500,6138,0,TC,"[66.00039672851562, 703.9999389648438, 313.0004577636719, 796.0001831054688]",22724.06591798365,large,Q4,2.684776147524235,"[2,4)",0.838799238204956,0.005951198749244213,TC,P5,1,1,1,1,0.12235116213560104,0.0176834836602211,0.32874295115470886,0.5083131194114685,P4,0.7858353853225708,0.0176834836602211,P5,1,1,0,0,1,final_tp
09002200121706211156492302Q_1295441700_483088500,6138,1,LC,"[399.0005798339844, 560.0, 517.0001831054688, 705.9998779296875]",17227.927673388273,large,Q3,1.237291261003499,"[1,2)",0.9067838191986084,0.0027631826233118773,LC,P4,1,1,1,1,0.5392078757286072,0.5392078757286072,0.8130871653556824,0.5392078757286072,P4,0.8130871653556824,0.5392078757286072,P4,1,1,1,1,1,final_tp
09002200121706211156592092Q_1295440500_483099000,6139,0,LC,"[335.0000915527344, 617.00048828125, 479.00006103515625, 811.0003051757812]",27935.96771240793,large,Q4,1.3472212361698652,"[1,2)",0.8944907188415527,0.0048887054435908794,LC,P4,1,1,1,1,0.8196002244949341,0.3920099437236786,0.7348295450210571,0.8196002244949341,P5,0.8944907188415527,0.0048887054435908794,P4,1,1,1,1,1,final_tp
09002200121706211156592092Q_1295440500_483099000,6139,1,MC,"[1.0004456043243408, 663.0000610351562, 62.00012969970703, 680.00048828125]",1037.0206793386023,medium,Q1,3.588126492182311,"[2,4)",0.9333723187446594,0.6430869698524475,MC,P3,1,1,1,1,0.8068585395812988,0.8068585395812988,0.9088839888572693,0.8068585395812988,P3,0.9088839888572693,0.8068585395812988,P3,1,1,1,1,1,final_tp
09002200121706211201322482Q_1295390000_483083100,6140,0,LC,"[546.9998779296875, 584.0, 562.9998168945312, 795.0004272460938]",3375.993957493454,medium,Q2,13.187577009494818,"[8,16)",0.7935564517974854,0.011178958229720592,LC,P4,1,1,1,1,0.5679261088371277,0.03677179664373398,0.5846548080444336,0.5679261088371277,P3,0.667479395866394,0.05693001672625542,P5,1,0,1,1,1,final_tp
09002200121706211227557402Q_1295594800_482714600,6141,0,LC,"[293.9996643066406, 575.9999389648438, 503.0000915527344, 800.0]",46816.10845949873,large,Q4,1.071768436010902,"[1,2)",0.9394853711128235,0.000735974928829819,LC,P4,1,1,1,1,0.937593936920166,0.937593936920166,0.8285642862319946,0.937593936920166,P5,0.8285642862319946,0.937593936920166,P5,1,1,1,1,1,final_tp
09002200121706211227557402Q_1295594800_482714600,6141,1,MC,"[600.00048828125, 633.9999389648438, 639.9999389648438, 646.0001220703125]",480.00073232129216,small,Q1,3.333236695810509,"[2,4)",0.9224824905395508,0.0501151867210865,MC,P3,1,1,1,1,0.5480804443359375,0.5480804443359375,0.7693938612937927,0.5480804443359375,P3,0.8636243939399719,0.20698028802871704,P3,1,1,1,1,1,final_tp
09002200121706211227557402Q_1295594800_482714600,6141,2,LC,"[574.0001220703125, 609.9999389648438, 641.9999389648438, 805.0001831054688]",13259.98089595139,large,Q3,2.8676583709493415,"[2,4)",0.956580400466919,0.8862295746803284,LC,P4,1,1,1,1,0.8862295746803284,0.8862295746803284,0.956580400466919,0.8862295746803284,P4,0.956580400466919,0.8862295746803284,P4,1,1,1,1,1,final_tp
09002200121706211227557402Q_1295594800_482714600,6141,3,MC,"[691.0003662109375, 759.99951171875, 773.0001831054688, 791.99951171875]",2623.994140625,medium,Q2,2.5624942779541016,"[2,4)",0.9669164419174194,0.002081227255985141,MC,P3,1,1,1,1,0.9236935377120972,0.9236935377120972,0.9361883997917175,0.9236935377120972,P3,0.9361883997917175,0.9236935377120972,P3,1,1,1,1,1,final_tp
09002200121706240923277968T_1295905500_481096400,6776,0,TP,"[223.0005340576172, 743.0006103515625, 821.0001831054688, 802.0004272460938]",35281.86889655143,large,Q4,10.135618469088701,"[8,16)",0.7838494181632996,0.02964630350470543,TP,P4,1,1,1,1,0.09445706754922867,0.02964630350470543,0.21235625445842743,0.4916320741176605,P4,0.7838494181632996,0.02964630350470543,P4,1,1,0,0,1,final_tp
09002200121706240923277968T_1295905500_481096400,6776,1,TP,"[280.9999084472656, 713.9994506835938, 835.9998168945312, 769.9999389648438]",31080.264160096645,large,Q4,9.910625692089042,"[8,16)",0.8456113934516907,0.03549691662192345,TP,P5,1,1,1,1,0.4854755699634552,0.3786364495754242,0.7444400787353516,0.4854755699634552,P4,0.8456113934516907,0.03549691662192345,P5,1,1,1,1,1,final_tp
09002200121706240923277968T_1295905500_481096400,6776,2,LP,"[184.9999542236328, 778.0004272460938, 369.0004577636719, 931.0004272460938]",28152.077041625977,large,Q4,1.2026176701963338,"[1,2)",0.9636936187744141,0.00014767475659027696,LP,P4,1,1,1,1,0.8536453247070312,0.8536453247070312,0.9406518340110779,0.8536453247070312,P4,0.9406518340110779,0.8536453247070312,P4,1,1,1,1,1,final_tp
09002200121706240923277968T_1295905500_481096400,6776,3,LP,"[384.9994812011719, 663.0001220703125, 462.99957275390625, 752.0000610351562]",6942.003387445584,medium,Q3,1.1410235192438536,"[1,2)",0.7150475978851318,0.0017748703248798847,LP,P3,1,0,1,0,0.6695023775100708,0.0,0.645405113697052,0.6695023775100708,P4,0.645405113697052,0.6695023775100708,P4,1,0,1,1,1,final_tp
09002200121706241205096559S_1294323500_482186800,6777,0,P,"[73.9998779296875, 759.0, 132.9996795654297, 773.0001831054688]",826.0080260867253,small,Q1,4.214216427833411,"[4,8)",0.7270568609237671,0.10324018448591232,P,P3,1,0,1,0,0.15282917022705078,0.0,0.24755051732063293,0.5160607695579529,P3,0.7081169486045837,0.15282917022705078,P3,1,0,0,0,1,final_tp
09002200121706241205096559S_1294323500_482186800,6777,1,AC,"[1.0004913806915283, 734.9995727539062, 876.0001831054688, 986.9998168945312]",220500.1367186755,large,Q4,3.4722176472810804,"[2,4)",0.8029611110687256,0.0003411466896068305,TP,P5,1,1,1,0,0.8113738298416138,0.0003411466896068305,0.6646448969841003,0.8113738298416138,P5,0.6688188910484314,0.00690474035218358,P5,1,0,1,1,1,final_tp
09002200121706241648418812Q_1295535600_482660900,6142,0,LC,"[624.9999389648438, 640.9999389648438, 648.0000610351562, 667.9996948242188]",620.9976806342602,small,Q1,1.1738961983260534,"[1,2)",0.6818937063217163,0.11347632110118866,LC,P3,1,0,1,0,0.11347632110118866,0.0,0.4853358268737793,0.13537701964378357,P3,0.6818937063217163,0.11347632110118866,P3,1,0,0,0,1,final_tp
09002200121706241648418812Q_1295535600_482660900,6142,1,TC,"[21.99959373474121, 671.0001220703125, 750.0001220703125, 765.9995727539062]",69159.6522824131,large,Q4,7.663207987813458,"[4,8)",0.9396367073059082,0.4925588369369507,TC,P5,1,1,1,1,0.7064169645309448,0.5683362483978271,0.6306347846984863,0.7064169645309448,P5,0.8518275022506714,0.5683362483978271,P5,1,1,1,1,1,final_tp
09002200121706251031299589S_1294285600_482185000,6778,0,AC,"[315.9992370605469, 728.9994506835938, 467.99981689453125, 779.9998168945312]",7752.085235808045,medium,Q3,2.980382125204945,"[2,4)",0.7418208122253418,0.01632126234471798,AC,P3,1,0,1,0,0.01632126234471798,0.0,0.20850791037082672,0.28005725145339966,P5,0.7418208122253418,0.01632126234471798,P3,1,0,0,0,1,final_tp
09002200121706251031299589S_1294285600_482185000,6778,1,P,"[464.0, 732.9996948242188, 499.00030517578125, 750.99951171875]",629.9990844167769,small,Q1,1.944481178939944,"[1,2)",0.6975379586219788,0.22881533205509186,P,P3,1,0,1,0,0.6816858053207397,0.0,0.6332806944847107,0.6816858053207397,P3,0.6332806944847107,0.6816858053207397,P3,1,0,1,1,1,final_tp
09002200121706251031299589S_1294285600_482185000,6778,2,AC,"[255.0000762939453, 848.9998168945312, 409.9999084472656, 918.0001831054688]",10695.045181212947,large,Q3,2.2463624566785376,"[2,4)",0.8166900277137756,0.7425274848937988,AC,P4,1,1,1,1,0.7425274848937988,0.7425274848937988,0.8166900277137756,0.7425274848937988,P4,0.8166900277137756,0.7425274848937988,P4,1,1,1,1,1,final_tp
09002200121706251031299589S_1294285600_482185000,6778,3,AC,"[470.0000915527344, 707.000244140625, 635.9996948242188, 739.0003051757812]",5311.997436499223,medium,Q2,5.187477707905373,"[4,8)",0.6723297834396362,0.00021917125559411943,TC,P3,1,0,1,0,0.002764439210295677,0.0,0.20016291737556458,0.334392249584198,P5,0.46833285689353943,0.0033134680707007647,P3,0,0,0,0,0,nms_or_maxdet_loss
09002200121706251031299589S_1294285600_482185000,6778,4,TC,"[495.00006103515625, 737.9994506835938, 703.0, 749.9995727539062]",2496.0246581956744,medium,Q2,17.33315192513097,"[16,inf)",0.725863516330719,0.006774567998945713,TC,P3,1,0,1,0,0.02493325062096119,0.0,0.49228695034980774,0.031976960599422455,P3,0.725863516330719,0.006774567998945713,P3,1,0,0,0,1,final_tp
09002200121706251207397232Q_1295602600_482514100,6143,0,LC,"[490.9998474121094, 580.9996337890625, 537.9993896484375, 806.0001220703125]",10574.91995216906,large,Q3,4.787291058067725,"[4,8)",0.9738722443580627,0.023639485239982605,LC,P4,1,1,1,1,0.8338257670402527,0.47661343216896057,0.7358327507972717,0.8338257670402527,P4,0.8637704253196716,0.004652836825698614,P5,1,1,1,1,1,final_tp
09002200121706251207397232Q_1295602600_482514100,6143,1,MC,"[389.0002136230469, 615.0005493164062, 417.0003967285156, 621.000244140625]",167.99255365505815,small,Q1,4.666934556811361,"[4,8)",0.5715879201889038,0.13639453053474426,MC,P3,1,0,1,0,0.16440722346305847,0.0,0.5455158948898315,0.16440722346305847,P3,0.5455158948898315,0.16440722346305847,P3,1,0,0,0,1,final_tp
09002200121706251612435458T_1295891600_481755500,6779,0,MC,"[655.0001220703125, 654.9995727539062, 692.999755859375, 664.9999389648438]",380.01025377213955,small,Q1,3.799824225187066,"[2,4)",0.25752168893814087,2.824506191245746e-05,MC,P3,0,0,0,0,0.0,0.0,0.11947161704301834,3.300334356026724e-05,P3,0.0,0.5296333432197571,P3,0,0,0,0,0,raw_geometry_failure
09002200121706251612435458T_1295891600_481755500,6779,1,LC,"[510.99957275390625, 652.9996948242188, 528.99951171875, 680.9999389648438]",504.00268553197384,small,Q1,1.5555743936306208,"[1,2)",0.7258245944976807,0.008619992062449455,LC,P3,1,0,1,0,0.008619992062449455,0.0,0.7258245944976807,0.008619992062449455,P3,0.7258245944976807,0.008619992062449455,P3,1,0,0,0,1,final_tp
09002200121706251612435458T_1295891600_481755500,6779,2,P,"[663.0000610351562, 901.0003051757812, 744.0005493164062, 940.9996948242188]",3239.9700924754143,medium,Q2,2.025043106736858,"[2,4)",0.9487224817276001,0.1288534253835678,MC,P3,1,1,1,1,0.22425413131713867,0.22425413131713867,0.9245286583900452,0.22425413131713867,P3,0.9245286583900452,0.22425413131713867,P3,1,1,0,0,1,final_tp
09002200121706251612435458T_1295891600_481755500,6779,3,P,"[575.9999389648438, 759.0006103515625, 629.0001831054688, 790.0000610351562]",1642.9784544557333,medium,Q2,1.7097155908209374,"[1,2)",0.6252291202545166,0.002830685116350651,MC,P3,1,0,1,0,0.05114730820059776,0.0,0.5160897970199585,0.05114730820059776,P3,0.5160897970199585,0.05114730820059776,P3,1,0,0,0,1,final_tp
09002200121706251612435458T_1295891600_481755500,6779,4,P,"[595.999755859375, 799.0006103515625, 659.999755859375, 821.0001831054688]",1407.97265625,medium,Q2,2.9091474055393256,"[2,4)",0.7172444462776184,0.18874213099479675,P,P3,1,0,1,0,0.2892969846725464,0.0,0.6094366312026978,0.2892969846725464,P3,0.6094366312026978,0.2892969846725464,P3,1,0,1,1,1,final_tp
09002200121706251612435458T_1295891600_481755500,6779,5,AC,"[336.0005187988281, 708.9996948242188, 729.00048828125, 962.9999389648438]",99822.08819579333,large,Q4,1.547242487156197,"[1,2)",0.732918918132782,0.0002122292498825118,TP,P5,1,0,1,0,0.8880107998847961,0.0,0.6326547265052795,0.8880107998847961,P5,0.6326547265052795,0.8880107998847961,P5,1,0,1,1,1,final_tp
09002200121706261151514468T_1295890500_481589300,6780,0,LC,"[576.9999389648438, 612.0001831054688, 660.9996948242188, 926.0006103515625]",26375.959228411317,large,Q4,3.738111188939235,"[2,4)",0.6911777853965759,0.00043892525718547404,LC,P5,1,0,1,0,0.9647811651229858,0.0,0.5526494383811951,0.9647811651229858,P4,0.5526494383811951,0.9647811651229858,P4,1,0,1,1,1,final_tp
09002200121706261151514468T_1295890500_481589300,6780,1,P,"[648.00048828125, 920.9994506835938, 673.0004272460938, 950.9996337890625]",750.0027465708554,small,Q1,1.200010253931284,"[1,2)",0.5713338851928711,0.00016665928706061095,LC,P3,1,0,1,0,0.0086247893050313,0.0,0.561922013759613,0.0086247893050313,P3,0.561922013759613,0.0086247893050313,P3,1,0,0,0,1,final_tp
09002200121706271348268012I_1294377400_481562100,6781,0,P,"[403.0003967285156, 651.9996948242188, 474.0003967285156, 681.9998779296875]",2130.0130004882812,medium,Q2,2.3666522217678523,"[2,4)",0.8865958452224731,0.0009439124260097742,P,P3,1,1,1,1,0.5084830522537231,0.1334909349679947,0.7135796546936035,0.5084830522537231,P3,0.8106150031089783,0.0025731800124049187,P3,1,1,1,1,1,final_tp
09002200121706271348268012I_1294377400_481562100,6781,1,LC,"[474.99932861328125, 595.0004272460938, 603.9996948242188, 655.9999389648438]",7868.959350407124,medium,Q3,2.1147770297853947,"[2,4)",0.6767913103103638,4.6120883780531585e-05,LC,P3,1,0,1,0,0.0016986681148409843,0.0,0.4949873685836792,0.0022081220522522926,P3,0.4949873685836792,0.0022081220522522926,P3,0,0,0,0,0,nms_or_maxdet_loss
09002200121706271348268012I_1294377400_481562100,6781,2,LC,"[9.999865531921387, 678.9996337890625, 416.9999694824219, 790.9995727539062]",45583.98541259207,large,Q4,3.6339313691991366,"[2,4)",0.6870142817497253,0.000270467804512009,TC,P5,1,0,0,0,0.0002911168267019093,0.0,0.1535806506872177,0.0004749543440993875,P4,0.0034243185073137283,0.0011146616889163852,P4,0,0,0,0,0,final_localization_or_assignment
09002200121706291217451208T_1295791100_481234500,6782,0,TC,"[302.0007019042969, 678.0001831054688, 653.0001831054688, 708.0003051757812]",10530.027282651514,large,Q3,11.699935099547934,"[8,16)",0.8730456233024597,0.01618173159658909,TC,P3,1,1,1,1,0.5275073647499084,0.5275073647499084,0.8153908848762512,0.5275073647499084,P4,0.8153908848762512,0.5275073647499084,P4,1,1,1,1,1,final_tp
09002200121706291217451208T_1295791100_481234500,6782,1,TC,"[406.0000915527344, 608.0, 528.0004272460938, 618.0004272460938]",1220.055481100455,medium,Q1,12.19951234993622,"[8,16)",0.5508437752723694,0.12506799399852753,TC,P3,1,0,1,0,0.12506799399852753,0.0,0.4280252158641815,0.21537411212921143,P3,0.525816798210144,0.059331197291612625,P3,1,0,0,0,1,final_tp
09002200121706291241018568T_1295819400_481242400,6783,0,LC,"[416.0, 713.0005493164062, 476.0002136230469, 928.00048828125]",12900.042266832665,large,Q3,3.583319558086697,"[2,4)",0.9815484881401062,0.005320437718182802,LC,P4,1,1,1,1,0.9198063611984253,0.9198063611984253,0.8957623839378357,0.9198063611984253,P4,0.8957623839378357,0.9198063611984253,P4,1,1,1,1,1,final_tp
09002200121706291241018568T_1295819400_481242400,6783,1,TC,"[422.0000915527344, 848.9999389648438, 790.0001831054688, 886.9996337890625]",13983.891174288467,large,Q3,9.684290709571513,"[8,16)",0.9271174669265747,0.01361137069761753,TC,P4,1,1,1,1,0.5402033925056458,0.09724336862564087,0.7019010782241821,0.5402033925056458,P5,0.9271174669265747,0.01361137069761753,P4,1,1,1,1,1,final_tp
09002200121706291241018568T_1295819400_481242400,6783,2,LC,"[627.999755859375, 672.0000610351562, 1004.9996337890625, 1024.0]",132703.93402100354,large,Q4,1.0710225661923782,"[1,2)",0.977857768535614,0.01281884778290987,LC,P5,1,1,1,1,0.5169702172279358,0.5169702172279358,0.9683164358139038,0.5169702172279358,P5,0.9683164358139038,0.5169702172279358,P5,1,1,1,1,1,final_tp
09002200121706291322059842Q_1295580900_482589900,6144,0,TC,"[428.00030517578125, 728.9999389648438, 577.00048828125, 746.0004272460938]",2533.0758667886257,medium,Q2,8.764464916563748,"[8,16)",0.6519418358802795,0.00046298891538754106,TC,P3,1,0,0,0,0.0006728416192345321,0.0,0.35525915026664734,0.28011900186538696,P4,0.44362524151802063,0.1199195459485054,P3,0,0,0,0,0,final_localization_or_assignment
09002200121706291322059842Q_1295580900_482589900,6144,1,LC,"[543.0, 585.9999389648438, 601.0004272460938, 811.0004272460938]",13050.12445089221,large,Q3,3.879290187408119,"[2,4)",0.9235255122184753,0.7677695155143738,LC,P4,1,1,1,1,0.888858437538147,0.888858437538147,0.9063631892204285,0.888858437538147,P4,0.9063631892204285,0.888858437538147,P4,1,1,1,1,1,final_tp
09002200121706291341099698T_1295601200_481352800,6784,0,AC,"[2.000408887863159, 560.0004272460938, 1024.0, 1024.0]",474207.3651124872,large,Q4,2.2025873142257164,"[2,4)",0.976200520992279,0.016738997772336006,AC,P5,1,1,1,1,0.9620242714881897,0.9620242714881897,0.9689201712608337,0.9620242714881897,P5,0.9689201712608337,0.9620242714881897,P5,1,1,1,1,1,final_tp
09002200121706291431573468T_1295378900_481171300,6785,0,P,"[464.00054931640625, 785.9993896484375, 537.00048828125, 818.9999389648438]",2409.0380859039724,medium,Q2,2.2120825403518896,"[2,4)",0.966642439365387,0.2082446664571762,P,P3,1,1,1,1,0.6455230712890625,0.6455230712890625,0.9070510268211365,0.6455230712890625,P3,0.9070510268211365,0.6455230712890625,P3,1,1,1,1,1,final_tp
09002200121706291431573468T_1295378900_481171300,6785,1,AC,"[804.9996948242188, 898.0004272460938, 1023.9994506835938, 1024.0]",27593.875671491027,large,Q4,1.7380991940910018,"[1,2)",0.8985338807106018,0.0004662623396143317,LC,P5,1,1,1,0,0.010416734963655472,0.0008956211968325078,0.4580443203449249,0.01187090016901493,P4,0.6325802803039551,0.0016535469330847263,P5,1,0,0,0,1,final_tp
09002200121706291603322892Q_1296206000_482535800,6015,0,LC,"[539.9998168945312, 592.9999389648438, 701.9996337890625, 801.0001220703125]",33695.99157711491,large,Q4,1.2839531987921053,"[1,2)",0.8396509289741516,0.0014091696357354522,LC,P5,1,1,1,1,0.025733361020684242,0.005573134403675795,0.4104427695274353,0.6530746221542358,P4,0.7956079840660095,0.005573134403675795,P5,1,1,0,0,1,final_tp
09002200121706301731517192Q_1296165100_482133300,6016,0,LC,"[421.0002136230469, 667.9996948242188, 453.0002136230469, 769.9994506835938]",3263.9921875,medium,Q2,3.1874923706054688,"[2,4)",0.9562899470329285,0.2945004105567932,LC,P3,1,1,1,1,0.8674724698066711,0.8674724698066711,0.8734751343727112,0.8674724698066711,P4,0.8734751343727112,0.8674724698066711,P4,1,1,1,1,1,final_tp
09002200121707011638022242Q_1296337300_482354000,6017,0,LC,"[472.9994201660156, 615.0005493164062, 548.999755859375, 756.000244140625]",10716.024139301851,large,Q3,1.8552509477473107,"[1,2)",0.7910380959510803,0.04054036736488342,LC,P4,1,1,1,1,0.20257432758808136,0.04054036736488342,0.40827250480651855,0.7881844639778137,P4,0.7389406561851501,0.0037100862246006727,P4,1,0,0,0,1,final_tp
09002200121707020916567012Q_1296126400_482450000,6018,0,LC,"[539.999267578125, 591.0001831054688, 563.9998168945312, 696.0]",2520.0532835908234,medium,Q2,4.374892237268739,"[4,8)",0.7567920684814453,0.005711366422474384,LC,P3,1,1,1,1,0.006871846970170736,0.005711366422474384,0.37663260102272034,0.7894702553749084,P4,0.7567920684814453,0.005711366422474384,P3,1,1,0,0,1,final_tp
09002200121707020916567012Q_1296126400_482450000,6018,1,MC,"[431.9994812011719, 630.0006103515625, 461.9996032714844, 638.0000610351562]",239.98449700325727,small,Q1,3.750272769584093,"[2,4)",0.5556685924530029,0.0004882073844783008,MC,P3,1,0,0,0,0.0004882073844783008,0.0,0.3837973177433014,0.003080010414123535,P3,0.3837973177433014,0.003080010414123535,P3,0,0,0,0,0,final_localization_or_assignment
09002200121707021133543832Q_1296249000_482503300,6019,0,LC,"[556.0001831054688, 650.0003662109375, 656.0000610351562, 800.0]",14999.945068404078,large,Q3,1.4999981689430772,"[1,2)",0.9541915059089661,0.6482526063919067,LC,P4,1,1,1,1,0.8079737424850464,0.8079737424850464,0.9461178183555603,0.8079737424850464,P4,0.9461178183555603,0.8079737424850464,P4,1,1,1,1,1,final_tp
09002200121707021246255932Q_1296062400_482368600,6020,0,TC,"[390.0000915527344, 697.9998779296875, 562.9998168945312, 731.999755859375]",5881.969543490559,medium,Q3,5.088245484279801,"[4,8)",0.6923976540565491,0.0010513599263504148,TC,P3,1,0,1,0,0.3162498474121094,0.0,0.5653795599937439,0.3162498474121094,P4,0.6923976540565491,0.0010513599263504148,P3,1,0,1,1,1,final_tp
09002200121707021246255932Q_1296062400_482368600,6020,1,MC,"[157.99961853027344, 673.00048828125, 216.0, 688.0000610351562]",869.9809416094795,small,Q1,3.866802236391824,"[2,4)",0.8938642144203186,0.6237831711769104,MC,P3,1,1,1,1,0.6237831711769104,0.6237831711769104,0.8938642144203186,0.6237831711769104,P3,0.8938642144203186,0.6237831711769104,P3,1,1,1,1,1,final_tp
09002200121707021246255932Q_1296062400_482368600,6020,2,MC,"[231.00059509277344, 623.0006103515625, 262.0001220703125, 631.0000610351562]",247.97918727155775,small,Q1,3.875206961537581,"[2,4)",0.6179646849632263,0.03423186019062996,MC,P3,1,0,1,0,0.04832914099097252,0.0,0.5375478863716125,0.04832914099097252,P3,0.6179646849632263,0.03423186019062996,P3,1,0,0,0,1,final_tp
09002200121707021246255932Q_1296062400_482368600,6020,3,TC,"[272.9999694824219, 634.0004272460938, 317.9996032714844, 648.0004272460938]",629.994873046875,small,Q1,3.214259556361607,"[2,4)",0.4643441140651703,0.009421632625162601,TC,P3,0,0,0,0,0.0,0.0,0.22665856778621674,0.047848887741565704,P3,0.442061185836792,0.003207594621926546,P3,0,0,0,0,0,raw_geometry_failure
09002200121707021246255932Q_1296062400_482368600,6020,4,MC,"[185.99986267089844, 610.0004272460938, 212.00027465820312, 616.0]",155.99136334937066,small,Q1,4.333710591371049,"[4,8)",0.36546841263771057,0.0037548146210610867,MC,P3,0,0,0,0,0.0,0.0,0.32001420855522156,0.006043931934982538,P3,0.32001420855522156,0.006043931934982538,P3,0,0,0,0,0,raw_geometry_failure
09002200121707021453536962Q_1295974800_482482300,6021,0,LC,"[134.99954223632812, 631.9994506835938, 168.0, 670.9995727539062]",1287.021881159395,medium,Q1,1.1818054873543384,"[1,2)",0.5777857899665833,0.03769787773489952,LC,P3,1,0,1,0,0.2409711331129074,0.0,0.40026310086250305,0.7146223783493042,P3,0.5570455193519592,0.05465500056743622,P3,1,0,0,0,1,final_tp
09002200121707021453536962Q_1295974800_482482300,6021,1,LC,"[746.00048828125, 641.0004272460938, 850.0, 737.0004272460938]",9983.953125,large,Q3,1.0833282470703125,"[1,2)",0.9605430364608765,0.24101200699806213,LC,P4,1,1,1,1,0.795261561870575,0.795261561870575,0.9150083065032959,0.795261561870575,P4,0.9150083065032959,0.795261561870575,P4,1,1,1,1,1,final_tp
09002200121707021453536962Q_1295974800_482482300,6021,2,TC,"[138.0004425048828, 681.9999389648438, 1023.0006103515625, 779.9996948242188]",86729.80187983811,large,Q4,9.030636610721785,"[8,16)",0.9782301783561707,0.6732624769210815,TC,P5,1,1,1,1,0.878257155418396,0.878257155418396,0.933709979057312,0.878257155418396,P5,0.933709979057312,0.878257155418396,P5,1,1,1,1,1,final_tp
09002200121707021648506182Q_1296014900_482392200,6022,0,LC,"[349.0002136230469, 603.0003662109375, 504.00006103515625, 776.0]",26814.91683965549,large,Q4,1.1161277683654474,"[1,2)",0.9871375560760498,0.10830388218164444,LC,P4,1,1,1,1,0.5873400568962097,0.5873400568962097,0.8545738458633423,0.5873400568962097,P5,0.8545738458633423,0.5873400568962097,P5,1,1,1,1,1,final_tp
09002200121707021651373842Q_1296030100_482419200,6023,0,LC,"[623.0001220703125, 682.9998779296875, 642.0004272460938, 729.0]",874.0163574591279,small,Q1,2.421020170188981,"[2,4)",0.818271815776825,0.8263096809387207,LC,P3,1,1,1,1,0.8263096809387207,0.8263096809387207,0.818271815776825,0.8263096809387207,P3,0.818271815776825,0.8263096809387207,P3,1,1,1,1,1,final_tp
09002200121707021651373842Q_1296030100_482419200,6023,1,LC,"[591.9999389648438, 615.0000610351562, 609.9999389648438, 647.0000610351562]",576.0,small,Q1,1.7777777777777777,"[1,2)",0.9468058943748474,0.027537507936358452,LC,P3,1,1,1,1,0.6641611456871033,0.6641611456871033,0.7563544511795044,0.6641611456871033,P3,0.8249074816703796,0.022858763113617897,P3,1,1,1,1,1,final_tp
09002200121707021651373842Q_1296030100_482419200,6023,2,LC,"[479.9994201660156, 638.0001831054688, 562.9998168945312, 780.0003662109375]",11786.071533275768,large,Q3,1.710837402017901,"[1,2)",0.9433606863021851,0.7542219161987305,LC,P4,1,1,1,1,0.9293872117996216,0.9293872117996216,0.924099326133728,0.9293872117996216,P4,0.924099326133728,0.9293872117996216,P4,1,1,1,1,1,final_tp
09002200121707031302109122Q_1295584000_482365300,6145,0,LC,"[322.0003662109375, 618.999267578125, 516.000244140625, 779.9998168945312]",31234.086913995445,large,Q4,1.2049640746779648,"[1,2)",0.94621342420578,0.009867851622402668,LC,P4,1,1,1,1,0.6874713897705078,0.6874713897705078,0.8134938478469849,0.6874713897705078,P4,0.8134938478469849,0.6874713897705078,P4,1,1,1,1,1,final_tp
09002200121707031317532818D_1294831900_481687100,6786,0,AC,"[545.0005493164062, 850.9998168945312, 652.0003051757812, 895.0001220703125]",4708.021911546588,medium,Q2,2.4317957666864105,"[2,4)",0.821060061454773,5.381407754612155e-05,TC,P3,1,1,0,0,7.622224075021222e-05,7.622224075021222e-05,0.29489195346832275,0.0008152949740178883,P4,0.0,0.03465152159333229,P4,0,0,0,0,0,confidence_filter_loss
09002200121707031317532818D_1294831900_481687100,6786,1,P,"[225.9998321533203, 760.9999389648438, 282.0003356933594, 789.0001831054688]",1568.0277711190283,medium,Q2,2.0000005449520004,"[2,4)",0.7669406533241272,1.1380895557522308e-05,LC,P3,1,1,0,0,7.340630691032857e-05,1.1380895557522308e-05,0.1488071084022522,0.00020563413272611797,P4,0.0,0.30214250087738037,P3,0,0,0,0,0,confidence_filter_loss
09002200121707031317532818D_1294831900_481687100,6786,2,P,"[330.999755859375, 686.0001220703125, 377.9993591308594, 710.0006713867188]",1128.0162961687893,medium,Q1,1.9582719816898722,"[1,2)",0.8997451066970825,0.17418065667152405,P,P3,1,1,1,1,0.30214250087738037,0.30214250087738037,0.8830515742301941,0.30214250087738037,P3,0.8830515742301941,0.30214250087738037,P3,1,1,1,1,1,final_tp
09002200121707031317532818D_1294831900_481687100,6786,3,P,"[182.0001220703125, 660.9995727539062, 240.00051879882812, 694.0001220703125]",1914.0449526105076,medium,Q2,1.7575585234176898,"[1,2)",0.4990836977958679,0.00036575456033460796,P,P3,0,0,0,0,0.0,0.0,0.19825401902198792,0.01716640777885914,P3,0.29829806089401245,0.007106154691427946,P3,0,0,0,0,0,raw_geometry_failure
09002200121707031317532818D_1294831900_481687100,6786,4,P,"[105.9993667602539, 737.0, 129.99989318847656, 752.9999389648438]",384.00695797568187,small,Q1,1.5000386239571533,"[1,2)",0.1955692023038864,0.0017647510394454002,TC,P3,0,0,0,0,0.0,0.0,0.1561945527791977,0.011990945786237717,P3,0.16740475594997406,0.00399758480489254,P3,0,0,0,0,0,raw_geometry_failure
09002200121707031400322908T_1295679400_480864300,6787,0,AC,"[0.9998840689659119, 543.0001220703125, 1023.9994506835938, 1024.0]",492062.6696167514,large,Q4,2.1268187783271086,"[2,4)",0.9713369607925415,0.9555600881576538,AC,P5,1,1,1,1,0.9859010577201843,0.9859010577201843,0.9574962258338928,0.9859010577201843,P5,0.9574962258338928,0.9859010577201843,P5,1,1,1,1,1,final_tp
09002200121707031400564028T_1295681700_480823700,6788,0,AC,"[0.9998840689659119, 554.9998168945312, 1023.9994506835938, 1024.0]",479786.98693839833,large,Q4,2.1812349112108005,"[2,4)",0.9639722108840942,0.0012999895261600614,TP,P5,1,1,1,1,0.9595292806625366,0.9595292806625366,0.9440532922744751,0.9595292806625366,P5,0.9440532922744751,0.9595292806625366,P5,1,1,1,1,1,final_tp
09002200121707031401258298T_1295689200_480795400,6789,0,AC,"[107.00032043457031, 615.9995727539062, 1008.9999389648438, 1024.0]",368016.2359617576,large,Q4,2.2107811010820413,"[2,4)",0.9272949695587158,0.0003739363746717572,TC,P5,1,1,1,1,0.9472904205322266,0.9472904205322266,0.7689753770828247,0.9472904205322266,P5,0.7689753770828247,0.9472904205322266,P5,1,1,1,1,1,final_tp
09002200121707031512131072B_1294645800_481541000,6790,0,TC,"[307.999755859375, 626.0004272460938, 581.9996948242188, 639.0001220703125]",3561.9155883975327,medium,Q2,21.077413175452023,"[16,inf)",0.9710389971733093,0.45935818552970886,TC,P4,1,1,1,1,0.6103554964065552,0.6103554964065552,0.8632601499557495,0.6103554964065552,P3,0.8632601499557495,0.6103554964065552,P3,1,1,1,1,1,final_tp
09002200121707051459363092B_1294685000_482105900,6791,0,AC,"[637.0001831054688, 761.9994506835938, 873.0004272460938, 963.9998168945312]",47672.13574227691,large,Q4,1.1683159222304744,"[1,2)",0.8419262766838074,0.00423880061134696,AC,P5,1,1,1,1,0.008135005831718445,0.008135005831718445,0.7737613916397095,0.008135005831718445,P5,0.7737613916397095,0.008135005831718445,P5,1,1,0,0,1,final_tp
09002200121707051459363092B_1294685000_482105900,6791,1,LC,"[437.9996032714844, 736.0005493164062, 483.99981689453125, 923.0003051757812]",8602.028716988862,medium,Q3,4.065193205226443,"[4,8)",0.8164570927619934,8.689887908985838e-05,LC,P3,1,1,1,0,0.006967891938984394,0.0003111380501650274,0.3820101022720337,0.13374368846416473,P4,0.612708330154419,0.0012363001005724072,P3,1,0,0,0,1,final_tp
09002200121707051459363092B_1294685000_482105900,6791,2,AC,"[371.9997253417969, 697.0, 524.0001831054688, 753.9998168945312]",8663.998260414228,medium,Q3,2.6666832639993148,"[2,4)",0.7632352113723755,0.0003764568245969713,AC,P3,1,1,1,0,0.0011830262374132872,0.0003764568245969713,0.17748118937015533,0.5176408886909485,P5,0.48175933957099915,0.0010210342006757855,P3,0,0,0,0,0,confidence_filter_loss
09002200121707051459363092B_1294685000_482105900,6791,3,P,"[562.9998168945312, 700.999755859375, 657.999267578125, 725.99951171875]",2374.963073864579,medium,Q2,3.800015136866571,"[2,4)",0.9495468139648438,0.002955673262476921,P,P3,1,1,1,1,0.8609616756439209,0.8609616756439209,0.898708701133728,0.8609616756439209,P3,0.898708701133728,0.8609616756439209,P3,1,1,1,1,1,final_tp
09002200121707051459363092B_1294685000_482105900,6791,4,MC,"[272.9994201660156, 632.9999389648438, 357.9996337890625, 664.9999389648438]",2720.0068359375,medium,Q2,2.656256675720215,"[2,4)",0.4947088062763214,6.769390893168747e-05,AC,P4,0,0,0,0,0.0,0.0,0.14807401597499847,0.0004221769340801984,P3,0.0,0.0373387448489666,P3,0,0,0,0,0,raw_geometry_failure
09002200121707051459363092B_1294685000_482105900,6791,5,MC,"[635.9996948242188, 660.0001831054688, 694.0000610351562, 683.0003662109375]",1334.0190430358052,medium,Q1,2.5217349768466306,"[2,4)",0.6571178436279297,0.00011756810999941081,P,P3,1,0,1,0,0.00257521728053689,0.0,0.20112209022045135,0.013575048185884953,P3,0.5599027276039124,0.00257521728053689,P3,1,0,0,0,1,final_tp
09002200121707051459363092B_1294685000_482105900,6791,6,AC,"[367.9999694824219, 865.9994506835938, 471.0, 923.9998168945312]",5974.03948975727,medium,Q3,1.7758513824375604,"[1,2)",0.9058131575584412,0.001364586758427322,AC,P4,1,1,1,1,0.005729206372052431,0.003674474311992526,0.636890172958374,0.005729206372052431,P3,0.9058131575584412,0.001364586758427322,P4,1,1,0,0,1,final_tp
09002200121707071226467338D_1294853300_481915300,6792,0,TC,"[220.0003204345703, 686.0001220703125, 742.0006713867188, 718.0001220703125]",16704.01171875,large,Q3,16.312511444091797,"[16,inf)",0.9622858762741089,0.45248857140541077,TC,P5,1,1,1,1,0.6933318376541138,0.6933318376541138,0.8742827773094177,0.6933318376541138,P4,0.8742827773094177,0.6933318376541138,P4,1,1,1,1,1,final_tp
09002200121707071228415328D_1294854800_481931200,6793,0,TC,"[783.9995727539062, 669.9995727539062, 877.9996948242188, 688.9999389648438]",1786.036743208766,medium,Q2,4.947279490655377,"[4,8)",0.9146592020988464,0.004707679618149996,LC,P3,1,1,1,1,0.2886356711387634,0.21981732547283173,0.7025098204612732,0.2886356711387634,P3,0.8995951414108276,0.03969293087720871,P3,1,1,1,1,1,final_tp
09002200121707071228415328D_1294854800_481931200,6793,1,TC,"[279.0005798339844, 668.000244140625, 918.0001220703125, 860.0001831054688]",122687.86724856496,large,Q4,3.3281235148504624,"[2,4)",0.9700562357902527,0.05130023509263992,TC,P5,1,1,1,1,0.901084840297699,0.901084840297699,0.9505119919776917,0.901084840297699,P5,0.9505119919776917,0.901084840297699,P5,1,1,1,1,1,final_tp
09002200121707071603482311B_1295943600_480925500,6794,0,AC,"[1.00042724609375, 633.9993896484375, 559.0006103515625, 988.9996337890625]",198090.20123295486,large,Q4,1.5718304207262181,"[1,2)",0.9819757342338562,0.6811038255691528,AC,P5,1,1,1,1,0.8396000862121582,0.8396000862121582,0.9599007964134216,0.8396000862121582,P5,0.9599007964134216,0.8396000862121582,P5,1,1,1,1,1,final_tp
09002200121707071603482311B_1295943600_480925500,6794,1,AC,"[295.00006103515625, 647.0000610351562, 387.00030517578125, 714.00048828125]",6164.055664166808,medium,Q3,1.3731292160676303,"[1,2)",0.8154051303863525,0.0006037548300810158,AC,P3,1,1,1,1,0.04685155674815178,0.010310801677405834,0.6153364777565002,0.04685155674815178,P4,0.780194103717804,0.010310801677405834,P3,1,1,0,0,1,final_tp
09002200121707071603482311B_1295943600_480925500,6794,2,AC,"[637.9996337890625, 868.0001831054688, 870.99951171875, 937.0006103515625]",16077.091125436127,large,Q3,3.3767889160842564,"[2,4)",0.9260584712028503,0.004294766578823328,AC,P4,1,1,1,1,0.7644646167755127,0.7644646167755127,0.829102635383606,0.7644646167755127,P4,0.829102635383606,0.7644646167755127,P4,1,1,1,1,1,final_tp
09002200121707071701326252Q_1295878600_482497200,6024,0,LC,"[531.0003051757812, 606.0000610351562, 559.00048828125, 766.0001220703125]",4480.031005870551,medium,Q2,5.714250525879827,"[4,8)",0.9213170409202576,0.005504200235009193,LC,P3,1,1,1,1,0.8175770044326782,0.8175770044326782,0.8043917417526245,0.8175770044326782,P4,0.8043917417526245,0.8175770044326782,P4,1,1,1,1,1,final_tp
09002200121707081016598022I_1294462900_482200800,6795,0,TP,"[856.00048828125, 620.9996948242188, 1024.0, 659.999755859375]",6551.991210907698,medium,Q3,4.307673046134681,"[4,8)",0.9429148435592651,0.020410317927598953,TP,P3,1,1,1,1,0.7430065274238586,0.7430065274238586,0.8768215775489807,0.7430065274238586,P4,0.8768215775489807,0.7430065274238586,P4,1,1,1,1,1,final_tp
09002200121707081016598022I_1294462900_482200800,6795,1,TP,"[11.000292778015137, 616.0, 696.0, 674.0004272460938]",39730.27496324852,large,Q4,11.81025256793005,"[8,16)",0.9209945797920227,0.6847367286682129,TP,P5,1,1,1,1,0.7312849760055542,0.7312849760055542,0.9030967354774475,0.7312849760055542,P5,0.9030967354774475,0.7312849760055542,P5,1,1,1,1,1,final_tp
09002200121707081016598022I_1294462900_482200800,6795,2,P,"[892.0001831054688, 872.9994506835938, 913.9999389648438, 891.9998168945312]",418.00341787934303,small,Q1,1.1578595704492742,"[1,2)",0.5564284920692444,0.0001407905510859564,P,P3,1,0,0,0,0.0001407905510859564,0.0,0.3154989778995514,0.0001761450112098828,P3,0.0,0.01399916410446167,P3,0,0,0,0,0,final_localization_or_assignment
09002200121707081016598022I_1294462900_482200800,6795,3,LP,"[328.9999694824219, 570.0004272460938, 403.999755859375, 655.0005493164062]",6374.990997288376,medium,Q3,1.1333381890329277,"[1,2)",0.9559314250946045,0.06524042785167694,LP,P3,1,1,1,1,0.8540567755699158,0.8540567755699158,0.9336667060852051,0.8540567755699158,P4,0.9336667060852051,0.8540567755699158,P4,1,1,1,1,1,final_tp
09002200121707081017248192I_1294454700_482229300,6796,0,LP,"[654.99951171875, 586.0004272460938, 668.9996948242188, 601.0]",209.99676505848765,small,Q1,1.071384041259226,"[1,2)",0.783734142780304,0.027694815769791603,LP,P3,1,1,1,1,0.027694815769791603,0.027694815769791603,0.783734142780304,0.027694815769791603,P3,0.783734142780304,0.027694815769791603,P3,1,1,0,0,1,final_tp
09002200121707081017248192I_1294454700_482229300,6796,1,LP,"[771.999755859375, 599.0006713867188, 860.0001831054688, 630.0001220703125]",2727.964904550463,medium,Q2,2.8387737622933873,"[2,4)",0.9285112619400024,0.20904742181301117,LP,P3,1,1,1,1,0.6176292896270752,0.6176292896270752,0.8212114572525024,0.6176292896270752,P3,0.8212114572525024,0.6176292896270752,P3,1,1,1,1,1,final_tp
09002200121707081017248192I_1294454700_482229300,6796,2,TP,"[109.00017547607422, 599.99951171875, 232.0, 613.9995727539062]",1722.0050506484695,medium,Q2,8.785663449256027,"[8,16)",0.8427813649177551,0.10572590678930283,TP,P3,1,1,1,1,0.6563698649406433,0.10572590678930283,0.6229347586631775,0.6563698649406433,P3,0.8316592574119568,0.027840446680784225,P3,1,1,1,1,1,final_tp
09002200121707081017248192I_1294454700_482229300,6796,3,LC,"[842.0004272460938, 697.00048828125, 906.0004272460938, 745.0004272460938]",3071.99609375,medium,Q2,1.333335028756496,"[1,2)",0.7301125526428223,0.004215791821479797,LC,P3,1,0,1,0,0.007832571864128113,0.0,0.6039971113204956,0.007832571864128113,P3,0.7301125526428223,0.004215791821479797,P3,1,0,0,0,1,final_tp
09002200121707081017248192I_1294454700_482229300,6796,4,TP,"[354.99981689453125, 599.0000610351562, 769.0, 620.0003051757812]",8694.104919478297,medium,Q3,19.714065242917098,"[16,inf)",0.884727418422699,0.005551154259592295,TP,P4,1,1,1,1,0.6352918148040771,0.03532174974679947,0.5876564979553223,0.6352918148040771,P5,0.8594235181808472,0.03532174974679947,P4,1,1,1,1,1,final_tp
09002200121707081017248192I_1294454700_482229300,6796,5,LP,"[0.99993896484375, 644.999755859375, 48.99993896484375, 671.0001220703125]",1248.017578125,medium,Q1,1.846127843376605,"[1,2)",0.8716896176338196,0.03442917764186859,LP,P3,1,1,1,1,0.8864166736602783,0.8864166736602783,0.8577268123626709,0.8864166736602783,P3,0.8577268123626709,0.8864166736602783,P3,1,1,1,1,1,final_tp
09002200121707081017483102I_1294448300_482255100,6797,0,TP,"[198.00015258789062, 579.0003051757812, 676.0003051757812, 593.00048828125]",6692.089660672471,medium,Q3,34.14242149455704,"[16,inf)",0.7296662926673889,0.03009018860757351,TP,P3,1,0,1,0,0.21244576573371887,0.0,0.567605197429657,0.21244576573371887,P3,0.7180315256118774,0.016126984730362892,P4,1,0,0,0,1,final_tp
09002200121707081017483102I_1294448300_482255100,6797,1,LP,"[899.0004272460938, 759.0, 1024.0, 801.9998168945312]",5374.958740312606,medium,Q2,2.906979186923091,"[2,4)",0.9630394577980042,0.6116524338722229,LP,P3,1,1,1,1,0.9009271264076233,0.9009271264076233,0.8377153873443604,0.9009271264076233,P4,0.8377153873443604,0.9009271264076233,P4,1,1,1,1,1,final_tp
09002200121707081017483102I_1294448300_482255100,6797,2,TP,"[8.000497817993164, 623.0, 485.0002136230469, 681.0004272460938]",27666.18786609359,large,Q4,8.224072614463752,"[8,16)",0.9711490273475647,0.7513752579689026,TP,P5,1,1,1,1,0.7680104374885559,0.7680104374885559,0.9522241950035095,0.7680104374885559,P5,0.9522241950035095,0.7680104374885559,P5,1,1,1,1,1,final_tp
09002200121707081017483102I_1294448300_482255100,6797,3,TP,"[1.0004425048828125, 850.9998168945312, 314.0003356933594, 955.9998168945312]",32864.98718261719,large,Q4,2.9809512183779763,"[2,4)",0.9743043780326843,0.8405842781066895,TP,P5,1,1,1,1,0.9439463019371033,0.9439463019371033,0.9653174877166748,0.9439463019371033,P5,0.9653174877166748,0.9439463019371033,P5,1,1,1,1,1,final_tp
09002200121707081018142782I_1294444300_482277900,6798,0,TP,"[668.9996337890625, 624.9994506835938, 757.9996948242188, 645.9996948242188]",1869.0230102688074,medium,Q2,4.238048874059779,"[4,8)",0.5788710713386536,0.0021910779178142548,TP,P3,1,0,1,0,0.0021910779178142548,0.0,0.30073386430740356,0.0073014781810343266,P3,0.5788710713386536,0.0021910779178142548,P3,1,0,0,0,1,final_tp
09002200121707081018142782I_1294444300_482277900,6798,1,TP,"[670.0001831054688, 645.9996337890625, 758.0006103515625, 677.9996337890625]",2816.013671875,medium,Q2,2.7500133514404297,"[2,4)",0.8875506520271301,0.008848115801811218,TP,P3,1,1,1,1,0.2872995138168335,0.018855275586247444,0.7072485089302063,0.2872995138168335,P3,0.7072485089302063,0.2872995138168335,P3,1,0,1,1,1,final_tp
09002200121707081018142782I_1294444300_482277900,6798,2,LP,"[423.9994201660156, 600.0, 501.99957275390625, 939.0004272460938]",26442.085052555427,large,Q4,4.346150821488559,"[4,8)",0.9635462760925293,0.002351737581193447,LP,P4,1,1,1,1,0.9307622909545898,0.9307622909545898,0.9586817622184753,0.9307622909545898,P4,0.9586817622184753,0.9307622909545898,P4,1,1,1,1,1,final_tp
09002200121707081018142782I_1294444300_482277900,6798,3,LP,"[820.9996337890625, 634.999755859375, 893.9996337890625, 663.0]",2044.017822265625,medium,Q2,2.6071201248594025,"[2,4)",0.9604722857475281,0.29502278566360474,LP,P3,1,1,1,1,0.370670884847641,0.370670884847641,0.9083949327468872,0.370670884847641,P3,0.9083949327468872,0.370670884847641,P3,1,1,1,1,1,final_tp
09002200121707081018545182I_1294442400_482322300,6799,0,TP,"[314.9992980957031, 613.0003051757812, 980.9996948242188, 670.0000610351562]",37961.85827627778,large,Q4,11.684266996757627,"[8,16)",0.8844504952430725,0.007471607998013496,TP,P5,1,1,1,1,0.7761443853378296,0.7761443853378296,0.7821775078773499,0.7761443853378296,P5,0.7821775078773499,0.7761443853378296,P5,1,1,1,1,1,final_tp
09002200121707081018545182I_1294442400_482322300,6799,1,LP,"[391.00006103515625, 708.0003051757812, 469.0001525878906, 937.00048828125]",17862.0352478195,large,Q3,2.9358963373862976,"[2,4)",0.9465396404266357,0.8822376728057861,LP,P4,1,1,1,1,0.9429547786712646,0.9429547786712646,0.9408519864082336,0.9429547786712646,P4,0.9408519864082336,0.9429547786712646,P4,1,1,1,1,1,final_tp
09002200121707081018545182I_1294442400_482322300,6799,2,LP,"[1.00042724609375, 714.9998779296875, 339.00030517578125, 1020.9996948242188]",103427.90075685829,large,Q4,1.104575425436237,"[1,2)",0.9824034571647644,0.00042539663263596594,AC,P5,1,1,1,1,0.9107775092124939,0.9107775092124939,0.9687913656234741,0.9107775092124939,P5,0.9687913656234741,0.9107775092124939,P5,1,1,1,1,1,final_tp
09002200121707081019478092I_1294442500_482378400,6800,0,LP,"[712.9999389648438, 599.0001220703125, 851.9996948242188, 659.0003662109375]",8340.01928704977,medium,Q3,2.3166531711703646,"[2,4)",0.9162377715110779,0.004963837098330259,LP,P4,1,1,1,1,0.904068648815155,0.904068648815155,0.8817476630210876,0.904068648815155,P4,0.8817476630210876,0.904068648815155,P4,1,1,1,1,1,final_tp
09002200121707081019478092I_1294442500_482378400,6800,1,LP,"[407.0005798339844, 570.9998168945312, 427.0003356933594, 588.0003051757812]",340.0056151151657,small,Q1,1.1764224373151047,"[1,2)",0.5850884914398193,0.041589390486478806,LP,P4,1,0,1,0,0.27981793880462646,0.0,0.42201006412506104,0.6924350261688232,P3,0.5738939642906189,0.27981793880462646,P3,1,0,1,1,1,final_tp
09002200121707081019478092I_1294442500_482378400,6800,2,TP,"[0.9999145865440369, 781.0003051757812, 848.9999389648438, 875.9998168945312]",80559.5859375,large,Q4,8.926361669210882,"[8,16)",0.9210888743400574,0.19908863306045532,TP,P5,1,1,1,1,0.7476333975791931,0.7179460525512695,0.7126508951187134,0.7476333975791931,P5,0.9210888743400574,0.19908863306045532,P5,1,1,1,1,1,final_tp
09002200121707081019478092I_1294442500_482378400,6800,3,LP,"[626.999755859375, 660.0003051757812, 1023.9994506835938, 1024.0]",144507.7677613236,large,Q4,1.0906594166677426,"[1,2)",0.9750186204910278,0.966870129108429,LP,P5,1,1,1,1,0.9796301126480103,0.9796301126480103,0.9653949737548828,0.9796301126480103,P5,0.9653949737548828,0.9796301126480103,P5,1,1,1,1,1,final_tp
09002200121707081339476092Q_1295924000_482460500,6025,0,TC,"[428.000244140625, 632.00048828125, 680.9999389648438, 643.000244140625]",2782.934875562787,medium,Q2,23.00048274331373,"[16,inf)",0.6729639768600464,0.27378764748573303,TC,P3,1,0,1,0,0.29184162616729736,0.0,0.3452428877353668,0.48066985607147217,P3,0.6439547538757324,0.29184162616729736,P3,1,0,1,1,1,final_tp
09002200121707081339476092Q_1295924000_482460500,6025,1,P,"[372.000244140625, 754.999755859375, 416.00054931640625, 767.9994506835938]",571.990539457649,small,Q1,3.3847183161413605,"[2,4)",0.8679291605949402,0.5852893590927124,P,P3,1,1,1,1,0.5852893590927124,0.5852893590927124,0.8679291605949402,0.5852893590927124,P3,0.8679291605949402,0.5852893590927124,P3,1,1,1,1,1,final_tp
09002200121707081339476092Q_1295924000_482460500,6025,2,MC,"[227.99974060058594, 661.0001831054688, 291.999755859375, 675.9996948242188]",959.9689788743854,small,Q1,4.266806577362544,"[4,8)",0.8526535034179688,0.04017280414700508,MC,P3,1,1,1,1,0.047400932759046555,0.047400932759046555,0.7508817315101624,0.047400932759046555,P3,0.8060719966888428,0.004769986029714346,P3,1,1,0,0,1,final_tp
09002200121707081339476092Q_1295924000_482460500,6025,3,LC,"[433.0, 595.000244140625, 530.0004272460938, 712.0005493164062]",11349.079589974135,large,Q3,1.2061834003982999,"[1,2)",0.8306426405906677,0.00956493616104126,LC,P4,1,1,1,1,0.6859437227249146,0.3994999825954437,0.6617457866668701,0.6859437227249146,P4,0.689213752746582,0.014863293617963791,P4,1,0,1,1,1,final_tp
09002200121707081348587772I_1295898200_481489800,6801,0,TP,"[403.9996643066406, 719.99951171875, 901.0001220703125, 781.9996948242188]",30814.119384849444,large,Q4,8.016112741445014,"[8,16)",0.9023873209953308,0.2684583067893982,TP,P5,1,1,1,1,0.7912898659706116,0.7912898659706116,0.8604232668876648,0.7912898659706116,P5,0.8604232668876648,0.7912898659706116,P5,1,1,1,1,1,final_tp
09002200121707081400020322I_1294725000_481462900,6802,0,TP,"[478.99951171875, 760.9999389648438, 823.0001220703125, 874.9998168945312]",39216.02758781612,large,Q4,3.017552444781863,"[2,4)",0.9550749063491821,0.4348943829536438,TP,P5,1,1,1,1,0.8775153756141663,0.8775153756141663,0.9541515707969666,0.8775153756141663,P5,0.9541515707969666,0.8775153756141663,P5,1,1,1,1,1,final_tp
09002200121707081401479802I_1294582200_481581200,6803,0,TP,"[265.9999084472656, 634.9999389648438, 1021.9996337890625, 719.9999389648438]",64259.979248046875,large,Q4,8.894114774816176,"[8,16)",0.9440572261810303,0.19084519147872925,TP,P5,1,1,1,1,0.8720257878303528,0.8720257878303528,0.9089072346687317,0.8720257878303528,P5,0.9089072346687317,0.8720257878303528,P5,1,1,1,1,1,final_tp
09002200121707081402418732I_1294575600_481618200,6804,0,LP,"[472.0, 616.9998779296875, 502.99957275390625, 933.9996337890625]",9826.856994733214,large,Q3,10.225939511357618,"[8,16)",0.9707357883453369,5.7643843319965526e-05,AC,P4,1,1,1,1,0.8505256175994873,0.8505256175994873,0.8656501770019531,0.8505256175994873,P4,0.8656501770019531,0.8505256175994873,P4,1,1,1,1,1,final_tp
09002200121707081405071122I_1294549000_481735800,6805,0,LP,"[386.9998474121094, 579.999755859375, 406.99957275390625, 608.9994506835938]",579.9859314803034,small,Q1,1.450004653994577,"[1,2)",0.6892862319946289,0.011704785749316216,LP,P3,1,0,1,0,0.24020862579345703,0.0,0.5640864372253418,0.24020862579345703,P3,0.6892862319946289,0.011704785749316216,P3,1,0,0,0,1,final_tp
09002200121707081405071122I_1294549000_481735800,6805,1,TP,"[1.000457763671875, 688.0000610351562, 741.000244140625, 744.0004272460938]",41440.25732412934,large,Q4,13.214194940654599,"[8,16)",0.8045176863670349,0.11744455248117447,TP,P4,1,1,1,1,0.23992685973644257,0.1927090287208557,0.3078781068325043,0.49324697256088257,P4,0.73457932472229,0.23575642704963684,P5,1,0,0,0,1,final_tp
09002200121707081405071122I_1294549000_481735800,6805,2,TP,"[946.0, 652.0003051757812, 1024.0, 680.00048828125]",2184.0142822265625,medium,Q2,2.785696068707698,"[2,4)",0.927312970161438,0.01390290167182684,TP,P3,1,1,1,1,0.07055509835481644,0.03152838349342346,0.6417838335037231,0.07055509835481644,P3,0.927312970161438,0.01390290167182684,P3,1,1,0,0,1,final_tp
09002200121707081405071122I_1294549000_481735800,6805,3,LP,"[2.99979567527771, 688.0005493164062, 321.9993591308594, 893.0001831054688]",65394.79559341818,large,Q4,1.5560982566541837,"[1,2)",0.9451778531074524,0.121460922062397,LP,P5,1,1,1,1,0.3003058433532715,0.3003058433532715,0.7630103826522827,0.3003058433532715,P5,0.7630103826522827,0.3003058433532715,P5,1,1,1,1,1,final_tp
09002200121707081405269712I_1294547600_481772100,6806,0,LP,"[415.0005798339844, 632.0, 469.0002136230469, 939.0004272460938]",16577.910644374788,large,Q3,5.6852316525945765,"[4,8)",0.9645624160766602,0.005861138924956322,LP,P4,1,1,1,1,0.8927798867225647,0.8927798867225647,0.9470699429512024,0.8927798867225647,P4,0.9470699429512024,0.8927798867225647,P4,1,1,1,1,1,final_tp
09002200121707081407142052I_1294544300_481981500,6807,0,LC,"[359.9994812011719, 781.0001831054688, 430.99957275390625, 857.0004272460938]",5396.024292014539,medium,Q2,1.0704245935257257,"[1,2)",0.8841521739959717,0.004175245761871338,LC,P3,1,1,1,1,0.1281481683254242,0.1281481683254242,0.8427903652191162,0.1281481683254242,P3,0.8427903652191162,0.1281481683254242,P3,1,1,0,0,1,final_tp
09002200121707081407142052I_1294544300_481981500,6807,1,LP,"[472.9999694824219, 571.0003051757812, 490.0004577636719, 615.0005493164062]",748.0256348848343,small,Q1,2.588175316655657,"[2,4)",0.7737091779708862,0.04904244840145111,LP,P3,1,1,1,1,0.5712537169456482,0.04904244840145111,0.7203394770622253,0.5712537169456482,P3,0.7203394770622253,0.5712537169456482,P3,1,0,1,1,1,final_tp
09002200121707081407142052I_1294544300_481981500,6807,2,TP,"[216.00051879882812, 618.0004272460938, 597.0003051757812, 632.9999389648438]",5714.810760602355,medium,Q2,25.400812607832286,"[16,inf)",0.8629432916641235,0.016372565180063248,TP,P4,1,1,1,1,0.7845665812492371,0.5032334327697754,0.5544770359992981,0.7845665812492371,P4,0.7649557590484619,0.06623247265815735,P4,1,1,1,1,1,final_tp
09002200121707081407142052I_1294544300_481981500,6807,3,LP,"[61.99961471557617, 636.9996337890625, 408.0, 1024.0]",133902.2802430652,large,Q4,1.1184968857552842,"[1,2)",0.9139224290847778,0.0309162437915802,LP,P5,1,1,1,1,0.9628503918647766,0.9628503918647766,0.8717064261436462,0.9628503918647766,P5,0.8717064261436462,0.9628503918647766,P5,1,1,1,1,1,final_tp
09002200121707081407524182I_1294529500_482016000,6808,0,LP,"[393.9999084472656, 638.9995727539062, 498.999755859375, 762.9998168945312]",13020.006713829935,large,Q3,1.1809564222883275,"[1,2)",0.7197126746177673,0.00028036971343681216,LP,P3,1,0,1,0,0.0757325142621994,0.0,0.38967782258987427,0.5064774751663208,P4,0.6669946908950806,0.002852402627468109,P3,1,0,0,0,1,final_tp
09002200121707081407524182I_1294529500_482016000,6808,1,TP,"[66.99931335449219, 697.9994506835938, 819.9998168945312, 753.9999389648438]",42168.39501976967,large,Q4,13.446320048130161,"[8,16)",0.7296933531761169,0.008033441379666328,TP,P5,1,0,1,0,0.8146750330924988,0.0,0.5428346991539001,0.8146750330924988,P5,0.7296933531761169,0.008033441379666328,P5,1,0,1,1,1,final_tp
09002200121707081407524182I_1294529500_482016000,6808,2,LP,"[0.9999451041221619, 766.0001220703125, 368.9999694824219, 976.0]",77279.96148681268,large,Q4,1.7523821163400508,"[1,2)",0.9430073499679565,0.00028112184372730553,TP,P5,1,1,1,1,0.6572358012199402,0.6572358012199402,0.8023410439491272,0.6572358012199402,P5,0.8023410439491272,0.6572358012199402,P5,1,1,1,1,1,final_tp
09002200121707081407524182I_1294529500_482016000,6808,3,TP,"[409.0004577636719, 594.9998168945312, 809.0004272460938, 621.9996337890625]",10799.925933843479,large,Q3,14.814914154600839,"[8,16)",0.8525145649909973,0.4911327362060547,TP,P4,1,1,1,1,0.57159823179245,0.57159823179245,0.8144846558570862,0.57159823179245,P4,0.8144846558570862,0.57159823179245,P4,1,1,1,1,1,final_tp
09002200121707081408485572I_1294514400_482045100,6809,0,TP,"[406.0000915527344, 633.9993286132812, 724.0003051757812, 650.999755859375]",5406.139495940879,medium,Q2,18.70542481196259,"[16,inf)",0.9075375199317932,0.1867486983537674,TP,P3,1,1,1,1,0.2956213653087616,0.28810980916023254,0.7346199154853821,0.2956213653087616,P3,0.7730146050453186,0.03280733525753021,P3,1,1,1,1,1,final_tp
09002200121707081408485572I_1294514400_482045100,6809,1,LP,"[807.0, 635.0003662109375, 1024.0, 708.0001831054688]",15840.960266113281,large,Q3,2.972610195906621,"[2,4)",0.9663507342338562,0.0002479531103745103,LP,P4,1,1,1,1,0.9833112955093384,0.9833112955093384,0.9501919150352478,0.9833112955093384,P4,0.9501919150352478,0.9833112955093384,P4,1,1,1,1,1,final_tp
09002200121707081410569752I_1294484400_482124200,6810,0,TP,"[52.99968338012695, 827.9998168945312, 712.9993896484375, 936.0]",71280.08789056912,large,Q4,6.1110979245256365,"[4,8)",0.9345201253890991,0.8346362113952637,TP,P5,1,1,1,1,0.9242006540298462,0.9242006540298462,0.9199529886245728,0.9242006540298462,P5,0.9199529886245728,0.9242006540298462,P5,1,1,1,1,1,final_tp
09002200121707081410569752I_1294484400_482124200,6810,1,LP,"[730.9998168945312, 578.0004272460938, 816.9994506835938, 615.0006713867188]",3182.0074461996555,medium,Q2,2.324299090087296,"[2,4)",0.9438775777816772,0.8394725918769836,LP,P3,1,1,1,1,0.8512547016143799,0.8512547016143799,0.9354109168052673,0.8512547016143799,P4,0.9354109168052673,0.8512547016143799,P4,1,1,1,1,1,final_tp
09002200121707081410569752I_1294484400_482124200,6810,2,LP,"[276.9997253417969, 856.0, 342.9995422363281, 957.0001831054688]",6665.993591275066,medium,Q3,1.5303100502061793,"[1,2)",0.6971836090087891,3.8495916669489816e-05,TP,P3,1,0,0,0,4.877743049291894e-05,0.0,0.10155035555362701,0.0005615317495539784,P5,0.07235018908977509,0.002822563052177429,P5,0,0,0,0,0,final_localization_or_assignment
09002200121707081420434872I_1294446100_482250000,6811,0,TC,"[934.0001831054688, 902.9996337890625, 1024.0, 961.0]",5220.022338800132,medium,Q2,1.5517111834642072,"[1,2)",0.8967416882514954,0.0941629558801651,TC,P3,1,1,1,1,0.2188722938299179,0.2188722938299179,0.3406822979450226,0.573093831539154,P4,0.8494580984115601,0.2188722938299179,P3,1,1,0,0,1,final_tp
09002200121707081420434872I_1294446100_482250000,6811,1,TP,"[0.9999451041221619, 687.9999389648438, 454.0000915527344, 794.0004272460938]",48018.23736579716,large,Q4,4.273566659296417,"[4,8)",0.9709197878837585,0.7301284074783325,TP,P5,1,1,1,1,0.903404951095581,0.903404951095581,0.9590553045272827,0.903404951095581,P5,0.9590553045272827,0.903404951095581,P5,1,1,1,1,1,final_tp
09002200121707081420434872I_1294446100_482250000,6811,2,TC,"[889.9999389648438, 967.0, 987.00048828125, 1009.0003051757812]",4074.052673507482,medium,Q2,2.309520107304838,"[2,4)",0.9409840106964111,0.025935063138604164,TC,P3,1,1,1,1,0.04702265188097954,0.02613857015967369,0.7492263913154602,0.04702265188097954,P3,0.7492263913154602,0.04702265188097954,P3,1,0,0,0,1,final_tp
09002200121707081420434872I_1294446100_482250000,6811,3,TP,"[96.99995422363281, 866.0004272460938, 315.999755859375, 953.0004272460938]",19052.98274230957,large,Q3,2.5172390992614044,"[2,4)",0.940283477306366,0.17791754007339478,TP,P4,1,1,1,1,0.9516676664352417,0.9516676664352417,0.9158546328544617,0.9516676664352417,P4,0.9158546328544617,0.9516676664352417,P4,1,1,1,1,1,final_tp
09002200121707081420434872I_1294446100_482250000,6811,4,MC,"[537.9999389648438, 760.9994506835938, 653.0003051757812, 804.9996948242188]",5060.044189542532,medium,Q2,2.613630184491608,"[2,4)",0.9699148535728455,9.334346941614058e-06,MC,P3,1,1,1,1,0.9239445328712463,0.9239445328712463,0.932741105556488,0.9239445328712463,P3,0.932741105556488,0.9239445328712463,P3,1,1,1,1,1,final_tp
09002200121707081426522602I_1294582200_481572900,6812,0,TP,"[402.99981689453125, 760.00048828125, 1023.9994506835938, 863.9999389648438]",64583.620788775384,large,Q4,5.97118186401178,"[4,8)",0.9814714789390564,0.12564590573310852,TP,P5,1,1,1,1,0.7940847277641296,0.7940847277641296,0.9595612287521362,0.7940847277641296,P5,0.9595612287521362,0.7940847277641296,P5,1,1,1,1,1,final_tp
09002200121707081428367892I_1294743800_481460600,6813,0,LP,"[765.9996948242188, 689.00048828125, 1023.9996337890625, 846.0001220703125]",40505.895935080945,large,Q4,1.643315546273698,"[1,2)",0.9708797931671143,0.0002517701359465718,TC,P4,1,1,1,1,0.6732441186904907,0.6732441186904907,0.9174079298973083,0.6732441186904907,P5,0.9174079298973083,0.6732441186904907,P5,1,1,1,1,1,final_tp
09002200121707081428367892I_1294743800_481460600,6813,1,LP,"[255.0000762939453, 597.9996948242188, 448.00048828125, 967.99951171875]",71410.11709587183,large,Q4,1.9170934045408636,"[1,2)",0.9544095396995544,0.0004255899111740291,LC,P5,1,1,1,1,0.04870681092143059,0.04870681092143059,0.8812704682350159,0.04870681092143059,P5,0.8812704682350159,0.04870681092143059,P5,1,1,0,0,1,final_tp
09002200121707081429105542I_1294823600_481458700,6814,0,LP,"[676.0003051757812, 674.0004272460938, 784.9999389648438, 946.0004272460938]",29647.900390625,large,Q4,2.495421227986673,"[2,4)",0.8867440819740295,0.8329218029975891,LP,P4,1,1,1,1,0.8596484661102295,0.8596484661102295,0.8805601000785828,0.8596484661102295,P4,0.8805601000785828,0.8596484661102295,P4,1,1,1,1,1,final_tp
09002200121707081429549342I_1294926200_481456400,6815,0,P,"[982.0001220703125, 717.9996337890625, 1005.0003051757812, 729.9999389648438]",276.0092163644731,small,Q1,1.9166331829533143,"[1,2)",0.7058337926864624,0.029949693009257317,P,P3,1,0,1,0,0.029949693009257317,0.0,0.7058337926864624,0.029949693009257317,P3,0.7058337926864624,0.029949693009257317,P3,1,0,0,0,1,final_tp
09002200121707081429549342I_1294926200_481456400,6815,1,LP,"[510.99957275390625, 692.999755859375, 567.9994506835938, 936.9994506835938]",13907.952819861472,large,Q3,4.280705567917283,"[4,8)",0.9508410692214966,0.8330847024917603,LP,P4,1,1,1,1,0.9328263401985168,0.9328263401985168,0.9449197053909302,0.9328263401985168,P4,0.9449197053909302,0.9328263401985168,P4,1,1,1,1,1,final_tp
09002200121707081430305842I_1295010200_481455100,6816,0,TP,"[57.99990463256836, 663.9994506835938, 1023.99951171875, 755.9996948242188]",88872.2021483481,large,Q4,10.499968155655157,"[8,16)",0.9504987597465515,0.7308716177940369,TP,P5,1,1,1,1,0.8096039891242981,0.8096039891242981,0.8768303990364075,0.8096039891242981,P5,0.8768303990364075,0.8096039891242981,P5,1,1,1,1,1,final_tp
09002200121707081431511392I_1295198200_481458800,6817,0,TP,"[387.00030517578125, 590.0000610351562, 817.0004272460938, 618.0004272460938]",12040.160888716578,large,Q3,15.356946363878123,"[8,16)",0.7943431735038757,0.15056836605072021,TP,P5,1,1,1,1,0.6899988055229187,0.32942500710487366,0.6729743480682373,0.6899988055229187,P4,0.6981462836265564,0.08581916987895966,P4,1,0,1,1,1,final_tp
09002200121707081431511392I_1295198200_481458800,6817,1,TP,"[28.000274658203125, 770.0004272460938, 621.0006713867188, 850.0004272460938]",47440.029296875,large,Q4,7.412504577636719,"[4,8)",0.9344059824943542,0.00026795195299200714,TP,P4,1,1,1,1,0.8668786883354187,0.8668786883354187,0.8844378590583801,0.8668786883354187,P5,0.8844378590583801,0.8668786883354187,P5,1,1,1,1,1,final_tp
09002200121707081431511392I_1295198200_481458800,6817,2,LP,"[525.9996337890625, 599.0000610351562, 662.9994506835938, 933.0001220703125]",45757.94720457867,large,Q4,2.4379599083134895,"[2,4)",0.9535850286483765,0.6278485059738159,LP,P4,1,1,1,1,0.938123881816864,0.938123881816864,0.9459280967712402,0.938123881816864,P5,0.9459280967712402,0.938123881816864,P5,1,1,1,1,1,final_tp
09002200121707081432458332I_1295314800_481461600,6818,0,TP,"[750.9996337890625, 605.000244140625, 807.0, 624.9999389648438]",1119.9902342632413,medium,Q1,2.8000610360875866,"[2,4)",0.8474187850952148,0.0004339395381975919,LP,P3,1,1,1,1,0.005684416275471449,0.0037797759287059307,0.7001950740814209,0.005684416275471449,P3,0.7414605021476746,0.0024215851444751024,P3,1,0,0,0,1,final_tp
09002200121707081432458332I_1295314800_481461600,6818,1,LC,"[624.0005493164062, 802.9998168945312, 708.0003051757812, 928.9999389648438]",10583.979492157698,large,Q3,1.5000058128889187,"[1,2)",0.9615654349327087,0.00010496271715965122,LC,P3,1,1,1,0,0.020655805245041847,0.000603207852691412,0.29191938042640686,0.2327008843421936,P5,0.7186574935913086,0.0015682874945923686,P4,1,0,0,0,1,final_tp
09002200121707081432458332I_1295314800_481461600,6818,2,TP,"[339.9997253417969, 605.9996337890625, 968.9999389648438, 664.0000610351562]",36482.28289805353,large,Q4,10.844751909702309,"[8,16)",0.9880176782608032,0.8791677355766296,TP,P5,1,1,1,1,0.9340721964836121,0.9340721964836121,0.9790713787078857,0.9340721964836121,P5,0.9790713787078857,0.9340721964836121,P5,1,1,1,1,1,final_tp
09002200121707081433230542I_1295390000_481463100,6819,0,LP,"[719.99951171875, 552.0000610351562, 1023.99951171875, 621.9996337890625]",21279.8701171875,large,Q4,4.342883649715357,"[4,8)",0.9577587246894836,0.9042713642120361,LP,P4,1,1,1,1,0.9048246741294861,0.9048246741294861,0.9280256032943726,0.9048246741294861,P4,0.9280256032943726,0.9048246741294861,P4,1,1,1,1,1,final_tp
09002200121707081433230542I_1295390000_481463100,6819,1,TP,"[0.9998840689659119, 710.0001220703125, 1023.9994506835938, 815.0001220703125]",107414.95513916016,large,Q4,9.742853073846726,"[8,16)",0.9567986130714417,0.6017603874206543,TP,P5,1,1,1,1,0.930589497089386,0.930589497089386,0.9221762418746948,0.930589497089386,P5,0.9221762418746948,0.930589497089386,P5,1,1,1,1,1,final_tp
09002200121707081433463542I_1295437200_481464200,6820,0,LP,"[796.0001831054688, 592.99951171875, 1024.0, 652.999755859375]",13680.044677689672,large,Q3,3.7999814860779373,"[2,4)",0.8845995664596558,0.014867554418742657,LP,P4,1,1,1,1,0.7223690152168274,0.7223690152168274,0.8270309567451477,0.7223690152168274,P4,0.8270309567451477,0.7223690152168274,P4,1,1,1,1,1,final_tp
09002200121707081433463542I_1295437200_481464200,6820,1,LP,"[560.0, 738.0004272460938, 844.9996337890625, 978.0004272460938]",68399.912109375,large,Q4,1.1874984741210937,"[1,2)",0.8780059218406677,0.002777314744889736,LP,P5,1,1,1,1,0.8561685085296631,0.002777314744889736,0.6021286845207214,0.8561685085296631,P5,0.8780059218406677,0.002777314744889736,P5,1,1,1,1,1,final_tp
09002200121707081433463542I_1295437200_481464200,6820,2,LP,"[543.0006713867188, 596.9996948242188, 586.0004272460938, 754.9998168945312]",6793.966674774885,medium,Q3,3.6744423058361297,"[2,4)",0.775479257106781,0.0001398067397531122,LP,P4,1,1,1,0,0.0011912017362192273,0.0001398067397531122,0.24246235191822052,0.005439264699816704,P4,0.639790415763855,0.0011912017362192273,P4,1,0,0,0,1,final_tp
09002200121707081433463542I_1295437200_481464200,6820,3,LP,"[617.00048828125, 574.000244140625, 715.0003051757812, 617.0]",4213.968200728297,medium,Q2,2.2790784490736797,"[2,4)",0.9254298806190491,0.0241128858178854,LP,P4,1,1,1,1,0.8423280119895935,0.8423280119895935,0.8145174384117126,0.8423280119895935,P4,0.8145174384117126,0.8423280119895935,P4,1,1,1,1,1,final_tp
09002200121707081433463542I_1295437200_481464200,6820,4,TP,"[41.0004997253418, 651.9996948242188, 1024.0, 767.9994506835938]",114027.70336925983,large,Q4,8.474151556925927,"[8,16)",0.9066368341445923,0.0028616248164325953,TP,P5,1,1,1,1,0.30392274260520935,0.0031681000255048275,0.44108259677886963,0.399880975484848,P5,0.8586679697036743,0.0031681000255048275,P5,1,1,1,1,1,final_tp
09002200121707081434266032I_1295480200_481466200,6821,0,LP,"[585.00048828125, 552.9999389648438, 1024.0, 851.0001831054688]",130821.96166980267,large,Q4,1.4731515169886507,"[1,2)",0.8973434567451477,0.00036827963776886463,LP,P5,1,1,1,0,0.9431871175765991,0.0005421097739599645,0.7243593335151672,0.9431871175765991,P5,0.7243593335151672,0.9431871175765991,P5,1,0,1,1,1,final_tp
09002200121707081436364362B_1294685100_481977100,6822,0,TP,"[383.00006103515625, 712.0, 694.0000610351562, 724.9996948242188]",4042.9050903320312,medium,Q2,23.92363853192918,"[16,inf)",0.7754231095314026,0.00022574519971385598,TP,P3,1,1,1,1,0.010911859571933746,0.010107886046171188,0.18698550760746002,0.10610643029212952,P4,0.7643014788627625,0.010107886046171188,P3,1,1,0,0,1,final_tp
09002200121707081436364362B_1294685100_481977100,6822,1,TP,"[224.99942016601562, 693.0001831054688, 366.9995422363281, 717.0006713867188]",3408.0722656846046,medium,Q2,5.9165513803837,"[4,8)",0.8218734264373779,6.830695201642811e-05,TP,P3,1,1,0,0,0.00016458798199892044,0.00016458798199892044,0.20748665928840637,0.07377609610557556,P4,0.1867784857749939,0.10610643029212952,P4,0,0,0,0,0,confidence_filter_loss
09002200121707081436364362B_1294685100_481977100,6822,2,TP,"[104.99996185302734, 669.0001831054688, 385.00048828125, 702.000732421875]",9240.170929240063,large,Q3,8.484722969736314,"[8,16)",0.9520198106765747,0.06466741859912872,TP,P4,1,1,1,1,0.2566448152065277,0.2566448152065277,0.2687838673591614,0.7527354955673218,P5,0.8769272565841675,0.2566448152065277,P4,1,1,1,1,1,final_tp
09002200121707081436364362B_1294685100_481977100,6822,3,LP,"[400.9994812011719, 598.0006713867188, 488.9999694824219, 691.000244140625]",8184.007812291384,medium,Q3,1.0568074628936053,"[1,2)",0.9216787219047546,0.8228081464767456,LP,P4,1,1,1,1,0.8937299251556396,0.8937299251556396,0.9005985856056213,0.8937299251556396,P4,0.9005985856056213,0.8937299251556396,P4,1,1,1,1,1,final_tp
09002200121707081437115822I_1295573800_481472300,6823,0,TP,"[907.9996948242188, 622.0001831054688, 1023.9994506835938, 643.0004272460938]",2436.0231932997704,medium,Q2,5.523733680551519,"[4,8)",0.7957897782325745,0.026116549968719482,TP,P3,1,1,1,1,0.5781944394111633,0.026116549968719482,0.7081938982009888,0.5781944394111633,P3,0.7505300641059875,0.003247554413974285,P3,1,1,1,1,1,final_tp
09002200121707081437115822I_1295573800_481472300,6823,1,LP,"[729.9999389648438, 601.0004272460938, 973.9996337890625, 703.0]",24887.864624153823,large,Q4,2.3921638908519287,"[2,4)",0.8726494312286377,0.4410287141799927,LP,P4,1,1,1,1,0.7874934673309326,0.7874934673309326,0.8403843641281128,0.7874934673309326,P4,0.8403843641281128,0.7874934673309326,P4,1,1,1,1,1,final_tp
09002200121707081437115822I_1295573800_481472300,6823,2,TP,"[271.9999694824219, 640.9994506835938, 673.0004272460938, 665.0]",9624.231262458488,large,Q3,16.707969991735013,"[16,inf)",0.9003221988677979,0.00257906224578619,TP,P3,1,1,1,1,0.6258182525634766,0.34278184175491333,0.6649870276451111,0.6258182525634766,P4,0.895051121711731,0.14532512426376343,P4,1,1,1,1,1,final_tp
09002200121707081437115822I_1295573800_481472300,6823,3,LP,"[550.0001831054688, 567.99951171875, 743.0006103515625, 933.9996337890625]",70638.17993169278,large,Q4,1.8963694914707512,"[1,2)",0.9660000801086426,0.9162400960922241,LP,P5,1,1,1,1,0.944963276386261,0.944963276386261,0.9486402869224548,0.944963276386261,P5,0.9486402869224548,0.944963276386261,P5,1,1,1,1,1,final_tp
09002200121707081437321322I_1295595500_481473600,6824,0,TP,"[192.00051879882812, 725.000732421875, 873.00048828125, 788.000244140625]",42902.66748046875,large,Q4,10.809607589344536,"[8,16)",0.9255449175834656,0.5037909150123596,TP,P5,1,1,1,1,0.7181044816970825,0.7181044816970825,0.908242404460907,0.7181044816970825,P5,0.908242404460907,0.7181044816970825,P5,1,1,1,1,1,final_tp
09002200121707081437321322I_1295595500_481473600,6824,1,TP,"[696.9993896484375, 890.9998168945312, 893.9996337890625, 933.9996337890625]",8470.974426224828,medium,Q3,4.581420535436737,"[4,8)",0.928521990776062,0.0001538657961646095,TP,P3,1,1,1,1,0.8752667307853699,0.8752667307853699,0.9074892997741699,0.8752667307853699,P4,0.9074892997741699,0.8752667307853699,P4,1,1,1,1,1,final_tp
09002200121707081437321322I_1295595500_481473600,6824,2,TP,"[1.00042724609375, 888.9999389648438, 339.00030517578125, 952.9999389648438]",21631.9921875,large,Q4,5.281248092651367,"[4,8)",0.9652245044708252,0.020320706069469452,TP,P5,1,1,1,1,0.9540071487426758,0.9540071487426758,0.9224727749824524,0.9540071487426758,P4,0.9224727749824524,0.9540071487426758,P4,1,1,1,1,1,final_tp
09002200121707081437321322I_1295595500_481473600,6824,3,LP,"[546.0004272460938, 567.0001220703125, 637.0001220703125, 723.0003662109375]",14195.974609300494,large,Q3,1.7142941461723116,"[1,2)",0.9752600789070129,4.7338537115138024e-05,TP,P4,1,1,1,1,0.9466452598571777,0.9466452598571777,0.781055748462677,0.9466452598571777,P4,0.781055748462677,0.9466452598571777,P4,1,1,1,1,1,final_tp
09002200121707081438096292I_1295619800_481475000,6825,0,TP,"[0.9998840689659119, 828.0001831054688, 1023.9994506835938, 938.0004272460938]",112530.20275868475,large,Q4,9.29997547501892,"[8,16)",0.9558593034744263,0.6874495148658752,TP,P5,1,1,1,1,0.8357250690460205,0.8357250690460205,0.89605712890625,0.8357250690460205,P5,0.89605712890625,0.8357250690460205,P5,1,1,1,1,1,final_tp
09002200121707081438426442I_1295646200_481476700,6826,0,TP,"[47.000091552734375, 717.0001831054688, 824.0, 782.000732421875]",50505.41888421029,large,Q4,11.953743254498487,"[8,16)",0.9438512325286865,0.2635895907878876,TP,P5,1,1,1,1,0.7604897618293762,0.7604897618293762,0.9136094450950623,0.7604897618293762,P5,0.9136094450950623,0.7604897618293762,P5,1,1,1,1,1,final_tp
09002200121707081440410152I_1295759000_481482800,6827,0,TP,"[140.00027465820312, 799.0, 577.9999389648438, 897.0]",42923.96710205078,large,Q4,4.469384329659598,"[4,8)",0.9808931946754456,0.88796067237854,TP,P5,1,1,1,1,0.9204915761947632,0.9204915761947632,0.9728457927703857,0.9204915761947632,P5,0.9728457927703857,0.9204915761947632,P5,1,1,1,1,1,final_tp
09002200121707081443002002B_1294917800_481994200,6828,0,LP,"[461.9996032714844, 546.0004272460938, 488.0, 584.0]",988.0039671156555,small,Q1,1.4614997282803255,"[1,2)",0.9227257966995239,0.1157507374882698,LP,P4,1,1,1,1,0.550872802734375,0.1157507374882698,0.6049805283546448,0.550872802734375,P3,0.9227257966995239,0.1157507374882698,P4,1,1,1,1,1,final_tp
09002200121707081443002002B_1294917800_481994200,6828,1,LP,"[126.99956512451172, 685.000244140625, 279.99951171875, 775.9999389648438]",13922.947753924876,large,Q3,1.6813236490560646,"[1,2)",0.9555690288543701,0.08475100994110107,LP,P4,1,1,1,1,0.5514274835586548,0.5514274835586548,0.9134784936904907,0.5514274835586548,P4,0.9134784936904907,0.5514274835586548,P4,1,1,1,1,1,final_tp
09002200121707081443002002B_1294917800_481994200,6828,2,LP,"[1.0004425048828125, 701.000244140625, 175.00059509277344, 774.0001220703125]",12701.989898663014,large,Q3,2.3835677198732474,"[2,4)",0.968070924282074,0.8902779817581177,LP,P4,1,1,1,1,0.8902779817581177,0.8902779817581177,0.968070924282074,0.8902779817581177,P4,0.968070924282074,0.8902779817581177,P4,1,1,1,1,1,final_tp
09002200121707081443002002B_1294917800_481994200,6828,3,LC,"[69.00017547607422, 918.99951171875, 222.0001220703125, 1023.99951171875]",16064.993591308594,large,Q3,1.4571422758556547,"[1,2)",0.9012256860733032,4.7071818698896095e-05,TC,P3,1,1,1,1,0.023359427228569984,0.023359427228569984,0.877443253993988,0.023359427228569984,P4,0.877443253993988,0.023359427228569984,P4,1,1,0,0,1,final_tp
09002200121707081443002002B_1294917800_481994200,6828,4,LP,"[340.9996337890625, 589.0001831054688, 481.9993591308594, 768.0006103515625]",25239.011077763513,large,Q4,1.2695090491288512,"[1,2)",0.860739529132843,0.8062544465065002,LP,P4,1,1,1,1,0.9470924139022827,0.9470924139022827,0.8515109419822693,0.9470924139022827,P4,0.8515109419822693,0.9470924139022827,P4,1,1,1,1,1,final_tp
09002200121707081443389802I_1296026800_481486500,6829,0,TP,"[1.00042724609375, 690.9993286132812, 680.9999389648438, 739.999755859375]",33320.266601353884,large,Q4,13.877420053984503,"[8,16)",0.9704283475875854,0.7449853420257568,TP,P5,1,1,1,1,0.8063212037086487,0.8063212037086487,0.9539433717727661,0.8063212037086487,P5,0.9539433717727661,0.8063212037086487,P5,1,1,1,1,1,final_tp
09002200121707081443389802I_1296026800_481486500,6829,1,LP,"[840.9999389648438, 595.999755859375, 894.9996948242188, 613.0001831054688]",918.0189207941294,small,Q1,3.176376397939218,"[2,4)",0.7594045996665955,0.10309147089719772,LP,P3,1,1,1,1,0.2123071253299713,0.1475774347782135,0.6379873156547546,0.2123071253299713,P3,0.6379873156547546,0.2123071253299713,P3,1,0,0,0,1,final_tp
09002200121707081443389802I_1296026800_481486500,6829,2,TP,"[865.0, 636.000244140625, 920.0001220703125, 650.0004272460938]",770.011779807508,small,Q1,3.928528766800797,"[2,4)",0.7662760615348816,0.005354737862944603,TP,P3,1,1,1,1,0.005354737862944603,0.005354737862944603,0.1179141029715538,0.013422348536550999,P3,0.7662760615348816,0.005354737862944603,P3,1,1,0,0,1,final_tp
09002200121707081449482512B_1294404300_481968100,6830,0,TP,"[264.9999694824219, 726.0001220703125, 677.9996337890625, 749.000244140625]",9499.042694050819,large,Q3,17.956411841818944,"[16,inf)",0.7955333590507507,0.003263733582571149,TP,P4,1,1,1,1,0.2142406851053238,0.2142406851053238,0.7947959899902344,0.2142406851053238,P4,0.7947959899902344,0.2142406851053238,P4,1,1,0,0,1,final_tp
09002200121707090856313992Q_1295174500_482422000,6146,0,LP,"[571.0003662109375, 614.0001831054688, 590.0006713867188, 672.9999389648438]",1121.013366624713,medium,Q1,3.1052004330214165,"[2,4)",0.845501184463501,0.6913250088691711,LP,P3,1,1,1,1,0.762331485748291,0.762331485748291,0.8289535641670227,0.762331485748291,P3,0.8289535641670227,0.762331485748291,P3,1,1,1,1,1,final_tp
09002200121707090856313992Q_1295174500_482422000,6146,1,TP,"[387.999755859375, 601.0004272460938, 753.9999389648438, 614.0001220703125]",4757.890685979277,medium,Q2,28.154521167958606,"[16,inf)",0.9277299046516418,0.06252606958150864,TP,P4,1,1,1,1,0.26944226026535034,0.26944226026535034,0.8511011004447937,0.26944226026535034,P4,0.8511011004447937,0.26944226026535034,P4,1,1,1,1,1,final_tp
09002200121707090856313992Q_1295174500_482422000,6146,2,LP,"[756.0003051757812, 632.9999389648438, 1024.0, 775.99951171875]",38323.84185804054,large,Q4,1.8741293394311762,"[1,2)",0.9809674024581909,0.008924305438995361,LP,P4,1,1,1,1,0.9295387864112854,0.9295387864112854,0.9349240064620972,0.9295387864112854,P5,0.9349240064620972,0.9295387864112854,P5,1,1,1,1,1,final_tp
09002200121707090856313992Q_1295174500_482422000,6146,3,TP,"[728.9999389648438, 620.0003051757812, 760.9999389648438, 627.999755859375]",255.982421875,small,Q1,4.000274677063702,"[4,8)",0.3312668800354004,0.009552137926220894,LP,P3,0,0,0,0,0.0,0.0,0.20754528045654297,0.26262366771698,P3,0.26656875014305115,0.13629008829593658,P3,0,0,0,0,0,raw_geometry_failure
09002200121707091019379408D_1295013300_482055800,6831,0,LC,"[920.0004272460938, 848.9999389648438, 1023.9999389648438, 907.0003051757812]",6032.009765446186,medium,Q3,1.793083708135935,"[1,2)",0.6303765177726746,0.00021816507796756923,LC,P3,1,0,0,0,0.0003126399533357471,0.0,0.10697561502456665,0.008602268062531948,P4,0.34375065565109253,0.003401004010811448,P4,0,0,0,0,0,final_localization_or_assignment
09002200121707091019379408D_1295013300_482055800,6831,1,TC,"[401.9999084472656, 618.0004272460938, 483.0003356933594, 625.9998779296875]",647.9589231051505,small,Q1,10.125748685746549,"[8,16)",0.8707390427589417,0.01622781530022621,TC,P3,1,1,1,1,0.08505739271640778,0.08505739271640778,0.7568954229354858,0.08505739271640778,P3,0.7568954229354858,0.08505739271640778,P3,1,1,0,0,1,final_tp
09002200121707091019379408D_1295013300_482055800,6831,2,LC,"[638.0000610351562, 684.999755859375, 801.9999389648438, 912.9994506835938]",37391.92211917788,large,Q4,1.3902430764123508,"[1,2)",0.9349409341812134,0.048109203577041626,LC,P4,1,1,1,1,0.8936309218406677,0.08650537580251694,0.7079728245735168,0.8936309218406677,P5,0.7622596025466919,0.01592063158750534,P4,1,1,1,1,1,final_tp
09002200121707091019379408D_1295013300_482055800,6831,3,TC,"[13.000198364257812, 915.0003051757812, 142.0006561279297, 989.0006713867188]",9546.081115890294,large,Q3,1.7432408022949104,"[1,2)",0.9290430545806885,0.00027461929130367935,LC,P3,1,1,1,1,0.11808031797409058,0.11808031797409058,0.894011378288269,0.11808031797409058,P4,0.894011378288269,0.11808031797409058,P4,1,1,0,0,1,final_tp
09002200121707091259179642Q_1295357800_482888100,6147,0,LC,"[480.0, 650.0004272460938, 515.0003051757812, 757.0001831054688]",3745.024108812213,medium,Q2,3.05710922581939,"[2,4)",0.8558751940727234,0.1035316064953804,LC,P3,1,1,1,1,0.8036234378814697,0.8036234378814697,0.7767258286476135,0.8036234378814697,P3,0.7892226576805115,0.0019464336801320314,P3,1,1,1,1,1,final_tp
09002200121707091259179642Q_1295357800_482888100,6147,1,TP,"[877.0006713867188, 644.9996948242188, 981.0001831054688, 667.9998168945312]",2392.0014647841454,medium,Q2,4.521693902354883,"[4,8)",0.8284274339675903,0.04253753274679184,TP,P3,1,1,1,1,0.04268176853656769,0.04268176853656769,0.8232247829437256,0.04268176853656769,P3,0.8232247829437256,0.04268176853656769,P3,1,1,0,0,1,final_tp
09002200121707091259179642Q_1295357800_482888100,6147,2,MC,"[704.00048828125, 617.0, 738.0004272460938, 624.9994506835938]",271.9808349944651,small,Q1,4.250284214461748,"[4,8)",0.8665168881416321,0.22874704003334045,MC,P3,1,1,1,1,0.26855701208114624,0.26855701208114624,0.8414170145988464,0.26855701208114624,P3,0.8414170145988464,0.26855701208114624,P3,1,1,1,1,1,final_tp
09002200121707091259179642Q_1295357800_482888100,6147,3,LP,"[701.9996337890625, 593.999267578125, 777.9999389648438, 626.9998168945312]",2508.0518190152943,medium,Q2,2.3030012151342474,"[2,4)",0.8410336375236511,0.024276752024888992,LP,P3,1,1,1,1,0.1981738656759262,0.0786253809928894,0.45208248496055603,0.4059115946292877,P4,0.8410336375236511,0.024276752024888992,P3,1,1,0,0,1,final_tp
09002200121707091323274701M_1296231600_482917500,6026,0,TC,"[84.00025939941406, 727.9995727539062, 402.0003967285156, 773.9996337890625]",14628.025024421513,large,Q3,6.913036959391772,"[4,8)",0.9020618200302124,0.005579414777457714,TC,P4,1,1,1,1,0.00763159291818738,0.005579414777457714,0.4003998637199402,0.5058605670928955,P4,0.9020618200302124,0.005579414777457714,P4,1,1,0,0,1,final_tp
09002200121707091323274701M_1296231600_482917500,6026,1,LC,"[338.0003356933594, 647.9999389648438, 372.000244140625, 724.0001831054688]",2584.0013427510858,medium,Q2,2.23530731732712,"[2,4)",0.7386019229888916,0.0024745550472289324,LC,P3,1,0,1,0,0.0771840512752533,0.0,0.34729981422424316,0.14832419157028198,P3,0.7386019229888916,0.0024745550472289324,P3,1,0,0,0,1,final_tp
09002200121707091323274701M_1296231600_482917500,6026,2,LC,"[583.0001220703125, 665.0004272460938, 643.0003051757812, 767.0000610351562]",6119.996704034507,medium,Q3,1.6999887085305525,"[1,2)",0.858559250831604,0.2560487985610962,LC,P3,1,1,1,1,0.7015407681465149,0.7015407681465149,0.845011830329895,0.7015407681465149,P4,0.845011830329895,0.7015407681465149,P4,1,1,1,1,1,final_tp
09002200121707091323274701M_1296231600_482917500,6026,3,LC,"[648.0, 630.99951171875, 674.9998168945312, 657.0]",702.0084227621555,small,Q1,1.038434994084396,"[1,2)",0.6567744016647339,0.22417102754116058,LC,P3,1,0,1,0,0.22417102754116058,0.0,0.1810956448316574,0.4890478253364563,P3,0.6567744016647339,0.22417102754116058,P3,1,0,0,0,1,final_tp
09002200121707091323274701M_1296231600_482917500,6026,4,LC,"[352.00048828125, 702.0001831054688, 397.0002136230469, 773.9996337890625]",3239.955505521968,medium,Q2,1.5999975585788488,"[1,2)",0.777413010597229,0.054678190499544144,LC,P3,1,1,1,1,0.13945668935775757,0.054678190499544144,0.4689437747001648,0.8664762377738953,P4,0.777413010597229,0.054678190499544144,P3,1,1,0,0,1,final_tp
09002200121707091431012111M_1296317500_483022700,6027,0,LC,"[445.0002136230469, 619.0003051757812, 472.0, 674.0004272460938]",1484.9915466047823,medium,Q2,2.037057675288139,"[2,4)",0.9395469427108765,0.006440927740186453,LC,P3,1,1,1,1,0.07999027520418167,0.021907152608036995,0.7000036835670471,0.07999027520418167,P3,0.9395469427108765,0.006440927740186453,P3,1,1,0,0,1,final_tp
09002200121707091431012111M_1296317500_483022700,6027,1,MC,"[486.00006103515625, 614.9996337890625, 512.9999389648438, 623.9994506835938]",242.993957541883,small,Q1,3.00004747275403,"[2,4)",0.6466726660728455,0.6104679703712463,MC,P3,1,0,1,0,0.7735142111778259,0.0,0.6367559432983398,0.7735142111778259,P3,0.6367559432983398,0.7735142111778259,P3,1,0,1,1,1,final_tp
09002200121707091431012111M_1296317500_483022700,6027,2,LC,"[460.000244140625, 669.9996337890625, 503.00006103515625, 781.9995727539062]",4815.976867686957,medium,Q2,2.604660834708996,"[2,4)",0.931061327457428,0.13802699744701385,LC,P3,1,1,1,1,0.8618447184562683,0.8618447184562683,0.843879759311676,0.8618447184562683,P4,0.843879759311676,0.8618447184562683,P4,1,1,1,1,1,final_tp
09002200121707091431012111M_1296317500_483022700,6027,3,MC,"[51.99973678588867, 739.0004272460938, 129.99986267089844, 768.0]",2261.970214791596,medium,Q2,2.689699008058864,"[2,4)",0.9056789875030518,0.7791134715080261,MC,P3,1,1,1,1,0.819195032119751,0.819195032119751,0.8648465275764465,0.819195032119751,P3,0.8648465275764465,0.819195032119751,P3,1,1,1,1,1,final_tp
09002200121707091541226858T_1295687000_482010900,6028,0,MC,"[460.00030517578125, 584.9994506835938, 481.9999084472656, 589.9996337890625]",110.00204460509121,small,Q1,4.3997595302906385,"[4,8)",0.4366174042224884,0.05455467104911804,MC,P3,0,0,0,0,0.0,0.0,0.3043038249015808,0.0554463230073452,P3,0.4204147756099701,0.024256067350506783,P3,0,0,0,0,0,raw_geometry_failure
09002200121707091541226858T_1295687000_482010900,6028,1,MC,"[108.99968719482422, 683.0003662109375, 172.99969482421875, 703.0001220703125]",1279.984527586028,medium,Q1,3.2000394444512263,"[2,4)",0.7807787656784058,0.00038831797428429127,LC,P3,1,1,1,1,0.8461595773696899,0.011669469997286797,0.7074465751647949,0.8461595773696899,P3,0.7222035527229309,0.012145208194851875,P3,1,0,1,1,1,final_tp
09002200121707091541226858T_1295687000_482010900,6028,2,AC,"[266.999755859375, 671.0, 636.000244140625, 800.0006103515625]",47601.288208305836,large,Q4,2.8604553674251707,"[2,4)",0.7463613748550415,0.00010628840391291305,TC,P4,1,0,0,0,0.00018722278764471412,0.0,0.20237283408641815,0.6611869931221008,P5,0.33383357524871826,0.0013029036344960332,P5,0,0,0,0,0,final_localization_or_assignment
09002200121707091541226858T_1295687000_482010900,6028,3,TC,"[123.00029754638672, 696.9999389648438, 253.0001678466797, 732.000244140625]",4550.035400353372,medium,Q2,3.714249840874016,"[2,4)",0.48868000507354736,0.00029914139304310083,MC,P3,0,0,0,0,0.0,0.0,0.16447167098522186,0.005006575025618076,P3,0.36428534984588623,0.0011528197210282087,P3,0,0,0,0,0,raw_geometry_failure
09002200121707091545134709S_1295248500_482605400,6148,0,LC,"[463.00006103515625, 554.999755859375, 528.9999389648438, 753.9999389648438]",13133.987792946398,large,Q3,3.0151598661663006,"[2,4)",0.8383836150169373,0.00034015989513136446,LC,P4,1,1,1,1,0.7679479718208313,0.01761665567755699,0.5590551495552063,0.7679479718208313,P4,0.7686444520950317,0.01761665567755699,P4,1,1,1,1,1,final_tp
09002200121707091656426761B_1295900100_481964800,6029,0,AC,"[0.9999451041221619, 757.0001831054688, 400.9999694824219, 1024.0]",106799.93490600027,large,Q4,1.4981284825209593,"[1,2)",0.9723681807518005,0.00011232939141336828,TP,P5,1,1,1,1,0.9576895833015442,0.9576895833015442,0.94459068775177,0.9576895833015442,P5,0.94459068775177,0.9576895833015442,P5,1,1,1,1,1,final_tp
09002200121707091656426761B_1295900100_481964800,6029,1,MC,"[955.0003051757812, 697.0, 1024.0, 721.9998168945312]",1724.9797363840044,medium,Q2,2.7600080078711513,"[2,4)",0.9806752800941467,0.0015735180350020528,MC,P3,1,1,1,1,0.7810304760932922,0.7810304760932922,0.8912538886070251,0.7810304760932922,P3,0.8912538886070251,0.7810304760932922,P3,1,1,1,1,1,final_tp
09002200121707101031054972I_1294232100_481955200,6832,0,MC,"[992.9998168945312, 668.000244140625, 1023.9993286132812, 689.00048828125]",650.9973143339157,small,Q1,1.4761500633595686,"[1,2)",0.8110791444778442,0.01463989820331335,MC,P3,1,1,1,1,0.02357647381722927,0.02357647381722927,0.7948086261749268,0.02357647381722927,P3,0.7948086261749268,0.02357647381722927,P3,1,1,0,0,1,final_tp
09002200121707101031054972I_1294232100_481955200,6832,1,LP,"[133.00018310546875, 701.9996337890625, 264.00048828125, 785.9993896484375]",11003.993652269244,large,Q3,1.559531975248719,"[1,2)",0.9493487477302551,0.00029751789406873286,LP,P3,1,1,1,1,0.8944733142852783,0.8944733142852783,0.9275558590888977,0.8944733142852783,P4,0.9275558590888977,0.8944733142852783,P4,1,1,1,1,1,final_tp
09002200121707101357248522I_1295245900_481484700,6833,0,TP,"[0.9998840689659119, 778.999755859375, 1023.9994506835938, 913.9998168945312]",138105.0047607161,large,Q4,7.577771186988577,"[4,8)",0.9585754871368408,0.41103672981262207,TP,P5,1,1,1,1,0.9156556725502014,0.9156556725502014,0.7839317321777344,0.9156556725502014,P5,0.8453224301338196,0.48615407943725586,P5,1,1,1,1,1,final_tp
09002200121707101357248522I_1295245900_481484700,6833,1,LP,"[566.99951171875, 554.0004272460938, 1023.9994506835938, 935.0001831054688]",174116.86517335474,large,Q4,1.1994756740304056,"[1,2)",0.8413165211677551,0.005014752969145775,LP,P5,1,1,1,1,0.3484019637107849,0.3484019637107849,0.10439588874578476,0.4507961571216583,P4,0.7958436608314514,0.3484019637107849,P5,1,1,1,1,1,final_tp
09002200121707101357248522I_1295245900_481484700,6833,2,LP,"[323.0003356933594, 577.999267578125, 376.0005798339844, 610.9998168945312]",1749.0371705442667,medium,Q2,1.6060412701759448,"[1,2)",0.7939189076423645,0.004754954017698765,LP,P3,1,1,1,1,0.37086132168769836,0.11374503374099731,0.6199012398719788,0.37086132168769836,P3,0.6546745300292969,0.2531225383281708,P3,1,0,1,1,1,final_tp
09002200121707101400081852I_1295245500_481575000,6834,0,TP,"[539.9996948242188, 626.999755859375, 573.000244140625, 639.0]",396.01464857161045,small,Q1,2.7499898276809147,"[2,4)",0.8527097105979919,0.11085216701030731,TP,P3,1,1,1,1,0.1847163736820221,0.11085216701030731,0.749525785446167,0.1847163736820221,P3,0.749525785446167,0.1847163736820221,P3,1,0,0,0,1,final_tp
09002200121707101400081852I_1295245500_481575000,6834,1,LP,"[137.99986267089844, 554.9998168945312, 448.9999694824219, 871.0001220703125]",98276.13348392397,large,Q4,1.0160777528709082,"[1,2)",0.9039573669433594,0.7057690024375916,LP,P5,1,1,1,1,0.8756852746009827,0.8756852746009827,0.8997464776039124,0.8756852746009827,P5,0.8997464776039124,0.8756852746009827,P5,1,1,1,1,1,final_tp
09002200121707101400081852I_1295245500_481575000,6834,2,TP,"[0.9998840689659119, 788.000244140625, 1023.9994506835938, 903.0006103515625]",117645.32550033182,large,Q4,8.895620131134942,"[8,16)",0.9254022240638733,0.14476586878299713,TP,P5,1,1,1,1,0.8760446906089783,0.8760446906089783,0.8525794148445129,0.8760446906089783,P5,0.8525794148445129,0.8760446906089783,P5,1,1,1,1,1,final_tp
09002200121707101403451992I_1295248000_481687900,6835,0,TC,"[1.0004425048828125, 773.000732421875, 314.0003356933594, 836.0001831054688]",19718.82037360221,large,Q3,4.968295350727535,"[4,8)",0.8881044387817383,0.004445295315235853,TC,P4,1,1,1,1,0.8446070551872253,0.8446070551872253,0.8399094343185425,0.8446070551872253,P4,0.8399094343185425,0.8446070551872253,P4,1,1,1,1,1,final_tp
09002200121707101403451992I_1295248000_481687900,6835,1,TC,"[516.0001831054688, 689.9993896484375, 695.0006103515625, 708.9996948242188]",3401.06274427101,medium,Q2,9.420923800437519,"[8,16)",0.7601473927497864,0.07666857540607452,TC,P3,1,1,1,1,0.12278151512145996,0.10534334927797318,0.6438063979148865,0.12278151512145996,P3,0.6598863005638123,0.019377434626221657,P4,1,0,0,0,1,final_tp
09002200121707101403451992I_1295248000_481687900,6835,2,TC,"[0.9999451041221619, 655.9994506835938, 383.00006103515625, 706.9998168945312]",19482.146118208766,large,Q3,7.4901446881843965,"[4,8)",0.8512226343154907,0.18420320749282837,TC,P4,1,1,1,1,0.8302797675132751,0.18420320749282837,0.5016299486160278,0.8302797675132751,P5,0.8512226343154907,0.18420320749282837,P4,1,1,1,1,1,final_tp
09002200121707101403451992I_1295248000_481687900,6835,3,P,"[849.0004272460938, 956.0003051757812, 888.0006103515625, 977.0006103515625]",819.0157471261919,small,Q1,1.8571245883819816,"[1,2)",0.8808141946792603,0.6310509443283081,P,P3,1,1,1,1,0.7653099894523621,0.7653099894523621,0.8536047339439392,0.7653099894523621,P3,0.8536047339439392,0.7653099894523621,P3,1,1,1,1,1,final_tp
09002200121707101407216064C_1295945900_483209400,6030,0,TC,"[868.0001831054688, 752.9994506835938, 923.0004272460938, 787.9998168945312]",1925.0286866128445,medium,Q2,1.5714191048503259,"[1,2)",0.8426119089126587,0.33921578526496887,TC,P3,1,1,1,1,0.47712188959121704,0.47712188959121704,0.8165529370307922,0.47712188959121704,P3,0.8165529370307922,0.47712188959121704,P3,1,1,1,1,1,final_tp
09002200121707101407216064C_1295945900_483209400,6030,1,MC,"[742.0000610351562, 599.0000610351562, 779.0004272460938, 609.0004272460938]",370.01721204817295,small,Q1,3.6999011266677244,"[2,4)",0.8771985769271851,0.5040909647941589,MC,P3,1,1,1,1,0.5429165363311768,0.5429165363311768,0.8300542235374451,0.5429165363311768,P3,0.8300542235374451,0.5429165363311768,P3,1,1,1,1,1,final_tp
09002200121707101407216064C_1295945900_483209400,6030,2,MC,"[462.0001525878906, 646.0001220703125, 519.0001220703125, 662.0000610351562]",911.9960327167064,small,Q1,3.562511682554941,"[2,4)",0.9033424854278564,0.015649914741516113,MC,P3,1,1,1,1,0.6517058610916138,0.40803995728492737,0.5863664150238037,0.6517058610916138,P3,0.8712304830551147,0.40803995728492737,P3,1,1,1,1,1,final_tp
09002200121707101407216064C_1295945900_483209400,6030,3,TC,"[785.0, 675.000244140625, 872.0, 696.9999389648438]",1913.9734497070312,medium,Q2,3.954600311283615,"[2,4)",0.7901512980461121,0.02242513932287693,TC,P3,1,1,1,1,0.43857359886169434,0.10910762846469879,0.7187128663063049,0.43857359886169434,P3,0.7187128663063049,0.43857359886169434,P3,1,0,1,1,1,final_tp
09002200121707101614492422I_1295241000_481420100,6836,0,TC,"[37.00019454956055, 693.000244140625, 979.9998168945312, 761.0000610351562]",64123.802429266274,large,Q4,13.867679015248957,"[8,16)",0.9218413829803467,0.009075118228793144,TP,P5,1,1,1,1,0.07391972094774246,0.07391972094774246,0.21196261048316956,0.22732029855251312,P4,0.8777803778648376,0.01227127481251955,P5,1,1,0,0,1,final_tp
09002200121707101614492422I_1295241000_481420100,6836,1,LC,"[574.0001220703125, 600.9999389648438, 659.0004272460938, 746.0004272460938]",12325.085754543543,large,Q3,1.7058819727927792,"[1,2)",0.9084506630897522,0.00017289354582317173,LC,P3,1,1,1,1,0.018141184002161026,0.015234221704304218,0.31002184748649597,0.08562523871660233,P3,0.7477907538414001,0.018141184002161026,P4,1,0,0,0,1,final_tp
09002200121707101614492422I_1295241000_481420100,6836,2,LC,"[935.0, 817.00048828125, 1024.0, 860.0003051757812]",3826.9837036132812,medium,Q2,2.069776255519802,"[2,4)",0.9295368194580078,0.0009351042099297047,LC,P3,1,1,1,1,0.22058947384357452,0.22058947384357452,0.9010821580886841,0.22058947384357452,P3,0.9010821580886841,0.22058947384357452,P3,1,1,0,0,1,final_tp
09002200121707101614492422I_1295241000_481420100,6836,3,LC,"[627.000244140625, 760.0005493164062, 790.0006713867188, 945.00048828125]",30155.069091770798,large,Q4,1.134965975797939,"[1,2)",0.8488054275512695,6.871744699310511e-05,P,P4,1,1,1,1,0.18571755290031433,0.057300981134176254,0.3985973596572876,0.35611268877983093,P5,0.7080305814743042,0.027198296040296555,P4,1,0,0,0,1,final_tp
09002200121707101618561212I_1295232400_481310000,6837,0,LP,"[0.9999451041221619, 639.0006713867188, 425.9999084472656, 974.0001220703125]",142374.75631715544,large,Q4,1.2686587056043666,"[1,2)",0.9177190065383911,0.0019144890829920769,LP,P5,1,1,1,1,0.9642133712768555,0.9642133712768555,0.8418912887573242,0.9642133712768555,P5,0.8418912887573242,0.9642133712768555,P5,1,1,1,1,1,final_tp
09002200121707101620572462I_1295234800_481201200,6838,0,LP,"[568.0000610351562, 608.9994506835938, 783.0001220703125, 949.9996337890625]",73315.06018067524,large,Q4,1.5860469130271981,"[1,2)",0.977371335029602,0.9570960402488708,LP,P5,1,1,1,1,0.974932849407196,0.974932849407196,0.9719113707542419,0.974932849407196,P5,0.9719113707542419,0.974932849407196,P5,1,1,1,1,1,final_tp
09002200121707101639521732I_1295236300_481326400,6839,0,LP,"[0.9999451041221619, 569.00048828125, 472.0, 976.00048828125]",191697.0248413086,large,Q4,1.1572483072116861,"[1,2)",0.9706042408943176,0.7237961888313293,LP,P5,1,1,1,1,0.7787948250770569,0.7787948250770569,0.9576473236083984,0.7787948250770569,P5,0.9576473236083984,0.7787948250770569,P5,1,1,1,1,1,final_tp
09002200121707101639521732I_1295236300_481326400,6839,1,TP,"[384.00048828125, 786.0003662109375, 820.0001831054688, 841.00048828125]",23980.03643795103,large,Q4,7.927249584406995,"[4,8)",0.940606951713562,0.012089811265468597,TP,P5,1,1,1,1,0.7770640254020691,0.7770640254020691,0.9090440273284912,0.7770640254020691,P5,0.9090440273284912,0.7770640254020691,P5,1,1,1,1,1,final_tp
09002200121707111016308448T_1295699800_481897000,6840,0,MC,"[72.00000762939453, 775.0005493164062, 173.00018310546875, 813.0001831054688]",3837.9696807218716,medium,Q2,2.6579249694018174,"[2,4)",0.9308681488037109,0.0036555402912199497,MC,P3,1,1,1,1,0.8484153151512146,0.8484153151512146,0.8081480264663696,0.8484153151512146,P3,0.8081480264663696,0.8484153151512146,P3,1,1,1,1,1,final_tp
09002200121707111016308448T_1295699800_481897000,6840,1,MC,"[428.9997253417969, 771.0003051757812, 510.0000915527344, 803.0003051757812]",2592.01171875,medium,Q2,2.531261444091797,"[2,4)",0.9008290767669678,0.056378819048404694,MC,P3,1,1,1,1,0.8725733757019043,0.8725733757019043,0.833043098449707,0.8725733757019043,P3,0.833043098449707,0.8725733757019043,P3,1,1,1,1,1,final_tp
09002200121707111016308448T_1295699800_481897000,6840,2,TP,"[834.9998168945312, 962.0004272460938, 993.9993286132812, 1021.0001831054688]",9380.932373166084,large,Q3,2.694918129792314,"[2,4)",0.893136203289032,3.6924786400049925e-05,LC,P3,1,1,0,0,8.805377001408488e-05,4.609349343809299e-05,0.1253598928451538,0.0005148061900399625,P5,0.0,0.005106570664793253,P4,0,0,0,0,0,confidence_filter_loss
09002200121707111016308448T_1295699800_481897000,6840,3,TP,"[112.99993896484375, 957.9996948242188, 189.0001983642578, 991.9996337890625]",2584.0041808923706,medium,Q2,2.235305759754423,"[2,4)",0.7178560495376587,1.5225631614157464e-05,LC,P3,1,0,0,0,2.211537503171712e-05,0.0,0.3418187201023102,0.005106570664793253,P4,0.3418187201023102,0.005106570664793253,P4,0,0,0,0,0,final_localization_or_assignment
09002200121707111110472472Q_1296216900_483044100,6031,0,AC,"[430.99957275390625, 672.0005493164062, 551.99951171875, 795.0003051757812]",14882.962951675057,large,Q3,1.0165274206883055,"[1,2)",0.8784592151641846,0.000980227254331112,AC,P4,1,1,1,1,0.772550106048584,0.015142600052058697,0.6338265538215637,0.772550106048584,P5,0.6338265538215637,0.772550106048584,P5,1,0,1,1,1,final_tp
09002200121707111110472472Q_1296216900_483044100,6031,1,TC,"[462.0001525878906, 653.9996337890625, 540.0003051757812, 662.9994506835938]",701.9870910365134,small,Q1,8.666859948593789,"[8,16)",0.8961406350135803,0.22014574706554413,TC,P3,1,1,1,1,0.23422612249851227,0.23422612249851227,0.8028392195701599,0.23422612249851227,P3,0.8028392195701599,0.23422612249851227,P3,1,1,0,0,1,final_tp
09002200121707111110472472Q_1296216900_483044100,6031,2,MC,"[0.9999328851699829, 754.9998168945312, 41.999874114990234, 788.9996948242188]",1393.993049628567,medium,Q1,1.205884999479404,"[1,2)",0.8930925130844116,0.41473978757858276,MC,P3,1,1,1,1,0.8369331955909729,0.8369331955909729,0.8301551938056946,0.8369331955909729,P3,0.8301551938056946,0.8369331955909729,P3,1,1,1,1,1,final_tp
09002200121707111129162532Q_1296198900_482997200,6032,0,LC,"[603.999755859375, 605.9996337890625, 744.0001220703125, 792.9994506835938]",26180.042846612632,large,Q4,1.3357094838793495,"[1,2)",0.8707138895988464,0.00017393394955433905,LC,P4,1,1,1,1,0.9508254528045654,0.9508254528045654,0.8503665328025818,0.9508254528045654,P4,0.8503665328025818,0.9508254528045654,P4,1,1,1,1,1,final_tp
09002200121707111138596042Q_1296136100_483041900,6033,0,TC,"[279.00006103515625, 716.000244140625, 591.0005493164062, 744.9999389648438]",9047.918945163488,medium,Q3,10.758750744531508,"[8,16)",0.840410590171814,0.0032255123369395733,TC,P3,1,1,1,1,0.6090530753135681,0.6090530753135681,0.803735613822937,0.6090530753135681,P4,0.803735613822937,0.6090530753135681,P4,1,1,1,1,1,final_tp
09002200121707111138596042Q_1296136100_483041900,6033,1,LC,"[536.0000610351562, 592.9999389648438, 552.0, 783.9994506835938]",3055.9805298149586,medium,Q2,11.937515020427782,"[8,16)",0.9341524839401245,0.012033971957862377,LC,P4,1,1,1,1,0.561650812625885,0.561650812625885,0.8246467113494873,0.561650812625885,P4,0.8246467113494873,0.561650812625885,P4,1,1,1,1,1,final_tp
09002200121707111140014532Q_1296190200_483040600,6034,0,LC,"[265.0004577636719, 651.9996948242188, 360.0, 703.0001220703125]",4845.017242236063,medium,Q2,1.862720517573789,"[1,2)",0.7647011280059814,0.020350292325019836,LC,P3,1,1,1,1,0.03189069777727127,0.020350292325019836,0.3885767161846161,0.6784351468086243,P4,0.7578962445259094,0.005087646655738354,P3,1,1,0,0,1,final_tp
09002200121707111140014532Q_1296190200_483040600,6034,1,TC,"[346.99981689453125, 665.0, 734.0001831054688, 682.9998779296875]",6965.959350541234,medium,Q3,21.500166152385475,"[16,inf)",0.9190912842750549,0.3194432854652405,TC,P4,1,1,1,1,0.39835867285728455,0.39835867285728455,0.9170586466789246,0.39835867285728455,P4,0.9170586466789246,0.39835867285728455,P4,1,1,1,1,1,final_tp
09002200121707111140014532Q_1296190200_483040600,6034,2,MC,"[152.00048828125, 679.0, 213.0001678466797, 696.9999389648438]",1097.990509052761,medium,Q1,3.388882578133742,"[2,4)",0.897609531879425,0.8470039963722229,MC,P3,1,1,1,1,0.8889058232307434,0.8889058232307434,0.8753505349159241,0.8889058232307434,P3,0.8753505349159241,0.8889058232307434,P3,1,1,1,1,1,final_tp
09002200121707111221423492Q_1296216400_482887600,6035,0,TC,"[276.9997253417969, 674.0004272460938, 644.9996948242188, 694.0001220703125]",7359.887084970251,medium,Q3,18.40027924010071,"[16,inf)",0.8604808449745178,0.15145345032215118,TC,P4,1,1,1,1,0.19299635291099548,0.19299635291099548,0.8046818375587463,0.19299635291099548,P4,0.8046818375587463,0.19299635291099548,P4,1,1,0,0,1,final_tp
09002200121707111221423492Q_1296216400_482887600,6035,1,TC,"[1.000457763671875, 643.999755859375, 193.00047302246094, 690.9993286132812]",9023.918685906567,medium,Q3,4.0851438429901785,"[4,8)",0.8816407322883606,0.012818667106330395,TC,P4,1,1,1,1,0.7106345891952515,0.3739287257194519,0.7034798264503479,0.7106345891952515,P4,0.8215118646621704,0.06674085557460785,P4,1,1,1,1,1,final_tp
09002200121707111221423492Q_1296216400_482887600,6035,2,MC,"[207.99949645996094, 673.9999389648438, 262.99957275390625, 691.0004272460938]",935.0281525030732,small,Q1,3.23520568256886,"[2,4)",0.881191611289978,0.7299813032150269,MC,P3,1,1,1,1,0.8784201741218567,0.8784201741218567,0.84752357006073,0.8784201741218567,P3,0.84752357006073,0.8784201741218567,P3,1,1,1,1,1,final_tp
09002200121707111323485322Q_1296202500_482990800,6036,0,MC,"[409.0003967285156, 589.000244140625, 439.9999694824219, 594.9998168945312]",185.98419207707047,small,Q1,5.166963386471611,"[4,8)",0.9005880951881409,0.7763180732727051,MC,P3,1,1,1,1,0.7763180732727051,0.7763180732727051,0.9005880951881409,0.7763180732727051,P3,0.9005880951881409,0.7763180732727051,P3,1,1,1,1,1,final_tp
09002200121707111323485322Q_1296202500_482990800,6036,1,LC,"[88.99993133544922, 644.9995727539062, 426.0003967285156, 809.9999389648438]",55605.198944259435,large,Q4,2.0424224836740565,"[2,4)",0.9372161626815796,0.11017395555973053,LC,P5,1,1,1,1,0.4114229679107666,0.27719324827194214,0.7440615892410278,0.4114229679107666,P5,0.8043825626373291,0.1527589112520218,P5,1,1,1,1,1,final_tp
09002200121707111323485322Q_1296202500_482990800,6036,2,LC,"[542.9995727539062, 657.00048828125, 574.9995727539062, 792.00048828125]",4320.0,medium,Q2,4.21875,"[4,8)",0.924380362033844,0.0015550546813756227,LC,P5,1,1,1,1,0.6827669143676758,0.5819296836853027,0.6692858338356018,0.6827669143676758,P3,0.8711760640144348,0.06028270348906517,P3,1,1,1,1,1,final_tp
09002200121707121158446862M_1296283900_483175000,6037,0,LC,"[754.999755859375, 762.0004272460938, 820.0003051757812, 801.00048828125]",2535.0253906585276,medium,Q2,1.6666781433447526,"[1,2)",0.7959331274032593,0.0009716418571770191,LC,P3,1,1,1,1,0.031427524983882904,0.003240094054490328,0.7177738547325134,0.031427524983882904,P3,0.7177738547325134,0.031427524983882904,P3,1,0,0,0,1,final_tp
09002200121707121158446862M_1296283900_483175000,6037,1,LP,"[20.999685287475586, 769.9999389648438, 129.99937438964844, 844.0001220703125]",8065.99681085581,medium,Q3,1.4729651011737692,"[1,2)",0.8782992959022522,5.358562702895142e-05,LP,P3,1,1,0,0,0.0005286013474687934,5.358562702895142e-05,0.3100135326385498,0.4699801504611969,P4,0.3100135326385498,0.4699801504611969,P4,0,0,0,0,0,confidence_filter_loss
09002200121707121158446862M_1296283900_483175000,6037,2,LP,"[561.9999389648438, 629.0001831054688, 629.0003051757812, 789.000244140625]",10720.06268312782,large,Q3,2.388047559791352,"[2,4)",0.9229041337966919,0.00833722110837698,LP,P4,1,1,1,1,0.8648340106010437,0.8648340106010437,0.8739976286888123,0.8648340106010437,P4,0.8739976286888123,0.8648340106010437,P4,1,1,1,1,1,final_tp
09002200121707121158446862M_1296283900_483175000,6037,3,LC,"[747.0003051757812, 648.00048828125, 816.0006103515625, 698.0003662109375]",3450.006835900247,medium,Q2,1.3800094726793766,"[1,2)",0.8988987803459167,0.04242371767759323,LC,P3,1,1,1,1,0.39236342906951904,0.39236342906951904,0.796394407749176,0.39236342906951904,P3,0.796394407749176,0.39236342906951904,P3,1,1,1,1,1,final_tp
09002200121707121158446862M_1296283900_483175000,6037,4,LP,"[321.00042724609375, 616.00048828125, 403.0003356933594, 677.0001831054688]",5001.96939089708,medium,Q2,1.344267519428788,"[1,2)",0.9452812075614929,0.007044060155749321,LP,P3,1,1,1,1,0.7808234691619873,0.7808234691619873,0.9296635389328003,0.7808234691619873,P4,0.9296635389328003,0.7808234691619873,P4,1,1,1,1,1,final_tp
09002200121707121158446862M_1296283900_483175000,6037,5,LP,"[140.00027465820312, 701.9996337890625, 286.0001220703125, 781.9995727539062]",11679.97888184525,large,Q3,1.8249994850154763,"[1,2)",0.652836263179779,0.00016513392620254308,LP,P4,1,0,1,0,0.011646493338048458,0.0,0.21664942800998688,0.33149009943008423,P5,0.5142738819122314,0.011646493338048458,P4,1,0,0,0,1,final_tp
09002200121707121158446862M_1296283900_483175000,6037,6,TP,"[817.00048828125, 694.9995727539062, 984.00048828125, 706.9998168945312]",2004.040771484375,medium,Q2,13.916383537118792,"[8,16)",0.8194157481193542,0.2869844436645508,TP,P3,1,1,1,1,0.30428346991539,0.30428346991539,0.795696496963501,0.30428346991539,P3,0.795696496963501,0.30428346991539,P3,1,1,1,1,1,final_tp
09002200121707131020435729S_1295310800_483011700,6149,0,LC,"[400.00006103515625, 597.9996948242188, 478.9996032714844, 807.0]",16510.9284361396,large,Q3,2.6455888130408933,"[2,4)",0.9592571258544922,0.6839614510536194,LC,P4,1,1,1,1,0.8747715950012207,0.8747715950012207,0.9433231949806213,0.8747715950012207,P4,0.9433231949806213,0.8747715950012207,P4,1,1,1,1,1,final_tp
09002200121707131403056739S_1294786300_482203000,6841,0,TP,"[732.9996948242188, 764.000244140625, 825.9993286132812, 807.0]",3998.9615479409695,medium,Q2,2.162794460815207,"[2,4)",0.9515146017074585,0.0018438245169818401,TP,P4,1,1,1,1,0.9016504883766174,0.9016504883766174,0.9209203720092773,0.9016504883766174,P3,0.9209203720092773,0.9016504883766174,P3,1,1,1,1,1,final_tp
09002200121707131403056739S_1294786300_482203000,6841,1,MC,"[520.9999389648438, 616.0000610351562, 560.0, 624.9999389648438]",350.99578856676817,small,Q1,4.333398890501445,"[4,8)",0.7705050706863403,0.004841764457523823,MC,P3,1,1,1,1,0.4848562180995941,0.4047243297100067,0.7111009359359741,0.4848562180995941,P3,0.7111009359359741,0.4848562180995941,P3,1,0,1,1,1,final_tp
09002200121707131403056739S_1294786300_482203000,6841,2,TP,"[606.0001220703125, 614.9996337890625, 737.9999389648438, 623.9994506835938]",1187.9741821624339,medium,Q1,14.666944721368843,"[8,16)",0.4881764352321625,0.003520471276715398,TP,P3,0,0,0,0,0.0,0.0,0.26098132133483887,0.10469403862953186,P3,0.4881764352321625,0.003520471276715398,P3,0,0,0,0,0,raw_geometry_failure
09002200121707131403056739S_1294786300_482203000,6841,3,LP,"[565.000244140625, 574.0001220703125, 1024.0, 855.0001220703125]",128978.93139648438,large,Q4,1.6334510884675266,"[1,2)",0.9864187836647034,0.9216929078102112,LP,P5,1,1,1,1,0.9469622373580933,0.9469622373580933,0.9719043970108032,0.9469622373580933,P5,0.9719043970108032,0.9469622373580933,P5,1,1,1,1,1,final_tp
09002200121901200926112092K_1296257400_483122000,6038,0,LC,"[3.999743700027466, 676.0003051757812, 440.9999694824219, 870.0001220703125]",84777.96142574213,large,Q4,2.2525805468188858,"[2,4)",0.5852307081222534,0.00023229933867696673,AC,P5,1,0,0,0,0.000370459834812209,0.0,0.10270407795906067,0.0007222193526104093,P4,0.07937858998775482,0.0014146192697808146,P4,0,0,0,0,0,final_localization_or_assignment
09002200121901201024133982Q_1295841000_482006800,6039,0,LP,"[546.9998168945312, 680.00048828125, 573.000244140625, 915.0003051757812]",6110.095642011613,medium,Q3,9.038305973600382,"[8,16)",0.9291213750839233,0.00018539199663791806,LP,P3,1,1,1,1,0.7982747554779053,0.7982747554779053,0.7773343324661255,0.7982747554779053,P5,0.7773343324661255,0.7982747554779053,P5,1,1,1,1,1,final_tp
09002200121901201024133982Q_1295841000_482006800,6039,1,TP,"[330.9997863769531, 675.000244140625, 615.9995727539062, 693.000244140625]",5129.996154785156,medium,Q2,15.833321465386284,"[8,16)",0.5793096423149109,0.031377412378787994,TP,P3,1,0,1,0,0.05271954461932182,0.0,0.28581133484840393,0.08125060796737671,P5,0.5743470191955566,0.05271954461932182,P3,1,0,0,0,1,final_tp
09002200121901201045145662K_1296136500_483322000,6040,0,LP,"[482.0003967285156, 528.0, 495.0, 552.9999389648438]",324.9892883542925,small,Q1,1.923130917362919,"[1,2)",0.7712293267250061,0.08593685925006866,LP,P3,1,1,1,1,0.2663222551345825,0.2663222551345825,0.7702513337135315,0.2663222551345825,P3,0.7702513337135315,0.2663222551345825,P3,1,1,1,1,1,final_tp
09002200121901201045145662K_1296136500_483322000,6040,1,LP,"[381.0002136230469, 671.9999389648438, 518.0001220703125, 807.0001220703125]",18495.012725813314,large,Q3,1.0148127602185146,"[1,2)",0.935594379901886,0.9052548408508301,LP,P4,1,1,1,1,0.9276825785636902,0.9276825785636902,0.9343752264976501,0.9276825785636902,P4,0.9343752264976501,0.9276825785636902,P4,1,1,1,1,1,final_tp
09002200121901201057451662Q_1295841800_481977800,6041,0,TP,"[530.9996948242188, 673.9994506835938, 763.999755859375, 685.9995727539062]",2796.029174812138,medium,Q2,19.41647423833986,"[16,inf)",0.9024756550788879,0.23218515515327454,TP,P4,1,1,1,1,0.23319299519062042,0.23319299519062042,0.8978524208068848,0.23319299519062042,P4,0.8978524208068848,0.23319299519062042,P4,1,1,0,0,1,final_tp
09002200121901201057451662Q_1295841800_481977800,6041,1,LP,"[489.9993591308594, 666.999755859375, 531.9998168945312, 702.9995727539062]",1512.008788978681,medium,Q2,1.1666853163926005,"[1,2)",0.6670423150062561,0.014918256551027298,LP,P3,1,0,1,0,0.014918256551027298,0.0,0.16109925508499146,0.12066330760717392,P3,0.6670423150062561,0.014918256551027298,P3,1,0,0,0,1,final_tp
09002200121901201151526292K_1295907900_483319900,6042,0,LC,"[421.0002136230469, 609.9998168945312, 496.0, 791.0001220703125]",13574.984222346917,large,Q3,2.4133442762898496,"[2,4)",0.852472722530365,0.0014020877424627542,LC,P3,1,1,1,1,0.8827890753746033,0.8827890753746033,0.7987169027328491,0.8827890753746033,P4,0.7987169027328491,0.8827890753746033,P4,1,1,1,1,1,final_tp
09002200121901201205427912K_1295992900_483321200,6043,0,LC,"[690.0004272460938, 647.9995727539062, 948.0001831054688, 835.9998168945312]",48504.017089784145,large,Q4,1.372337344766372,"[1,2)",0.9705231189727783,0.5157878398895264,LC,P4,1,1,1,1,0.9453351497650146,0.9453351497650146,0.9209921956062317,0.9453351497650146,P5,0.9209921956062317,0.9453351497650146,P5,1,1,1,1,1,final_tp
09002200121901201205427912K_1295992900_483321200,6043,1,LC,"[797.9996337890625, 630.0006713867188, 1023.9996337890625, 723.0003051757812]",21017.917236328125,large,Q4,2.430117096080215,"[2,4)",0.847872257232666,0.006213202141225338,LC,P4,1,1,1,1,0.006213202141225338,0.006213202141225338,0.47419804334640503,0.2377670258283615,P4,0.847872257232666,0.006213202141225338,P4,1,1,0,0,1,final_tp
09002200121901201240460582K_1296213800_483111600,6044,0,TC,"[285.0007019042969, 760.00048828125, 741.000244140625, 782.0001220703125]",10031.822937179357,large,Q3,20.727596950410884,"[16,inf)",0.9318400621414185,0.024302653968334198,TC,P4,1,1,1,1,0.7601213455200195,0.7601213455200195,0.8194668292999268,0.7601213455200195,P5,0.8194668292999268,0.7601213455200195,P5,1,1,1,1,1,final_tp
09002200121901201336205082K_1296053200_483189600,6045,0,LC,"[536.00048828125, 662.9999389648438, 593.0005493164062, 755.9999389648438]",5301.005676269531,medium,Q2,1.631577200288257,"[1,2)",0.87021404504776,0.19330495595932007,LC,P3,1,1,1,1,0.5345818996429443,0.5345818996429443,0.7608299255371094,0.5345818996429443,P4,0.7798520922660828,0.019757352769374847,P3,1,1,1,1,1,final_tp
09002200121901201344271162L_1295281600_482059700,6842,0,LP,"[438.0000915527344, 820.0003051757812, 457.9999084472656, 897.0]",1539.9797974191606,medium,Q2,3.8500199891966784,"[2,4)",0.9057716131210327,0.23483188450336456,LP,P3,1,1,1,1,0.6102039813995361,0.6102039813995361,0.7531771063804626,0.6102039813995361,P4,0.7531771063804626,0.6102039813995361,P4,1,1,1,1,1,final_tp
09002200121901201344271162L_1295281600_482059700,6842,1,TP,"[253.0006866455078, 683.9998168945312, 844.0001831054688, 792.9994506835938]",64418.7303468585,large,Q4,5.422032085561497,"[4,8)",0.7355690598487854,0.007253644987940788,TP,P5,1,0,1,0,0.11343208700418472,0.0,0.1900269240140915,0.5013816356658936,P4,0.598638117313385,0.11343208700418472,P5,1,0,0,0,1,final_tp
09002200121901201344271162L_1295281600_482059700,6842,2,LP,"[64.9994125366211, 604.9996337890625, 469.9996032714844, 1024.0]",169695.22503668815,large,Q4,1.0345683377180668,"[1,2)",0.924532413482666,0.9809203147888184,LP,P5,1,1,1,1,0.9809203147888184,0.9809203147888184,0.924532413482666,0.9809203147888184,P5,0.924532413482666,0.9809203147888184,P5,1,1,1,1,1,final_tp
09002200121901201346498812L_1295278400_482206300,6150,0,TP,"[325.000732421875, 638.99951171875, 708.0003051757812, 655.9999389648438]",6511.156371887773,medium,Q3,22.528820435492847,"[16,inf)",0.9242609739303589,0.020642537623643875,TP,P4,1,1,1,1,0.6909539103507996,0.6909539103507996,0.8227738738059998,0.6909539103507996,P4,0.8227738738059998,0.6909539103507996,P4,1,1,1,1,1,final_tp
09002200121901201346498812L_1295278400_482206300,6150,1,TP,"[503.00006103515625, 584.0, 574.9995727539062, 589.0001831054688]",360.01074209809303,small,Q1,14.399375022887346,"[8,16)",0.6969251036643982,0.33942142128944397,TP,P3,1,0,1,0,0.36717718839645386,0.0,0.46205008029937744,0.4356740713119507,P3,0.554248034954071,0.36717718839645386,P3,1,0,1,1,1,final_tp
09002200121901201346498812L_1295278400_482206300,6150,2,LP,"[578.0004272460938, 586.999755859375, 683.0004272460938, 789.0001831054688]",21210.044860839844,large,Q4,1.9238135928199405,"[1,2)",0.979347288608551,0.7926400303840637,LP,P4,1,1,1,1,0.9088757634162903,0.9088757634162903,0.9590296149253845,0.9088757634162903,P4,0.9590296149253845,0.9088757634162903,P4,1,1,1,1,1,final_tp
09002200121901201346498812L_1295278400_482206300,6150,3,TP,"[604.9996948242188, 627.9996948242188, 696.9999389648438, 631.9994506835938]",367.97851556539536,small,Q1,23.001464933162424,"[16,inf)",0.2292807251214981,0.010630317032337189,TP,P3,0,0,0,0,0.0,0.0,0.12670370936393738,0.08934859186410904,P3,0.2292807251214981,0.010630317032337189,P3,0,0,0,0,0,raw_geometry_failure
09002200121901201347012222L_1295278000_482224200,6151,0,LP,"[722.9996948242188, 713.00048828125, 809.9999389648438, 804.0001831054688]",7916.9956664294,medium,Q3,1.0459705685093152,"[1,2)",0.918674111366272,0.9161003232002258,LP,P4,1,1,1,1,0.9569830298423767,0.9569830298423767,0.9124390482902527,0.9569830298423767,P4,0.9124390482902527,0.9569830298423767,P4,1,1,1,1,1,final_tp
09002200121901201347012222L_1295278000_482224200,6151,1,TP,"[362.9998474121094, 636.000244140625, 665.9993286132812, 653.0006713867188]",5151.120635764673,medium,Q2,17.823050963074657,"[16,inf)",0.9040147066116333,0.007370620965957642,TP,P4,1,1,1,1,0.37849587202072144,0.23944398760795593,0.6652804017066956,0.37849587202072144,P3,0.8134066462516785,0.2120441198348999,P4,1,1,1,1,1,final_tp
09002200121901201347012222L_1295278000_482224200,6151,2,LP,"[613.0001831054688, 585.9998168945312, 652.0003051757812, 608.9999389648438]",897.0075683742762,small,Q1,1.6956484818248885,"[1,2)",0.8297861218452454,0.4745388925075531,LP,P3,1,1,1,1,0.8604795932769775,0.8604795932769775,0.7706797122955322,0.8604795932769775,P3,0.7706797122955322,0.8604795932769775,P3,1,1,1,1,1,final_tp
09002200121901201348408502L_1295276000_482398700,6152,0,LP,"[580.0001831054688, 537.9999389648438, 667.0003662109375, 774.99951171875]",20619.006225507706,large,Q4,2.72412728679658,"[2,4)",0.8240935802459717,1.3567458154284395e-05,AC,P4,1,1,1,1,0.9070563912391663,0.9070563912391663,0.8096790909767151,0.9070563912391663,P4,0.8096790909767151,0.9070563912391663,P4,1,1,1,1,1,final_tp
09002200121901201349080892L_1295279200_482415600,6153,0,LP,"[607.0006713867188, 555.9998779296875, 814.0001220703125, 938.9992065429688]",79280.65063513443,large,Q4,1.8502432124745576,"[1,2)",0.9333638548851013,0.9003697633743286,LP,P5,1,1,1,1,0.9003697633743286,0.9003697633743286,0.9333638548851013,0.9003697633743286,P5,0.9333638548851013,0.9003697633743286,P5,1,1,1,1,1,final_tp
09002200121901201350102202L_1295295500_482429600,6154,0,LP,"[643.000244140625, 622.0001831054688, 703.00048828125, 703.0006103515625]",4860.045410260558,medium,Q2,1.350001627597544,"[1,2)",0.9388654828071594,0.0019752925727516413,LP,P3,1,1,1,1,0.9209442138671875,0.9209442138671875,0.9006385803222656,0.9209442138671875,P3,0.9006385803222656,0.9209442138671875,P3,1,1,1,1,1,final_tp
09002200121901201350351562L_1295312000_482431900,6155,0,LP,"[578.9996948242188, 560.0004272460938, 747.999755859375, 804.0001831054688]",41235.9736327976,large,Q4,1.4437850161995913,"[1,2)",0.9114363789558411,0.0006787138408981264,LP,P5,1,1,1,1,0.9401331543922424,0.9401331543922424,0.8893868327140808,0.9401331543922424,P4,0.8893868327140808,0.9401331543922424,P4,1,1,1,1,1,final_tp
09002200121901201351317032L_1295343400_482435400,6156,0,TP,"[375.00006103515625, 583.0000610351562, 424.9999694824219, 590.0001220703125]",350.00241088308394,small,Q1,7.142781783780484,"[4,8)",0.5058066248893738,0.33734357357025146,TP,P3,1,0,1,0,0.33734357357025146,0.0,0.5058066248893738,0.33734357357025146,P3,0.5058066248893738,0.33734357357025146,P3,1,0,1,1,1,final_tp
09002200121901201351317032L_1295343400_482435400,6156,1,LP,"[526.0001220703125, 664.0, 600.00048828125, 829.0001831054688]",12210.07397467643,large,Q3,2.229721169691741,"[2,4)",0.8451080918312073,2.5980463760788552e-05,AC,P4,1,1,1,1,0.9213739633560181,0.9213739633560181,0.810541033744812,0.9213739633560181,P4,0.810541033744812,0.9213739633560181,P4,1,1,1,1,1,final_tp
09002200121901201351317032L_1295343400_482435400,6156,2,TP,"[161.99986267089844, 677.9996337890625, 467.999755859375, 745.9994506835938]",20807.935668967664,large,Q4,4.500010322149808,"[4,8)",0.9775776863098145,0.6954729557037354,TP,P4,1,1,1,1,0.907378077507019,0.907378077507019,0.959028422832489,0.907378077507019,P4,0.959028422832489,0.907378077507019,P4,1,1,1,1,1,final_tp
09002200121901201352181052L_1295366000_482470300,6157,0,LP,"[597.0001831054688, 580.0001831054688, 831.0006103515625, 805.0007934570312]",52650.23895289749,large,Q4,1.0399990776934742,"[1,2)",0.9510518312454224,0.0004713963426183909,LP,P4,1,1,1,1,0.9149003624916077,0.9149003624916077,0.940468430519104,0.9149003624916077,P5,0.940468430519104,0.9149003624916077,P5,1,1,1,1,1,final_tp
09002200121901201352181052L_1295366000_482470300,6157,1,TP,"[335.0000915527344, 654.0001831054688, 792.0, 679.0]",11424.914031999186,large,Q3,18.280130225563177,"[16,inf)",0.7214268445968628,0.05473725125193596,TP,P4,1,0,1,0,0.23725731670856476,0.0,0.3022441864013672,0.32984858751296997,P3,0.7214268445968628,0.05473725125193596,P4,1,0,0,0,1,final_tp
09002200121901201352181052L_1295366000_482470300,6157,2,TP,"[598.0001220703125, 609.9999389648438, 685.000244140625, 617.9993896484375]",695.953185968101,small,Q1,10.875762038103813,"[8,16)",0.4486237168312073,0.0008346177055500448,LP,P3,0,0,0,0,0.0,0.0,0.13699883222579956,0.002443866804242134,P3,0.35020989179611206,0.001209335052408278,P3,0,0,0,0,0,raw_geometry_failure
09002200121901201352181052L_1295366000_482470300,6157,3,TP,"[400.00048828125, 604.000244140625, 484.00030517578125, 611.0003051757812]",588.0038452036679,small,Q1,11.999869211519849,"[8,16)",0.5976436734199524,0.07135114073753357,TP,P3,1,0,1,0,0.10749877244234085,0.0,0.5965256690979004,0.10749877244234085,P3,0.5976436734199524,0.07135114073753357,P3,1,0,0,0,1,final_tp
09002200121901201355138472L_1295362000_482588800,6158,0,LP,"[511.0005798339844, 581.9996948242188, 522.0004272460938, 592.9993896484375]",120.9949646461755,small,Q1,1.0000138720112752,"[1,2)",0.6421729922294617,0.0934726670384407,LP,P3,1,0,1,0,0.24234463274478912,0.0,0.6040253639221191,0.24234463274478912,P3,0.6040253639221191,0.24234463274478912,P3,1,0,0,0,1,final_tp
09002200121901201355138472L_1295362000_482588800,6158,1,LP,"[591.0004272460938, 616.9998779296875, 723.0003051757812, 784.0]",22043.99572752416,large,Q4,1.2651536099091591,"[1,2)",0.9637012481689453,0.0001092193997465074,LP,P4,1,1,1,1,0.9802566170692444,0.9802566170692444,0.9359865784645081,0.9802566170692444,P4,0.9359865784645081,0.9802566170692444,P4,1,1,1,1,1,final_tp
09002200121901201355138472L_1295362000_482588800,6158,2,TP,"[496.00006103515625, 597.0001831054688, 531.9998168945312, 601.0]",143.99243168532848,small,Q1,9.000350968214487,"[8,16)",0.37650439143180847,0.0210102591663599,TP,P3,0,0,0,0,0.0,0.0,0.37650439143180847,0.0210102591663599,P3,0.37650439143180847,0.0210102591663599,P3,0,0,0,0,0,raw_geometry_failure
09002200121901201357410762K_1296005300_483207900,6046,0,TC,"[30.00013542175293, 793.0004272460938, 154.9998016357422, 845.0001831054688]",6499.952026449144,medium,Q3,2.403850984313891,"[2,4)",0.8923541903495789,0.39187878370285034,TC,P4,1,1,1,1,0.6430307626724243,0.6430307626724243,0.8565902709960938,0.6430307626724243,P4,0.8565902709960938,0.6430307626724243,P4,1,1,1,1,1,final_tp
09002200121901201357410762K_1296005300_483207900,6046,1,LC,"[384.9999084472656, 638.0001831054688, 507.999755859375, 812.9996337890625]",21524.90573128499,large,Q4,1.422761526664829,"[1,2)",0.8772444128990173,0.014301527291536331,LC,P4,1,1,1,1,0.7660544514656067,0.7660544514656067,0.7868537902832031,0.7660544514656067,P4,0.7868537902832031,0.7660544514656067,P4,1,1,1,1,1,final_tp
09002200121901201400451062L_1295359300_482807100,6159,0,LP,"[550.000732421875, 591.0006103515625, 579.0003051757812, 702.0001831054688]",3218.940185729414,medium,Q2,3.8276278652744833,"[2,4)",0.6862804889678955,0.04929973930120468,LP,P3,1,0,1,0,0.2637515962123871,0.0,0.46893975138664246,0.773798406124115,P4,0.6862804889678955,0.04929973930120468,P3,1,0,0,1,1,final_tp
09002200121901201401094602L_1295358700_482825500,6160,0,LP,"[570.0004272460938, 630.000244140625, 609.9998779296875, 784.9999389648438]",6199.902649093419,medium,Q3,3.875045586258356,"[2,4)",0.9411348700523376,0.051469817757606506,LP,P3,1,1,1,1,0.858090877532959,0.858090877532959,0.8203015327453613,0.858090877532959,P4,0.8203015327453613,0.858090877532959,P4,1,1,1,1,1,final_tp
09002200121901201401551192L_1295357700_482856900,6161,0,LP,"[545.00048828125, 645.0001831054688, 592.0, 794.9998168945312]",7049.909546077251,medium,Q3,3.1915147265077137,"[2,4)",0.931119978427887,0.00014494873175863177,LP,P4,1,1,1,1,0.8794079422950745,0.8794079422950745,0.7936208844184875,0.8794079422950745,P4,0.7936208844184875,0.8794079422950745,P4,1,1,1,1,1,final_tp
09002200121901201401551192L_1295357700_482856900,6161,1,LP,"[694.0005493164062, 578.0004272460938, 780.0001831054688, 615.0006713867188]",3182.0074461996555,medium,Q2,2.324299090087296,"[2,4)",0.8968618512153625,0.4447670876979828,LP,P4,1,1,1,1,0.6323174238204956,0.6323174238204956,0.8488352298736572,0.6323174238204956,P3,0.8488352298736572,0.6323174238204956,P3,1,1,1,1,1,final_tp
09002200121901201402245452L_1295356800_482883600,6162,0,TP,"[291.9997253417969, 649.0004272460938, 583.9994506835938, 669.0001831054688]",5839.923217840493,medium,Q2,14.60016449175405,"[8,16)",0.8198426961898804,0.026822131127119064,TP,P3,1,1,1,1,0.5169922113418579,0.07114047557115555,0.5284570455551147,0.5169922113418579,P5,0.7418808341026306,0.1837560534477234,P5,1,0,1,1,1,final_tp
09002200121901201402245452L_1295356800_482883600,6162,1,LP,"[355.999755859375, 569.00048828125, 519.0, 792.0]",36348.974853396416,large,Q4,1.368093114795349,"[1,2)",0.9094240069389343,0.618161141872406,LP,P4,1,1,1,1,0.618161141872406,0.618161141872406,0.9094240069389343,0.618161141872406,P4,0.9094240069389343,0.618161141872406,P4,1,1,1,1,1,final_tp
09002200121901201402245452L_1295356800_482883600,6162,2,LP,"[523.9996948242188, 667.9998168945312, 543.0000610351562, 772.9996948242188]",1995.0361327677965,medium,Q2,5.526202851250554,"[4,8)",0.8483835458755493,0.06843560934066772,LP,P3,1,1,1,1,0.7315894365310669,0.7315894365310669,0.8102473616600037,0.7315894365310669,P3,0.8102473616600037,0.7315894365310669,P3,1,1,1,1,1,final_tp
09002200121901201404050822K_1295947400_483180900,6047,0,LC,"[534.9995727539062, 591.0000610351562, 628.9996948242188, 795.0004272460938]",19176.05932621658,large,Q3,2.1702138435346323,"[2,4)",0.9380649924278259,0.018011342734098434,LC,P4,1,1,1,1,0.953835666179657,0.953835666179657,0.92891925573349,0.953835666179657,P4,0.92891925573349,0.953835666179657,P4,1,1,1,1,1,final_tp
09002200121901201404050822K_1295947400_483180900,6047,1,TC,"[350.0001525878906, 705.9998779296875, 535.0001220703125, 720.9994506835938]",2774.920501722023,medium,Q2,12.333682600008952,"[8,16)",0.8182163238525391,0.0016081478679552674,TC,P3,1,1,1,1,0.3855483829975128,0.014688486233353615,0.4913087785243988,0.3893737494945526,P4,0.7763496041297913,0.008204313926398754,P3,1,1,0,1,1,final_tp
09002200121901201404050822K_1295947400_483180900,6047,2,TC,"[353.9998474121094, 666.9998779296875, 432.9993591308594, 677.0001831054688]",790.0192259252071,small,Q1,7.899710091855107,"[4,8)",0.6540189981460571,0.005476351827383041,TC,P3,1,0,1,0,0.023181218653917313,0.0,0.6259790658950806,0.023181218653917313,P3,0.6259790658950806,0.023181218653917313,P3,1,0,0,0,1,final_tp
09002200121901201404050822K_1295947400_483180900,6047,3,TC,"[206.0001220703125, 748.999755859375, 280.00048828125, 759.99951171875]",813.9859618246555,small,Q1,6.727455332371546,"[4,8)",0.3727027475833893,0.03713250160217285,TC,P3,0,0,0,0,0.0,0.0,0.25029754638671875,0.26445502042770386,P3,0.3727027475833893,0.03713250160217285,P3,0,0,0,0,0,raw_geometry_failure
09002200121901201416585722K_1295977600_483287800,6048,0,MC,"[462.9996032714844, 579.999755859375, 501.9996032714844, 590.99951171875]",428.990478515625,small,Q1,3.5455332371545887,"[2,4)",0.8294398784637451,0.22531040012836456,MC,P3,1,1,1,1,0.4678288996219635,0.4678288996219635,0.7763352394104004,0.4678288996219635,P3,0.7763352394104004,0.4678288996219635,P3,1,1,1,1,1,final_tp
09002200121901201416585722K_1295977600_483287800,6048,1,MC,"[333.0002136230469, 632.0000610351562, 395.00030517578125, 651.9998168945312]",1239.9866943135858,medium,Q1,3.1000424199514156,"[2,4)",0.9341899752616882,0.05330711603164673,MC,P3,1,1,1,1,0.7790563702583313,0.7790563702583313,0.8395712375640869,0.7790563702583313,P3,0.8395712375640869,0.7790563702583313,P3,1,1,1,1,1,final_tp
09002200121901201416585722K_1295977600_483287800,6048,2,LC,"[231.99949645996094, 657.00048828125, 373.9996337890625, 810.0004272460938]",21726.01234435197,large,Q4,1.0774633168857357,"[1,2)",0.8825746774673462,0.0006831546197645366,LC,P4,1,1,1,1,0.17543499171733856,0.17543499171733856,0.8497334718704224,0.17543499171733856,P4,0.8497334718704224,0.17543499171733856,P4,1,1,0,0,1,final_tp
09002200121901201416585722K_1295977600_483287800,6048,3,TC,"[404.00030517578125, 652.000244140625, 569.00048828125, 676.0007934570312]",3960.095031838864,medium,Q2,6.874850276559222,"[4,8)",0.7856289744377136,0.006751170381903648,TC,P3,1,1,1,1,0.02013954147696495,0.019483521580696106,0.5874238610267639,0.02013954147696495,P3,0.7711853384971619,0.019483521580696106,P3,1,1,0,0,1,final_tp
09002200121901201420401272L_1295357400_483082400,6163,0,LP,"[587.999755859375, 609.00048828125, 660.9996948242188, 702.0001220703125]",6788.967590354383,medium,Q3,1.2739686513142219,"[1,2)",0.8596375584602356,0.35025665163993835,LP,P4,1,1,1,1,0.8239713907241821,0.8239713907241821,0.7935360074043274,0.8239713907241821,P4,0.7935360074043274,0.8239713907241821,P4,1,1,1,1,1,final_tp
09002200121901201420401272L_1295357400_483082400,6163,1,LP,"[507.9997253417969, 574.0001831054688, 541.000244140625, 613.0003051757812]",1287.0242615379393,medium,Q1,1.1818033015801384,"[1,2)",0.9406139254570007,0.6075276136398315,LP,P3,1,1,1,1,0.8030372858047485,0.8030372858047485,0.9193291068077087,0.8030372858047485,P3,0.9193291068077087,0.8030372858047485,P3,1,1,1,1,1,final_tp
09002200121901201420401272L_1295357400_483082400,6163,2,MC,"[877.9996948242188, 680.9999389648438, 928.9999389648438, 695.99951171875]",764.9818724542856,small,Q1,3.4001131217116374,"[2,4)",0.8420030474662781,0.6396064162254333,MC,P3,1,1,1,1,0.7961762547492981,0.7961762547492981,0.808567464351654,0.7961762547492981,P3,0.808567464351654,0.7961762547492981,P3,1,1,1,1,1,final_tp
09002200121901201421322552L_1295412300_483112700,6164,0,TP,"[392.0, 591.0000610351562, 521.0004272460938, 596.999755859375]",773.9631956703961,small,Q1,21.50116481347725,"[16,inf)",0.8616915941238403,0.512351393699646,TP,P3,1,1,1,1,0.5616813898086548,0.5616813898086548,0.8544267416000366,0.5616813898086548,P3,0.8544267416000366,0.5616813898086548,P3,1,1,1,1,1,final_tp
09002200121901201421322552L_1295412300_483112700,6164,1,TP,"[321.9999084472656, 624.9999389648438, 592.9994506835938, 644.9996948242188]",5419.924682728946,medium,Q2,13.550142518829576,"[8,16)",0.902833104133606,0.5572745203971863,TP,P4,1,1,1,1,0.5655702948570251,0.5655702948570251,0.8913499712944031,0.5655702948570251,P4,0.8913499712944031,0.5655702948570251,P4,1,1,1,1,1,final_tp
09002200121901201421322552L_1295412300_483112700,6164,2,LP,"[418.99981689453125, 644.0003662109375, 541.9996337890625, 816.00048828125]",21155.98352048546,large,Q4,1.3983770578926762,"[1,2)",0.9853230118751526,0.29171186685562134,LP,P4,1,1,1,1,0.8987599015235901,0.8987599015235901,0.9599689245223999,0.8987599015235901,P4,0.9599689245223999,0.8987599015235901,P4,1,1,1,1,1,final_tp
09002200121901201422113572L_1295473300_483138900,6165,0,LP,"[527.9999389648438, 560.0, 552.00048828125, 798.0001220703125]",5712.133667059243,medium,Q2,9.916444783520886,"[8,16)",0.9508187174797058,0.00027524001779966056,LP,P3,1,1,1,1,0.8412582278251648,0.8412582278251648,0.8722771406173706,0.8412582278251648,P4,0.8722771406173706,0.8412582278251648,P4,1,1,1,1,1,final_tp
09002200121901201422579202L_1295557100_483167800,6166,0,LP,"[602.0004272460938, 591.9999389648438, 624.0, 616.00048828125]",528.0018308199942,small,Q1,1.0909552464897168,"[1,2)",0.822544276714325,0.32573583722114563,LP,P3,1,1,1,1,0.5903820991516113,0.32573583722114563,0.6190831065177917,0.5903820991516113,P3,0.6190831065177917,0.5903820991516113,P3,1,0,1,1,1,final_tp
09002200121901201422579202L_1295557100_483167800,6166,1,LP,"[670.0001831054688, 640.0005493164062, 727.0, 688.00048828125]",2735.9877319447696,medium,Q2,1.187497695284138,"[1,2)",0.9336301684379578,0.00713420519605279,LP,P3,1,1,1,1,0.9397217035293579,0.9397217035293579,0.8891348242759705,0.9397217035293579,P3,0.8891348242759705,0.9397217035293579,P3,1,1,1,1,1,final_tp
09002200121901201422579202L_1295557100_483167800,6166,2,TP,"[187.999755859375, 680.00048828125, 879.99951171875, 748.0003051757812]",47055.85668949783,large,Q4,10.176494400458123,"[8,16)",0.9547850489616394,0.6130368113517761,TP,P5,1,1,1,1,0.8824192881584167,0.8824192881584167,0.8622951507568359,0.8824192881584167,P5,0.8622951507568359,0.8824192881584167,P5,1,1,1,1,1,final_tp
09002200121901201431300552K_1295992100_483377000,6049,0,LC,"[293.9996643066406, 639.0001831054688, 489.0, 776.0]",26715.01028436236,large,Q4,1.423362016925027,"[1,2)",0.9167539477348328,0.03792969882488251,TC,P4,1,1,1,1,0.05915375426411629,0.05915375426411629,0.1764317750930786,0.07840733975172043,P4,0.8090385794639587,0.05915375426411629,P4,1,1,0,0,1,final_tp
09002200121901201431300552K_1295992100_483377000,6049,1,LC,"[475.999755859375, 720.0, 544.9999389648438, 816.0]",6624.017578125,medium,Q3,1.3913006557281342,"[1,2)",0.8850317597389221,0.001360714202746749,LC,P3,1,1,1,1,0.09848182648420334,0.01572016067802906,0.4071258008480072,0.5676740407943726,P4,0.881719708442688,0.01572016067802906,P3,1,1,0,0,1,final_tp
09002200121901201431300552K_1295992100_483377000,6049,2,MC,"[390.0000915527344, 625.9999389648438, 434.99981689453125, 640.9994506835938]",674.9739076048136,small,Q1,3.000079348286077,"[2,4)",0.9144184589385986,0.009000199846923351,MC,P3,1,1,1,1,0.3943581283092499,0.3943581283092499,0.7633646726608276,0.3943581283092499,P3,0.7633646726608276,0.3943581283092499,P3,1,1,1,1,1,final_tp
09002200121901201431300552K_1295992100_483377000,6049,3,MC,"[0.99993896484375, 739.0003051757812, 48.99993896484375, 760.9999389648438]",1055.982421875,medium,Q1,2.1818545008628294,"[2,4)",0.9097227454185486,0.12156340479850769,MC,P3,1,1,1,1,0.4570903480052948,0.4570903480052948,0.8740203976631165,0.4570903480052948,P3,0.8740203976631165,0.4570903480052948,P3,1,1,1,1,1,final_tp
09002200121901201514074962L_1295965800_482065200,6050,0,LP,"[544.0, 577.0004272460938, 565.9996337890625, 705.0004272460938]",2815.953125,medium,Q2,5.818278668967546,"[4,8)",0.8123018145561218,0.0038697365671396255,LP,P3,1,1,1,1,0.013682352378964424,0.0038697365671396255,0.3560158610343933,0.8464688062667847,P4,0.8094562292098999,0.001394370454363525,P3,1,1,0,0,1,final_tp
09002200121901201514074962L_1295965800_482065200,6050,1,LP,"[554.0004272460938, 712.0, 575.0006713867188, 802.0003051757812]",1890.028381422162,medium,Q2,4.285678993687294,"[4,8)",0.9152997136116028,0.00019532164151314646,LP,P3,1,1,1,1,0.004404645878821611,0.0023955474607646465,0.6860547065734863,0.004404645878821611,P3,0.8979253172874451,0.0015895465621724725,P3,1,1,0,0,1,final_tp
09002200121901201514074962L_1295965800_482065200,6050,2,TP,"[560.0005493164062, 587.0003051757812, 633.0005493164062, 592.00048828125]",365.01336669921875,small,Q1,14.59946535161066,"[8,16)",0.4240207374095917,0.026846973225474358,TP,P3,0,0,0,0,0.0,0.0,0.18872541189193726,0.12643121182918549,P3,0.3859359323978424,0.05997442081570625,P3,0,0,0,0,0,raw_geometry_failure
09002200121901201514337662L_1295928200_482064400,6051,0,TP,"[294.0002136230469, 655.9999389648438, 897.0001220703125, 680.00048828125]",14472.328308038414,large,Q3,25.124419861402504,"[16,inf)",0.9536738395690918,0.6710711121559143,TP,P5,1,1,1,1,0.7601441740989685,0.7601441740989685,0.9076188802719116,0.7601441740989685,P5,0.9076188802719116,0.7601441740989685,P5,1,1,1,1,1,final_tp
09002200121901201517528462L_1295741500_482054100,6052,0,TP,"[134.0001678466797, 700.0003051757812, 907.00048828125, 757.000244140625]",44060.97021482512,large,Q4,13.561423384199587,"[8,16)",0.858055591583252,0.6664229035377502,TP,P5,1,1,1,1,0.6972149610519409,0.6710646152496338,0.6546524167060852,0.6972149610519409,P5,0.825255811214447,0.6126573085784912,P5,1,1,1,1,1,final_tp
09002200121901201517528462L_1295741500_482054100,6052,1,TP,"[421.99957275390625, 586.0004272460938, 503.9994201660156, 593.00048828125]",574.0039367582649,small,Q1,11.714161776630714,"[8,16)",0.7120612263679504,0.1928803026676178,TP,P3,1,0,1,0,0.21408458054065704,0.0,0.5465909242630005,0.21408458054065704,P3,0.7120612263679504,0.1928803026676178,P3,1,0,0,0,1,final_tp
09002200121901201517528462L_1295741500_482054100,6052,2,TP,"[567.0000610351562, 587.9996948242188, 613.9995727539062, 592.9999389648438]",235.0090330839157,small,Q1,9.399443386553392,"[8,16)",0.5014575123786926,0.04720907658338547,TP,P3,1,0,1,0,0.04720907658338547,0.0,0.4972759187221527,0.10994026064872742,P3,0.4972759187221527,0.10994026064872742,P3,0,0,0,0,0,nms_or_maxdet_loss
09002200121901201518474472L_1295679000_482048400,6053,0,TP,"[253.99961853027344, 673.9998779296875, 760.0, 727.99951171875]",27323.83447252214,large,Q4,9.370440699422423,"[8,16)",0.8726892471313477,0.01704070158302784,TP,P4,1,1,1,1,0.6282064914703369,0.3112410008907318,0.6961237192153931,0.6282064914703369,P5,0.7619407176971436,0.022403864189982414,P4,1,1,1,1,1,final_tp
09002200121901201518474472L_1295679000_482048400,6053,1,TP,"[455.0001525878906, 611.9996948242188, 618.0004272460938, 622.0000610351562]",1630.0624390654266,medium,Q2,16.2994305628456,"[16,inf)",0.8333916068077087,0.17152905464172363,TP,P3,1,1,1,1,0.17152905464172363,0.17152905464172363,0.4802764356136322,0.2162335216999054,P3,0.8333916068077087,0.17152905464172363,P3,1,1,0,0,1,final_tp
09002200121901201518474472L_1295679000_482048400,6053,2,TP,"[811.0003051757812, 699.9996948242188, 927.0001220703125, 729.9998779296875]",3480.015747036785,medium,Q2,3.8666369630719215,"[2,4)",0.8587707877159119,0.06663618236780167,TP,P3,1,1,1,1,0.20868967473506927,0.20868967473506927,0.8549421429634094,0.20868967473506927,P3,0.8549421429634094,0.20868967473506927,P3,1,1,0,0,1,final_tp
09002200121901201519015652L_1295657800_482046200,6054,0,TP,"[328.0005187988281, 623.0006103515625, 663.0000610351562, 645.0001831054688]",7369.84680195339,medium,Q3,15.227547643026181,"[8,16)",0.9330867528915405,0.43784958124160767,TP,P4,1,1,1,1,0.713732898235321,0.713732898235321,0.9127028584480286,0.713732898235321,P4,0.9127028584480286,0.713732898235321,P4,1,1,1,1,1,final_tp
09002200121901201519015652L_1295657800_482046200,6054,1,TP,"[750.99951171875, 624.0006103515625, 935.99951171875, 637.000244140625]",2404.9322509765625,medium,Q2,14.231170123857906,"[8,16)",0.6469485759735107,0.0033963345922529697,TP,P4,1,0,1,0,0.028944717720150948,0.0,0.5618600845336914,0.028944717720150948,P3,0.6205832958221436,0.002354213735088706,P3,1,0,0,0,1,final_tp
09002200121901201519015652L_1295657800_482046200,6054,2,LP,"[754.0004272460938, 608.9999389648438, 824.0, 639.9994506835938]",2169.95257589221,medium,Q2,2.2580863011325154,"[2,4)",0.7263987064361572,0.0012543794000521302,LP,P3,1,0,1,0,0.003005717182531953,0.0,0.3764597177505493,0.0038636038079857826,P3,0.7223552465438843,0.001420305692590773,P3,1,0,0,0,1,final_tp
09002200121901201519015652L_1295657800_482046200,6054,3,LP,"[626.0004272460938, 583.0001220703125, 642.0004272460938, 608.0]",399.998046875,small,Q1,1.5624923706054688,"[1,2)",0.38676193356513977,0.010493085719645023,LP,P4,0,0,0,0,0.0,0.0,0.38460516929626465,0.3693719208240509,P3,0.38460516929626465,0.3693719208240509,P3,0,0,0,0,0,raw_geometry_failure
09002200121901201519015652L_1295657800_482046200,6054,4,TP,"[951.0, 661.9996337890625, 1018.0004272460938, 697.9993896484375]",2411.999023333192,medium,Q2,1.8611356006917366,"[1,2)",0.7759859561920166,0.016130972653627396,TP,P3,1,1,1,1,0.023264462128281593,0.016130972653627396,0.2990180253982544,0.8768606781959534,P4,0.7759859561920166,0.016130972653627396,P3,1,1,0,0,1,final_tp
09002200121901201520536422L_1295548300_482033300,6843,0,LP,"[733.9996337890625, 652.0003051757812, 774.99951171875, 691.999755859375]",1639.972595281899,medium,Q2,1.0250110246264978,"[1,2)",0.829426646232605,0.0014396084006875753,LP,P3,1,1,1,1,0.6662340760231018,0.33428719639778137,0.6871131658554077,0.6662340760231018,P3,0.6871131658554077,0.6662340760231018,P3,1,0,1,1,1,final_tp
09002200121901201520536422L_1295548300_482033300,6843,1,LP,"[224.99942016601562, 625.00048828125, 341.9996337890625, 703.0005493164062]",9126.023803723976,medium,Q3,1.5000015650027818,"[1,2)",0.8548298478126526,0.9078013300895691,LP,P4,1,1,1,1,0.94691401720047,0.94691401720047,0.8486492037773132,0.94691401720047,P4,0.8486492037773132,0.94691401720047,P4,1,1,1,1,1,final_tp
09002200121901201522299042L_1295448800_482016800,6844,0,LP,"[0.9994171261787415, 591.0000610351562, 476.9997253417969, 991.0001220703125]",190400.1511230655,large,Q4,1.1900005813597745,"[1,2)",0.9927542209625244,0.9448807835578918,LP,P5,1,1,1,1,0.9448807835578918,0.9448807835578918,0.9927542209625244,0.9448807835578918,P5,0.9927542209625244,0.9448807835578918,P5,1,1,1,1,1,final_tp
09002200121901201522299042L_1295448800_482016800,6844,1,LP,"[746.9998779296875, 625.0004272460938, 850.9993286132812, 689.0004272460938]",6655.96484375,medium,Q3,1.6249914169311523,"[1,2)",0.92547208070755,0.39538857340812683,LP,P3,1,1,1,1,0.822542130947113,0.822542130947113,0.888808012008667,0.822542130947113,P4,0.888808012008667,0.822542130947113,P4,1,1,1,1,1,final_tp
09002200121901201532240442L_1295726700_482051400,6055,0,TP,"[362.0003967285156, 632.00048828125, 632.0004272460938, 654.0001831054688]",5939.918273916468,medium,Q3,12.27289890495862,"[8,16)",0.8300421833992004,0.023434070870280266,TP,P4,1,1,1,1,0.3041381537914276,0.27500268816947937,0.7024357318878174,0.3041381537914276,P3,0.7444931864738464,0.014629872515797615,P3,1,0,1,1,1,final_tp
09002200121901201532240442L_1295726700_482051400,6055,1,LP,"[456.0005798339844, 651.9996948242188, 485.0002136230469, 774.0000610351562]",3537.965942248702,medium,Q2,4.206962305053354,"[4,8)",0.9618707895278931,0.9576518535614014,LP,P3,1,1,1,1,0.9576518535614014,0.9576518535614014,0.9618707895278931,0.9576518535614014,P3,0.9618707895278931,0.9576518535614014,P3,1,1,1,1,1,final_tp
09002200121901201534112552L_1295814800_482057000,6056,0,TP,"[557.9996948242188, 635.0003051757812, 712.0, 640.9999389648438]",923.9454344585538,small,Q1,25.66828419703351,"[16,inf)",0.5017442107200623,0.022456487640738487,TP,P3,1,0,1,0,0.022456487640738487,0.0,0.23833900690078735,0.3241835832595825,P3,0.4713280200958252,0.05434895306825638,P3,0,0,0,0,0,nms_or_maxdet_loss
09002200121901201534112552L_1295814800_482057000,6056,1,TP,"[433.00048828125, 617.9998168945312, 494.0001525878906, 623.0]",305.0094909053296,small,Q1,12.199486102803853,"[8,16)",0.5498955249786377,0.111896812915802,TP,P3,1,0,1,0,0.14228205382823944,0.0,0.5213472247123718,0.14228205382823944,P3,0.5213472247123718,0.14228205382823944,P3,1,0,0,0,1,final_tp
09002200121901201534112552L_1295814800_482057000,6056,2,LP,"[595.000244140625, 638.0006103515625, 758.0006713867188, 804.0001831054688]",27058.001281555742,large,Q4,1.018399617464097,"[1,2)",0.859689474105835,0.0001044596720021218,LP,P4,1,1,1,1,0.8311310410499573,0.8311310410499573,0.7614181637763977,0.8311310410499573,P4,0.7614181637763977,0.8311310410499573,P4,1,1,1,1,1,final_tp
09002200121901201534112552L_1295814800_482057000,6056,3,LC,"[757.0006713867188, 810.0004272460938, 1019.0003051757812, 1024.0]",56067.809692539275,large,Q4,1.2242997984409765,"[1,2)",0.8479869961738586,0.009791066870093346,LC,P4,1,1,1,1,0.41231581568717957,0.41231581568717957,0.7848271727561951,0.41231581568717957,P5,0.7848271727561951,0.41231581568717957,P5,1,1,1,1,1,final_tp
09002200121901201534112552L_1295814800_482057000,6056,4,TP,"[170.9998016357422, 740.0001831054688, 704.9994506835938, 770.0003662109375]",16020.086791925132,large,Q3,17.799879151128227,"[16,inf)",0.8702425956726074,0.7287386655807495,TP,P5,1,1,1,1,0.8000596761703491,0.8000596761703491,0.8373980522155762,0.8000596761703491,P5,0.8373980522155762,0.8000596761703491,P5,1,1,1,1,1,final_tp
09002200121901201534112552L_1295814800_482057000,6056,5,LP,"[460.00030517578125, 772.9996948242188, 495.0005798339844, 895.0001220703125]",4270.048462031409,medium,Q2,3.485699139149473,"[2,4)",0.9181707501411438,0.0021572536788880825,LP,P3,1,1,1,1,0.8350066542625427,0.8350066542625427,0.8544163107872009,0.8350066542625427,P4,0.8544163107872009,0.8350066542625427,P4,1,1,1,1,1,final_tp
09002200121901201534112552L_1295814800_482057000,6056,6,LP,"[584.0004272460938, 610.0003662109375, 602.0004272460938, 633.0005493164062]",414.0032958984375,small,Q1,1.2777879503038194,"[1,2)",0.4707688093185425,0.5783172249794006,LP,P3,0,0,0,0,0.0,0.0,0.4707688093185425,0.5783172249794006,P3,0.4707688093185425,0.5783172249794006,P3,0,0,0,0,0,raw_geometry_failure
09002200121901201536210532L_1295886600_482061600,6057,0,LP,"[967.0, 727.0000610351562, 1024.0, 752.0]",1424.9965209960938,medium,Q2,2.28000556641984,"[2,4)",0.9662414789199829,0.22254382073879242,LP,P3,1,1,1,1,0.4882515072822571,0.4882515072822571,0.8772455453872681,0.4882515072822571,P3,0.8772455453872681,0.4882515072822571,P3,1,1,1,1,1,final_tp
09002200121901201536210532L_1295886600_482061600,6057,1,TP,"[222.0000762939453, 658.0004272460938, 922.0004272460938, 696.0]",26599.714843593538,large,Q4,18.421269384903265,"[16,inf)",0.9264436364173889,0.03825139254331589,TP,P5,1,1,1,1,0.520883321762085,0.09378931671380997,0.5819456577301025,0.520883321762085,P4,0.7801117897033691,0.09378931671380997,P5,1,1,1,1,1,final_tp
09002200121901201536210532L_1295886600_482061600,6057,2,LP,"[36.00026321411133, 568.00048828125, 496.9999694824219, 992.0]",195463.6455079615,large,Q4,1.0872646832905126,"[1,2)",0.9558349251747131,0.2782445251941681,LP,P5,1,1,1,1,0.7742711305618286,0.7742711305618286,0.872552216053009,0.7742711305618286,P5,0.872552216053009,0.7742711305618286,P5,1,1,1,1,1,final_tp
09002200121901201537098252L_1295910600_482062600,6058,0,LP,"[276.0002746582031, 713.0004272460938, 360.0, 811.0003051757812]",8231.962829623371,medium,Q3,1.1666690281536478,"[1,2)",0.8378692269325256,7.410866965074092e-05,LP,P3,1,1,1,0,0.00122165959328413,0.0006887869676575065,0.2617229223251343,0.4409243166446686,P3,0.568657398223877,0.00122165959328413,P3,1,0,0,0,1,final_tp
09002200121901201537098252L_1295910600_482062600,6058,1,LP,"[487.00006103515625, 572.0001831054688, 508.000244140625, 604.000244140625]",672.0071411244571,small,Q1,1.5237991437714167,"[1,2)",0.8665673136711121,0.11130344867706299,LP,P4,1,1,1,1,0.6764053702354431,0.6764053702354431,0.7884541749954224,0.6764053702354431,P3,0.7884541749954224,0.6764053702354431,P3,1,1,1,1,1,final_tp
09002200121901201537098252L_1295910600_482062600,6058,2,LP,"[557.000732421875, 640.9999389648438, 565.0001831054688, 685.9995727539062]",359.9723512753844,small,Q1,5.625340485110214,"[4,8)",0.8563631772994995,0.5067287087440491,LP,P3,1,1,1,1,0.5384300947189331,0.5384300947189331,0.7807891964912415,0.5384300947189331,P3,0.7807891964912415,0.5384300947189331,P3,1,1,1,1,1,final_tp
09002200121901201537098252L_1295910600_482062600,6058,3,TP,"[153.9999237060547, 694.0001220703125, 1023.99951171875, 795.00048828125]",87870.2754515037,large,Q4,8.613825923531083,"[8,16)",0.9533654451370239,0.7584641575813293,TP,P5,1,1,1,1,0.8361253142356873,0.8361253142356873,0.930326521396637,0.8361253142356873,P5,0.930326521396637,0.8361253142356873,P5,1,1,1,1,1,final_tp
09002200121901201537583632L_1295945000_482063400,6059,0,TP,"[494.99951171875, 602.0004272460938, 593.9998779296875, 609.00048828125]",693.008605979383,small,Q1,14.14278614339649,"[8,16)",0.5510977506637573,0.01846785843372345,TP,P3,1,0,1,0,0.02310062386095524,0.0,0.14316831529140472,0.06417926400899887,P3,0.441176176071167,0.030952394008636475,P3,0,0,0,0,0,nms_or_maxdet_loss
09002200121901201537583632L_1295945000_482063400,6059,1,LP,"[326.0000915527344, 595.999755859375, 392.0, 624.9994506835938]",1913.9772033970803,medium,Q2,2.2758828617791727,"[2,4)",0.845410168170929,0.18230430781841278,LP,P4,1,1,1,1,0.7519449591636658,0.7519449591636658,0.7799109816551208,0.7519449591636658,P3,0.7799109816551208,0.7519449591636658,P3,1,1,1,1,1,final_tp
09002200121901201537583632L_1295945000_482063400,6059,2,LP,"[495.9994812011719, 683.0003662109375, 528.9999389648438, 788.000244140625]",3465.044036809355,medium,Q2,3.1817703463882023,"[2,4)",0.949878990650177,0.011267337948083878,LP,P4,1,1,1,1,0.9576572179794312,0.9576572179794312,0.9302191734313965,0.9576572179794312,P3,0.9302191734313965,0.9576572179794312,P3,1,1,1,1,1,final_tp
09002200121901201537583632L_1295945000_482063400,6059,3,TP,"[416.00048828125, 583.99951171875, 528.0004272460938, 593.9999389648438]",1120.0472411848605,medium,Q1,11.199515401563653,"[8,16)",0.8450839519500732,0.0024247043766081333,TP,P3,1,1,1,1,0.0024247043766081333,0.0024247043766081333,0.29428818821907043,0.01426485925912857,P3,0.8450839519500732,0.0024247043766081333,P3,1,1,0,0,1,final_tp
09002200121901201537583632L_1295945000_482063400,6059,4,TP,"[395.0003356933594, 597.0001831054688, 457.0004577636719, 604.9996948242188]",495.97070306539536,small,Q1,7.750488311054141,"[4,8)",0.5827969908714294,0.001055181841365993,TP,P4,1,0,1,0,0.001055181841365993,0.0,0.10482943803071976,0.002091796835884452,P3,0.5827969908714294,0.001055181841365993,P4,1,0,0,0,1,final_tp
09002200121901201538392812L_1295983400_482064100,6060,0,LP,"[415.0005798339844, 615.0006713867188, 501.0002136230469, 742.0001220703125]",10921.906250201166,large,Q3,1.4767440870166315,"[1,2)",0.979991614818573,0.8497247099876404,LP,P4,1,1,1,1,0.909965991973877,0.909965991973877,0.9558699727058411,0.909965991973877,P4,0.9558699727058411,0.909965991973877,P4,1,1,1,1,1,final_tp
09002200121901201538392812L_1295983400_482064100,6060,1,LP,"[654.0000610351562, 589.9996337890625, 700.9996337890625, 626.9998168945312]",1738.9927977733314,medium,Q2,1.2702524368577937,"[1,2)",0.8923491835594177,0.4582686722278595,LP,P4,1,1,1,1,0.862298309803009,0.862298309803009,0.8146772384643555,0.862298309803009,P3,0.8146772384643555,0.862298309803009,P3,1,1,1,1,1,final_tp
09002200121901201538392812L_1295983400_482064100,6060,2,LP,"[539.9996948242188, 628.9996337890625, 559.0000610351562, 790.0000610351562]",3059.067077793181,medium,Q2,8.473543375885797,"[8,16)",0.8479454517364502,0.6270622611045837,LP,P4,1,1,1,1,0.803071916103363,0.803071916103363,0.7679325938224792,0.803071916103363,P4,0.7679325938224792,0.803071916103363,P4,1,1,1,1,1,final_tp
09002200121901201544057272K_1295829000_483212500,6061,0,AC,"[247.00003051757812, 593.9998779296875, 527.0006103515625, 807.99951171875]",59920.021545197815,large,Q4,1.3084161635060478,"[1,2)",0.9312884211540222,0.001156726386398077,AC,P5,1,1,1,1,0.9109976887702942,0.9109976887702942,0.8560211062431335,0.9109976887702942,P5,0.8560211062431335,0.9109976887702942,P5,1,1,1,1,1,final_tp
09002200121901201544057272K_1295829000_483212500,6061,1,MC,"[110.99954986572266, 637.0006713867188, 160.99942016601562, 652.000244140625]",749.9766922551207,small,Q1,3.3334196327206587,"[2,4)",0.7705771327018738,0.12466853857040405,MC,P3,1,1,1,1,0.34817880392074585,0.12466853857040405,0.3878885507583618,0.47783708572387695,P3,0.7705771327018738,0.12466853857040405,P3,1,1,1,1,1,final_tp
09002200121901201544057272K_1295829000_483212500,6061,2,MC,"[874.9996948242188, 682.9998168945312, 952.9998168945312, 711.99951171875]",2261.979736290872,medium,Q2,2.689687686132877,"[2,4)",0.9501462578773499,0.24114558100700378,MC,P3,1,1,1,1,0.8308069705963135,0.8308069705963135,0.8939111232757568,0.8308069705963135,P3,0.8939111232757568,0.8308069705963135,P3,1,1,1,1,1,final_tp
09002200121901201559389592L_1296227700_482888400,6062,0,LP,"[712.9999389648438, 696.0005493164062, 802.0, 778.0003662109375]",7297.988708484918,medium,Q3,1.0853690216117038,"[1,2)",0.9381201863288879,0.0015470999060198665,LP,P3,1,1,1,1,0.8470288515090942,0.006446184124797583,0.6014571189880371,0.8470288515090942,P4,0.9170919060707092,0.006446184124797583,P3,1,1,1,1,1,final_tp
09002200121901201559389592L_1296227700_482888400,6062,1,TP,"[263.9999694824219, 656.0000610351562, 788.000244140625, 688.0000610351562]",16768.0078125,large,Q3,16.37500762939453,"[16,inf)",0.9544022679328918,0.793980598449707,TP,P5,1,1,1,1,0.8406161665916443,0.8406161665916443,0.9483583569526672,0.8406161665916443,P5,0.9483583569526672,0.8406161665916443,P5,1,1,1,1,1,final_tp
09002200121901201600044792L_1296227000_482910600,6063,0,LP,"[679.0, 673.9998779296875, 1024.0, 958.99951171875]",98324.87365722656,large,Q4,1.2105278712580583,"[1,2)",0.9771007895469666,0.4798557460308075,LP,P5,1,1,1,1,0.8634410500526428,0.8634410500526428,0.9685109853744507,0.8634410500526428,P5,0.9685109853744507,0.8634410500526428,P5,1,1,1,1,1,final_tp
09002200121901201600044792L_1296227000_482910600,6063,1,TP,"[271.9999694824219, 642.9998168945312, 680.00048828125, 680.0]",15096.093902682886,large,Q3,11.026986478305409,"[8,16)",0.9545981287956238,0.6964343190193176,TP,P5,1,1,1,1,0.8039827346801758,0.8039827346801758,0.9374885559082031,0.8039827346801758,P5,0.9374885559082031,0.8039827346801758,P5,1,1,1,1,1,final_tp
09002200121901201600271152L_1296226300_482932900,6064,0,LP,"[534.9995727539062, 593.00048828125, 543.9994506835938, 640.0]",422.98986822366714,small,Q1,5.222238799896917,"[4,8)",0.7349616885185242,0.06583256274461746,LP,P3,1,0,1,0,0.7088140249252319,0.0,0.6630101203918457,0.7088140249252319,P3,0.6630101203918457,0.7088140249252319,P3,1,0,1,1,1,final_tp
09002200121901201600271152L_1296226300_482932900,6064,1,LP,"[516.000244140625, 656.00048828125, 549.0007934570312, 804.0001831054688]",4884.071227859706,medium,Q2,4.484764583922868,"[4,8)",0.970038115978241,0.0006972143310122192,LP,P3,1,1,1,1,0.8925604224205017,0.8925604224205017,0.9401832818984985,0.8925604224205017,P4,0.9401832818984985,0.8925604224205017,P4,1,1,1,1,1,final_tp
09002200121901201600271152L_1296226300_482932900,6064,2,TP,"[367.9999694824219, 641.9999389648438, 759.99951171875, 655.9999389648438]",5487.993591308594,medium,Q2,27.999967302594865,"[16,inf)",0.9108554720878601,0.45406895875930786,TP,P4,1,1,1,1,0.5183907151222229,0.5183907151222229,0.8998063802719116,0.5183907151222229,P4,0.8998063802719116,0.5183907151222229,P4,1,1,1,1,1,final_tp
09002200121901201601563522L_1296222700_483037800,6065,0,TP,"[394.0004577636719, 638.0001831054688, 664.9999389648438, 648.9999389648438]",2980.9281312301755,medium,Q2,24.636863278215515,"[16,inf)",0.8168048858642578,0.08954043686389923,TP,P3,1,1,1,1,0.39652401208877563,0.2235431969165802,0.6606971025466919,0.39652401208877563,P3,0.7945228219032288,0.07595454156398773,P3,1,1,1,1,1,final_tp
09002200121901201601563522L_1296222700_483037800,6065,1,LP,"[541.9996337890625, 648.0, 560.9999389648438, 813.0001831054688]",3135.053833063692,medium,Q2,8.684080680755924,"[8,16)",0.9322138428688049,0.06558647751808167,LP,P3,1,1,1,1,0.7707352042198181,0.7707352042198181,0.8188381791114807,0.7707352042198181,P4,0.8188381791114807,0.7707352042198181,P4,1,1,1,1,1,final_tp
09002200121901201601563522L_1296222700_483037800,6065,2,LP,"[367.0000915527344, 654.0001831054688, 486.0001525878906, 807.0001220703125]",18207.002075191587,large,Q3,1.2857131133709494,"[1,2)",0.9787166118621826,0.0007579055381938815,LP,P4,1,1,1,1,0.965115487575531,0.965115487575531,0.9688709378242493,0.965115487575531,P4,0.9688709378242493,0.965115487575531,P4,1,1,1,1,1,final_tp
09002200121901201601563522L_1296222700_483037800,6065,3,LP,"[599.0001220703125, 579.9996948242188, 648.9999389648438, 632.9999389648438]",2650.0025023967028,medium,Q2,1.0600087646805347,"[1,2)",0.8051130175590515,0.12770217657089233,LP,P3,1,1,1,1,0.8963146805763245,0.12770217657089233,0.5674299001693726,0.8963146805763245,P3,0.8051130175590515,0.12770217657089233,P3,1,1,1,1,1,final_tp
09002200121901201601563522L_1296222700_483037800,6065,4,LP,"[768.0000610351562, 746.9998168945312, 853.0001831054688, 814.9996337890625]",5779.9927367940545,medium,Q2,1.250005161074904,"[1,2)",0.9614347815513611,0.5765745639801025,LP,P3,1,1,1,1,0.6958309412002563,0.6958309412002563,0.942160427570343,0.6958309412002563,P4,0.942160427570343,0.6958309412002563,P4,1,1,1,1,1,final_tp
09002200121901201603226332L_1296221500_483112000,6066,0,LC,"[623.0, 639.9994506835938, 738.999755859375, 786.9998779296875]",17052.013671770692,large,Q3,1.267247729592642,"[1,2)",0.9755914211273193,0.013789034448564053,LC,P5,1,1,1,1,0.30300623178482056,0.30300623178482056,0.3968474864959717,0.304375559091568,P4,0.8961312770843506,0.30300623178482056,P4,1,1,1,1,1,final_tp
09002200121901201608553352L_1295891800_483177200,6067,0,TC,"[323.000244140625, 686.0001220703125, 685.0006713867188, 704.0000610351562]",6515.985595677048,medium,Q3,20.11120304091743,"[16,inf)",0.8223122954368591,0.03633156418800354,TC,P3,1,1,1,1,0.18101735413074493,0.12589971721172333,0.517730712890625,0.18101735413074493,P4,0.7718150019645691,0.12589971721172333,P3,1,1,0,0,1,final_tp
09002200121901201611316592L_1295682000_483173800,6167,0,TP,"[268.00030517578125, 659.0003662109375, 296.0005187988281, 669.0006713867188]",280.01068121753633,small,Q1,2.7999359150416554,"[2,4)",0.8837871551513672,0.10011807084083557,TP,P3,1,1,1,1,0.10011807084083557,0.10011807084083557,0.8837871551513672,0.10011807084083557,P3,0.8837871551513672,0.10011807084083557,P3,1,1,0,0,1,final_tp
09002200121901201611316592L_1295682000_483173800,6167,1,LP,"[445.9996032714844, 747.0004272460938, 475.99981689453125, 792.0]",1349.9967955630273,medium,Q1,1.4999750774886653,"[1,2)",0.9200128316879272,0.00857159961014986,LP,P4,1,1,1,1,0.619468092918396,0.619468092918396,0.7940914034843445,0.619468092918396,P3,0.8472683429718018,0.027847105637192726,P4,1,1,1,1,1,final_tp
09002200121901201611316592L_1295682000_483173800,6167,2,TP,"[413.0001525878906, 680.0, 575.0, 695.9999389648438]",2591.9876709077507,medium,Q2,10.125029087177609,"[8,16)",0.9323047399520874,0.004249487072229385,TP,P3,1,1,1,1,0.7160770893096924,0.7160770893096924,0.8285984396934509,0.7160770893096924,P3,0.8285984396934509,0.7160770893096924,P3,1,1,1,1,1,final_tp
09002200121901201611521332L_1295643000_483172600,6168,0,LP,"[640.0, 627.9998168945312, 668.9996337890625, 652.9996337890625]",724.985534735024,small,Q1,1.1599938476111886,"[1,2)",0.9357804656028748,0.7155395150184631,LP,P3,1,1,1,1,0.7155395150184631,0.7155395150184631,0.9357804656028748,0.7155395150184631,P3,0.9357804656028748,0.7155395150184631,P3,1,1,1,1,1,final_tp
09002200121901201611521332L_1295643000_483172600,6168,1,LP,"[562.9998168945312, 633.0005493164062, 607.9994506835938, 792.0]",7154.917053423822,medium,Q3,3.5333498807770245,"[2,4)",0.9155696034431458,0.8825690746307373,LP,P4,1,1,1,1,0.893434464931488,0.893434464931488,0.9092254638671875,0.893434464931488,P4,0.9092254638671875,0.893434464931488,P4,1,1,1,1,1,final_tp
09002200121901201614543722L_1295476500_483142100,6169,0,LP,"[492.999755859375, 637.9996337890625, 549.0001831054688, 785.9993896484375]",8288.049560442567,medium,Q3,2.642832619990387,"[2,4)",0.7829335927963257,0.12147147208452225,LP,P4,1,1,1,1,0.6154998540878296,0.330095499753952,0.6424126029014587,0.6154998540878296,P4,0.6424126029014587,0.6154998540878296,P4,1,0,1,1,1,final_tp
09002200121901201614543722L_1295476500_483142100,6169,1,TP,"[174.0001678466797, 699.9996948242188, 732.000244140625, 729.9998779296875]",16740.104003917426,large,Q3,18.599888509795065,"[16,inf)",0.9697844386100769,0.7619826197624207,TP,P5,1,1,1,1,0.8364641070365906,0.8364641070365906,0.9277417659759521,0.8364641070365906,P5,0.9277417659759521,0.8364641070365906,P5,1,1,1,1,1,final_tp
09002200121901201618335942K_1295780600_483244300,6068,0,TC,"[477.0002136230469, 708.0001831054688, 752.00048828125, 727.9999389648438]",5499.938354425132,medium,Q2,13.750181581806418,"[8,16)",0.8313910961151123,0.0017250330420210958,TC,P3,1,1,1,1,0.3531365692615509,0.0017250330420210958,0.6079388856887817,0.3531365692615509,P5,0.8308300375938416,0.0015565345529466867,P3,1,1,1,1,1,final_tp
09002200121901201618335942K_1295780600_483244300,6068,1,TC,"[96.0, 660.9996948242188, 451.99981689453125, 698.999267578125]",13527.840942461044,large,Q3,9.368521567336186,"[8,16)",0.7298523783683777,0.010638358071446419,TC,P4,1,0,1,0,0.012621014378964901,0.0,0.18414543569087982,0.3865698277950287,P5,0.7298523783683777,0.010638358071446419,P4,1,0,0,0,1,final_tp
09002200121901201618335942K_1295780600_483244300,6068,2,MC,"[5.9996185302734375, 686.0006103515625, 58.999813079833984, 706.0004272460938]",1059.994186365744,medium,Q1,2.6500339892638176,"[2,4)",0.8878982067108154,0.7336553931236267,MC,P3,1,1,1,1,0.7561153173446655,0.7561153173446655,0.8752492666244507,0.7561153173446655,P3,0.8752492666244507,0.7561153173446655,P3,1,1,1,1,1,final_tp
09002200121901201618335942K_1295780600_483244300,6068,3,TC,"[35.999755859375, 671.0006103515625, 135.99949645996094, 693.000244140625]",2199.9576722141355,medium,Q2,4.545518419052164,"[4,8)",0.7051082253456116,0.08515118062496185,TC,P3,1,0,1,0,0.08515118062496185,0.0,0.7051082253456116,0.08515118062496185,P3,0.7051082253456116,0.08515118062496185,P3,1,0,0,0,1,final_tp
09002200121901201618335942K_1295780600_483244300,6068,4,TC,"[224.00051879882812, 649.9999389648438, 269.00018310546875, 683.0004272460938]",1485.0108946114779,medium,Q2,1.3636060146482207,"[1,2)",0.6197953224182129,0.0006541206385008991,LC,P3,1,0,1,0,0.007964598014950752,0.0,0.6049238443374634,0.007964598014950752,P3,0.6049238443374634,0.007964598014950752,P3,1,0,0,0,1,final_tp
09002200121901201623324852K_1295850200_483186500,6069,0,TC,"[1.0004547834396362, 830.0001220703125, 72.0005111694336, 865.9999389648438]",2555.9889221093617,medium,Q2,1.9722337370151284,"[1,2)",0.8751351237297058,0.0011440145317465067,TC,P3,1,1,1,1,0.9062492251396179,0.9062492251396179,0.7985232472419739,0.9062492251396179,P3,0.7985232472419739,0.9062492251396179,P3,1,1,1,1,1,final_tp
09002200121901201623324852K_1295850200_483186500,6069,1,TC,"[279.0000915527344, 626.0004272460938, 680.00048828125, 646.0001220703125]",8019.885558960959,medium,Q3,20.050325780117493,"[16,inf)",0.9198827743530273,0.04224638268351555,TC,P4,1,1,1,1,0.1585647314786911,0.1271624118089676,0.3591356575489044,0.28061771392822266,P3,0.8597017526626587,0.1271624118089676,P4,1,1,0,0,1,final_tp
09002200121901201646598192K_1295788400_483362100,6070,0,MC,"[889.9999389648438, 572.0001831054688, 920.0, 579.0003051757812]",210.00408936291933,small,Q1,4.285648269247537,"[4,8)",0.6770051717758179,0.0026653846725821495,MC,P3,1,0,1,0,0.008310062810778618,0.0,0.5739119648933411,0.008310062810778618,P3,0.5739119648933411,0.008310062810778618,P3,1,0,0,0,1,final_tp
09002200121901201646598192K_1295788400_483362100,6070,1,LP,"[616.0004272460938, 563.9998168945312, 634.0004272460938, 592.0]",504.0032958984375,small,Q1,1.5555657280815973,"[1,2)",0.5661526322364807,0.22567032277584076,LP,P3,1,0,1,0,0.23351052403450012,0.0,0.46530917286872864,0.41049590706825256,P3,0.46530917286872864,0.41049590706825256,P3,0,0,0,0,0,nms_or_maxdet_loss
09002200121901201646598192K_1295788400_483362100,6070,2,LP,"[319.00054931640625, 586.0004272460938, 487.0000915527344, 814.0001220703125]",38303.84436049126,large,Q4,1.357144738546295,"[1,2)",0.910674512386322,0.893060564994812,LP,P4,1,1,1,1,0.9440730214118958,0.9440730214118958,0.8802942633628845,0.9440730214118958,P5,0.8802942633628845,0.9440730214118958,P5,1,1,1,1,1,final_tp
09002200121901201646598192K_1295788400_483362100,6070,3,TP,"[601.9998168945312, 562.00048828125, 657.0, 571.0003662109375]",494.9949340596795,small,Q1,6.11121434481262,"[4,8)",0.5300134420394897,0.007422612048685551,TP,P3,1,0,1,0,0.007422612048685551,0.0,0.27116456627845764,0.06308601051568985,P3,0.5300134420394897,0.007422612048685551,P3,1,0,0,0,1,final_tp
09002200121901201646598192K_1295788400_483362100,6070,4,TP,"[672.0000610351562, 587.0003051757812, 721.00048828125, 592.9999389648438]",293.9846189841628,small,Q1,8.167236362896498,"[8,16)",0.5417988896369934,0.04950488358736038,TP,P3,1,0,1,0,0.23567169904708862,0.0,0.46354418992996216,0.287138432264328,P3,0.5297781229019165,0.05720387026667595,P3,1,0,0,0,1,final_tp
09002200121901201646598192K_1295788400_483362100,6070,5,TP,"[604.000244140625, 589.9996337890625, 646.0006103515625, 594.9998168945312]",210.00952155143023,small,Q1,8.399765633582755,"[8,16)",0.5426511764526367,0.037839215248823166,TP,P3,1,0,1,0,0.04193270578980446,0.0,0.29377949237823486,0.043531715869903564,P3,0.5221060514450073,0.04193270578980446,P3,1,0,0,0,1,final_tp
09002200121901201650126672K_1295791800_483228800,6071,0,TP,"[861.99951171875, 674.999755859375, 1023.0001220703125, 687.0]",1932.0466310083866,medium,Q2,13.416444571033304,"[8,16)",0.7815001010894775,0.0006071736570447683,TP,P4,1,1,1,1,0.05325126647949219,0.02369237132370472,0.5350290536880493,0.05325126647949219,P3,0.7453972697257996,0.03193769231438637,P3,1,0,0,0,1,final_tp
09002200121901201650126672K_1295791800_483228800,6071,1,TP,"[233.99990844726562, 684.000244140625, 1021.0001831054688, 748.000244140625]",50368.015625,large,Q4,12.296878814697266,"[8,16)",0.8994570970535278,0.29283884167671204,TP,P5,1,1,1,1,0.7976802587509155,0.7976802587509155,0.8755699396133423,0.7976802587509155,P5,0.8755699396133423,0.7976802587509155,P5,1,1,1,1,1,final_tp
09002200121901201654039762K_1295914200_483172300,6072,0,LC,"[611.000244140625, 610.0003662109375, 845.0006713867188, 790.0001831054688]",42120.03405753896,large,Q4,1.3000036960215549,"[1,2)",0.8821637630462646,0.0004681675636675209,LC,P5,1,1,0,0,0.0007103246753104031,0.0004681675636675209,0.20423690974712372,0.0008650548406876624,P4,0.0,0.8661457896232605,P4,0,0,0,0,0,confidence_filter_loss
09002200121901201654039762K_1295914200_483172300,6072,1,MC,"[274.0003662109375, 614.0001220703125, 326.0000915527344, 626.999755859375]",675.9773865751922,small,Q1,4.000091555313495,"[4,8)",0.8751574158668518,0.013583216816186905,MC,P3,1,1,1,1,0.5856823921203613,0.013810827396810055,0.7089499235153198,0.5856823921203613,P3,0.8382447361946106,0.013810827396810055,P3,1,1,1,1,1,final_tp
09002200121901201654039762K_1295914200_483172300,6072,2,LC,"[293.0002136230469, 567.9994506835938, 432.0, 801.9999389648438]",32526.017883196473,large,Q4,1.6834593374601652,"[1,2)",0.9258728623390198,0.0005150118377059698,LC,P5,1,1,1,1,0.8661457896232605,0.8661457896232605,0.8854670524597168,0.8661457896232605,P4,0.8854670524597168,0.8661457896232605,P4,1,1,1,1,1,final_tp
09002200121901201654039762K_1295914200_483172300,6072,3,MC,"[916.9996948242188, 624.0005493164062, 957.99951171875, 633.0004272460938]",368.9933471903205,small,Q1,4.555596999742293,"[4,8)",0.2116292268037796,2.4787543225102127e-05,MC,P3,0,0,0,0,0.0,0.0,0.12080845236778259,3.3771215385058895e-05,P3,0.0,0.5856823921203613,P3,0,0,0,0,0,raw_geometry_failure
09002200121901210909359202K_1296299600_483169900,6073,0,LC,"[457.9993591308594, 637.9996337890625, 492.9996643066406, 791.9999389648438]",5390.0576783157885,medium,Q2,4.399970354611166,"[4,8)",0.7480406761169434,0.0005180653533898294,LC,P3,1,0,1,0,0.16673435270786285,0.0,0.6283981800079346,0.16673435270786285,P4,0.6283981800079346,0.16673435270786285,P4,1,0,0,0,1,final_tp
09002200121901210909359202K_1296299600_483169900,6073,1,TC,"[486.00006103515625, 677.0001831054688, 1024.0, 745.0]",36583.89733887836,large,Q4,7.911785112587727,"[4,8)",0.9224242568016052,0.0012509807711467147,TC,P4,1,1,1,1,0.8853634595870972,0.8853634595870972,0.902400016784668,0.8853634595870972,P5,0.902400016784668,0.8853634595870972,P5,1,1,1,1,1,final_tp
09002200121901210911399212K_1296275200_483087300,6074,0,MC,"[455.9999694824219, 599.0000610351562, 489.0004577636719, 609.0004272460938]",330.01696795225143,small,Q1,3.2999279811530338,"[2,4)",0.746636152267456,0.019382553175091743,MC,P3,1,0,1,0,0.7152756452560425,0.0,0.691806435585022,0.7152756452560425,P3,0.746636152267456,0.019382553175091743,P3,1,0,1,1,1,final_tp
09002200121901210911399212K_1296275200_483087300,6074,1,LC,"[0.9994110465049744, 598.0, 252.9996795654297, 699.9996948242188]",25703.951110756025,large,Q4,2.4705983198527015,"[2,4)",0.9428384304046631,0.003755760146304965,LC,P4,1,1,1,1,0.9353232979774475,0.9353232979774475,0.9112517833709717,0.9353232979774475,P4,0.9112517833709717,0.9353232979774475,P4,1,1,1,1,1,final_tp
09002200121901211003121282K_1296342100_483067600,6075,0,AC,"[583.00048828125, 624.0, 1019.0003051757812, 808.00048828125]",80224.17919912934,large,Q4,2.369557934151202,"[2,4)",0.8090890049934387,0.0004104110412299633,LC,P5,1,1,1,0,0.8708040714263916,0.0004104110412299633,0.6578572988510132,0.8708040714263916,P5,0.6621030569076538,0.0014304196229204535,P4,1,0,1,1,1,final_tp
09002200121901211003121282K_1296342100_483067600,6075,1,MC,"[635.9998168945312, 684.9996337890625, 701.9996948242188, 705.9998779296875]",1386.0135497748852,medium,Q1,3.1428147924247534,"[2,4)",0.8648618459701538,0.007180868182331324,MC,P3,1,1,1,1,0.7890815138816833,0.7890815138816833,0.8219391107559204,0.7890815138816833,P3,0.8219391107559204,0.7890815138816833,P3,1,1,1,1,1,final_tp
09002200121901211022210172K_1296253400_483053700,6076,0,LP,"[426.99981689453125, 507.0003356933594, 512.9994506835938, 808.0]",25885.86090100184,large,Q4,3.5000110005691907,"[2,4)",0.9141693711280823,0.000518643471878022,LP,P4,1,1,1,1,0.9593494534492493,0.9593494534492493,0.8830909132957458,0.9593494534492493,P4,0.8830909132957458,0.9593494534492493,P4,1,1,1,1,1,final_tp
09002200121901211022210172K_1296253400_483053700,6076,1,LP,"[755.0004272460938, 585.9994506835938, 1014.0006103515625, 691.9998168945312]",27454.114257879555,large,Q4,2.4433895123538183,"[2,4)",0.9566941261291504,0.011701674200594425,LP,P4,1,1,1,1,0.1117238849401474,0.1117238849401474,0.9473208785057068,0.1117238849401474,P5,0.9473208785057068,0.1117238849401474,P5,1,1,0,0,1,final_tp
09002200121901211022302982K_1296265800_483053400,6077,0,LP,"[229.0001983642578, 518.0001220703125, 460.9997253417969, 804.9996337890625]",66583.75096153468,large,Q4,1.237069383104974,"[1,2)",0.7798420786857605,0.00024264103558380157,AC,P5,1,1,1,0,0.8897057771682739,0.00024264103558380157,0.5919103026390076,0.8897057771682739,P4,0.5919103026390076,0.8897057771682739,P4,1,0,1,1,1,final_tp
09002200121901211116162532Q_1295655000_482010700,6078,0,LC,"[507.0003356933594, 736.9994506835938, 544.0005493164062, 920.9999389648438]",6808.057373151183,medium,Q3,4.972957457916915,"[4,8)",0.9122695326805115,0.0007397537119686604,LC,P3,1,1,1,1,0.15493831038475037,0.15493831038475037,0.8121058940887451,0.15493831038475037,P4,0.8121058940887451,0.15493831038475037,P4,1,1,0,0,1,final_tp
09002200121901211143302912L_1295375400_482014400,6845,0,LC,"[439.00006103515625, 632.0, 524.0001831054688, 900.99951171875]",22864.991332948208,large,Q4,3.1646955929808236,"[2,4)",0.9656304717063904,0.0017797591863200068,LC,P4,1,1,1,1,0.9571312069892883,0.9571312069892883,0.8549882769584656,0.9571312069892883,P4,0.8549882769584656,0.9571312069892883,P4,1,1,1,1,1,final_tp
09002200121901211143302912L_1295375400_482014400,6845,1,AC,"[529.9999389648438, 674.9993286132812, 931.0004272460938, 1004.9996948242188]",132330.30798357725,large,Q4,1.2151516463012921,"[1,2)",0.7845921516418457,0.00037509819958359003,TC,P5,1,1,1,0,0.015108723193407059,0.00037509819958359003,0.5104477405548096,0.015108723193407059,P5,0.5104477405548096,0.015108723193407059,P5,1,0,0,0,1,final_tp
09002200121901211204353672L_1295069200_482414800,6170,0,LC,"[574.0001220703125, 646.99951171875, 680.00048828125, 797.9996337890625]",16006.068237349391,large,Q3,1.4245245320174353,"[1,2)",0.8827075958251953,0.04955334961414337,LC,P4,1,1,1,1,0.43889138102531433,0.42488008737564087,0.7007298469543457,0.43889138102531433,P4,0.8506798148155212,0.0868857279419899,P4,1,1,1,1,1,final_tp
09002200121901211229206022L_1295324400_483041800,6171,0,TC,"[375.00006103515625, 739.9998779296875, 680.9999389648438, 764.9996337890625]",7649.92224124074,medium,Q3,12.240114649557125,"[8,16)",0.8426802754402161,0.41393351554870605,TC,P4,1,1,1,1,0.41393351554870605,0.41393351554870605,0.8426802754402161,0.41393351554870605,P4,0.8426802754402161,0.41393351554870605,P4,1,1,1,1,1,final_tp
09002200121901211229206022L_1295324400_483041800,6171,1,TC,"[757.000244140625, 686.0006713867188, 860.9996948242188, 731.0003051757812]",4679.937195025384,medium,Q2,2.31111771200395,"[2,4)",0.7975659966468811,0.0018141658511012793,TC,P3,1,1,1,1,0.004770687781274319,0.0018141658511012793,0.28056833148002625,0.013608533889055252,P4,0.7975659966468811,0.0018141658511012793,P3,1,1,0,0,1,final_tp
09002200121901211229206022L_1295324400_483041800,6171,2,TC,"[766.9999389648438, 718.0001220703125, 914.0004272460938, 753.9999389648438]",5291.990661531687,medium,Q2,4.0833676657833475,"[4,8)",0.803661048412323,0.002965758554637432,TC,P3,1,1,1,1,0.11966077238321304,0.0525863952934742,0.29101526737213135,0.1543077975511551,P4,0.6977931261062622,0.004010893404483795,P3,1,0,0,0,1,final_tp
09002200121901211414107272L_1295613800_483279100,6172,0,TC,"[344.00048828125, 739.0003051757812, 728.0004272460938, 760.0005493164062]",8064.092468246818,medium,Q3,18.28549879674948,"[16,inf)",0.6854154467582703,0.002491927705705166,TC,P3,1,0,1,0,0.009067535400390625,0.0,0.2753537595272064,0.10779731720685959,P3,0.6854154467582703,0.002491927705705166,P3,1,0,0,0,1,final_tp
09002200121901211414107272L_1295613800_483279100,6172,1,LC,"[538.9998168945312, 606.0006103515625, 553.9993896484375, 804.0001831054688]",2969.9089967645705,medium,Q2,13.200347503387547,"[8,16)",0.7718092203140259,0.3537002205848694,LC,P4,1,1,1,1,0.6562246680259705,0.6302320957183838,0.726094663143158,0.6562246680259705,P4,0.7661929130554199,0.01830541528761387,P3,1,1,1,1,1,final_tp
09002200121901211446570272Q_1296254200_482150900,6079,0,LC,"[552.9994506835938, 562.9998168945312, 621.9996337890625, 792.9994506835938]",15870.01684563607,large,Q3,3.333319180291181,"[2,4)",0.9612360000610352,0.0013009258545935154,LC,P4,1,1,1,1,0.9267791509628296,0.9267791509628296,0.9193754196166992,0.9267791509628296,P4,0.9193754196166992,0.9267791509628296,P4,1,1,1,1,1,final_tp
09002200121901211448332302Q_1296287200_482094000,6080,0,MC,"[736.0, 625.9998779296875, 775.0000610351562, 636.9996337890625]",428.9911498874426,small,Q1,3.5455387859283096,"[2,4)",0.7785765528678894,0.006862546317279339,MC,P3,1,1,1,1,0.17508307099342346,0.006862546317279339,0.6438287496566772,0.17508307099342346,P3,0.7785765528678894,0.006862546317279339,P3,1,1,0,0,1,final_tp
09002200121901211448332302Q_1296287200_482094000,6080,1,LC,"[392.9994201660156, 620.0003051757812, 489.99981689453125, 798.0001831054688]",17266.05877680704,large,Q3,1.8350427826380231,"[1,2)",0.9595823287963867,0.020825063809752464,LC,P4,1,1,1,1,0.9262836575508118,0.9262836575508118,0.9061190485954285,0.9262836575508118,P4,0.9061190485954285,0.9262836575508118,P4,1,1,1,1,1,final_tp
09002200121901211448332302Q_1296287200_482094000,6080,2,MC,"[318.0000915527344, 656.0005493164062, 368.0, 669.0001831054688]",649.9804993011057,small,Q1,3.846255152920849,"[2,4)",0.6794207692146301,0.3343684673309326,MC,P3,1,0,1,0,0.5952901244163513,0.0,0.6681296229362488,0.5952901244163513,P3,0.6681296229362488,0.5952901244163513,P3,1,0,1,1,1,final_tp
09002200121901211448332302Q_1296287200_482094000,6080,3,MC,"[848.0006103515625, 691.9998168945312, 925.0001831054688, 713.9994506835938]",1693.9624025002122,medium,Q2,3.500038841200526,"[2,4)",0.9545513391494751,0.4660891890525818,MC,P3,1,1,1,1,0.6285851001739502,0.6285851001739502,0.9236879348754883,0.6285851001739502,P3,0.9236879348754883,0.6285851001739502,P3,1,1,1,1,1,final_tp
09002200121901211631409462L_1295273200_482385600,6173,0,TC,"[411.00030517578125, 669.000244140625, 669.0001831054688, 685.0001831054688]",4127.982299812138,medium,Q2,16.125053882804423,"[16,inf)",0.6938266158103943,0.006990724243223667,TC,P3,1,0,1,0,0.022699711844325066,0.0,0.40148475766181946,0.40671446919441223,P4,0.6938266158103943,0.006990724243223667,P3,1,0,0,0,1,final_tp
09002200121901211632194512Q_1296283600_482191400,6081,0,AC,"[665.9999389648438, 714.9998168945312, 816.9999389648438, 761.9993286132812]",7096.92626953125,medium,Q3,3.2127993350994752,"[2,4)",0.8895883560180664,0.009523479267954826,AC,P3,1,1,1,1,0.6356430649757385,0.043016932904720306,0.6842360496520996,0.6356430649757385,P4,0.6862999796867371,0.001320571987889707,P3,1,0,1,1,1,final_tp
09002200121901211632194512Q_1296283600_482191400,6081,1,AC,"[195.9997100830078, 692.0003662109375, 615.9994506835938, 783.0000610351562]",38219.849609449506,large,Q4,4.615397410625116,"[4,8)",0.8915659189224243,0.00012035088730044663,AC,P4,1,1,1,0,0.786996603012085,0.00022020310279913247,0.5575494766235352,0.786996603012085,P4,0.5809810757637024,0.025536002591252327,P5,1,0,1,1,1,final_tp
09002200121901211632194512Q_1296283600_482191400,6081,2,MC,"[644.0001831054688, 623.0006103515625, 699.0003662109375, 634.0003662109375]",604.9885863810778,small,Q1,5.000127621795583,"[4,8)",0.7530856728553772,0.018805157393217087,P,P3,1,1,1,1,0.07238291949033737,0.07238291949033737,0.7501095533370972,0.07238291949033737,P3,0.7501095533370972,0.07238291949033737,P3,1,1,0,0,1,final_tp
09002200121901211632194512Q_1296283600_482191400,6081,3,MC,"[29.000707626342773, 636.0003051757812, 76.00025939941406, 647.0000610351562]",516.9835740234703,small,Q1,4.272781184108312,"[4,8)",0.9288830161094666,0.45686569809913635,MC,P3,1,1,1,1,0.6438230276107788,0.6438230276107788,0.9115398526191711,0.6438230276107788,P3,0.9115398526191711,0.6438230276107788,P3,1,1,1,1,1,final_tp
09002200121901221204081442Q_1296053300_482332100,6082,0,MC,"[187.00035095214844, 577.9998779296875, 217.00047302246094, 584.9999389648438]",210.00268555432558,small,Q1,4.28569435604112,"[4,8)",0.5056496262550354,0.05470644310116768,MC,P3,1,0,1,0,0.05470644310116768,0.0,0.5056496262550354,0.05470644310116768,P3,0.5056496262550354,0.05470644310116768,P3,1,0,0,0,1,final_tp
09002200121901221204081442Q_1296053300_482332100,6082,1,TC,"[539.9998168945312, 658.0004272460938, 872.9994506835938, 699.0003051757812]",13652.944335982203,large,Q3,8.121966469269452,"[8,16)",0.7003347277641296,0.0033194811549037695,TC,P4,1,0,1,0,0.39892062544822693,0.0,0.6273806095123291,0.39892062544822693,P4,0.6545342206954956,0.001187112065963447,P4,1,0,1,1,1,final_tp
09002200121901221204081442Q_1296053300_482332100,6082,2,LC,"[373.0002136230469, 592.9999389648438, 511.0005798339844, 783.0000610351562]",26220.086425825953,large,Q4,1.376808825129434,"[1,2)",0.9269596338272095,0.00039278887561522424,LC,P4,1,1,1,1,0.8751700520515442,0.8751700520515442,0.8837066888809204,0.8751700520515442,P4,0.8837066888809204,0.8751700520515442,P4,1,1,1,1,1,final_tp
09002200121901221209507862Q_1296075100_482204900,6083,0,LP,"[555.0004272460938, 607.0000610351562, 585.9999389648438, 786.0004272460938]",5548.923950016499,medium,Q2,5.774296312630932,"[4,8)",0.910261332988739,0.2658311426639557,LP,P3,1,1,1,1,0.8292242288589478,0.8292242288589478,0.85212242603302,0.8292242288589478,P4,0.85212242603302,0.8292242288589478,P4,1,1,1,1,1,final_tp
09002200121901221209507862Q_1296075100_482204900,6083,1,MC,"[63.999488830566406, 620.9996948242188, 100.99968719482422, 631.0001220703125]",370.01779183279723,small,Q1,3.699861761277289,"[2,4)",0.7661226391792297,0.18662302196025848,MC,P3,1,1,1,1,0.31596431136131287,0.18662302196025848,0.7325624227523804,0.31596431136131287,P3,0.7325624227523804,0.31596431136131287,P3,1,0,1,1,1,final_tp
09002200121901221209507862Q_1296075100_482204900,6083,2,TC,"[989.0003051757812, 828.9996948242188, 1023.0001831054688, 839.0001220703125]",340.01330561190844,small,Q1,3.3998425360244617,"[2,4)",0.806403636932373,0.041784800589084625,TC,P3,1,1,1,1,0.09438391774892807,0.09438391774892807,0.7751458287239075,0.09438391774892807,P3,0.7751458287239075,0.09438391774892807,P3,1,1,0,0,1,final_tp
09002200121901221345011662Q_1295909300_482350200,6084,0,MC,"[491.0003356933594, 620.0003051757812, 528.0006103515625, 627.999755859375]",295.9818724077195,small,Q1,4.625351929987868,"[4,8)",0.710261344909668,0.08542907238006592,MC,P3,1,0,1,0,0.3966995179653168,0.0,0.5413352251052856,0.3966995179653168,P3,0.710261344909668,0.08542907238006592,P3,1,0,1,1,1,final_tp
09002200121901221345011662Q_1295909300_482350200,6084,1,MC,"[359.00006103515625, 630.9996337890625, 401.9998474121094, 639.9994506835938]",386.9902038965374,small,Q1,4.777851247516158,"[4,8)",0.8391605019569397,0.7393226027488708,MC,P3,1,1,1,1,0.7393226027488708,0.7393226027488708,0.8391605019569397,0.7393226027488708,P3,0.8391605019569397,0.7393226027488708,P3,1,1,1,1,1,final_tp
09002200121901221345011662Q_1295909300_482350200,6084,2,MC,"[93.00018310546875, 639.9994506835938, 137.0004425048828, 651.9996948242188]",528.0138550437987,small,Q1,3.6666136858380973,"[2,4)",0.8770158886909485,0.8404384851455688,MC,P3,1,1,1,1,0.8404384851455688,0.8404384851455688,0.8770158886909485,0.8404384851455688,P3,0.8770158886909485,0.8404384851455688,P3,1,1,1,1,1,final_tp
09002200121901221345011662Q_1295909300_482350200,6084,3,MC,"[384.9994201660156, 645.9996337890625, 433.99981689453125, 655.9999389648438]",490.01892101950943,small,Q1,4.899890140071409,"[4,8)",0.8033887147903442,0.5567987561225891,MC,P3,1,1,1,1,0.5567987561225891,0.5567987561225891,0.8033887147903442,0.5567987561225891,P3,0.8033887147903442,0.5567987561225891,P3,1,1,1,1,1,final_tp
09002200121901221345011662Q_1295909300_482350200,6084,4,MC,"[64.00052642822266, 685.9995727539062, 130.00038146972656, 704.9999389648438]",1254.0214156573638,medium,Q1,3.473609629877097,"[2,4)",0.8118283748626709,0.8719584345817566,MC,P3,1,1,1,1,0.8719584345817566,0.8719584345817566,0.8118283748626709,0.8719584345817566,P3,0.8118283748626709,0.8719584345817566,P3,1,1,1,1,1,final_tp
09002200121901221345011662Q_1295909300_482350200,6084,5,LC,"[575.0001831054688, 541.000244140625, 843.0003051757812, 791.9999389648438]",67267.94885250181,large,Q4,1.067730868190894,"[1,2)",0.9662563800811768,0.001107988995499909,LC,P5,1,1,1,1,0.7902730703353882,0.7902730703353882,0.9485505223274231,0.7902730703353882,P5,0.9485505223274231,0.7902730703353882,P5,1,1,1,1,1,final_tp
09002200121901221345011662Q_1295909300_482350200,6084,6,MC,"[623.0001220703125, 611.9996948242188, 653.0001831054688, 618.999755859375]",210.00225830450654,small,Q1,4.285685636809109,"[4,8)",0.705855667591095,0.011893495917320251,MC,P3,1,0,1,0,0.1509077548980713,0.0,0.6287556886672974,0.1509077548980713,P3,0.6287556886672974,0.1509077548980713,P3,1,0,0,0,1,final_tp
09002200121901221345126822Q_1295907900_482339400,6085,0,LC,"[556.9996948242188, 527.9999389648438, 602.999755859375, 780.0001831054688]",11592.026611343026,large,Q3,5.478258908135578,"[4,8)",0.9099501371383667,0.11659279465675354,LC,P5,1,1,1,1,0.8730221390724182,0.8730221390724182,0.881912350654602,0.8730221390724182,P4,0.881912350654602,0.8730221390724182,P4,1,1,1,1,1,final_tp
09002200121901221645196242Q_1296298000_482197300,6086,0,TC,"[399.00006103515625, 724.9996948242188, 689.0, 737.9993896484375]",3769.9107055850327,medium,Q2,22.308211299281176,"[16,inf)",0.869443953037262,0.040104206651449203,TC,P3,1,1,1,1,0.7337090373039246,0.1620979756116867,0.6393675208091736,0.7337090373039246,P4,0.869443953037262,0.040104206651449203,P3,1,1,1,1,1,final_tp
09002200121901231008374602K_1295882200_483175800,6087,0,LP,"[496.9994201660156, 710.0001220703125, 513.9999389648438, 815.0001220703125]",1785.0544738769531,medium,Q2,6.176282103063691,"[4,8)",0.9087586402893066,0.2740898132324219,LP,P4,1,1,1,1,0.8420586585998535,0.8420586585998535,0.880099892616272,0.8420586585998535,P3,0.880099892616272,0.8420586585998535,P3,1,1,1,1,1,final_tp
09002200121901231008374602K_1295882200_483175800,6087,1,LP,"[670.0006713867188, 684.0001831054688, 811.0003051757812, 819.9998168945312]",19175.898559704423,large,Q3,1.0367648048799534,"[1,2)",0.8917455673217773,0.0006672076415270567,LC,P4,1,1,1,1,0.00418546237051487,0.0018306499114260077,0.31673911213874817,0.03038063645362854,P5,0.759464681148529,0.0018306499114260077,P4,1,1,0,0,1,final_tp
09002200121901231013157602K_1296092300_483179300,6088,0,TP,"[214.99951171875, 640.00048828125, 557.9996337890625, 667.0003051757812]",9260.940490700305,large,Q3,12.703794377945814,"[8,16)",0.7446628212928772,0.248549222946167,TP,P5,1,0,1,0,0.8447396159172058,0.0,0.6878874897956848,0.8447396159172058,P4,0.6878874897956848,0.8447396159172058,P4,1,0,1,1,1,final_tp
09002200121901231013253432K_1296108900_483179600,6089,0,TP,"[421.0002136230469, 616.00048828125, 574.0001220703125, 623.9999389648438]",1223.9152222182602,medium,Q1,19.126301854833173,"[16,inf)",0.9511268138885498,0.020769305527210236,TP,P3,1,1,1,1,0.6483126282691956,0.6483126282691956,0.7740146517753601,0.6483126282691956,P3,0.7740146517753601,0.6483126282691956,P3,1,1,1,1,1,final_tp
09002200121901231013253432K_1296108900_483179600,6089,1,LP,"[363.99981689453125, 701.0001831054688, 418.99981689453125, 795.0003051757812]",5170.0067138671875,medium,Q2,1.7090931285511364,"[1,2)",0.9352834820747375,0.13464656472206116,LP,P3,1,1,1,1,0.8333473801612854,0.8333473801612854,0.8980013728141785,0.8333473801612854,P4,0.8980013728141785,0.8333473801612854,P4,1,1,1,1,1,final_tp
09002200121901231013253432K_1296108900_483179600,6089,2,LP,"[504.9999694824219, 541.000732421875, 515.0003051757812, 556.0003051757812]",150.00076279602945,small,Q1,1.4999069245112011,"[1,2)",0.590160071849823,0.12757273018360138,LP,P3,1,0,1,0,0.12757273018360138,0.0,0.590160071849823,0.12757273018360138,P3,0.590160071849823,0.12757273018360138,P3,1,0,0,0,1,final_tp
09002200121901231014439882K_1296220700_483139600,6090,0,TP,"[112.0004653930664, 692.0001831054688, 832.00048828125, 758.0001220703125]",47519.9560546875,large,Q4,10.909100997555818,"[8,16)",0.882851243019104,0.8313077092170715,TP,P5,1,1,1,1,0.8641350269317627,0.8641350269317627,0.8746654391288757,0.8641350269317627,P5,0.8746654391288757,0.8641350269317627,P5,1,1,1,1,1,final_tp
09002200121901231014439882K_1296220700_483139600,6090,1,LP,"[489.0004577636719, 584.0000610351562, 541.0001831054688, 706.999755859375]",6395.95034798421,medium,Q3,2.365391240352433,"[2,4)",0.9739136099815369,0.11228781938552856,LP,P3,1,1,1,1,0.9255813956260681,0.9255813956260681,0.937942385673523,0.9255813956260681,P4,0.937942385673523,0.9255813956260681,P4,1,1,1,1,1,final_tp
09002200121901231014439882K_1296220700_483139600,6090,2,LP,"[489.9993591308594, 779.999755859375, 506.9998474121094, 820.9996337890625]",697.0179442763329,small,Q1,2.4116882557371397,"[2,4)",0.8469836711883545,0.37207862734794617,LP,P3,1,1,1,1,0.6390889286994934,0.48974037170410156,0.7372887134552002,0.6390889286994934,P3,0.7493635416030884,0.001424628309905529,P3,1,0,1,1,1,final_tp
09002200121901231015114032K_1296220400_483118700,6091,0,TP,"[341.0002136230469, 596.999755859375, 633.0, 616.99951171875]",5839.924438528717,medium,Q2,14.600167543549116,"[8,16)",0.8470090627670288,0.28712165355682373,TP,P4,1,1,1,1,0.4735511839389801,0.38846147060394287,0.6202767491340637,0.4735511839389801,P5,0.822225034236908,0.38846147060394287,P4,1,1,1,1,1,final_tp
09002200121901231015114032K_1296220400_483118700,6091,1,LP,"[712.9999389648438, 722.0004272460938, 812.9996948242188, 824.0]",10199.932373151183,large,Q3,1.0199982177690863,"[1,2)",0.9736011028289795,0.17090661823749542,LP,P4,1,1,1,1,0.8983734846115112,0.8983734846115112,0.9579887986183167,0.8983734846115112,P4,0.9579887986183167,0.8983734846115112,P4,1,1,1,1,1,final_tp
09002200121901231015114032K_1296220400_483118700,6091,2,LP,"[385.9998474121094, 613.9996948242188, 489.9993591308594, 816.9994506835938]",21111.87548840046,large,Q4,1.9519298937513792,"[1,2)",0.8754739761352539,0.004561263602226973,LP,P4,1,1,1,1,0.9047513008117676,0.9047513008117676,0.8658424019813538,0.9047513008117676,P4,0.8658424019813538,0.9047513008117676,P4,1,1,1,1,1,final_tp
09002200121901231015114032K_1296220400_483118700,6091,3,LP,"[576.0, 561.9999389648438, 593.00048828125, 583.99951171875]",374.00347879529,small,Q1,1.2940553465261222,"[1,2)",0.7037305235862732,0.1628420054912567,LP,P3,1,0,1,0,0.1628420054912567,0.0,0.7037305235862732,0.1628420054912567,P3,0.7037305235862732,0.1628420054912567,P3,1,0,0,0,1,final_tp
09002200121901231015114032K_1296220400_483118700,6091,4,LP,"[322.0003662109375, 572.9996948242188, 384.00048828125, 601.9993286132812]",1797.980834916234,medium,Q2,2.1379622419127395,"[2,4)",0.859032928943634,0.0015042588347569108,TP,P3,1,1,1,1,0.00449550012126565,0.00449550012126565,0.35182660818099976,0.019177760928869247,P3,0.8466514348983765,0.00449550012126565,P4,1,1,0,0,1,final_tp
09002200121901231015549942K_1296219900_483084800,6092,0,TP,"[108.00025939941406, 691.000244140625, 197.0001983642578, 712.9999389648438]",1957.9714966006577,medium,Q2,4.045507888903377,"[4,8)",0.9331464171409607,0.13912180066108704,TP,P3,1,1,1,1,0.5107479691505432,0.5107479691505432,0.7571228742599487,0.5107479691505432,P4,0.7571228742599487,0.5107479691505432,P4,1,1,1,1,1,final_tp
09002200121901231015549942K_1296219900_483084800,6092,1,LP,"[474.0003967285156, 620.9996337890625, 503.0, 702.0001220703125]",2348.9820249527693,medium,Q2,2.79315849678877,"[2,4)",0.9052435159683228,0.7686518430709839,LP,P4,1,1,1,1,0.8182210326194763,0.8182210326194763,0.881115734577179,0.8182210326194763,P3,0.881115734577179,0.8182210326194763,P3,1,1,1,1,1,final_tp
09002200121901231015549942K_1296219900_483084800,6092,2,TP,"[359.9994812011719, 724.0001831054688, 771.999755859375, 750.0005493164062]",10712.158020120114,large,Q3,15.845941219277448,"[8,16)",0.9495866298675537,0.031185150146484375,TP,P4,1,1,1,1,0.597740650177002,0.469735711812973,0.7201961278915405,0.597740650177002,P4,0.9192401766777039,0.0052164820954203606,P4,1,1,1,1,1,final_tp
09002200121901231015549942K_1296219900_483084800,6092,3,LP,"[581.99951171875, 582.9999389648438, 648.9999389648438, 650.999755859375]",4556.016784589738,medium,Q2,1.014916168291983,"[1,2)",0.9308445453643799,0.030399957671761513,LP,P3,1,1,1,1,0.6620756983757019,0.6620756983757019,0.8820112347602844,0.6620756983757019,P4,0.8820112347602844,0.6620756983757019,P4,1,1,1,1,1,final_tp
09002200121901231015549942K_1296219900_483084800,6092,4,TP,"[376.0, 607.0000610351562, 452.9997253417969, 637.0001831054688]",2310.001159634441,medium,Q2,2.566647067679575,"[2,4)",0.8804211020469666,0.0029386980459094048,LP,P3,1,1,1,1,0.09876825660467148,0.007568715140223503,0.5904821157455444,0.09876825660467148,P3,0.8462225198745728,0.007568715140223503,P3,1,1,0,0,1,final_tp
09002200121901231016312592K_1296220700_483056600,6093,0,LP,"[464.9994201660156, 614.0001220703125, 485.9996032714844, 644.9995727539062]",650.9941405244172,small,Q1,1.476151447247193,"[1,2)",0.7359005808830261,0.03671029955148697,LP,P3,1,0,1,0,0.7423891425132751,0.0,0.6469112038612366,0.7423891425132751,P3,0.6970514059066772,0.16374799609184265,P4,1,0,1,1,1,final_tp
09002200121901231016312592K_1296220700_483056600,6093,1,TP,"[276.0002746582031, 716.9996948242188, 968.0, 766.99951171875]",34599.86108402908,large,Q4,13.840045800948978,"[8,16)",0.9484829306602478,0.00470421789214015,TP,P4,1,1,1,1,0.5253691077232361,0.5253691077232361,0.9229612350463867,0.5253691077232361,P5,0.9229612350463867,0.5253691077232361,P5,1,1,1,1,1,final_tp
09002200121901231017276812K_1296222300_483009800,6094,0,LP,"[601.0004272460938, 607.0006103515625, 752.00048828125, 778.0003662109375]",25820.973571762443,large,Q4,1.1324482565577398,"[1,2)",0.9343284964561462,9.075391426449642e-05,LP,P4,1,1,1,1,0.9572132229804993,0.9572132229804993,0.9146692156791687,0.9572132229804993,P4,0.9146692156791687,0.9572132229804993,P4,1,1,1,1,1,final_tp
09002200121901231017276812K_1296222300_483009800,6094,1,TP,"[177.0004425048828, 672.0000610351562, 600.9999389648438, 711.0001220703125]",16536.006835907698,large,Q3,10.871765337406512,"[8,16)",0.9530990719795227,0.0026792953722178936,TP,P4,1,1,1,1,0.6111233830451965,0.6111233830451965,0.8112452626228333,0.6111233830451965,P4,0.8112452626228333,0.6111233830451965,P4,1,1,1,1,1,final_tp
09002200121901231017276812K_1296222300_483009800,6094,2,LP,"[556.0003051757812, 549.9995727539062, 573.000732421875, 570.9998168945312]",357.0131226629019,small,Q1,1.235277433715691,"[1,2)",0.6177411079406738,0.14577791094779968,LP,P3,1,0,1,0,0.14577791094779968,0.0,0.6177411079406738,0.14577791094779968,P3,0.6177411079406738,0.14577791094779968,P3,1,0,0,0,1,final_tp
09002200121901231017276812K_1296222300_483009800,6094,3,TP,"[452.9997253417969, 566.0001220703125, 639.99951171875, 571.0004272460938]",935.0559996906668,small,Q1,37.397674702471775,"[16,inf)",0.5178378820419312,0.1957407146692276,TP,P3,1,0,1,0,0.1957407146692276,0.0,0.5178378820419312,0.1957407146692276,P3,0.5178378820419312,0.1957407146692276,P3,1,0,0,0,1,final_tp
09002200121901231017414972K_1296223100_482985700,6095,0,TP,"[355.00030517578125, 568.00048828125, 661.0001831054688, 579.000244140625]",3365.923950225115,medium,Q2,27.818788147819333,"[16,inf)",0.8783508539199829,0.42845526337623596,TP,P4,1,1,1,1,0.4868537485599518,0.4868537485599518,0.8063086867332458,0.4868537485599518,P4,0.8063086867332458,0.4868537485599518,P4,1,1,1,1,1,final_tp
09002200121901231017414972K_1296223100_482985700,6095,1,TP,"[310.0002136230469, 643.9996948242188, 987.0004272460938, 682.9998168945312]",26403.09216311574,large,Q4,17.358926285412018,"[16,inf)",0.9197690486907959,0.5485660433769226,TP,P5,1,1,1,1,0.6803018450737,0.6803018450737,0.8540738224983215,0.6803018450737,P5,0.8540738224983215,0.6803018450737,P5,1,1,1,1,1,final_tp
09002200121901231017414972K_1296223100_482985700,6095,2,LP,"[660.999755859375, 672.9999389648438, 801.9993286132812, 824.0]",21290.944091770798,large,Q4,1.070925663716048,"[1,2)",0.9747445583343506,0.00022618257207795978,LP,P4,1,1,1,1,0.9380621910095215,0.9380621910095215,0.9603204131126404,0.9380621910095215,P4,0.9603204131126404,0.9380621910095215,P4,1,1,1,1,1,final_tp
09002200121901231017414972K_1296223100_482985700,6095,3,MC,"[676.9996948242188, 570.999755859375, 710.9995727539062, 577.9998779296875]",238.00329588353634,small,Q1,4.857040718458453,"[4,8)",0.3561352789402008,9.853112715063617e-05,LP,P3,0,0,0,0,0.0,0.0,0.2194189876317978,0.0032813462894409895,P3,0.2194189876317978,0.0032813462894409895,P3,0,0,0,0,0,raw_geometry_failure
09002200121901231017495912K_1296223600_482972700,6096,0,LP,"[561.00048828125, 549.0001831054688, 575.00048828125, 567.0000610351562]",251.998291015625,small,Q1,1.28570556640625,"[1,2)",0.6953372955322266,0.3909330666065216,LP,P3,1,0,1,0,0.3909330666065216,0.0,0.6953372955322266,0.3909330666065216,P3,0.6953372955322266,0.3909330666065216,P3,1,0,1,1,1,final_tp
09002200121901231017495912K_1296223600_482972700,6096,1,TP,"[246.00015258789062, 625.9994506835938, 688.9999389648438, 651.9998168945312]",11518.156677167863,large,Q3,17.038213338341276,"[16,inf)",0.9106931090354919,0.21507225930690765,TP,P4,1,1,1,1,0.309730589389801,0.309730589389801,0.9088670611381531,0.309730589389801,P4,0.9088670611381531,0.309730589389801,P4,1,1,1,1,1,final_tp
09002200121901231017495912K_1296223600_482972700,6096,2,TP,"[0.999926745891571, 791.9999389648438, 134.99954223632812, 843.9998168945312]",6967.96380619891,medium,Q3,2.576921790306186,"[2,4)",0.9122925400733948,0.6174666285514832,TP,P4,1,1,1,1,0.7735790610313416,0.7735790610313416,0.8851834535598755,0.7735790610313416,P4,0.8851834535598755,0.7735790610313416,P4,1,1,1,1,1,final_tp
09002200121901231017495912K_1296223600_482972700,6096,3,TP,"[438.99957275390625, 565.0001831054688, 632.0, 572.0003051757812]",1351.0265503451228,medium,Q1,27.571008806347546,"[16,inf)",0.6588514447212219,0.094480961561203,TP,P3,1,0,1,0,0.12316498905420303,0.0,0.578610897064209,0.12316498905420303,P3,0.578610897064209,0.12316498905420303,P3,1,0,0,0,1,final_tp
09002200121901231017495912K_1296223600_482972700,6096,4,TP,"[813.0003051757812, 772.000244140625, 1024.0, 824.0]",10971.932617262006,large,Q3,4.057705489903329,"[4,8)",0.9745924472808838,0.7671455144882202,TP,P4,1,1,1,1,0.7843640446662903,0.7843640446662903,0.9417160749435425,0.7843640446662903,P4,0.9417160749435425,0.7843640446662903,P4,1,1,1,1,1,final_tp
09002200121901231020279842K_1296228600_482823100,6097,0,TP,"[214.00015258789062, 787.9996948242188, 784.9999389648438, 823.99951171875]",20555.886657759547,large,Q4,15.861185003585833,"[8,16)",0.7792453169822693,0.009328021667897701,TP,P5,1,1,1,1,0.3240309953689575,0.009328021667897701,0.6295933127403259,0.3240309953689575,P4,0.6295933127403259,0.3240309953689575,P4,1,0,1,1,1,final_tp
09002200121901231020279842K_1296228600_482823100,6097,1,LP,"[572.0003051757812, 567.0000610351562, 600.00048828125, 609.0004272460938]",1176.0179444029927,medium,Q1,1.5000032697191312,"[1,2)",0.7526534795761108,0.12789282202720642,LP,P3,1,1,1,1,0.3891114294528961,0.12789282202720642,0.723206102848053,0.3891114294528961,P3,0.723206102848053,0.3891114294528961,P3,1,0,1,1,1,final_tp
09002200121901231035209972Q_1296254800_482371800,6098,0,MC,"[722.0004272460938, 641.00048828125, 763.0003051757812, 648.9999389648438]",327.976501531899,small,Q1,5.125336670150996,"[4,8)",0.643666684627533,0.010246585123240948,TP,P3,1,0,1,0,0.010246585123240948,0.0,0.4995121359825134,0.03349672630429268,P3,0.4995121359825134,0.03349672630429268,P3,0,0,0,0,0,nms_or_maxdet_loss
09002200121901231035209972Q_1296254800_482371800,6098,1,LC,"[0.9994171261787415, 623.9999389648438, 451.99981689453125, 855.0001220703125]",104181.17422492616,large,Q4,1.9523811222374678,"[1,2)",0.9517967700958252,0.40397366881370544,LC,P5,1,1,1,1,0.5479955673217773,0.5479955673217773,0.94730144739151,0.5479955673217773,P5,0.94730144739151,0.5479955673217773,P5,1,1,1,1,1,final_tp
09002200121901231035209972Q_1296254800_482371800,6098,2,MC,"[267.999755859375, 674.999755859375, 315.999755859375, 687.0]",576.01171875,small,Q1,3.9999186214473177,"[2,4)",0.5295572876930237,0.00015561409236397594,P,P3,1,0,0,0,0.00015561409236397594,0.0,0.22136957943439484,0.0006523348274640739,P3,0.0,0.03546880558133125,P3,0,0,0,0,0,final_localization_or_assignment
09002200121901231124467182Q_1296055600_482426700,6099,0,LC,"[564.000244140625, 693.9996337890625, 594.0003662109375, 803.9998168945312]",3300.0189209207892,medium,Q2,3.6666578505133036,"[2,4)",0.9213489294052124,0.28146693110466003,LC,P3,1,1,1,1,0.7796765565872192,0.7796765565872192,0.8627311587333679,0.7796765565872192,P3,0.8627311587333679,0.7796765565872192,P3,1,1,1,1,1,final_tp
09002200121901231148090352Q_1296050700_482415800,6100,0,TC,"[788.0003051757812, 711.99951171875, 1024.0, 732.999755859375]",4956.051208421588,medium,Q2,11.237950056384204,"[8,16)",0.8723112344741821,0.24394695460796356,TC,P5,1,1,1,1,0.5279977321624756,0.5279977321624756,0.7864536046981812,0.5279977321624756,P4,0.8472991585731506,0.0018666951218619943,P3,1,1,1,1,1,final_tp
09002200121901231148090352Q_1296050700_482415800,6100,1,TC,"[422.00006103515625, 728.9999389648438, 722.0004272460938, 746.0004272460938]",5100.152710139751,medium,Q2,17.64657351293908,"[16,inf)",0.8192651867866516,0.24175326526165009,TC,P3,1,1,1,1,0.629718542098999,0.34587472677230835,0.6399346590042114,0.629718542098999,P4,0.8118213415145874,0.09215610474348068,P3,1,1,1,1,1,final_tp
09002200121901231233206472Q_1296053100_482356300,6101,0,MC,"[92.99968719482422, 643.9996948242188, 128.00001525878906, 654.0000610351562]",350.01609814260155,small,Q1,3.499904636060691,"[2,4)",0.8374714255332947,0.6705328226089478,MC,P3,1,1,1,1,0.848777174949646,0.848777174949646,0.7609254717826843,0.848777174949646,P3,0.7609254717826843,0.848777174949646,P3,1,1,1,1,1,final_tp
09002200121901231233206472Q_1296053100_482356300,6101,1,TC,"[613.0001831054688, 719.0000610351562, 741.000244140625, 802.0004272460938]",10624.05194094032,large,Q3,1.542162605763164,"[1,2)",0.8808769583702087,0.021707147359848022,TC,P3,1,1,1,1,0.21693304181098938,0.21693304181098938,0.8113488554954529,0.21693304181098938,P4,0.8113488554954529,0.21693304181098938,P4,1,1,0,0,1,final_tp
09002200121901231358498662L_1295319000_483006300,6174,0,MC,"[385.9994201660156, 597.9995727539062, 418.9998474121094, 604.9996948242188]",231.0070190951228,small,Q1,4.714264539192606,"[4,8)",0.6666746735572815,0.036371614784002304,MC,P3,1,0,1,0,0.44105014204978943,0.0,0.6199162006378174,0.44105014204978943,P3,0.6199162006378174,0.44105014204978943,P3,1,0,1,1,1,final_tp
09002200121901231358498662L_1295319000_483006300,6174,1,TC,"[78.0001220703125, 689.9999389648438, 398.0000915527344, 810.0004272460938]",38400.152587875724,large,Q4,2.6666555617042573,"[2,4)",0.9598147869110107,0.3125883936882019,TC,P4,1,1,1,1,0.9266932606697083,0.9266932606697083,0.8477178812026978,0.9266932606697083,P5,0.8477178812026978,0.9266932606697083,P5,1,1,1,1,1,final_tp
09002200121901231410434452L_1295283700_482961300,6175,0,AC,"[173.99961853027344, 712.0, 793.9998168945312, 809.9999389648438]",60759.98010252789,large,Q4,6.326536420883753,"[4,8)",0.7640934586524963,0.002140467055141926,AC,P5,1,1,1,1,0.6761157512664795,0.002140467055141926,0.6350082755088806,0.6761157512664795,P5,0.6350082755088806,0.6761157512664795,P5,1,0,1,1,1,final_tp
09002200121901231410434452L_1295283700_482961300,6175,1,MC,"[573.0001831054688, 739.999755859375, 670.000732421875, 775.0000610351562]",3395.048828292638,medium,Q2,2.7714201013174757,"[2,4)",0.952820897102356,0.005027406848967075,MC,P3,1,1,1,1,0.9259262084960938,0.9259262084960938,0.8575307726860046,0.9259262084960938,P3,0.8575307726860046,0.9259262084960938,P3,1,1,1,1,1,final_tp
09002200121901231422002602K_1296128400_483163600,6102,0,AC,"[263.9995422363281, 711.9999389648438, 686.99951171875, 788.000244140625]",32148.126770010218,large,Q4,5.565766722963342,"[4,8)",0.6302807331085205,0.00021608307724818587,AC,P4,1,0,1,0,0.0010192862246185541,0.0,0.2014937698841095,0.5610374808311462,P5,0.518345057964325,0.0010192862246185541,P5,1,0,0,0,1,final_tp
09002200121901231422002602K_1296128400_483163600,6102,1,TC,"[686.0001220703125, 658.9998168945312, 1024.0, 721.9993286132812]",21293.827270567417,large,Q4,5.365119009788953,"[4,8)",0.6423075795173645,0.0002112331858370453,TC,P4,1,0,0,0,0.0002657829027157277,0.0,0.10658010840415955,0.0016416212311014533,P3,0.11713384091854095,0.0011496366932988167,P5,0,0,0,0,0,final_localization_or_assignment
09002200121901231422002602K_1296128400_483163600,6102,2,LC,"[603.0003051757812, 612.9995727539062, 672.00048828125, 681.9999389648438]",4761.0379028990865,medium,Q2,1.0000026536954036,"[1,2)",0.4455661177635193,8.530427294317633e-05,LC,P3,0,0,0,0,0.0,0.0,0.22680357098579407,0.001349477213807404,P3,0.36235684156417847,0.0011794695165008307,P3,0,0,0,0,0,raw_geometry_failure
09002200121901231424075782L_1295309500_483059200,6176,0,LP,"[552.0000610351562, 595.000244140625, 592.9999389648438, 662.0006713867188]",2747.009338326752,medium,Q2,1.6341616275296171,"[1,2)",0.9724501371383667,0.41932398080825806,LP,P3,1,1,1,1,0.6968290209770203,0.6968290209770203,0.9003569483757019,0.6968290209770203,P4,0.9003569483757019,0.6968290209770203,P4,1,1,1,1,1,final_tp
09002200121901231424075782L_1295309500_483059200,6176,1,TP,"[293.9996032714844, 719.99951171875, 990.0001220703125, 788.9996948242188]",48024.16113290191,large,Q4,10.08693683055005,"[8,16)",0.8486803770065308,0.00020940654212608933,TC,P4,1,1,1,1,0.827032744884491,0.08164998143911362,0.7158036828041077,0.827032744884491,P5,0.7669767737388611,0.005225969944149256,P5,1,1,1,1,1,final_tp
09002200121901231525164612Q_1296051900_482437000,6103,0,TC,"[212.000244140625, 746.9998168945312, 456.0, 771.9996948242188]",6099.964111357927,medium,Q3,9.760037890810013,"[8,16)",0.7907324433326721,0.0019251399207860231,TC,P3,1,1,1,1,0.5929524898529053,0.0019251399207860231,0.6174052953720093,0.5929524898529053,P4,0.7907324433326721,0.0019251399207860231,P3,1,1,1,1,1,final_tp
09002200121901231525164612Q_1296051900_482437000,6103,1,LC,"[584.9999389648438, 679.0, 645.99951171875, 789.0001831054688]",6709.96417228505,medium,Q3,1.8032943205889034,"[1,2)",0.741539478302002,0.04220116138458252,LC,P4,1,0,1,0,0.3730325400829315,0.0,0.5963622331619263,0.3730325400829315,P4,0.6603578329086304,0.12183188647031784,P4,1,0,1,1,1,final_tp
09002200121901231526352652Q_1296053400_482385400,6104,0,LC,"[559.0001831054688, 585.00048828125, 664.0, 804.0001831054688]",22994.927856501192,large,Q4,2.0857150164766143,"[2,4)",0.8829708099365234,0.009475423023104668,LC,P4,1,1,1,1,0.88460373878479,0.88460373878479,0.8316229581832886,0.88460373878479,P4,0.8316229581832886,0.88460373878479,P4,1,1,1,1,1,final_tp
09002200121901231526352652Q_1296053400_482385400,6104,1,LP,"[544.0, 545.00048828125, 561.00048828125, 584.9999389648438]",680.0101926028728,small,Q1,2.3528412844300197,"[2,4)",0.5475717186927795,0.0002798833593260497,LP,P3,1,0,0,0,0.0002798833593260497,0.0,0.36476844549179077,0.007486973889172077,P3,0.38091278076171875,0.004889742471277714,P3,0,0,0,0,0,final_localization_or_assignment
09002200121901231548497902L_1295240800_483010400,6177,0,LC,"[1.0004425048828125, 657.00048828125, 325.0002136230469, 846.0001220703125]",61235.83520516753,large,Q4,1.7142877441814652,"[1,2)",0.9665424227714539,0.00034697033697739244,LC,P5,1,1,1,1,0.9045472145080566,0.9045472145080566,0.9362626075744629,0.9045472145080566,P5,0.9362626075744629,0.9045472145080566,P5,1,1,1,1,1,final_tp
09002200121901231557213562Q_1295910000_482367400,6105,0,AC,"[496.0, 605.9996337890625, 620.000244140625, 806.99951171875]",24924.033935517073,large,Q4,1.6209635660212047,"[1,2)",0.824508547782898,0.00015810495824553072,AC,P4,1,1,1,1,0.9057459831237793,0.01550270989537239,0.6751706600189209,0.9057459831237793,P5,0.6751706600189209,0.9057459831237793,P5,1,0,1,1,1,final_tp
09002200121901231557213562Q_1295910000_482367400,6105,1,MC,"[9.999359130859375, 681.0004272460938, 58.999813079833984, 697.0004272460938]",784.0072631835938,small,Q1,3.062528371810913,"[2,4)",0.8467694520950317,0.7668684124946594,MC,P3,1,1,1,1,0.8741909861564636,0.8741909861564636,0.7900428175926208,0.8741909861564636,P3,0.7900428175926208,0.8741909861564636,P3,1,1,1,1,1,final_tp
09002200121901231629183152L_1295222500_482959800,6178,0,TP,"[481.9999084472656, 781.9995727539062, 549.000244140625, 815.0]",2211.0397035125643,medium,Q2,2.030286917006209,"[2,4)",0.8200291991233826,0.07511810958385468,TP,P3,1,1,1,1,0.48165735602378845,0.48165735602378845,0.7539195418357849,0.48165735602378845,P3,0.7539195418357849,0.48165735602378845,P3,1,1,1,1,1,final_tp
09002200121901231629183152L_1295222500_482959800,6178,1,LP,"[519.9994506835938, 560.9999389648438, 554.999755859375, 619.0003051757812]",2030.0305176898837,medium,Q2,1.657138871208224,"[1,2)",0.9398370981216431,0.6511707305908203,LP,P3,1,1,1,1,0.7522353529930115,0.7522353529930115,0.9242673516273499,0.7522353529930115,P3,0.9242673516273499,0.7522353529930115,P3,1,1,1,1,1,final_tp
09002200121901231631026672Q_1295864100_482387900,6106,0,LC,"[452.000244140625, 594.0004272460938, 546.0003662109375, 802.0004272460938]",19552.025390625,large,Q3,2.2127630839076473,"[2,4)",0.9049957990646362,0.9082112908363342,LC,P4,1,1,1,1,0.9255348443984985,0.9255348443984985,0.8930954933166504,0.9255348443984985,P4,0.8930954933166504,0.9255348443984985,P4,1,1,1,1,1,final_tp
09002200121901231631026672Q_1295864100_482387900,6106,1,TC,"[279.9994812011719, 698.9998168945312, 648.9999389648438, 727.0]",10332.0803833846,large,Q3,13.178501596712842,"[8,16)",0.9283234477043152,0.1052975207567215,TC,P5,1,1,1,1,0.1052975207567215,0.1052975207567215,0.1684579998254776,0.521628201007843,P3,0.9283234477043152,0.1052975207567215,P5,1,1,0,0,1,final_tp
09002200121901231631026672Q_1295864100_482387900,6106,2,TC,"[280.9999694824219, 680.9999389648438, 352.0, 687.9999389648438]",497.0002136230469,small,Q1,10.142861502511161,"[8,16)",0.4496934115886688,0.0043388004414737225,TC,P3,0,0,0,0,0.0,0.0,0.25820493698120117,0.0371239110827446,P3,0.3702238202095032,0.01728261634707451,P3,0,0,0,0,0,raw_geometry_failure
09002200121901231637291082L_1295171900_482971500,6179,0,LC,"[455.0000915527344, 667.0004272460938, 476.9997253417969, 804.0001831054688]",3013.9444580972195,medium,Q2,6.227365290393461,"[4,8)",0.9097235798835754,0.6416144967079163,LC,P4,1,1,1,1,0.7798557281494141,0.7798557281494141,0.9027099609375,0.7798557281494141,P4,0.9027099609375,0.7798557281494141,P4,1,1,1,1,1,final_tp
09002200121901231657489772Q_1295915500_482428900,6107,0,TC,"[337.9998474121094, 659.0003662109375, 576.0, 666.999755859375]",1903.8559569381177,medium,Q2,29.75228899299568,"[16,inf)",0.8487693071365356,0.07878672331571579,TC,P3,1,1,1,1,0.4200904369354248,0.26940104365348816,0.7110299468040466,0.4200904369354248,P3,0.7110299468040466,0.4200904369354248,P3,1,0,1,1,1,final_tp
09002200121901231657489772Q_1295915500_482428900,6107,1,MC,"[90.99981689453125, 628.0007934570312, 126.99954986572266, 636.000244140625]",287.97808852558956,small,Q1,4.500275630803507,"[4,8)",0.8201883435249329,0.6805194020271301,MC,P3,1,1,1,1,0.6805194020271301,0.6805194020271301,0.8201883435249329,0.6805194020271301,P3,0.8201883435249329,0.6805194020271301,P3,1,1,1,1,1,final_tp
09002200121901241120388432L_1295020500_482191900,6180,0,TC,"[409.9999084472656, 663.0000610351562, 600.0, 673.9998168945312]",2089.9546203389764,medium,Q2,17.27311896570858,"[16,inf)",0.7510814070701599,0.09737229347229004,TC,P3,1,1,1,1,0.1844007670879364,0.09737229347229004,0.44634920358657837,0.3476129174232483,P5,0.7510814070701599,0.09737229347229004,P3,1,1,0,0,1,final_tp
09002200121901241120388432L_1295020500_482191900,6180,1,LC,"[441.9999084472656, 674.9998168945312, 486.0000915527344, 797.0001831054688]",5368.038452215493,medium,Q2,2.7727240570454392,"[2,4)",0.9504349827766418,0.3331298232078552,LC,P3,1,1,1,1,0.41918304562568665,0.41918304562568665,0.8814685940742493,0.41918304562568665,P4,0.8814685940742493,0.41918304562568665,P4,1,1,1,1,1,final_tp
09002200121901241202289012K_1295943600_482892300,6108,0,LC,"[463.9994812011719, 657.0003662109375, 610.9998168945312, 799.0006103515625]",20874.083557210863,large,Q4,1.0352118518034568,"[1,2)",0.93133544921875,0.0003494734119158238,LC,P4,1,1,1,1,0.893457293510437,0.893457293510437,0.8286773562431335,0.893457293510437,P4,0.8286773562431335,0.893457293510437,P4,1,1,1,1,1,final_tp
09002200121901251018310982Q_1296397100_482343500,6109,0,LC,"[522.9998168945312, 591.9999389648438, 551.0000610351562, 816.0]",6272.056396499276,medium,Q3,7.999932425951922,"[4,8)",0.9343865513801575,0.0783180445432663,LC,P3,1,1,1,1,0.7978143095970154,0.7978143095970154,0.8428119421005249,0.7978143095970154,P4,0.8428119421005249,0.7978143095970154,P4,1,1,1,1,1,final_tp
09002200121901251018310982Q_1296397100_482343500,6109,1,LC,"[462.0007019042969, 559.0000610351562, 500.00030517578125, 646.0001220703125]",3305.9678039308637,medium,Q2,2.289499193283493,"[2,4)",0.9348387718200684,0.05225576460361481,LC,P3,1,1,1,1,0.49821993708610535,0.49821993708610535,0.8187577128410339,0.49821993708610535,P3,0.8187577128410339,0.49821993708610535,P3,1,1,1,1,1,final_tp
09002200121901251018310982Q_1296397100_482343500,6109,2,MC,"[244.99966430664062, 626.0004272460938, 296.9993896484375, 639.0001220703125]",675.9805603865534,small,Q1,4.000072774394681,"[4,8)",0.6215073466300964,0.0024510871153324842,MC,P3,1,0,1,0,0.8495599031448364,0.0,0.5144675374031067,0.8495599031448364,P3,0.5976909399032593,0.004634673707187176,P3,1,0,1,1,1,final_tp
09002200121901251047440262L_1295475600_482147900,6181,0,LC,"[585.9999389648438, 664.0, 637.9996337890625, 815.0]",7851.953918457031,medium,Q3,2.9038631959369128,"[2,4)",0.7628573179244995,2.8308300898061134e-05,LC,P3,1,1,1,0,0.8778995275497437,0.0005413762992247939,0.7276199460029602,0.8778995275497437,P4,0.7276199460029602,0.8778995275497437,P4,1,0,1,1,1,final_tp
09002200121901251047440262L_1295475600_482147900,6181,1,MC,"[199.0000457763672, 641.9999389648438, 248.0005340576172, 655.9999389648438]",686.0068359375,small,Q1,3.500034877232143,"[2,4)",0.7640706300735474,0.00015449665079358965,TC,P4,1,1,1,1,0.3850170969963074,0.145482137799263,0.7165567278862,0.3850170969963074,P3,0.7165567278862,0.3850170969963074,P3,1,0,1,1,1,final_tp
09002200121901251047440262L_1295475600_482147900,6181,2,MC,"[877.9996337890625, 768.0006103515625, 971.9998168945312, 809.0004272460938]",3853.9902953766286,medium,Q2,2.292697631974228,"[2,4)",0.5841192603111267,0.00032397499307990074,MC,P3,1,0,1,0,0.33077722787857056,0.0,0.4393291771411896,0.5136670470237732,P3,0.4979249835014343,0.003798540448769927,P3,0,0,0,1,0,nms_or_maxdet_loss
09002200121901251047440262L_1295475600_482147900,6181,3,MC,"[420.9997253417969, 673.9998779296875, 475.9997253417969, 688.9994506835938]",824.9765014648438,small,Q1,3.6667711075754923,"[2,4)",0.9653487801551819,0.7746441960334778,MC,P3,1,1,1,1,0.8457450866699219,0.8457450866699219,0.8958179950714111,0.8457450866699219,P3,0.8958179950714111,0.8457450866699219,P3,1,1,1,1,1,final_tp
09002200121901251047440262L_1295475600_482147900,6181,4,MC,"[46.99955368041992, 658.9993286132812, 103.00006103515625, 675.999755859375]",952.0325510285329,small,Q1,3.2940647046152187,"[2,4)",0.9579828977584839,0.8145527243614197,MC,P3,1,1,1,1,0.8648223280906677,0.8648223280906677,0.9177701473236084,0.8648223280906677,P3,0.9177701473236084,0.8648223280906677,P3,1,1,1,1,1,final_tp
09002200121901251124007772Q_1296331400_482436300,6110,0,LC,"[478.0005798339844, 554.9998168945312, 509.0001525878906, 821.9996337890625]",8276.880249101669,medium,Q3,8.613016024902686,"[8,16)",0.965897262096405,0.7330977916717529,LC,P4,1,1,1,1,0.8170711398124695,0.8170711398124695,0.8209618926048279,0.8170711398124695,P4,0.8209618926048279,0.8170711398124695,P4,1,1,1,1,1,final_tp
09002200121901251300273052Q_1295979100_482413800,6111,0,LC,"[255.00059509277344, 603.9996948242188, 437.0002136230469, 815.99951171875]",38583.885803292505,large,Q4,1.1648366002441244,"[1,2)",0.9369166493415833,0.06341693550348282,LC,P5,1,1,1,1,0.6723619103431702,0.6723619103431702,0.7583139538764954,0.6723619103431702,P4,0.797741174697876,0.06866765022277832,P5,1,1,1,1,1,final_tp
09002200121901251300273052Q_1295979100_482413800,6111,1,LC,"[593.00048828125, 545.9999389648438, 1024.0, 727.9995727539062]",78441.75329607725,large,Q4,2.3681339503038683,"[2,4)",0.9599112868309021,0.00042755581671372056,AC,P5,1,1,1,1,0.762335479259491,0.762335479259491,0.9245404601097107,0.762335479259491,P5,0.9245404601097107,0.762335479259491,P5,1,1,1,1,1,final_tp
09002200121901251300273052Q_1295979100_482413800,6111,2,TC,"[198.99954223632812, 627.000244140625, 395.9997253417969, 648.00048828125]",4137.051940962672,medium,Q2,9.380852040875642,"[8,16)",0.802226722240448,0.002366486471146345,TC,P3,1,1,1,1,0.3988833725452423,0.3988833725452423,0.766352653503418,0.3988833725452423,P3,0.766352653503418,0.3988833725452423,P3,1,1,1,1,1,final_tp
09002200121901251300273052Q_1295979100_482413800,6111,3,TC,"[638.0001831054688, 645.9996948242188, 816.0, 659.9998168945312]",2492.0191650167108,medium,Q2,12.714161776630714,"[8,16)",0.6707471609115601,0.005466108210384846,TC,P3,1,0,1,0,0.028582468628883362,0.0,0.3656015694141388,0.03818264976143837,P3,0.6212422847747803,0.0024323633406311274,P3,1,0,0,0,1,final_tp
09002200121901251452536972Q_1295978100_482437600,6112,0,LC,"[394.99981689453125, 547.9998168945312, 508.0002136230469, 825.99951171875]",31414.07580554299,large,Q4,2.4601656531535485,"[2,4)",0.9767692685127258,0.9354676604270935,LC,P4,1,1,1,1,0.9580240249633789,0.9580240249633789,0.9651937484741211,0.9580240249633789,P4,0.9651937484741211,0.9580240249633789,P4,1,1,1,1,1,final_tp
09002200121901251452536972Q_1295978100_482437600,6112,1,LC,"[725.9996337890625, 603.999755859375, 1024.0, 744.9994506835938]",42017.960693247616,large,Q4,2.1134823488976204,"[2,4)",0.935533344745636,0.005123420152813196,LC,P5,1,1,1,1,0.24927490949630737,0.24927490949630737,0.3887258470058441,0.9046904444694519,P4,0.8298606276512146,0.24927490949630737,P5,1,1,0,0,1,final_tp
09002200121901251452536972Q_1295978100_482437600,6112,2,LC,"[757.9996337890625, 568.9999389648438, 1024.0, 643.0003051757812]",19684.12451185286,large,Q3,3.5945817545376113,"[2,4)",0.9276791214942932,0.14291991293430328,LC,P4,1,1,1,1,0.6149184703826904,0.6149184703826904,0.8739193081855774,0.6149184703826904,P4,0.8739193081855774,0.6149184703826904,P4,1,1,1,1,1,final_tp
09002200121901251611508022L_1295446200_482112400,6182,0,LC,"[277.9996337890625, 692.0001831054688, 334.0001525878906, 754.0003662109375]",3472.0424195285887,medium,Q2,1.1071358700835139,"[1,2)",0.8460444211959839,0.24924251437187195,LC,P4,1,1,1,1,0.617675244808197,0.5176185369491577,0.7348584532737732,0.617675244808197,P3,0.7348584532737732,0.617675244808197,P3,1,0,1,1,1,final_tp
09002200121901251611508022L_1295446200_482112400,6182,1,LC,"[358.0001525878906, 657.9998779296875, 377.0004577636719, 696.9999389648438]",741.013061542064,small,Q1,2.0526018226732328,"[2,4)",0.5008581876754761,0.06059575080871582,LC,P3,1,0,1,0,0.06059575080871582,0.0,0.4663817584514618,0.07287178933620453,P3,0.4663817584514618,0.07287178933620453,P3,0,0,0,0,0,nms_or_maxdet_loss
09002200121901251619029052Q_1296162400_482425200,6113,0,LC,"[544.9999389648438, 518.9995727539062, 685.000244140625, 768.9999389648438]",35000.12756358832,large,Q4,1.7857130089612494,"[1,2)",0.975398063659668,0.790510892868042,LC,P4,1,1,1,1,0.8490926027297974,0.8490926027297974,0.9143337607383728,0.8490926027297974,P5,0.9143337607383728,0.8490926027297974,P5,1,1,1,1,1,final_tp
09002200121901251619029052Q_1296162400_482425200,6113,1,MC,"[645.9996337890625, 610.0004272460938, 695.0000610351562, 623.0001220703125]",636.9906004555523,small,Q1,3.7693521200824462,"[2,4)",0.7770085334777832,0.007269632536917925,MC,P3,1,1,1,1,0.007269632536917925,0.007269632536917925,0.44709500670433044,0.1998169720172882,P3,0.7770085334777832,0.007269632536917925,P3,1,1,0,0,1,final_tp
09002200121901251619029052Q_1296162400_482425200,6113,2,TC,"[282.0004577636719, 705.9999389648438, 879.0006103515625, 734.99951171875]",17312.74847406894,large,Q3,20.586514399247363,"[16,inf)",0.8267508745193481,0.6709797978401184,TC,P5,1,1,1,1,0.7228093147277832,0.7228093147277832,0.793901264667511,0.7228093147277832,P5,0.793901264667511,0.7228093147277832,P5,1,1,1,1,1,final_tp
09002200121901251619029052Q_1296162400_482425200,6113,3,MC,"[621.9995727539062, 582.0001831054688, 655.0001220703125, 591.0]",296.99890126660466,small,Q1,3.6668023031067527,"[2,4)",0.8102246522903442,0.7504264712333679,MC,P3,1,1,1,1,0.8358995318412781,0.8358995318412781,0.7832171320915222,0.8358995318412781,P3,0.7832171320915222,0.8358995318412781,P3,1,1,1,1,1,final_tp
09002200121901251619029052Q_1296162400_482425200,6113,4,TC,"[397.9996032714844, 716.000244140625, 879.99951171875, 755.9996948242188]",19279.731567433104,large,Q3,12.050163194990166,"[8,16)",0.7279649376869202,0.00046503948397003114,TC,P4,1,0,1,0,0.022081293165683746,0.0,0.30512404441833496,0.026579543948173523,P3,0.6183001399040222,0.022081293165683746,P4,1,0,0,0,1,final_tp
09002200121901251654002612Q_1296148500_482448100,6114,0,LC,"[149.00018310546875, 696.0, 241.9998779296875, 797.9996337890625]",9485.934814564884,large,Q3,1.0967738548159194,"[1,2)",0.8707586526870728,0.11361563950777054,LC,P4,1,1,1,1,0.6598571538925171,0.6598571538925171,0.8358431458473206,0.6598571538925171,P4,0.8358431458473206,0.6598571538925171,P4,1,1,1,1,1,final_tp
09002200121901251654002612Q_1296148500_482448100,6114,1,MC,"[341.0002136230469, 623.0001220703125, 394.99981689453125, 635.9996948242188]",701.9717714097351,small,Q1,4.153952156255135,"[4,8)",0.9071762561798096,0.7104352712631226,MC,P3,1,1,1,1,0.7771005630493164,0.7771005630493164,0.881488561630249,0.7771005630493164,P3,0.881488561630249,0.7771005630493164,P3,1,1,1,1,1,final_tp
09002200121901251654002612Q_1296148500_482448100,6114,2,MC,"[191.0000457763672, 667.9996948242188, 256.00054931640625, 687.9994506835938]",1299.9942015372217,medium,Q1,3.2500648506451495,"[2,4)",0.9217491745948792,0.016784144565463066,MC,P3,1,1,1,1,0.7174345254898071,0.7174345254898071,0.8186673521995544,0.7174345254898071,P3,0.8186673521995544,0.7174345254898071,P3,1,1,1,1,1,final_tp
09002200121901261030311352Q_1296278300_482037700,6846,0,TP,"[327.9994812011719, 710.9996337890625, 568.9999389648438, 726.9995727539062]",3855.992614718154,medium,Q2,15.062586069435385,"[8,16)",0.7566357254981995,0.09214743971824646,TP,P3,1,1,1,1,0.09214743971824646,0.09214743971824646,0.7566357254981995,0.09214743971824646,P3,0.7566357254981995,0.09214743971824646,P3,1,1,0,0,1,final_tp
09002200121901261030311352Q_1296278300_482037700,6846,1,TP,"[641.9998779296875, 703.0006103515625, 869.0001831054688, 725.000244140625]",4993.923583872616,medium,Q2,10.318367448854461,"[8,16)",0.8420387506484985,0.0003035131667274982,TP,P3,1,1,1,1,0.0270695760846138,0.0039738076739013195,0.348784863948822,0.7339630722999573,P5,0.7514380812644958,0.0039738076739013195,P3,1,1,0,0,1,final_tp
09002200121901261031267012Q_1296257700_482039500,6847,0,TP,"[0.999401867389679, 721.9999389648438, 924.9996337890625, 832.0]",101640.08325196803,large,Q4,8.399997558595105,"[8,16)",0.9479689598083496,0.6925854682922363,TP,P5,1,1,1,1,0.7933233976364136,0.7933233976364136,0.9234695434570312,0.7933233976364136,P5,0.9234695434570312,0.7933233976364136,P5,1,1,1,1,1,final_tp
09002200121901261031267012Q_1296257700_482039500,6847,1,LP,"[0.9999542236328125, 763.0003051757812, 216.0, 857.0004272460938]",20210.03054810129,large,Q3,2.2872315592903827,"[2,4)",0.7175584435462952,0.00030049399356357753,LP,P4,1,0,0,0,0.0006253803730942309,0.0,0.3535086214542389,0.6815583109855652,P4,0.3535086214542389,0.6815583109855652,P4,0,0,0,0,0,final_localization_or_assignment
09002200121901261032182582Q_1296232100_482041900,6848,0,TP,"[385.0, 680.9994506835938, 834.9998168945312, 699.9998168945312]",8550.161315850914,medium,Q3,23.683744402541585,"[16,inf)",0.8087583780288696,0.02676725946366787,TP,P3,1,1,1,1,0.2791578471660614,0.1717142015695572,0.5237232446670532,0.2791578471660614,P3,0.7729005217552185,0.05356902629137039,P3,1,1,1,1,1,final_tp
09002200121901261032182582Q_1296232100_482041900,6848,1,MC,"[625.9999389648438, 596.9996337890625, 650.9996948242188, 601.9999389648438]",125.00640861690044,small,Q1,4.999646017699115,"[4,8)",0.37674659490585327,0.0012869419297203422,TP,P3,0,0,0,0,0.0,0.0,0.37674659490585327,0.0012869419297203422,P3,0.37674659490585327,0.0012869419297203422,P3,0,0,0,0,0,raw_geometry_failure
09002200121901261032182582Q_1296232100_482041900,6848,2,TP,"[460.000244140625, 606.99951171875, 549.0001831054688, 613.9995727539062]",623.0050048790872,small,Q1,12.71416613624672,"[8,16)",0.9266029000282288,0.5410429835319519,TP,P3,1,1,1,1,0.7155268788337708,0.7155268788337708,0.8943669199943542,0.7155268788337708,P3,0.8943669199943542,0.7155268788337708,P3,1,1,1,1,1,final_tp
09002200121901261032182582Q_1296232100_482041900,6848,3,LP,"[222.9995574951172, 636.9996948242188, 389.9996032714844, 732.9996948242188]",16032.00439453125,large,Q3,1.7395838101704915,"[1,2)",0.966930091381073,0.0002113450173055753,LP,P4,1,1,1,1,0.9585195183753967,0.9585195183753967,0.9472401142120361,0.9585195183753967,P4,0.9472401142120361,0.9585195183753967,P4,1,1,1,1,1,final_tp
09002200121901261032182582Q_1296232100_482041900,6848,4,LP,"[647.0005493164062, 576.99951171875, 692.0001831054688, 604.9996948242188]",1259.9979857727885,medium,Q1,1.6071192684548397,"[1,2)",0.9080604314804077,0.2675402760505676,LP,P3,1,1,1,1,0.4241357147693634,0.4241357147693634,0.8018089532852173,0.4241357147693634,P3,0.8018089532852173,0.4241357147693634,P3,1,1,1,1,1,final_tp
09002200121901261032182582Q_1296232100_482041900,6848,5,TP,"[615.0000610351562, 601.9999389648438, 689.9998168945312, 614.0001220703125]",900.0108031779528,small,Q1,6.249884289281882,"[4,8)",0.5160893797874451,0.001312846434302628,TP,P3,1,0,1,0,0.001312846434302628,0.0,0.3288985788822174,0.03678911179304123,P3,0.5160893797874451,0.001312846434302628,P3,1,0,0,0,1,final_tp
09002200121901261032585012Q_1296197900_482045100,6849,0,LP,"[537.9998779296875, 550.0001220703125, 571.0004272460938, 601.0004272460938]",1683.038086105138,medium,Q2,1.5454380679180515,"[1,2)",0.8255317211151123,0.1303120106458664,LP,P3,1,1,1,1,0.3577841818332672,0.3577841818332672,0.7941928505897522,0.3577841818332672,P3,0.7941928505897522,0.3577841818332672,P3,1,1,1,1,1,final_tp
09002200121901261032585012Q_1296197900_482045100,6849,1,TP,"[834.0004272460938, 637.0001831054688, 957.0001831054688, 649.0004272460938]",1476.0270995497704,medium,Q2,10.249771122820581,"[8,16)",0.7159634828567505,0.0018253156449645758,TP,P3,1,0,1,0,0.04493866115808487,0.0,0.6025602221488953,0.04493866115808487,P3,0.7159634828567505,0.0018253156449645758,P3,1,0,0,0,1,final_tp
09002200121901261032585012Q_1296197900_482045100,6849,2,TP,"[512.0, 629.0001831054688, 675.9998168945312, 639.9999389648438]",1803.9579468220472,medium,Q2,14.909405171457108,"[8,16)",0.7906506657600403,0.343997597694397,TP,P3,1,1,1,1,0.343997597694397,0.343997597694397,0.7906506657600403,0.343997597694397,P3,0.7906506657600403,0.343997597694397,P3,1,1,1,1,1,final_tp
09002200121901261032585012Q_1296197900_482045100,6849,3,LP,"[628.000244140625, 634.999755859375, 701.000244140625, 702.0001220703125]",4891.0267333984375,medium,Q2,1.0895462835258816,"[1,2)",0.9048240780830383,0.45559972524642944,LP,P4,1,1,1,1,0.8425473570823669,0.8425473570823669,0.8236657381057739,0.8425473570823669,P3,0.8236657381057739,0.8425473570823669,P3,1,1,1,1,1,final_tp
09002200121901261032585012Q_1296197900_482045100,6849,4,LP,"[321.0004577636719, 693.000244140625, 492.00030517578125, 835.0003051757812]",24281.988769521937,large,Q4,1.2042237599445353,"[1,2)",0.7545841336250305,0.0016759289428591728,LP,P4,1,1,1,1,0.8581490516662598,0.0038011614233255386,0.5623170733451843,0.8581490516662598,P5,0.6001074910163879,0.01106820348650217,P4,1,0,1,1,1,final_tp
09002200121901261032585012Q_1296197900_482045100,6849,5,LP,"[395.9997253417969, 634.0004272460938, 529.9993286132812, 716.000244140625]",10987.94293220155,large,Q3,1.634145152346323,"[1,2)",0.9367040991783142,0.003011842258274555,LP,P4,1,1,1,1,0.18214647471904755,0.18214647471904755,0.42553406953811646,0.5358565449714661,P4,0.9086922407150269,0.18214647471904755,P4,1,1,0,0,1,final_tp
09002200121901261032585012Q_1296197900_482045100,6849,6,MC,"[725.000244140625, 701.9996337890625, 781.0006713867188, 717.9995727539062]",896.003417942673,small,Q1,3.5000400544740846,"[2,4)",0.6074543595314026,0.5907589197158813,MC,P3,1,0,1,0,0.5907589197158813,0.0,0.6074543595314026,0.5907589197158813,P3,0.6074543595314026,0.5907589197158813,P3,1,0,1,1,1,final_tp
09002200121901261032585012Q_1296197900_482045100,6849,7,TP,"[0.9994171261787415, 878.9996948242188, 266.9998474121094, 984.9999389648438]",28196.110229596496,large,Q4,2.5094322131296685,"[2,4)",0.9386005997657776,0.0006439178250730038,TP,P5,1,1,1,1,0.9354612827301025,0.9354612827301025,0.8512923717498779,0.9354612827301025,P4,0.8512923717498779,0.9354612827301025,P4,1,1,1,1,1,final_tp
09002200121901261032585012Q_1296197900_482045100,6849,8,LP,"[0.9999634027481079, 718.0001220703125, 280.0, 842.9998168945312]",34874.918670644984,large,Q4,2.232005693373275,"[2,4)",0.9852067828178406,0.8020462393760681,LP,P4,1,1,1,1,0.895103394985199,0.895103394985199,0.9731772541999817,0.895103394985199,P5,0.9731772541999817,0.895103394985199,P5,1,1,1,1,1,final_tp
09002200121901261032585012Q_1296197900_482045100,6849,9,LP,"[292.0002136230469, 653.000244140625, 386.99981689453125, 711.9999389648438]",5604.947601439431,medium,Q2,1.6101710958763815,"[1,2)",0.979925811290741,0.00196669134311378,LP,P3,1,1,1,1,0.9132433533668518,0.9132433533668518,0.943952202796936,0.9132433533668518,P4,0.943952202796936,0.9132433533668518,P4,1,1,1,1,1,final_tp
09002200121901261033338182Q_1296163800_482048200,6850,0,LP,"[532.999755859375, 574.99951171875, 548.9996948242188, 595.999755859375]",336.0026244968176,small,Q1,1.312520265656531,"[1,2)",0.5665387511253357,0.09537661075592041,LP,P4,1,0,1,0,0.46711310744285583,0.0,0.5252945423126221,0.46711310744285583,P3,0.5598943829536438,0.012523774988949299,P3,1,0,1,1,1,final_tp
09002200121901261033338182Q_1296163800_482048200,6850,1,TP,"[537.9994506835938, 592.0, 657.9998779296875, 599.0001220703125]",840.0176392123103,small,Q1,17.142619234458106,"[16,inf)",0.6513515114784241,0.4191983640193939,TP,P3,1,0,1,0,0.587819516658783,0.0,0.614526093006134,0.587819516658783,P3,0.614526093006134,0.587819516658783,P3,1,0,1,1,1,final_tp
09002200121901261033338182Q_1296163800_482048200,6850,2,LP,"[701.9996337890625, 598.0006103515625, 817.0, 666.0004272460938]",7820.0038451477885,medium,Q3,1.691186409947321,"[1,2)",0.9295129179954529,0.04833010211586952,LP,P4,1,1,1,1,0.5339117646217346,0.5329759120941162,0.6464874148368835,0.5339117646217346,P3,0.9173722267150879,0.5329759120941162,P4,1,1,1,1,1,final_tp
09002200121901261033338182Q_1296163800_482048200,6850,3,TP,"[464.9999694824219, 611.9996948242188, 701.0001831054688, 664.9999389648438]",12508.068939261138,large,Q3,4.452813707741986,"[4,8)",0.9755264520645142,0.6826720833778381,TP,P4,1,1,1,1,0.900307297706604,0.900307297706604,0.9582236409187317,0.900307297706604,P4,0.9582236409187317,0.900307297706604,P4,1,1,1,1,1,final_tp
09002200121901261033338182Q_1296163800_482048200,6850,4,LP,"[0.9998993277549744, 624.9999389648438, 443.00030517578125, 882.0004272460938]",113594.31777973473,large,Q4,1.719842634091846,"[1,2)",0.9825578331947327,0.9762048125267029,LP,P5,1,1,1,1,0.9865081310272217,0.9865081310272217,0.9751048684120178,0.9865081310272217,P5,0.9751048684120178,0.9865081310272217,P5,1,1,1,1,1,final_tp
09002200121901261033338182Q_1296163800_482048200,6850,5,LP,"[2.99979567527771, 734.0001831054688, 395.999755859375, 1018.9999389648438]",112004.89535523206,large,Q4,1.3789484425956369,"[1,2)",0.9849851727485657,0.4979572594165802,LP,P5,1,1,1,1,0.8260396718978882,0.8260396718978882,0.9739382266998291,0.8260396718978882,P5,0.9739382266998291,0.8260396718978882,P5,1,1,1,1,1,final_tp
09002200121901261033338182Q_1296163800_482048200,6850,6,TP,"[754.9998168945312, 776.9999389648438, 991.9994506835938, 869.0001831054688]",21804.024169832468,large,Q4,2.576076139828518,"[2,4)",0.9134191870689392,0.00019475743465591222,TP,P4,1,1,1,1,0.944774329662323,0.010987848974764347,0.5397190451622009,0.944774329662323,P4,0.8804683685302734,0.010987848974764347,P4,1,1,1,1,1,final_tp
09002200121901261033338182Q_1296163800_482048200,6850,7,LP,"[741.9996337890625, 862.0001220703125, 766.0001831054688, 929.0006103515625]",1608.0485232174397,medium,Q2,2.7916231165363343,"[2,4)",0.8326646685600281,0.0017989350017160177,LP,P3,1,1,1,1,0.0017989350017160177,0.0017989350017160177,0.8326646685600281,0.0017989350017160177,P3,0.8326646685600281,0.0017989350017160177,P3,1,1,0,0,1,final_tp
09002200121901261033338182Q_1296163800_482048200,6850,8,TP,"[434.99981689453125, 730.9998168945312, 941.9996337890625, 762.9998168945312]",16223.994140625,large,Q3,15.843744277954102,"[8,16)",0.8644573092460632,0.011534029617905617,TP,P4,1,1,1,1,0.484505832195282,0.484505832195282,0.788760781288147,0.484505832195282,P4,0.788760781288147,0.484505832195282,P4,1,1,1,1,1,final_tp
09002200121901261033338182Q_1296163800_482048200,6850,9,TP,"[18.00037956237793, 670.0000610351562, 802.0004272460938, 737.00048828125]",52528.339050319046,large,Q4,11.701418830592083,"[8,16)",0.7003769874572754,0.3757995367050171,TP,P5,1,0,1,0,0.6120349764823914,0.0,0.5667990446090698,0.6120349764823914,P5,0.5667990446090698,0.6120349764823914,P5,1,0,1,1,1,final_tp
09002200121901261033338182Q_1296163800_482048200,6850,10,TP,"[72.0005111694336, 662.99951171875, 158.0001220703125, 696.9994506835938]",2923.981521630194,medium,Q2,2.529404861279407,"[2,4)",0.5439870953559875,0.0015403896104544401,TP,P3,1,0,1,0,0.016042931005358696,0.0,0.5284364223480225,0.016042931005358696,P4,0.5439870953559875,0.0015403896104544401,P3,1,0,0,0,1,final_tp
09002200121901261034188842Q_1296121900_482051300,6851,0,TP,"[448.00048828125, 630.9996337890625, 674.0004272460938, 642.9998779296875]",2712.054443344474,medium,Q2,18.832945089821578,"[16,inf)",0.7683225274085999,0.17980310320854187,TP,P3,1,1,1,1,0.34487077593803406,0.17980310320854187,0.290978342294693,0.4163419008255005,P4,0.6872484087944031,0.34487077593803406,P3,1,0,1,1,1,final_tp
09002200121901261034188842Q_1296121900_482051300,6851,1,TP,"[719.0000610351562, 625.9999389648438, 777.9996948242188, 633.9993896484375]",471.9646608456969,small,Q1,7.375460656325584,"[4,8)",0.517219603061676,0.011674090288579464,TP,P3,1,0,1,0,0.011674090288579464,0.0,0.19548554718494415,0.013924602419137955,P3,0.517219603061676,0.011674090288579464,P3,1,0,0,0,1,final_tp
09002200121901261034188842Q_1296121900_482051300,6851,2,TP,"[542.0005493164062, 679.0000610351562, 964.0001831054688, 767.00048828125]",37136.1480711326,large,Q4,4.79542710183597,"[4,8)",0.9264063239097595,0.00012470496585592628,LP,P4,1,1,1,1,0.452062726020813,0.452062726020813,0.8001784086227417,0.452062726020813,P5,0.8001784086227417,0.452062726020813,P5,1,1,1,1,1,final_tp
09002200121901261034188842Q_1296121900_482051300,6851,3,LP,"[452.9997253417969, 619.9996948242188, 550.9995727539062, 941.0001831054688]",31457.998870775104,large,Q4,3.2755202865916453,"[2,4)",0.9193006753921509,0.191555455327034,LP,P4,1,1,1,1,0.9697113037109375,0.9697113037109375,0.9101336598396301,0.9697113037109375,P4,0.9101336598396301,0.9697113037109375,P4,1,1,1,1,1,final_tp
09002200121901261037424872L_1295502300_483088700,6183,0,TC,"[597.99951171875, 682.9998168945312, 760.9999389648438, 697.9993286132812]",2444.92681863904,medium,Q2,10.867048894820796,"[8,16)",0.8517138957977295,0.04904618114233017,TC,P3,1,1,1,1,0.07021305710077286,0.059481631964445114,0.34845170378685,0.10130248963832855,P4,0.778829038143158,0.059481631964445114,P3,1,1,0,0,1,final_tp
09002200121901261037424872L_1295502300_483088700,6183,1,LP,"[543.0000610351562, 537.9998779296875, 619.9996948242188, 838.0001220703125]",23099.908935457468,large,Q4,3.89612559668094,"[2,4)",0.8882598280906677,0.5236539840698242,LP,P4,1,1,1,1,0.9379550814628601,0.9379550814628601,0.867065966129303,0.9379550814628601,P4,0.867065966129303,0.9379550814628601,P4,1,1,1,1,1,final_tp
09002200121901261037424872L_1295502300_483088700,6183,2,TC,"[425.0004577636719, 789.9995727539062, 612.000244140625, 807.0]",3179.0762633364648,medium,Q2,10.999710987847129,"[8,16)",0.7543280720710754,0.005299053620547056,TC,P3,1,1,1,1,0.3227250277996063,0.005299053620547056,0.5085118412971497,0.3227250277996063,P3,0.7543280720710754,0.005299053620547056,P3,1,1,1,1,1,final_tp
09002200121901261037424872L_1295502300_483088700,6183,3,MC,"[607.0001831054688, 582.9996337890625, 648.0, 591.9994506835938]",368.9908447600901,small,Q1,4.555627894990268,"[4,8)",0.7180788516998291,0.0355820432305336,MC,P3,1,0,1,0,0.0355820432305336,0.0,0.7180788516998291,0.0355820432305336,P3,0.7180788516998291,0.0355820432305336,P3,1,0,0,0,1,final_tp
09002200121901261120388912Q_1295867700_482063400,6115,0,TC,"[532.9996337890625, 727.0000610351562, 975.99951171875, 755.0003051757812]",12404.104736298323,large,Q3,15.821286261106122,"[8,16)",0.8733684420585632,0.022733164951205254,TC,P4,1,1,1,1,0.26547783613204956,0.26547783613204956,0.4728536605834961,0.35951387882232666,P5,0.8031356930732727,0.26547783613204956,P4,1,1,1,1,1,final_tp
09002200121901261120388912Q_1295867700_482063400,6115,1,LP,"[73.00044250488281, 607.99951171875, 100.000244140625, 633.9999389648438]",702.0063780890778,small,Q1,1.038436844909869,"[1,2)",0.638475239276886,0.007514449302107096,LC,P3,1,0,1,0,0.032559674233198166,0.0,0.5108460187911987,0.032559674233198166,P3,0.638475239276886,0.007514449302107096,P3,1,0,0,0,1,final_tp
09002200121901261133579692Q_1295593800_482039500,6852,0,TP,"[261.9996032714844, 605.9996337890625, 687.9999389648438, 621.9995727539062]",6815.979370096698,medium,Q3,26.625122547617142,"[16,inf)",0.8345466256141663,0.011110445484519005,TP,P3,1,1,1,1,0.5688920021057129,0.012203873135149479,0.5600109696388245,0.5688920021057129,P5,0.6919493675231934,0.06877464801073074,P3,1,0,1,1,1,final_tp
09002200121901261133579692Q_1295593800_482039500,6852,1,LP,"[0.9999451041221619, 618.9998779296875, 368.9999694824219, 793.0000610351562]",64032.07269287668,large,Q4,2.114940478508106,"[2,4)",0.8838181495666504,0.0005027436418458819,AC,P5,1,1,1,1,0.9485706686973572,0.9485706686973572,0.8008749485015869,0.9485706686973572,P5,0.8008749485015869,0.9485706686973572,P5,1,1,1,1,1,final_tp
09002200121901261133579692Q_1295593800_482039500,6852,2,LP,"[639.0001220703125, 592.9999389648438, 1024.0, 914.0004272460938]",123585.14880365133,large,Q4,1.1993747423597791,"[1,2)",0.9881023168563843,0.17703893780708313,LP,P5,1,1,1,1,0.9252810478210449,0.9252810478210449,0.9814472198486328,0.9252810478210449,P5,0.9814472198486328,0.9252810478210449,P5,1,1,1,1,1,final_tp
09002200121901261211313082K_1296214100_482859300,6116,0,LC,"[381.0002136230469, 640.9994506835938, 450.0003967285156, 803.9998168945312]",11247.055114813149,large,Q3,2.362317879095868,"[2,4)",0.9499631524085999,0.07435585558414459,LC,P4,1,1,1,1,0.48958978056907654,0.18389135599136353,0.5925660729408264,0.48958978056907654,P4,0.8873365521430969,0.18389135599136353,P4,1,1,1,1,1,final_tp
09002200121901261211313082K_1296214100_482859300,6116,1,LC,"[665.0004272460938, 646.0001831054688, 820.0001831054688, 772.0003051757812]",19529.988159149885,large,Q3,1.2301556007452095,"[1,2)",0.8261780738830566,0.0025533230509608984,LC,P4,1,1,1,1,0.0637170672416687,0.051033757627010345,0.7430530190467834,0.0637170672416687,P4,0.7430530190467834,0.0637170672416687,P4,1,0,0,0,1,final_tp
09002200121901261211313082K_1296214100_482859300,6116,2,MC,"[617.0004272460938, 621.0006713867188, 665.0004272460938, 629.0001831054688]",383.9765625,small,Q1,6.000366233290606,"[4,8)",0.6566895842552185,0.15668506920337677,MC,P3,1,0,1,0,0.15668506920337677,0.0,0.6566895842552185,0.15668506920337677,P3,0.6566895842552185,0.15668506920337677,P3,1,0,0,0,1,final_tp
09002200121901261315533272Q_1296343300_482387900,6117,0,AC,"[246.0001678466797, 682.0004272460938, 859.0004272460938, 991.0006103515625]",189417.18768315017,large,Q4,1.983818384765792,"[1,2)",0.7835986018180847,0.0006160144112072885,AC,P5,1,1,1,1,0.588309109210968,0.005284643266350031,0.5996825695037842,0.588309109210968,P5,0.7640811800956726,0.003223179839551449,P5,1,1,1,1,1,final_tp
09002200121901261315533272Q_1296343300_482387900,6117,1,P,"[743.0006103515625, 871.0006103515625, 774.0000610351562, 891.0003051757812]",619.9795533902943,small,Q1,1.5499961852445259,"[1,2)",0.8527478575706482,0.36409300565719604,P,P3,1,1,1,1,0.4372435212135315,0.36409300565719604,0.727411687374115,0.4372435212135315,P3,0.727411687374115,0.4372435212135315,P3,1,0,1,1,1,final_tp
09002200121901261408039852K_1296153300_482780800,6118,0,MC,"[725.000244140625, 766.0001220703125, 839.0001220703125, 812.9996337890625]",5357.938598692417,medium,Q2,2.4255545166484858,"[2,4)",0.9786941409111023,0.06414659321308136,MC,P3,1,1,1,1,0.9293674230575562,0.9293674230575562,0.8940133452415466,0.9293674230575562,P3,0.8940133452415466,0.9293674230575562,P3,1,1,1,1,1,final_tp
09002200121901261408039852K_1296153300_482780800,6118,1,LC,"[491.999755859375, 569.9993286132812, 550.0001220703125, 810.9998168945312]",13978.116577327251,large,Q3,4.155154596865338,"[4,8)",0.912167489528656,0.0821443721652031,LC,P4,1,1,1,1,0.9072763323783875,0.9072763323783875,0.8895885944366455,0.9072763323783875,P4,0.8895885944366455,0.9072763323783875,P4,1,1,1,1,1,final_tp
09002200121901261448529852Q_1295910500_482481000,6119,0,LP,"[599.0001220703125, 663.0006103515625, 627.0003051757812, 765.0003051757812]",2856.010131780058,medium,Q2,3.6428224215539884,"[2,4)",0.8800637722015381,0.010457820259034634,LP,P3,1,1,1,1,0.7972186207771301,0.7972186207771301,0.7796091437339783,0.7972186207771301,P3,0.7796091437339783,0.7972186207771301,P3,1,1,1,1,1,final_tp
09002200121901261448529852Q_1295910500_482481000,6119,1,LC,"[570.9998168945312, 610.00048828125, 578.999267578125, 651.0003662109375]",327.976501531899,small,Q1,5.125336670150996,"[4,8)",0.7501859664916992,0.010666490532457829,LP,P3,1,1,1,1,0.028934264555573463,0.010666490532457829,0.565956175327301,0.028934264555573463,P4,0.7501859664916992,0.010666490532457829,P3,1,1,0,0,1,final_tp
09002200121901261448529852Q_1295910500_482481000,6119,2,TP,"[650.0004272460938, 655.0001220703125, 728.9999389648438, 667.0003662109375]",948.0134276151657,small,Q1,6.583158708522369,"[4,8)",0.6183291673660278,0.0027894778177142143,TP,P3,1,0,1,0,0.0028487618546932936,0.0,0.5868191719055176,0.0028487618546932936,P3,0.5868191719055176,0.0028487618546932936,P3,1,0,0,0,1,final_tp
09002200121901261544532242K_1296132300_482907500,6120,0,MC,"[892.0001831054688, 628.9996948242188, 938.9998168945312, 641.9993896484375]",610.9808961078525,small,Q1,3.6154413180147147,"[2,4)",0.8340930342674255,0.0005254471325315535,MC,P3,1,1,1,1,0.18148396909236908,0.18148396909236908,0.8068512678146362,0.18148396909236908,P3,0.8068512678146362,0.18148396909236908,P3,1,1,0,0,1,final_tp
09002200121901261544532242K_1296132300_482907500,6120,1,LC,"[1.0004425048828125, 560.9993896484375, 428.000244140625, 833.9999389648438]",116571.18457021192,large,Q4,1.5640987461883846,"[1,2)",0.9816552996635437,0.00012424727901816368,TC,P5,1,1,1,1,0.9606733322143555,0.9606733322143555,0.9698900580406189,0.9606733322143555,P5,0.9698900580406189,0.9606733322143555,P5,1,1,1,1,1,final_tp
09002200121901261544532242K_1296132300_482907500,6120,2,MC,"[0.9999420046806335, 713.0, 63.999488830566406, 741.000244140625]",1764.0026701772586,medium,Q2,2.249964169405959,"[2,4)",0.8100020885467529,0.49337759613990784,MC,P3,1,1,1,1,0.9186974167823792,0.9186974167823792,0.7928310036659241,0.9186974167823792,P3,0.7928310036659241,0.9186974167823792,P3,1,1,1,1,1,final_tp
09002200121901261544532242K_1296132300_482907500,6120,3,LC,"[847.99951171875, 667.9998168945312, 1023.99951171875, 744.0001220703125]",13376.0537109375,large,Q3,2.315780174736526,"[2,4)",0.6976298689842224,5.752775541623123e-05,TP,P4,1,0,0,0,5.752775541623123e-05,0.0,0.10526657849550247,0.0004874450678471476,P5,0.0,0.9606733322143555,P5,0,0,0,0,0,final_localization_or_assignment
09002200121901271029548512L_1295355500_482434300,6184,0,TC,"[279.9994812011719, 623.9999389648438, 560.0, 645.0001831054688]",5880.0792542770505,medium,Q3,13.333203029633678,"[8,16)",0.7918719053268433,0.1592864841222763,TC,P4,1,1,1,1,0.6446077227592468,0.1592864841222763,0.6744597554206848,0.6446077227592468,P4,0.78340083360672,0.022066226229071617,P4,1,1,1,1,1,final_tp
09002200121901271029548512L_1295355500_482434300,6184,1,LC,"[486.0000915527344, 651.9996948242188, 530.0004272460938, 831.99951171875]",7920.052368102595,medium,Q3,4.090873718531588,"[4,8)",0.874983012676239,0.07528753578662872,LC,P4,1,1,1,1,0.7871333360671997,0.7871333360671997,0.8044226765632629,0.7871333360671997,P4,0.8044226765632629,0.7871333360671997,P4,1,1,1,1,1,final_tp
09002200121901271059544762Q_1295998100_482644100,6121,0,LC,"[275.9997253417969, 641.9999389648438, 432.9993591308594, 805.9996337890625]",25747.892028920352,large,Q4,1.0445864800204643,"[1,2)",0.7502098679542542,0.0006232193554751575,LC,P4,1,1,1,0,0.9527438879013062,0.0006232193554751575,0.6595681309700012,0.9527438879013062,P4,0.6595681309700012,0.9527438879013062,P4,1,0,1,1,1,final_tp
09002200121901271059544762Q_1295998100_482644100,6121,1,MC,"[16.999420166015625, 620.0003051757812, 62.999549865722656, 631.0000610351562]",505.9901961963624,small,Q1,4.181922788813672,"[4,8)",0.8650655150413513,0.03488440066576004,MC,P3,1,1,1,1,0.4939194321632385,0.03488440066576004,0.5170294642448425,0.4939194321632385,P3,0.8650655150413513,0.03488440066576004,P3,1,1,1,1,1,final_tp
09002200121901271059544762Q_1295998100_482644100,6121,2,MC,"[896.0, 624.0006103515625, 942.99951171875, 637.000244140625]",610.9764406085014,small,Q1,3.6154489027447814,"[2,4)",0.7683871984481812,0.025900550186634064,MC,P3,1,1,1,1,0.3987891674041748,0.025900550186634064,0.7173134088516235,0.3987891674041748,P3,0.7173134088516235,0.3987891674041748,P3,1,0,1,1,1,final_tp
09002200121901271106002992K_1296110100_482815500,6122,0,TP,"[269.0002136230469, 625.9999389648438, 466.99981689453125, 640.9994506835938]",2969.8973695784807,medium,Q2,13.200403252058987,"[8,16)",0.8315509557723999,0.0014117250684648752,TP,P3,1,1,1,1,0.6109452247619629,0.10885287076234818,0.6094885468482971,0.6109452247619629,P4,0.8315509557723999,0.0014117250684648752,P3,1,1,1,1,1,final_tp
09002200121901271106002992K_1296110100_482815500,6122,1,LC,"[503.9994812011719, 659.999755859375, 549.9995727539062, 823.9994506835938]",7544.00097653456,medium,Q3,3.5652036613059774,"[2,4)",0.8391600847244263,0.05061068385839462,LC,P4,1,1,1,1,0.8069241046905518,0.7048141360282898,0.5766400694847107,0.8069241046905518,P3,0.8391600847244263,0.05061068385839462,P4,1,1,1,1,1,final_tp
09002200121901271245105572Q_1295925400_482633100,6123,0,LC,"[431.00006103515625, 615.0000610351562, 457.9999694824219, 654.0001831054688]",1052.999725330621,medium,Q1,1.444453863481977,"[1,2)",0.8399249315261841,0.030361248180270195,LC,P3,1,1,1,1,0.38424423336982727,0.312593549489975,0.6845006942749023,0.38424423336982727,P3,0.6845006942749023,0.38424423336982727,P3,1,0,1,1,1,final_tp
09002200121901271245105572Q_1295925400_482633100,6123,1,MC,"[449.0004577636719, 592.0, 485.0001525878906, 599.9994506835938]",287.97778337076306,small,Q1,4.500270862104484,"[4,8)",0.6231306791305542,0.007373143918812275,MC,P3,1,0,1,0,0.06826044619083405,0.0,0.5728817582130432,0.06826044619083405,P3,0.6231306791305542,0.007373143918812275,P3,1,0,0,0,1,final_tp
09002200121901271245105572Q_1295925400_482633100,6123,2,MC,"[406.00006103515625, 657.00048828125, 464.9999694824219, 672.0000610351562]",884.9734192285687,small,Q1,3.9334392662551423,"[2,4)",0.9012442827224731,0.142471045255661,MC,P3,1,1,1,1,0.636295735836029,0.5102972388267517,0.6979954242706299,0.636295735836029,P3,0.9012442827224731,0.142471045255661,P3,1,1,1,1,1,final_tp
09002200121901271427401192K_1296041000_482742500,6124,0,LC,"[536.00048828125, 580.0007934570312, 611.000244140625, 812.0003051757812]",17399.90673840046,large,Q3,3.0933368923726965,"[2,4)",0.8952775001525879,0.0003457769053056836,LP,P4,1,1,1,1,0.021543027833104134,0.014003456570208073,0.11418365687131882,0.5656380653381348,P3,0.872464120388031,0.014003456570208073,P4,1,1,0,0,1,final_tp
09002200121901271427401192K_1296041000_482742500,6124,1,TP,"[191.0000457763672, 645.0003051757812, 356.0002136230469, 670.0000610351562]",4124.963912922889,medium,Q2,6.600071167687185,"[4,8)",0.8194214105606079,0.09640970826148987,TC,P3,1,1,1,1,0.24479152262210846,0.09640970826148987,0.7295706272125244,0.24479152262210846,P4,0.7406978607177734,0.06418361514806747,P3,1,0,0,0,1,final_tp
09002200121901271427401192K_1296041000_482742500,6124,2,AC,"[546.9998168945312, 673.00048828125, 893.0001831054688, 819.0004272460938]",50516.03234861046,large,Q4,2.369866512713085,"[2,4)",0.9354071617126465,0.925922691822052,AC,P5,1,1,1,1,0.930330216884613,0.930330216884613,0.9281496405601501,0.930330216884613,P5,0.9281496405601501,0.930330216884613,P5,1,1,1,1,1,final_tp
09002200121901271427401192K_1296041000_482742500,6124,3,MC,"[616.0, 623.0001220703125, 667.0003662109375, 635.9996948242188]",662.9829710349441,small,Q1,3.9232340305655327,"[2,4)",0.8586793541908264,0.47666147351264954,MC,P3,1,1,1,1,0.7087717652320862,0.7087717652320862,0.7753313183784485,0.7087717652320862,P3,0.7753313183784485,0.7087717652320862,P3,1,1,1,1,1,final_tp
09002200121901271427401192K_1296041000_482742500,6124,4,MC,"[503.9999694824219, 658.9998779296875, 566.99951171875, 678.9996337890625]",1259.9754639789462,medium,Q1,3.150015564154836,"[2,4)",0.8943080902099609,0.23019111156463623,MC,P3,1,1,1,1,0.8672611117362976,0.8672611117362976,0.8780395984649658,0.8672611117362976,P3,0.8780395984649658,0.8672611117362976,P3,1,1,1,1,1,final_tp
09002200121901311320505512L_1295021100_482353300,6185,0,TC,"[249.0004425048828, 744.0005493164062, 475.00030517578125, 823.0001220703125]",17853.892593442462,large,Q3,2.860773226899807,"[2,4)",0.9464813470840454,0.003095704596489668,TC,P4,1,1,1,1,0.8819097876548767,0.8819097876548767,0.908312976360321,0.8819097876548767,P4,0.908312976360321,0.8819097876548767,P4,1,1,1,1,1,final_tp
09002200121901311320505512L_1295021100_482353300,6185,1,MC,"[626.999755859375, 697.9993896484375, 703.0, 721.9999389648438]",1824.0476075559855,medium,Q2,3.1666043613707164,"[2,4)",0.932669997215271,0.7652762532234192,MC,P3,1,1,1,1,0.9080345034599304,0.9080345034599304,0.9241662621498108,0.9080345034599304,P3,0.9241662621498108,0.9080345034599304,P3,1,1,1,1,1,final_tp
09002200121901311320505512L_1295021100_482353300,6185,2,TC,"[617.0004272460938, 740.9996948242188, 800.00048828125, 770.9998168945312]",5490.024169929326,medium,Q2,6.099977213634385,"[4,8)",0.8154679536819458,0.001479042461141944,TC,P3,1,1,1,1,0.21885471045970917,0.001479042461141944,0.4378962814807892,0.32330548763275146,P5,0.8154679536819458,0.001479042461141944,P3,1,1,0,0,1,final_tp
09002200121902031013531952L_1295474500_482806000,6186,0,LP,"[588.9996948242188, 706.9998168945312, 613.0001831054688, 811.9998168945312]",2520.05126953125,medium,Q2,4.374910992208004,"[4,8)",0.8601375222206116,0.00038228571065701544,LC,P3,1,1,1,1,0.5814170837402344,0.0017875245539471507,0.5295689105987549,0.5814170837402344,P4,0.760294497013092,0.0017875245539471507,P3,1,1,1,1,1,final_tp
09002200121902031013531952L_1295474500_482806000,6186,1,LP,"[553.9998779296875, 565.000244140625, 584.0, 600.0006103515625]",1050.015258833766,medium,Q1,1.166674126488743,"[1,2)",0.7116132378578186,0.004658861085772514,LP,P3,1,0,1,0,0.05554429441690445,0.0,0.36410149931907654,0.6578205823898315,P3,0.7116132378578186,0.004658861085772514,P3,1,0,0,0,1,final_tp
09002200121902031013531952L_1295474500_482806000,6186,2,LP,"[606.9995727539062, 649.9999389648438, 616.9999389648438, 701.9996337890625]",520.0159910991788,small,Q1,5.199779060825409,"[4,8)",0.6208158731460571,0.004468411672860384,LP,P3,1,0,1,0,0.005393837578594685,0.0,0.3255137801170349,0.0064814952202141285,P3,0.5555247664451599,0.005393837578594685,P3,1,0,0,0,1,final_tp
09002200121902031020198592L_1295691500_482791000,6187,0,LP,"[341.0002136230469, 703.0005493164062, 426.99981689453125, 814.0001220703125]",9545.919220140204,large,Q3,1.2906986605915114,"[1,2)",0.9563220739364624,2.045235851255711e-05,AC,P4,1,1,1,1,0.9109954237937927,0.9109954237937927,0.8681237101554871,0.9109954237937927,P4,0.8681237101554871,0.9109954237937927,P4,1,1,1,1,1,final_tp
09002200121902031020198592L_1295691500_482791000,6187,1,MC,"[0.99993896484375, 791.9994506835938, 45.9996223449707, 830.99951171875]",1754.9903983876575,medium,Q2,1.1538362296295486,"[1,2)",0.7757815718650818,0.09638794511556625,MC,P3,1,1,1,1,0.6377559304237366,0.45966729521751404,0.7434328198432922,0.6377559304237366,P3,0.7434328198432922,0.6377559304237366,P3,1,0,1,1,1,final_tp
09002200121902031020198592L_1295691500_482791000,6187,2,MC,"[722.9998168945312, 587.999755859375, 753.9993286132812, 593.9994506835938]",185.98761001229286,small,Q1,5.166848085941871,"[4,8)",0.6811063289642334,0.03755130618810654,MC,P3,1,0,1,0,0.04519091546535492,0.0,0.6624171733856201,0.04519091546535492,P3,0.6624171733856201,0.04519091546535492,P3,1,0,0,0,1,final_tp
09002200121902031048485102L_1295803100_482929900,6188,0,LC,"[201.99990844726562, 569.0, 463.99951171875, 817.00048828125]",64976.02954082191,large,Q4,1.0564479331764798,"[1,2)",0.9513442516326904,0.0001899644994409755,LC,P5,1,1,1,1,0.9113761782646179,0.9113761782646179,0.8685096502304077,0.9113761782646179,P5,0.8685096502304077,0.9113761782646179,P5,1,1,1,1,1,final_tp
09002200121902031048591492L_1295803700_482915500,6189,0,LC,"[243.0002899169922, 561.0004272460938, 478.0000915527344, 806.9999389648438]",57809.836456395686,large,Q4,1.0468073164591762,"[1,2)",0.989128828048706,0.8352262377738953,LC,P5,1,1,1,1,0.9457915425300598,0.9457915425300598,0.9743538498878479,0.9457915425300598,P5,0.9743538498878479,0.9457915425300598,P5,1,1,1,1,1,final_tp
09002200121902031048591492L_1295803700_482915500,6189,1,MC,"[479.00006103515625, 617.9994506835938, 519.9999389648438, 627.9998168945312]",410.013793900609,small,Q1,4.099837652429721,"[4,8)",0.8207197785377502,0.1777576208114624,MC,P3,1,1,1,1,0.7023953199386597,0.7023953199386597,0.7772307395935059,0.7023953199386597,P3,0.7772307395935059,0.7023953199386597,P3,1,1,1,1,1,final_tp
09002200121902031049207862L_1295804500_482892600,6190,0,LC,"[262.0001220703125, 608.0, 431.00006103515625, 803.0004272460938]",32955.0603027083,large,Q4,1.1538490986476555,"[1,2)",0.9294732213020325,0.0005037666414864361,AC,P5,1,1,1,1,0.8993562459945679,0.8993562459945679,0.8859113454818726,0.8993562459945679,P4,0.8859113454818726,0.8993562459945679,P4,1,1,1,1,1,final_tp
09002200121902031139268262L_1295596200_483298800,6191,0,LC,"[550.0001831054688, 547.9998168945312, 566.0001220703125, 803.9998168945312]",4095.984375,medium,Q2,16.00006103538908,"[16,inf)",0.7808949947357178,0.06135570630431175,LC,P4,1,1,1,1,0.7658441662788391,0.23354105651378632,0.557063102722168,0.7658441662788391,P3,0.667259156703949,0.24211111664772034,P4,1,0,1,1,1,final_tp
09002200121902031139268262L_1295596200_483298800,6191,1,MC,"[861.0001831054688, 724.9996948242188, 895.0001220703125, 737.9993896484375]",441.9888305850327,small,Q1,2.6154413180147147,"[2,4)",0.8287782073020935,0.4850741922855377,MC,P3,1,1,1,1,0.4850741922855377,0.4850741922855377,0.8287782073020935,0.4850741922855377,P3,0.8287782073020935,0.4850741922855377,P3,1,1,1,1,1,final_tp
09002200121902031148245462L_1295607800_483306000,6192,0,TC,"[420.9997253417969, 757.0001831054688, 614.99951171875, 771.9996948242188]",2909.902069196105,medium,Q2,12.933740111982813,"[8,16)",0.7957664132118225,0.014000723138451576,TC,P3,1,1,1,1,0.08893203735351562,0.014000723138451576,0.25930529832839966,0.4730600416660309,P4,0.6672008633613586,0.03466232120990753,P3,1,0,0,0,1,final_tp
09002200121902031148245462L_1295607800_483306000,6192,1,LC,"[533.000244140625, 593.9998779296875, 636.000244140625, 807.99951171875]",22041.962280273438,large,Q4,2.0776663474666264,"[2,4)",0.9163756966590881,0.40351611375808716,LC,P4,1,1,1,1,0.7202368378639221,0.7202368378639221,0.8863109946250916,0.7202368378639221,P4,0.8863109946250916,0.7202368378639221,P4,1,1,1,1,1,final_tp
09002200121902031221595152L_1295601300_483356300,6193,0,LC,"[454.99957275390625, 726.0001831054688, 495.9994812011719, 817.0]",3730.984161393717,medium,Q2,2.2195126852923552,"[2,4)",0.7427691221237183,0.22063897550106049,LC,P3,1,0,1,0,0.38763508200645447,0.0,0.6334012746810913,0.38763508200645447,P4,0.7122382521629333,0.07723668217658997,P3,1,0,1,1,1,final_tp
09002200121902031221595152L_1295601300_483356300,6193,1,LC,"[480.00054931640625, 587.9996948242188, 507.0003356933594, 706.999755859375]",3212.976226793602,medium,Q2,4.407444539514359,"[4,8)",0.884602963924408,0.00018977005674969405,LC,P3,1,1,1,1,0.8055761456489563,0.6685316562652588,0.607276976108551,0.8055761456489563,P4,0.7828605771064758,0.6685316562652588,P3,1,1,1,1,1,final_tp
09002200121902031221595152L_1295601300_483356300,6193,2,MC,"[340.0002746582031, 622.9995727539062, 381.0002136230469, 632.9999389648438]",410.01440427452326,small,Q1,4.099843755721836,"[4,8)",0.8224743008613586,0.13007690012454987,MC,P3,1,1,1,1,0.5987134575843811,0.14507544040679932,0.592881441116333,0.5987134575843811,P3,0.8224743008613586,0.13007690012454987,P3,1,1,1,1,1,final_tp
09002200121902031221595152L_1295601300_483356300,6193,3,MC,"[663.9994506835938, 627.0003051757812, 705.9998779296875, 637.0006713867188]",420.0196534767747,small,Q1,4.1998889200834935,"[4,8)",0.7458733320236206,0.6958154439926147,MC,P3,1,0,1,0,0.6958154439926147,0.0,0.7458733320236206,0.6958154439926147,P3,0.7458733320236206,0.6958154439926147,P3,1,0,1,1,1,final_tp
09002200121902031221595152L_1295601300_483356300,6193,4,MC,"[46.0001220703125, 619.9998168945312, 88.99993896484375, 632.0000610351562]",516.0083007365465,small,Q1,3.583245173234594,"[2,4)",0.8810843229293823,0.13330966234207153,MC,P3,1,1,1,1,0.26375213265419006,0.26375213265419006,0.8703343272209167,0.26375213265419006,P3,0.8703343272209167,0.26375213265419006,P3,1,1,1,1,1,final_tp
09002200121902031221595152L_1295601300_483356300,6193,5,MC,"[147.999755859375, 652.0003051757812, 204.000244140625, 666.9998779296875]",839.9833982288837,small,Q1,3.7334722261783173,"[2,4)",0.94942307472229,0.5822969079017639,MC,P3,1,1,1,1,0.7892668843269348,0.7892668843269348,0.9389742612838745,0.7892668843269348,P3,0.9389742612838745,0.7892668843269348,P3,1,1,1,1,1,final_tp
09002200121902031221595152L_1295601300_483356300,6193,6,MC,"[507.0003967285156, 717.9995727539062, 594.0004272460938, 751.0001220703125]",2871.0487976241857,medium,Q2,2.636320677072063,"[2,4)",0.9724506735801697,0.749437153339386,MC,P3,1,1,1,1,0.9082411527633667,0.9082411527633667,0.9291808605194092,0.9082411527633667,P3,0.9291808605194092,0.9082411527633667,P3,1,1,1,1,1,final_tp
09002200121902031242331462L_1295651200_483374500,6194,0,MC,"[570.9993286132812, 588.000244140625, 596.999755859375, 595.0003051757812]",182.00457766279578,small,Q1,3.71431436319089,"[2,4)",0.7681469917297363,0.11705490946769714,MC,P3,1,1,1,1,0.11705490946769714,0.11705490946769714,0.7681469917297363,0.11705490946769714,P3,0.7681469917297363,0.11705490946769714,P3,1,1,0,0,1,final_tp
09002200121902031242331462L_1295651200_483374500,6194,1,AC,"[468.0003356933594, 660.9996948242188, 623.0001220703125, 801.0]",21700.01739495434,large,Q4,1.107138917892635,"[1,2)",0.8555611371994019,5.075161607237533e-05,AC,P3,1,1,1,1,0.5142633318901062,0.5142633318901062,0.8010904788970947,0.5142633318901062,P5,0.8010904788970947,0.5142633318901062,P5,1,1,1,1,1,final_tp
09002200121902031242331462L_1295651200_483374500,6194,2,MC,"[62.999549865722656, 708.0001831054688, 133.99961853027344, 731.0004272460938]",1633.0189132858068,medium,Q2,3.0869267400142237,"[2,4)",0.845900297164917,0.8013184666633606,MC,P3,1,1,1,1,0.8559027910232544,0.8559027910232544,0.7811686396598816,0.8559027910232544,P3,0.7811686396598816,0.8559027910232544,P3,1,1,1,1,1,final_tp
09002200121902031250033922L_1295679800_483414300,6195,0,MC,"[804.9996948242188, 616.99951171875, 849.9993286132812, 628.999755859375]",540.006591707468,small,Q1,3.7498931906496042,"[2,4)",0.6727262139320374,0.006382351741194725,MC,P3,1,0,1,0,0.7389285564422607,0.0,0.6638734340667725,0.7389285564422607,P3,0.6727262139320374,0.006382351741194725,P3,1,0,1,1,1,final_tp
09002200121902031250033922L_1295679800_483414300,6195,1,TC,"[450.9998474121094, 727.00048828125, 598.9996337890625, 811.0003051757812]",12431.954956093803,large,Q3,1.761906059423667,"[1,2)",0.9017320275306702,0.03492065146565437,TC,P4,1,1,1,1,0.629855751991272,0.06904519349336624,0.6022631525993347,0.629855751991272,P4,0.8509061932563782,0.06904519349336624,P4,1,1,1,1,1,final_tp
09002200121902031250033922L_1295679800_483414300,6195,2,MC,"[414.0000915527344, 629.0001831054688, 456.00048828125, 639.0006103515625]",420.02191179059446,small,Q1,4.199860235463572,"[4,8)",0.7137248516082764,0.13022108376026154,MC,P3,1,0,1,0,0.5523878335952759,0.0,0.5964270830154419,0.5523878335952759,P3,0.6236204504966736,0.058906394988298416,P3,1,0,1,1,1,final_tp
09002200121902031250033922L_1295679800_483414300,6195,3,MC,"[777.9998779296875, 647.0005493164062, 822.99951171875, 660.0001831054688]",584.9787598997355,small,Q1,3.461607805207854,"[2,4)",0.8889563083648682,0.7961817979812622,MC,P3,1,1,1,1,0.7961817979812622,0.7961817979812622,0.8889563083648682,0.7961817979812622,P3,0.8889563083648682,0.7961817979812622,P3,1,1,1,1,1,final_tp
09002200121902031250033922L_1295679800_483414300,6195,4,MC,"[280.9994201660156, 637.0001831054688, 324.9996337890625, 649.0004272460938]",528.0133057162166,small,Q1,3.6666098712184403,"[2,4)",0.9095928072929382,0.8443638682365417,MC,P3,1,1,1,1,0.8443638682365417,0.8443638682365417,0.9095928072929382,0.8443638682365417,P3,0.9095928072929382,0.8443638682365417,P3,1,1,1,1,1,final_tp
09002200121902031250033922L_1295679800_483414300,6195,5,MC,"[574.0001220703125, 654.99951171875, 630.0005493164062, 671.9999389648438]",952.031189147383,small,Q1,3.2940599924605527,"[2,4)",0.8474628329277039,0.8522089719772339,MC,P3,1,1,1,1,0.8522089719772339,0.8522089719772339,0.8474628329277039,0.8522089719772339,P3,0.8474628329277039,0.8522089719772339,P3,1,1,1,1,1,final_tp
09002200121902031339007812L_1295603500_483191200,6196,0,TC,"[322.9997863769531, 716.0003051757812, 904.9994506835938, 759.0000610351562]",25025.842163175344,large,Q4,13.534952051644552,"[8,16)",0.8926459550857544,0.09124547988176346,TC,P5,1,1,1,1,0.4717356860637665,0.4717356860637665,0.845515787601471,0.4717356860637665,P5,0.845515787601471,0.4717356860637665,P5,1,1,1,1,1,final_tp
09002200121902031343076382L_1295682300_483183600,6197,0,LC,"[565.0007934570312, 619.9998168945312, 628.000244140625, 810.9993286132812]",12032.864319115877,large,Q3,3.0317647161404517,"[2,4)",0.9631468057632446,0.020891372114419937,LC,P4,1,1,1,1,0.9115993976593018,0.9115993976593018,0.9473677277565002,0.9115993976593018,P4,0.9473677277565002,0.9115993976593018,P4,1,1,1,1,1,final_tp
09002200121902031343550772L_1295753800_483185300,6198,0,LC,"[588.9996948242188, 679.0000610351562, 631.0001220703125, 821.9996337890625]",6006.0431516729295,medium,Q3,3.4047170976625227,"[2,4)",0.9717330932617188,0.008492069318890572,LC,P3,1,1,1,1,0.7622292041778564,0.013495158404111862,0.515791654586792,0.7622292041778564,P4,0.9591031074523926,0.013495158404111862,P3,1,1,1,1,1,final_tp
09002200121902031432171182L_1295622500_483175200,6199,0,TC,"[95.0005874633789, 676.0001831054688, 508.00030517578125, 791.9999389648438]",47907.86730963737,large,Q4,3.560349953171204,"[2,4)",0.9773079752922058,0.1808984875679016,LC,P5,1,1,1,1,0.3657723367214203,0.3657723367214203,0.9521229267120361,0.3657723367214203,P5,0.9521229267120361,0.3657723367214203,P5,1,1,1,1,1,final_tp
09002200121902031432171182L_1295622500_483175200,6199,1,TC,"[745.0005493164062, 763.0004272460938, 886.0001220703125, 804.0001831054688]",5780.948059186339,medium,Q2,3.4390344478518475,"[2,4)",0.7585551142692566,0.07630471140146255,TC,P4,1,1,1,1,0.5407950282096863,0.07630471140146255,0.6860517859458923,0.5407950282096863,P4,0.6860517859458923,0.5407950282096863,P4,1,0,1,1,1,final_tp
09002200121902031606266842L_1295590000_482875600,6200,0,LC,"[324.0002746582031, 567.9994506835938, 489.0004577636719, 794.9998168945312]",37455.10198981315,large,Q4,1.3757582684974234,"[1,2)",0.8247153162956238,0.0003163265064358711,LC,P4,1,1,1,1,0.7967291474342346,0.7382988929748535,0.7370602488517761,0.7967291474342346,P4,0.7370602488517761,0.7967291474342346,P4,1,0,1,1,1,final_tp
09002200121902031606266842L_1295590000_482875600,6200,1,MC,"[775.9999389648438, 683.9996948242188, 834.0004272460938, 703.0001220703125]",1102.0340578258038,medium,Q1,3.0525886355094554,"[2,4)",0.844636857509613,0.4853798449039459,MC,P3,1,1,1,1,0.7086784243583679,0.7086784243583679,0.8319637775421143,0.7086784243583679,P3,0.8319637775421143,0.7086784243583679,P3,1,1,1,1,1,final_tp
09002200121902031607082772L_1295588500_482926200,6201,0,LC,"[289.0004577636719, 628.9996948242188, 432.0, 815.0]",26597.95849595405,large,Q4,1.3007055985423222,"[1,2)",0.9312437772750854,0.4100895822048187,LC,P4,1,1,1,1,0.696336567401886,0.696336567401886,0.8966781497001648,0.696336567401886,P4,0.8966781497001648,0.696336567401886,P4,1,1,1,1,1,final_tp
09002200121902031607082772L_1295588500_482926200,6201,1,MC,"[859.9999389648438, 699.0003051757812, 935.9999389648438, 726.000244140625]",2051.995361328125,medium,Q2,2.8148211778907557,"[2,4)",0.9477106928825378,8.027686999412253e-05,TC,P4,1,1,1,1,0.769396960735321,0.769396960735321,0.8810993432998657,0.769396960735321,P3,0.8810993432998657,0.769396960735321,P3,1,1,1,1,1,final_tp
09002200121902031607082772L_1295588500_482926200,6201,2,MC,"[720.9996948242188, 640.9999389648438, 776.9996948242188, 656.9999389648438]",896.0,small,Q1,3.5,"[2,4)",0.941901445388794,0.6853471994400024,MC,P3,1,1,1,1,0.7436025142669678,0.7436025142669678,0.925239622592926,0.7436025142669678,P3,0.925239622592926,0.7436025142669678,P3,1,1,1,1,1,final_tp
09002200121902031619015462L_1295639500_482867700,6202,0,LC,"[196.00027465820312, 601.0, 464.00054931640625, 711.0000610351562]",29480.046569840983,large,Q4,2.4363647814027094,"[2,4)",0.9476065039634705,0.00040816160617396235,LC,P4,1,1,1,1,0.3075476586818695,0.3075476586818695,0.8573980331420898,0.3075476586818695,P5,0.8573980331420898,0.3075476586818695,P5,1,1,1,1,1,final_tp
09002200121902031619264652L_1295643700_482886700,6203,0,LC,"[343.99951171875, 683.9998168945312, 410.99981689453125, 810.9993286132812]",8509.006042331457,medium,Q3,1.8955064665087047,"[1,2)",0.8572304248809814,2.3470598534913734e-05,TC,P3,1,1,1,1,0.8165654540061951,0.07637172192335129,0.6467604041099548,0.8165654540061951,P4,0.8180375695228577,0.0036033960059285164,P3,1,1,1,1,1,final_tp
09002200121902031626215182L_1295633000_482931600,6204,0,MC,"[661.0001831054688, 636.000244140625, 714.9998168945312, 653.0006713867188]",918.0168455466628,small,Q1,3.1763692175130593,"[2,4)",0.8181198239326477,0.1749279648065567,MC,P3,1,1,1,1,0.1749279648065567,0.1749279648065567,0.8181198239326477,0.1749279648065567,P3,0.8181198239326477,0.1749279648065567,P3,1,1,0,0,1,final_tp
09002200121902031626215182L_1295633000_482931600,6204,1,LC,"[617.0004272460938, 626.9998168945312, 704.00048828125, 813.0001831054688]",16182.043212912977,large,Q3,2.1379337439289356,"[2,4)",0.9584251642227173,0.001348918303847313,LC,P4,1,1,1,1,0.7713409066200256,0.7713409066200256,0.8382273316383362,0.7713409066200256,P4,0.8382273316383362,0.7713409066200256,P4,1,1,1,1,1,final_tp
09002200121902031626215182L_1295633000_482931600,6204,2,MC,"[824.9998168945312, 672.9999389648438, 881.9998168945312, 692.0003051757812]",1083.0208740234375,medium,Q1,2.9999421783348645,"[2,4)",0.8784723877906799,0.0004925993853248656,MC,P3,1,1,1,1,0.5510252714157104,0.5497078895568848,0.7459717392921448,0.5510252714157104,P3,0.7601001262664795,0.0015244133537635207,P3,1,1,1,1,1,final_tp
09002200121902040948518162L_1295566900_482936000,6205,0,TC,"[412.00030517578125, 705.0004272460938, 981.0001831054688, 744.0005493164062]",22191.064697250724,large,Q4,14.589694793873967,"[8,16)",0.9309974908828735,0.06219550967216492,TC,P4,1,1,1,1,0.4782399535179138,0.4782399535179138,0.40876585245132446,0.5390770435333252,P4,0.8169524669647217,0.011173536069691181,P4,1,1,1,1,1,final_tp
09002200121902041300121972L_1295558500_482357700,6206,0,LC,"[308.000244140625, 672.9999389648438, 420.000244140625, 827.0003051757812]",17248.041015625,large,Q3,1.3750032697405135,"[1,2)",0.8587770462036133,0.0002570843789726496,LC,P4,1,1,1,1,0.9418978095054626,0.9418978095054626,0.7945041656494141,0.9418978095054626,P4,0.7945041656494141,0.9418978095054626,P4,1,1,1,1,1,final_tp
09002200121902041300121972L_1295558500_482357700,6206,1,MC,"[556.0003051757812, 640.9994506835938, 602.9998168945312, 650.999755859375]",470.00946030020714,small,Q1,4.699807745124966,"[4,8)",0.41180914640426636,0.005384700372815132,MC,P3,0,0,0,0,0.0,0.0,0.30007675290107727,0.0136787798255682,P3,0.41180914640426636,0.005384700372815132,P3,0,0,0,0,0,raw_geometry_failure
09002200121902041354547292L_1295554900_482518200,6207,0,TC,"[361.9998474121094, 733.0001831054688, 847.0, 756.0003662109375]",11155.092315701768,large,Q3,21.086795281754615,"[16,inf)",0.8515071272850037,0.016313355416059494,TP,P4,1,1,1,1,0.3032808303833008,0.03917254880070686,0.6669536828994751,0.3032808303833008,P4,0.8002920746803284,0.004400019068270922,P4,1,1,1,1,1,final_tp
09002200121902041354547292L_1295554900_482518200,6207,1,TC,"[592.9994506835938, 786.999755859375, 755.999755859375, 799.9994506835938]",2118.9542235396802,medium,Q2,12.538779362120692,"[8,16)",0.4847288429737091,0.001108840573579073,TC,P3,0,0,0,0,0.0,0.0,0.34952282905578613,0.032444294542074203,P3,0.427898645401001,0.0021271109580993652,P3,0,0,0,0,0,raw_geometry_failure
09002200121902041436226202L_1295752400_482523900,6208,0,LC,"[547.9998168945312, 568.0, 619.999267578125, 832.9999389648438]",19079.85003665462,large,Q3,3.68058278846325,"[2,4)",0.9171245694160461,0.000371351809008047,LC,P4,1,1,1,1,0.948602557182312,0.948602557182312,0.8948619365692139,0.948602557182312,P4,0.8948619365692139,0.948602557182312,P4,1,1,1,1,1,final_tp
09002200121902041436226202L_1295752400_482523900,6208,1,TC,"[42.99981689453125, 732.9996948242188, 611.0003051757812, 824.9999389648438]",52256.18359386921,large,Q4,6.173901967184403,"[4,8)",0.80344158411026,0.0011038848897442222,TC,P5,1,1,1,1,0.03460145369172096,0.016880298033356667,0.1634945422410965,0.08823376893997192,P4,0.6970961093902588,0.03460145369172096,P5,1,0,0,0,1,final_tp
09002200121902041505162662L_1295670900_482416400,6209,0,LC,"[728.9999389648438, 608.0, 1024.0, 721.9998779296875]",33629.970947258174,large,Q4,2.5877226045549406,"[2,4)",0.9207449555397034,0.009918000549077988,LC,P5,1,1,1,1,0.18281878530979156,0.18281878530979156,0.788617730140686,0.18281878530979156,P5,0.788617730140686,0.18281878530979156,P5,1,1,0,0,1,final_tp
09002200121902041505162662L_1295670900_482416400,6209,1,MC,"[575.0006713867188, 616.0, 618.0004272460938, 628.000244140625]",516.0075682997704,small,Q1,3.583240087075051,"[2,4)",0.638866126537323,0.4031909108161926,MC,P3,1,0,1,0,0.6383792161941528,0.0,0.5267795920372009,0.6383792161941528,P3,0.638866126537323,0.4031909108161926,P3,1,0,1,1,1,final_tp
09002200121902041505162662L_1295670900_482416400,6209,2,LC,"[575.9994506835938, 626.9998779296875, 673.0, 799.9994506835938]",16781.053588632494,large,Q3,1.7834906500333174,"[1,2)",0.9501695036888123,0.6970481872558594,LC,P4,1,1,1,1,0.6970481872558594,0.6970481872558594,0.9501695036888123,0.6970481872558594,P4,0.9501695036888123,0.6970481872558594,P4,1,1,1,1,1,final_tp
09002200121902041505162662L_1295670900_482416400,6209,3,LC,"[814.99951171875, 615.9994506835938, 1024.0, 675.9996948242188]",12540.080322384834,large,Q3,3.4833272976591076,"[2,4)",0.9112046360969543,0.11115045100450516,LC,P4,1,1,1,1,0.16099496185779572,0.11320317536592484,0.7279787659645081,0.15525224804878235,P4,0.7279787659645081,0.15525224804878235,P4,1,0,0,0,1,final_tp
09002200121902041506173042L_1295673400_482377900,6210,0,TP,"[462.0000915527344, 672.9999389648438, 742.0006103515625, 685.9995727539062]",3639.904205132276,medium,Q2,21.53910820429512,"[16,inf)",0.9496414661407471,0.011658960022032261,TP,P3,1,1,1,1,0.22885000705718994,0.016076628118753433,0.2913190722465515,0.38889020681381226,P5,0.7700029611587524,0.0015573203563690186,P3,1,1,0,0,1,final_tp
09002200121902041506173042L_1295673400_482377900,6210,1,LP,"[401.0, 611.9996948242188, 488.00006103515625, 817.9999389648438]",17922.033813491464,large,Q3,2.3678172370175856,"[2,4)",0.9605907201766968,0.0005343059310689569,TP,P4,1,1,1,1,0.9508450627326965,0.9508450627326965,0.9149312376976013,0.9508450627326965,P4,0.9149312376976013,0.9508450627326965,P4,1,1,1,1,1,final_tp
09002200121902041506173042L_1295673400_482377900,6210,2,TP,"[928.0, 801.9994506835938, 1024.0, 834.9999389648438]",3168.046875,medium,Q2,2.909047865650662,"[2,4)",0.8965277075767517,0.03574817627668381,TP,P3,1,1,1,1,0.7873588800430298,0.7873588800430298,0.8612880706787109,0.7873588800430298,P3,0.8612880706787109,0.7873588800430298,P3,1,1,1,1,1,final_tp
09002200121902041506173042L_1295673400_482377900,6210,3,LP,"[623.0004272460938, 622.0006713867188, 691.000244140625, 685.0001831054688]",4283.955261319876,medium,Q2,1.0793705385861436,"[1,2)",0.8576186299324036,0.001773140742443502,LP,P3,1,1,1,1,0.30176055431365967,0.22110651433467865,0.4829992949962616,0.42994609475135803,P3,0.7322686314582825,0.30176055431365967,P3,1,0,1,1,1,final_tp
09002200121902041506313602L_1295673900_482357800,6211,0,LC,"[386.0004577636719, 654.0000610351562, 459.0003356933594, 814.0001220703125]",11679.984924308956,large,Q3,2.1917853231106244,"[2,4)",0.8736376166343689,0.023886729031801224,LC,P4,1,1,1,1,0.27248257398605347,0.11554892361164093,0.43169769644737244,0.8104191422462463,P4,0.7874923944473267,0.11554892361164093,P4,1,1,0,1,1,final_tp
09002200121902041506313602L_1295673900_482357800,6211,1,MC,"[1.0004485845565796, 687.0001220703125, 44.0002555847168, 706.0004272460938]",817.0094260575715,small,Q1,2.2631113054567766,"[2,4)",0.8975517749786377,0.5879153609275818,MC,P3,1,1,1,1,0.8467404246330261,0.8467404246330261,0.8630586266517639,0.8467404246330261,P3,0.8630586266517639,0.8467404246330261,P3,1,1,1,1,1,final_tp
09002200121902041506313602L_1295673900_482357800,6211,2,MC,"[7.00006103515625, 639.9994506835938, 67.00032043457031, 658.9998168945312]",1140.026901340112,medium,Q1,3.157847524269038,"[2,4)",0.8722419142723083,0.35349228978157043,MC,P3,1,1,1,1,0.8274016380310059,0.35349228978157043,0.740631639957428,0.8274016380310059,P3,0.7821961641311646,0.12459976226091385,P3,1,1,1,1,1,final_tp
09002200121902041506313602L_1295673900_482357800,6211,3,MC,"[294.0006408691406, 690.0004272460938, 366.00018310546875, 713.0005493164062]",1655.9982604421675,medium,Q2,3.130398265549287,"[2,4)",0.9833510518074036,0.3389732241630554,MC,P3,1,1,1,1,0.8717311024665833,0.8717311024665833,0.9472153186798096,0.8717311024665833,P3,0.9472153186798096,0.8717311024665833,P3,1,1,1,1,1,final_tp
09002200121902041506313602L_1295673900_482357800,6211,4,LC,"[479.0, 559.9994506835938, 488.0, 592.9999389648438]",297.00439453125,small,Q1,3.666720920138889,"[2,4)",0.5382897257804871,0.010995977558195591,LC,P3,1,0,1,0,0.010995977558195591,0.0,0.1401720941066742,0.02702461928129196,P3,0.5382897257804871,0.010995977558195591,P3,1,0,0,0,1,final_tp
09002200121902041520083962L_1295793000_482269900,6212,0,LC,"[623.0001220703125, 560.9999389648438, 635.9996948242188, 829.9996337890625]",3496.88110364601,medium,Q2,20.69296429326009,"[16,inf)",0.9705344438552856,0.6388760209083557,LC,P4,1,1,1,1,0.6418887376785278,0.6418887376785278,0.9202561974525452,0.6418887376785278,P4,0.9202561974525452,0.6418887376785278,P4,1,1,1,1,1,final_tp
09002200121902041544400602L_1295732300_482279800,6213,0,MC,"[402.0003967285156, 589.0003051757812, 440.0, 598.0001831054688]",341.99179081991315,small,Q1,4.222235409008912,"[4,8)",0.6449254155158997,0.07590893656015396,MC,P3,1,0,1,0,0.3577272295951843,0.0,0.6259214878082275,0.3577272295951843,P3,0.6259214878082275,0.3577272295951843,P3,1,0,1,1,1,final_tp
09002200121902041544400602L_1295732300_482279800,6213,1,LC,"[443.9997253417969, 591.0001831054688, 502.99951171875, 820.9996948242188]",13569.922058209777,large,Q3,3.898310923522155,"[2,4)",0.9078503847122192,0.020933883264660835,LC,P4,1,1,1,1,0.776726484298706,0.776726484298706,0.8584551811218262,0.776726484298706,P4,0.8584551811218262,0.776726484298706,P4,1,1,1,1,1,final_tp
09002200121902041544400602L_1295732300_482279800,6213,2,MC,"[1.0004456043243408, 713.0004272460938, 65.00044250488281, 743.00048828125]",1920.0037918088492,medium,Q2,2.133328865908069,"[2,4)",0.9206271171569824,0.8933152556419373,MC,P3,1,1,1,1,0.9091786742210388,0.9091786742210388,0.9084668755531311,0.9091786742210388,P3,0.9084668755531311,0.9091786742210388,P3,1,1,1,1,1,final_tp
09002200121902041621464192L_1295717200_482165900,6214,0,TC,"[69.00020599365234, 714.999267578125, 303.0005798339844, 772.9996948242188]",13572.121215976775,large,Q3,4.034459353516178,"[4,8)",0.8543872237205505,0.4627494812011719,TC,P4,1,1,1,1,0.5361202955245972,0.5361202955245972,0.8336127996444702,0.5361202955245972,P4,0.8336127996444702,0.5361202955245972,P4,1,1,1,1,1,final_tp
09002200121902041621464192L_1295717200_482165900,6214,1,TC,"[194.0004119873047, 719.0000610351562, 865.0, 777.00048828125]",38918.26190167293,large,Q4,11.56887293100237,"[8,16)",0.839466392993927,0.14172860980033875,TC,P5,1,1,1,1,0.8237436413764954,0.8237436413764954,0.7667908072471619,0.8237436413764954,P5,0.8017658591270447,0.007019355893135071,P5,1,1,1,1,1,final_tp
09002200121902041621464192L_1295717200_482165900,6214,2,MC,"[303.0005798339844, 765.000732421875, 403.0003356933594, 805.0001831054688]",3999.9353028684855,medium,Q2,2.500028229147434,"[2,4)",0.9763256311416626,0.7068645358085632,MC,P3,1,1,1,1,0.9534657597541809,0.9534657597541809,0.9723764657974243,0.9534657597541809,P3,0.9723764657974243,0.9534657597541809,P3,1,1,1,1,1,final_tp
09002200121902041625222722L_1295768900_482149200,6215,0,TC,"[256.99993896484375, 708.0001831054688, 745.9999389648438, 738.0003662109375]",14670.089538574219,large,Q3,16.299900513302532,"[16,inf)",0.9559230208396912,0.3564812242984772,TC,P4,1,1,1,1,0.8613187670707703,0.8613187670707703,0.8693498969078064,0.8613187670707703,P4,0.8693498969078064,0.8613187670707703,P4,1,1,1,1,1,final_tp
09002200121902051022470002L_1295443500_482158100,6216,0,LP,"[251.00027465820312, 555.0004272460938, 459.00030517578125, 820.0001831054688]",55119.95730590075,large,Q4,1.2740371008598472,"[1,2)",0.9115884900093079,0.002061289269477129,LP,P5,1,1,1,1,0.9497627019882202,0.9497627019882202,0.9020407795906067,0.9497627019882202,P5,0.9020407795906067,0.9497627019882202,P5,1,1,1,1,1,final_tp
09002200121902051022470002L_1295443500_482158100,6216,1,TP,"[370.9997863769531, 704.9994506835938, 699.9996948242188, 732.9996948242188]",9212.07775876671,medium,Q3,11.749894279311878,"[8,16)",0.9570210576057434,0.5369052886962891,TP,P5,1,1,1,1,0.6749340891838074,0.6749340891838074,0.8943899869918823,0.6749340891838074,P4,0.8943899869918823,0.6749340891838074,P4,1,1,1,1,1,final_tp
09002200121902051022470002L_1295443500_482158100,6216,2,MC,"[791.9994506835938, 693.9996337890625, 851.9998168945312, 714.9998779296875]",1260.0223389565945,medium,Q1,2.8571270795307906,"[2,4)",0.8784604072570801,0.6001187562942505,MC,P3,1,1,1,1,0.6850480437278748,0.6850480437278748,0.8230724334716797,0.6850480437278748,P3,0.8230724334716797,0.6850480437278748,P3,1,1,1,1,1,final_tp
09002200121902051236279612L_1295620900_482222100,6217,0,LC,"[437.000244140625, 629.9995727539062, 515.9998168945312, 807.0001220703125]",13982.967773202807,large,Q3,2.2405253996472303,"[2,4)",0.8730952143669128,0.03728381544351578,LC,P4,1,1,1,1,0.8310316801071167,0.8310316801071167,0.7957927584648132,0.8310316801071167,P4,0.7957927584648132,0.8310316801071167,P4,1,1,1,1,1,final_tp
09002200121902051236279612L_1295620900_482222100,6217,1,MC,"[705.00048828125, 704.9999389648438, 784.0000610351562, 731.000244140625]",2054.013000357896,medium,Q2,3.0384094424973416,"[2,4)",0.9303995966911316,0.8129966855049133,MC,P3,1,1,1,1,0.8836579322814941,0.8836579322814941,0.9076448082923889,0.8836579322814941,P3,0.9076448082923889,0.8836579322814941,P3,1,1,1,1,1,final_tp
09002200121902051236279612L_1295620900_482222100,6217,2,MC,"[783.9999389648438, 775.0, 897.0004272460938, 821.99951171875]",5310.967773199081,medium,Q2,2.4042906861981197,"[2,4)",0.9447658658027649,8.945564331952482e-05,MC,P3,1,1,1,1,0.8509994745254517,0.8509994745254517,0.9127246737480164,0.8509994745254517,P3,0.9127246737480164,0.8509994745254517,P3,1,1,1,1,1,final_tp
09002200121902051241054632L_1295600000_482255200,6218,0,LC,"[552.9999389648438, 567.0001220703125, 588.000244140625, 819.0004272460938]",8820.087585542351,medium,Q3,7.199945940761538,"[4,8)",0.8984184265136719,0.013320314697921276,LC,P3,1,1,1,1,0.8950496912002563,0.8950496912002563,0.8593405485153198,0.8950496912002563,P4,0.8593405485153198,0.8950496912002563,P4,1,1,1,1,1,final_tp
09002200121902051241054632L_1295600000_482255200,6218,1,MC,"[445.0002136230469, 595.0003051757812, 475.00030517578125, 602.999755859375]",239.98425287939608,small,Q1,3.750268954624875,"[2,4)",0.7281972169876099,0.645700216293335,MC,P3,1,0,1,0,0.7067621350288391,0.0,0.7119727730751038,0.7067621350288391,P3,0.7119727730751038,0.7067621350288391,P3,1,0,1,1,1,final_tp
09002200121902051248437042L_1295537500_482222500,6219,0,LC,"[565.000732421875, 571.9996948242188, 699.0003051757812, 825.9999389648438]",34035.92419423163,large,Q4,1.8955302537203096,"[1,2)",0.9370824098587036,0.7463968396186829,LC,P4,1,1,1,1,0.9125146865844727,0.9125146865844727,0.9182363152503967,0.9125146865844727,P5,0.9182363152503967,0.9125146865844727,P5,1,1,1,1,1,final_tp
09002200121902051504286052L_1295566900_482435000,6220,0,TC,"[772.0003662109375, 667.9996948242188, 944.9999389648438, 690.9998168945312]",3979.011291451752,medium,Q2,7.521680633913076,"[4,8)",0.8892001509666443,0.04031825438141823,TC,P3,1,1,1,1,0.49426671862602234,0.10202443599700928,0.5058969259262085,0.49426671862602234,P4,0.8235791325569153,0.01766766980290413,P3,1,1,1,1,1,final_tp
09002200121902051504286052L_1295566900_482435000,6220,1,AC,"[0.9999634027481079, 603.9998779296875, 447.9994812011719, 875.9998168945312]",121583.83990481496,large,Q4,1.6433809265542707,"[1,2)",0.9812175631523132,8.617206185590476e-05,TC,P5,1,1,1,1,0.9548470377922058,0.9548470377922058,0.9409185647964478,0.9548470377922058,P5,0.9409185647964478,0.9548470377922058,P5,1,1,1,1,1,final_tp
09002200121902051545010262L_1295732900_482494100,6221,0,LC,"[608.9999389648438, 657.0, 727.9999389648438, 822.9996948242188]",19753.96368408203,large,Q3,1.3949554186909139,"[1,2)",0.9010880589485168,0.03084101527929306,LC,P4,1,1,1,1,0.8755162954330444,0.8755162954330444,0.867118775844574,0.8755162954330444,P4,0.867118775844574,0.8755162954330444,P4,1,1,1,1,1,final_tp
09002200121902051632582932L_1295603500_482469400,6222,0,MC,"[456.9994201660156, 610.9998168945312, 500.9996032714844, 623.9994506835938]",571.9862670227885,small,Q1,3.3847248175936446,"[2,4)",0.6944058537483215,0.1251128613948822,MC,P3,1,0,1,0,0.28438788652420044,0.0,0.6854421496391296,0.28438788652420044,P3,0.6854421496391296,0.28438788652420044,P3,1,0,1,1,1,final_tp
09002200121902051632582932L_1295603500_482469400,6222,1,MC,"[546.9993286132812, 624.9999389648438, 602.999755859375, 640.9999389648438]",896.0068359375,small,Q1,3.5000267028808594,"[2,4)",0.8105599880218506,0.0003365331795066595,MC,P3,1,1,1,1,0.7523833513259888,0.7133466005325317,0.7302843332290649,0.7523833513259888,P3,0.7302843332290649,0.7523833513259888,P3,1,0,1,1,1,final_tp
09002200121902051632582932L_1295603500_482469400,6222,2,MC,"[693.9996337890625, 665.0004272460938, 743.0000610351562, 681.0004272460938]",784.0068359375,small,Q1,3.0625267028808594,"[2,4)",0.9329348206520081,0.6790226101875305,MC,P3,1,1,1,1,0.7066561579704285,0.7066561579704285,0.9231050610542297,0.7066561579704285,P3,0.9231050610542297,0.7066561579704285,P3,1,1,1,1,1,final_tp
09002200121902051632582932L_1295603500_482469400,6222,3,LC,"[472.0, 623.0001220703125, 498.0003967285156, 824.0]",5226.076568555087,medium,Q2,7.7306465754518,"[4,8)",0.9483760595321655,0.0052257864736020565,LC,P3,1,1,1,1,0.5580669045448303,0.5580669045448303,0.8066626191139221,0.5580669045448303,P4,0.8066626191139221,0.5580669045448303,P4,1,1,1,1,1,final_tp
09002200121902051635307372L_1295660800_482481200,6223,0,LC,"[376.9999694824219, 568.00048828125, 508.00030517578125, 824.0006103515625]",33536.101928751916,large,Q4,1.9541943974063387,"[1,2)",0.8992876410484314,0.11146126687526703,LC,P4,1,1,1,1,0.8992971777915955,0.8992971777915955,0.8833466172218323,0.8992971777915955,P4,0.8833466172218323,0.8992971777915955,P4,1,1,1,1,1,final_tp
09002200121902061053394082L_1295371300_482508100,6224,0,TC,"[270.0001220703125, 637.000244140625, 515.0003051757812, 649.9999389648438]",3184.927612248808,medium,Q2,18.84661035650063,"[16,inf)",0.8100487589836121,0.014245903119444847,TC,P4,1,1,1,1,0.5502913594245911,0.5502913594245911,0.7890987992286682,0.5502913594245911,P3,0.8100487589836121,0.014245903119444847,P4,1,1,1,1,1,final_tp
09002200121902061053394082L_1295371300_482508100,6224,1,LC,"[367.9994812011719, 694.0006713867188, 415.9994812011719, 805.0001831054688]",5327.9765625,medium,Q2,2.3124898274739585,"[2,4)",0.9026246666908264,0.0005304059013724327,LC,P3,1,1,1,1,0.8197866082191467,0.8197866082191467,0.8646669387817383,0.8197866082191467,P4,0.8646669387817383,0.8197866082191467,P4,1,1,1,1,1,final_tp
09002200121902061127228092L_1295448500_482687800,6225,0,LC,"[712.0, 652.0003051757812, 994.0004272460938, 823.0001220703125]",48222.02142326161,large,Q4,1.6491270714051414,"[1,2)",0.9229879975318909,0.0028090043924748898,LC,P4,1,1,1,1,0.021338792517781258,0.013322577811777592,0.29247942566871643,0.051880545914173126,P4,0.6768351793289185,0.021338792517781258,P5,1,0,0,0,1,final_tp
09002200121902061127228092L_1295448500_482687800,6225,1,LP,"[464.9999694824219, 572.0003051757812, 491.000244140625, 689.0005493164062]",3042.038482733071,medium,Q2,4.499961853430316,"[4,8)",0.7662567496299744,0.023388763889670372,LP,P3,1,1,1,1,0.6661562323570251,0.40642568469047546,0.5838021636009216,0.6661562323570251,P3,0.7662567496299744,0.023388763889670372,P3,1,1,1,1,1,final_tp
09002200121902061127228092L_1295448500_482687800,6225,2,LP,"[392.9994201660156, 706.0004272460938, 443.9997253417969, 815.0]",5559.01147447899,medium,Q2,2.1372337357241418,"[2,4)",0.8664270043373108,0.005466592963784933,LP,P3,1,1,1,1,0.6076654195785522,0.16927514970302582,0.7107536792755127,0.6076654195785522,P4,0.7107536792755127,0.6076654195785522,P4,1,0,1,1,1,final_tp
09002200121902061127228092L_1295448500_482687800,6225,3,MC,"[387.00030517578125, 673.9993896484375, 448.0, 692.9996948242188]",1159.0128172896802,medium,Q1,3.2104586878937105,"[2,4)",0.9197245240211487,0.8043616414070129,MC,P3,1,1,1,1,0.9096704721450806,0.9096704721450806,0.8819987773895264,0.9096704721450806,P3,0.8819987773895264,0.9096704721450806,P3,1,1,1,1,1,final_tp
09002200121902061127228092L_1295448500_482687800,6225,4,TP,"[437.9996032714844, 598.9996337890625, 537.9993286132812, 607.9994506835938]",899.9792175795883,small,Q1,11.111306653645569,"[8,16)",0.4132019877433777,0.00703790970146656,TP,P3,0,0,0,0,0.0,0.0,0.1698705106973648,0.07937125116586685,P3,0.4132019877433777,0.00703790970146656,P3,0,0,0,0,0,raw_geometry_failure
09002200121902061240434182L_1295392100_482913800,6226,0,LC,"[440.9999694824219, 673.9999389648438, 483.000244140625, 809.9994506835938]",5712.016845569015,medium,Q2,3.2380624371033195,"[2,4)",0.9697207808494568,0.5620535016059875,LC,P4,1,1,1,1,0.919562041759491,0.919562041759491,0.9680082201957703,0.919562041759491,P4,0.9680082201957703,0.919562041759491,P4,1,1,1,1,1,final_tp
09002200121902061240434182L_1295392100_482913800,6226,1,LC,"[487.99951171875, 547.9998168945312, 512.0, 636.9996337890625]",2136.039062410593,medium,Q2,3.708250259394137,"[2,4)",0.9484496712684631,0.24060294032096863,LC,P4,1,1,1,1,0.377155065536499,0.377155065536499,0.8466271162033081,0.377155065536499,P4,0.8466271162033081,0.377155065536499,P4,1,1,1,1,1,final_tp
09002200121902061355517092L_1295499100_482711000,6227,0,LC,"[668.000244140625, 613.0001831054688, 1023.0006103515625, 855.0001220703125]",85910.06695554405,large,Q4,1.46694403200866,"[1,2)",0.9940207004547119,0.0005769009003415704,LC,P5,1,1,1,1,0.5937865376472473,0.5937865376472473,0.9517977237701416,0.5937865376472473,P5,0.9517977237701416,0.5937865376472473,P5,1,1,1,1,1,final_tp
09002200121902061355517092L_1295499100_482711000,6227,1,LC,"[236.9997100830078, 604.000244140625, 396.9997253417969, 714.0004272460938]",17600.03097534459,large,Q3,1.4545431720361794,"[1,2)",0.9593561291694641,0.16877813637256622,LC,P4,1,1,1,1,0.37906232476234436,0.37906232476234436,0.9519438743591309,0.37906232476234436,P4,0.9519438743591309,0.37906232476234436,P4,1,1,1,1,1,final_tp
09002200121902061355517092L_1295499100_482711000,6227,2,LC,"[76.0002670288086, 728.0, 289.00048828125, 854.99951171875]",27050.923126116395,large,Q4,1.6771734846882869,"[1,2)",0.983362078666687,0.0007740558939985931,LC,P4,1,1,1,1,0.7753625512123108,0.7753625512123108,0.9344823360443115,0.7753625512123108,P4,0.9344823360443115,0.7753625512123108,P4,1,1,1,1,1,final_tp
09002200121902061437551022L_1295438400_482772100,6228,0,MC,"[223.0000457763672, 712.0005493164062, 288.9999694824219, 737.0004272460938]",1649.9900360200554,medium,Q2,2.640009838915229,"[2,4)",0.9394242167472839,0.7185845375061035,MC,P3,1,1,1,1,0.89005047082901,0.89005047082901,0.925441563129425,0.89005047082901,P3,0.925441563129425,0.89005047082901,P3,1,1,1,1,1,final_tp
09002200121902061437551022L_1295438400_482772100,6228,1,TC,"[319.9994812011719, 745.9998779296875, 587.999755859375, 769.0]",6164.0390320159495,medium,Q3,11.652124012164508,"[8,16)",0.8242941498756409,0.18729999661445618,TC,P4,1,1,1,1,0.5125032067298889,0.4638056457042694,0.7452532649040222,0.5125032067298889,P4,0.7452532649040222,0.5125032067298889,P4,1,0,1,1,1,final_tp
09002200121902061437551022L_1295438400_482772100,6228,2,LC,"[300.000244140625, 658.999755859375, 410.99981689453125, 774.0001220703125]",12764.991515956819,large,Q3,1.0360433230306325,"[1,2)",0.795207679271698,0.0024346308782696724,LC,P4,1,1,1,1,0.1931990385055542,0.10847166925668716,0.703316330909729,0.1931990385055542,P4,0.7258619070053101,0.0015009607886895537,P5,1,0,0,0,1,final_tp
09002200121902061523545232L_1295451200_482794400,6229,0,MC,"[639.0, 674.9993286132812, 690.999755859375, 691.999755859375]",884.0180663019419,small,Q1,3.0587322957617533,"[2,4)",0.5867467522621155,0.7501417994499207,MC,P3,1,0,1,0,0.7501417994499207,0.0,0.5867467522621155,0.7501417994499207,P3,0.5867467522621155,0.7501417994499207,P3,1,0,1,1,1,final_tp
09002200121902061523545232L_1295451200_482794400,6229,1,TP,"[20.999683380126953, 620.9996948242188, 146.9998016357422, 638.99951171875]",2267.9791259542108,medium,Q2,7.000077990159676,"[4,8)",0.8249987959861755,0.030896775424480438,TP,P3,1,1,1,1,0.08304580301046371,0.0352574959397316,0.5785180330276489,0.08304580301046371,P4,0.8050486445426941,0.0352574959397316,P3,1,1,0,0,1,final_tp
09002200121902061523545232L_1295451200_482794400,6229,2,LC,"[472.0, 616.9998779296875, 534.0001220703125, 823.0001220703125]",12772.040283232927,large,Q3,3.322578041169116,"[2,4)",0.9312469363212585,0.011558683589100838,LC,P4,1,1,1,1,0.8919103741645813,0.8919103741645813,0.8605349659919739,0.8919103741645813,P4,0.8605349659919739,0.8919103741645813,P4,1,1,1,1,1,final_tp
09002200121902061523545232L_1295451200_482794400,6229,3,TP,"[70.00008392333984, 772.000244140625, 530.0003662109375, 802.0003051757812]",13800.036315934733,large,Q3,15.333311292905085,"[8,16)",0.7770466208457947,0.0008368638809770346,TC,P4,1,1,1,0,0.0013648258754983544,0.0008943028515204787,0.27053871750831604,0.0058834608644247055,P3,0.5481157302856445,0.0013648258754983544,P5,1,0,0,0,1,final_tp
09002200121902061611510982L_1295210100_482863800,6230,0,MC,"[307.999755859375, 553.9998168945312, 328.9999694824219, 559.0]",105.00491336919367,small,Q1,4.1998889200834935,"[4,8)",0.8501601815223694,0.0853397399187088,MC,P3,1,1,1,1,0.0853397399187088,0.0853397399187088,0.8501601815223694,0.0853397399187088,P3,0.8501601815223694,0.0853397399187088,P3,1,1,0,0,1,final_tp
09002200121902061611510982L_1295210100_482863800,6230,1,AC,"[0.999432384967804, 567.0000610351562, 689.9998779296875, 869.9996337890625]",208766.83508282527,large,Q4,2.2739320091573005,"[2,4)",0.907141923904419,0.9326007962226868,AC,P5,1,1,1,1,0.9326007962226868,0.9326007962226868,0.907141923904419,0.9326007962226868,P5,0.907141923904419,0.9326007962226868,P5,1,1,1,1,1,final_tp
09002200121902061640513662L_1295224800_482846000,6231,0,LC,"[1.0004425048828125, 605.9996337890625, 325.0002136230469, 738.9998168945312]",43092.02685542405,large,Q4,2.4360850360818236,"[2,4)",0.924877941608429,0.31030920147895813,LC,P5,1,1,1,1,0.8792520761489868,0.8792520761489868,0.9061728119850159,0.8792520761489868,P5,0.9061728119850159,0.8792520761489868,P5,1,1,1,1,1,final_tp
09002200121902061640513662L_1295224800_482846000,6231,1,LC,"[496.00006103515625, 653.9996337890625, 521.0, 815.99951171875]",4049.9870605543256,medium,Q2,6.4800109375267025,"[4,8)",0.8318225741386414,0.00018023891607299447,LC,P3,1,1,1,0,0.014531420543789864,0.00036647001979872584,0.4594096541404724,0.8656933307647705,P4,0.6194363832473755,0.003217377234250307,P3,1,0,0,0,1,final_tp
09002200121902071141028592L_1295204000_482446400,6232,0,LC,"[373.9996032714844, 596.9996948242188, 465.9999084472656, 818.9998168945312]",20424.07897952944,large,Q3,2.413036800760018,"[2,4)",0.8773694038391113,0.0031938047613948584,LC,P4,1,1,1,1,0.9778123497962952,0.9778123497962952,0.8065736889839172,0.9778123497962952,P4,0.8065736889839172,0.9778123497962952,P4,1,1,1,1,1,final_tp
09002200121902071141028592L_1295204000_482446400,6232,1,TC,"[197.0001983642578, 755.9996948242188, 381.0007019042969, 794.9998168945312]",7176.042099060491,medium,Q3,4.7179468620202885,"[4,8)",0.8433050513267517,0.0007969308062456548,TC,P3,1,1,1,0,0.016800982877612114,0.0007969308062456548,0.24892964959144592,0.3914959132671356,P4,0.598321795463562,0.002772651379927993,P3,1,0,0,0,1,final_tp
09002200121902071145319092L_1295205600_482483400,6233,0,MC,"[676.0001831054688, 667.0003662109375, 731.0004272460938, 683.0003051757812]",880.0005493015051,small,Q1,3.4375283719191434,"[2,4)",0.832455575466156,0.8300513029098511,MC,P3,1,1,1,1,0.8942248821258545,0.8942248821258545,0.7844579815864563,0.8942248821258545,P3,0.7844579815864563,0.8942248821258545,P3,1,1,1,1,1,final_tp
09002200121902071145319092L_1295205600_482483400,6233,1,LP,"[519.0, 558.0001220703125, 554.9998168945312, 817.00048828125]",9323.965759210289,large,Q3,7.194491210045081,"[4,8)",0.9048795104026794,0.40141943097114563,LP,P4,1,1,1,1,0.8908793330192566,0.8908793330192566,0.7821084856987,0.8908793330192566,P4,0.7833942770957947,0.19660821557044983,P4,1,1,1,1,1,final_tp
09002200121902071520440982L_1295238800_482723000,6234,0,LC,"[301.0002136230469, 585.9999389648438, 470.0000915527344, 818.9998168945312]",39376.950927749276,large,Q4,1.3786984983896098,"[1,2)",0.9072200059890747,0.0007272494258359075,LC,P4,1,1,1,1,0.9416303634643555,0.0047650267370045185,0.6723164916038513,0.9416303634643555,P5,0.746382474899292,0.001301661366596818,P4,1,0,1,1,1,final_tp
09002200121902071611461862L_1295796000_482457200,6235,0,TC,"[92.0002212524414, 748.0001831054688, 451.999755859375, 816.0]",24479.90295418538,large,Q4,5.294125170876458,"[4,8)",0.9304980039596558,0.00516643188893795,TC,P4,1,1,1,1,0.7452470660209656,0.7452470660209656,0.7591795921325684,0.7452470660209656,P5,0.7591795921325684,0.7452470660209656,P5,1,1,1,1,1,final_tp
09002200121902071613337752L_1295783300_482416500,6236,0,LC,"[536.0000610351562, 584.00048828125, 587.999755859375, 812.0001831054688]",11855.914550874382,large,Q3,4.384635248244349,"[4,8)",0.9156628251075745,0.0003329418250359595,LC,P3,1,1,1,1,0.9423415660858154,0.9423415660858154,0.8240182399749756,0.9423415660858154,P4,0.8240182399749756,0.9423415660858154,P4,1,1,1,1,1,final_tp
09002200121902071614519452L_1295784200_482381000,6237,0,LC,"[547.0003662109375, 680.9999389648438, 586.0004272460938, 826.0004272460938]",5655.027893096209,medium,Q2,3.717955419365642,"[2,4)",0.7637664675712585,0.1778220236301422,LC,P4,1,1,1,1,0.738351583480835,0.1778220236301422,0.6209014058113098,0.738351583480835,P3,0.705830991268158,0.013641063123941422,P3,1,0,1,1,1,final_tp
09002200121902071614519452L_1295784200_482381000,6237,1,MC,"[458.99981689453125, 594.9998779296875, 494.0000915527344, 603.9996948242188]",314.99606318213046,small,Q1,3.888998528344625,"[2,4)",0.8184417486190796,0.5207481384277344,MC,P3,1,1,1,1,0.5207481384277344,0.5207481384277344,0.8184417486190796,0.5207481384277344,P3,0.8184417486190796,0.5207481384277344,P3,1,1,1,1,1,final_tp
09002200121902071614519452L_1295784200_482381000,6237,2,TC,"[442.99981689453125, 641.9999389648438, 613.0001831054688, 670.0001831054688]",4760.051757901907,medium,Q2,6.07138871208224,"[4,8)",0.8670899271965027,0.0019185561686754227,TC,P3,1,1,1,1,0.05486591160297394,0.003564709797501564,0.595142126083374,0.05486591160297394,P3,0.728246808052063,0.006360342260450125,P3,1,0,0,0,1,final_tp
09002200121902071614519452L_1295784200_482381000,6237,3,MC,"[0.99993896484375, 706.0004272460938, 80.99993896484375, 736.00048828125]",2400.0048828125,medium,Q2,2.666661241330482,"[2,4)",0.8884373903274536,0.010796853341162205,MC,P3,1,1,1,1,0.8146845698356628,0.8146845698356628,0.7667562365531921,0.8146845698356628,P3,0.7667562365531921,0.8146845698356628,P3,1,1,1,1,1,final_tp
09002200121902071614519452L_1295784200_482381000,6237,4,MC,"[377.9993591308594, 588.9996948242188, 419.9996643066406, 599.0001220703125]",420.02099622413516,small,Q1,4.199851080581274,"[4,8)",0.6295416355133057,0.15828506648540497,MC,P3,1,0,1,0,0.15828506648540497,0.0,0.44019290804862976,0.485154926776886,P3,0.6295416355133057,0.15828506648540497,P3,1,0,0,0,1,final_tp
09002200121902071614519452L_1295784200_482381000,6237,5,MC,"[100.99968719482422, 667.0003051757812, 166.9995574951172, 690.0004272460938]",1518.0050735315308,medium,Q2,2.869544348439897,"[2,4)",0.8338381052017212,0.5630940794944763,MC,P3,1,1,1,1,0.8381478786468506,0.8381478786468506,0.75702303647995,0.8381478786468506,P3,0.75702303647995,0.8381478786468506,P3,1,1,1,1,1,final_tp
09002200121902071614519452L_1295784200_482381000,6237,6,MC,"[939.0004272460938, 731.0003051757812, 1016.0, 765.0001831054688]",2617.976074270904,medium,Q2,2.26470144725646,"[2,4)",0.927139401435852,0.24078314006328583,MC,P3,1,1,1,1,0.7959137558937073,0.7959137558937073,0.8967183232307434,0.7959137558937073,P3,0.8967183232307434,0.7959137558937073,P3,1,1,1,1,1,final_tp
09002200121902071614519452L_1295784200_482381000,6237,7,LC,"[540.9996948242188, 595.9998168945312, 554.999755859375, 652.000244140625]",784.0093994401395,small,Q1,4.000013078905034,"[4,8)",0.4657202661037445,0.002932250266894698,LC,P3,0,0,0,0,0.0,0.0,0.19306035339832306,0.30017489194869995,P3,0.4657202661037445,0.002932250266894698,P3,0,0,0,0,0,raw_geometry_failure
09002200121902161018409549K_1295644400_483456300,6238,0,TC,"[366.99951171875, 711.0000610351562, 888.9999389648438, 800.0]",46458.006164524704,large,Q4,5.8651773621136005,"[4,8)",0.9105619192123413,0.0008260588510893285,TC,P4,1,1,1,1,0.8553574681282043,0.8553574681282043,0.8445461392402649,0.8553574681282043,P5,0.8445461392402649,0.8553574681282043,P5,1,1,1,1,1,final_tp
09002200121902161018409549K_1295644400_483456300,6238,1,MC,"[382.99951171875, 628.0003662109375, 417.9999084472656, 637.0001831054688]",314.9971617925912,small,Q1,3.8890120919886337,"[2,4)",0.8132217526435852,0.7966259121894836,MC,P3,1,1,1,1,0.7966259121894836,0.7966259121894836,0.8132217526435852,0.7966259121894836,P3,0.8132217526435852,0.7966259121894836,P3,1,1,1,1,1,final_tp
09002200121902161018409549K_1295644400_483456300,6238,2,LP,"[444.9996643066406, 638.9995727539062, 622.0001831054688, 695.0]",9912.104675514624,large,Q3,3.1606994357560834,"[2,4)",0.8817418217658997,0.00014658104919362813,TC,P4,1,1,0,0,0.0005617710412479937,0.00016371755918953568,0.4113175868988037,0.0007101805531419814,P4,0.0,0.0025210741441696882,P3,0,0,0,0,0,confidence_filter_loss
09002200121902161018409549K_1295644400_483456300,6238,3,LP,"[536.00048828125, 708.0003662109375, 650.0003662109375, 767.0000610351562]",6725.958007849753,medium,Q3,1.9322113151489007,"[1,2)",0.7041078805923462,0.00019603811961133033,LC,P3,1,0,0,0,0.0005266404477879405,0.0,0.655479371547699,0.0005266404477879405,P3,0.0,0.0025210741441696882,P3,0,0,0,0,0,classification_mismatch
09002200121902161018409549K_1295644400_483456300,6238,4,LP,"[569.0, 780.000244140625, 629.0001831054688, 801.9999389648438]",1319.9857177175581,medium,Q1,2.7273188825972485,"[2,4)",0.6501530408859253,5.0074006139766425e-05,TC,P3,1,0,0,0,5.0074006139766425e-05,0.0,0.328290730714798,0.00043877691496163607,P3,0.0,0.0025210741441696882,P3,0,0,0,0,0,final_localization_or_assignment
09002200121902171130421252Q_1296386500_481836400,6853,0,P,"[564.000244140625, 769.9999389648438, 601.9999389648438, 784.9994506835938]",569.9768678247929,small,Q1,2.5333954555812364,"[2,4)",0.8480991125106812,0.6248313188552856,P,P3,1,1,1,1,0.7097032070159912,0.7097032070159912,0.8194085359573364,0.7097032070159912,P3,0.8194085359573364,0.7097032070159912,P3,1,1,1,1,1,final_tp
09002200121902171130421252Q_1296386500_481836400,6853,1,P,"[506.999755859375, 809.0004272460938, 531.0003051757812, 825.0004272460938]",384.0087890625,small,Q1,1.5000343322753906,"[1,2)",0.8447707295417786,0.6231327652931213,P,P3,1,1,1,1,0.6231327652931213,0.6231327652931213,0.8447707295417786,0.6231327652931213,P3,0.8447707295417786,0.6231327652931213,P3,1,1,1,1,1,final_tp
09002200121902171130421252Q_1296386500_481836400,6853,2,P,"[572.0001831054688, 864.9999389648438, 607.0005493164062, 884.0003051757812]",665.0197755247355,small,Q1,1.8420890325150496,"[1,2)",0.8672118186950684,0.8433864712715149,P,P3,1,1,1,1,0.8433864712715149,0.8433864712715149,0.8672118186950684,0.8433864712715149,P3,0.8672118186950684,0.8433864712715149,P3,1,1,1,1,1,final_tp
09002200121902171233057112K_1296056800_481513000,6854,0,LC,"[857.0004272460938, 711.9999389648438, 937.0004272460938, 756.000244140625]",3520.0244140625,medium,Q2,1.818169207699809,"[1,2)",0.848876953125,2.8455620849854313e-05,TC,P3,1,1,0,0,0.00010623510024743155,4.989601802662946e-05,0.5110978484153748,0.00010623510024743155,P4,0.0,0.0031874552369117737,P4,0,0,0,0,0,confidence_filter_loss
09002200121902171233057112K_1296056800_481513000,6854,1,TC,"[216.9999237060547, 711.0000610351562, 636.9996948242188, 728.0005493164062]",7140.200927615166,medium,Q3,24.705158399632364,"[16,inf)",0.8312376737594604,0.009368214756250381,TC,P4,1,1,1,1,0.6548696160316467,0.009368214756250381,0.5100301504135132,0.6548696160316467,P5,0.8312376737594604,0.009368214756250381,P4,1,1,1,1,1,final_tp
09002200121902171252439002Q_1296284800_481840200,6855,0,LC,"[599.9994506835938, 721.9998779296875, 684.999755859375, 903.99951171875]",15470.024413950741,large,Q3,2.1411644747943663,"[2,4)",0.7056047916412354,0.00010706984903663397,AC,P4,1,0,1,0,0.03431713581085205,0.0,0.30591800808906555,0.61678546667099,P4,0.610633134841919,0.004685365594923496,P4,1,0,0,0,1,final_tp
09002200121902171252439002Q_1296284800_481840200,6855,1,LC,"[148.9997100830078, 586.0004272460938, 502.0000915527344, 1016.9999389648438]",152142.985473454,large,Q4,1.2209605229168619,"[1,2)",0.897969126701355,0.015909794718027115,LC,P5,1,1,1,1,0.9480897188186646,0.9480897188186646,0.8681661486625671,0.9480897188186646,P5,0.8681661486625671,0.9480897188186646,P5,1,1,1,1,1,final_tp
09002200121902171410239832K_1295925500_481811500,6856,0,AC,"[0.9999451041221619, 582.9994506835938, 568.0000610351562, 943.99951171875]",204687.07867432386,large,Q4,1.5706371917069974,"[1,2)",0.673223078250885,0.000654230359941721,AC,P5,1,0,1,0,0.008844795636832714,0.0,0.12711964547634125,0.21435701847076416,P4,0.5352217555046082,0.008844795636832714,P5,1,0,0,0,1,final_tp
09002200121902171410239832K_1295925500_481811500,6856,1,P,"[125.00069427490234, 718.0001220703125, 229.0001983642578, 785.00048828125]",6968.0048597427085,medium,Q3,1.5522229201245474,"[1,2)",0.8512353897094727,6.124930951045826e-05,LC,P3,1,1,0,0,0.000330726383253932,6.124930951045826e-05,0.1484609842300415,0.0019861573819071054,P3,0.1484609842300415,0.0019861573819071054,P3,0,0,0,0,0,confidence_filter_loss
09002200121902171410239832K_1295925500_481811500,6856,2,TC,"[473.9994812011719, 755.0004272460938, 675.999755859375, 769.9999389648438]",3029.9054869264364,medium,Q2,13.467123360135421,"[8,16)",0.9213756322860718,0.17431630194187164,TC,P5,1,1,1,1,0.32549646496772766,0.32549646496772766,0.8028132319450378,0.32549646496772766,P3,0.8028132319450378,0.32549646496772766,P3,1,1,1,1,1,final_tp
09002200121902171411237252K_1295921200_481781300,6857,0,P,"[249.00047302246094, 741.0003051757812, 436.0003356933594, 830.0001220703125]",16642.95353701245,large,Q3,2.1011263752654865,"[2,4)",0.9712635278701782,0.022859402000904083,P,P4,1,1,1,1,0.9829089641571045,0.9829089641571045,0.8159201145172119,0.9829089641571045,P4,0.8159201145172119,0.9829089641571045,P4,1,1,1,1,1,final_tp
09002200121902171439407262K_1295901100_481739000,6858,0,P,"[390.0006408691406, 640.9994506835938, 426.0003356933594, 661.9996948242188]",756.002380296588,small,Q1,1.714251252659358,"[1,2)",0.5875775814056396,0.20492397248744965,P,P3,1,0,1,0,0.20492397248744965,0.0,0.4767962098121643,0.3874700963497162,P3,0.5875775814056396,0.20492397248744965,P3,1,0,0,0,1,final_tp
09002200121902171439407262K_1295901100_481739000,6858,1,P,"[383.0006408691406, 661.0001831054688, 419.0003967285156, 675.000244140625]",503.99877928197384,small,Q1,2.5713999223984967,"[2,4)",0.29218754172325134,0.0008543541189283133,P,P3,0,0,0,0,0.0,0.0,0.26335668563842773,0.011325408704578876,P3,0.2398957461118698,0.004499238450080156,P3,0,0,0,0,0,raw_geometry_failure
09002200121902171439407262K_1295901100_481739000,6858,2,AC,"[0.9999145865440369, 590.0001220703125, 952.0, 981.9996337890625]",372791.5595702827,large,Q4,2.4260235857576156,"[2,4)",0.7471431493759155,0.0002686700318008661,AC,P5,1,0,1,0,0.4062669575214386,0.0,0.4192885160446167,0.597492516040802,P5,0.5329234600067139,0.0010411870898678899,P5,1,0,0,1,1,final_tp
09002200121902171447464392K_1295991000_481737600,6859,0,LC,"[423.00006103515625, 598.0001220703125, 447.00054931640625, 628.9995727539062]",744.0019528567791,small,Q1,1.2916175004577544,"[1,2)",0.86078941822052,0.25158610939979553,LC,P3,1,1,1,1,0.6321429014205933,0.6321429014205933,0.7804620862007141,0.6321429014205933,P3,0.7804620862007141,0.6321429014205933,P3,1,1,1,1,1,final_tp
09002200121902171447464392K_1295991000_481737600,6859,1,LC,"[395.0003356933594, 671.9999389648438, 415.00006103515625, 696.9999389648438]",499.9931335449219,small,Q1,1.2500171663734396,"[1,2)",0.5339218974113464,0.02769622765481472,LC,P3,1,0,1,0,0.02769622765481472,0.0,0.10974889993667603,0.0388660728931427,P4,0.5339218974113464,0.02769622765481472,P3,1,0,0,0,1,final_tp
09002200121902171447464392K_1295991000_481737600,6859,2,LC,"[1.00042724609375, 556.0003051757812, 392.00048828125, 808.0006103515625]",98532.13470460847,large,Q4,1.551585664796781,"[1,2)",0.8314955830574036,0.00035768051748164,LC,P5,1,1,1,1,0.039412468671798706,0.039412468671798706,0.7738277316093445,0.039412468671798706,P5,0.7738277316093445,0.039412468671798706,P5,1,1,0,0,1,final_tp
09002200121902171541164402K_1296048600_481571900,6860,0,TC,"[235.0002899169922, 670.99951171875, 731.0003051757812, 705.9999389648438]",17360.2119140625,large,Q3,14.171255582468824,"[8,16)",0.914095938205719,0.037388209253549576,TC,P4,1,1,1,1,0.4107620418071747,0.4107620418071747,0.8434973359107971,0.4107620418071747,P4,0.8434973359107971,0.4107620418071747,P4,1,1,1,1,1,final_tp
09002200121902171616378502Q_1296106500_482058800,6861,0,TC,"[139.9996795654297, 776.9994506835938, 934.99951171875, 884.9996948242188]",85860.17431636155,large,Q4,7.361092775488337,"[4,8)",0.9427261352539062,0.1335238516330719,TC,P5,1,1,1,1,0.8932188749313354,0.8932188749313354,0.789838433265686,0.8932188749313354,P5,0.789838433265686,0.8932188749313354,P5,1,1,1,1,1,final_tp
09002200121902171640091982K_1295881400_481518200,6862,0,AC,"[509.9996032714844, 671.99951171875, 920.0, 953.9999389648438]",115620.28704850934,large,Q4,1.4538999133172232,"[1,2)",0.869158148765564,0.00010370862582931295,TC,P5,1,1,1,1,0.9432675838470459,0.9432675838470459,0.8590406179428101,0.9432675838470459,P5,0.8590406179428101,0.9432675838470459,P5,1,1,1,1,1,final_tp
09002200121902180912112718K_1294820200_480604400,6863,0,TP,"[408.00048828125, 650.999267578125, 1024.0, 708.9996948242188]",35728.234863072634,large,Q4,10.620603001855244,"[8,16)",0.9218680262565613,0.8246734738349915,TP,P5,1,1,1,1,0.8975171446800232,0.8975171446800232,0.8922217488288879,0.8975171446800232,P5,0.8922217488288879,0.8975171446800232,P5,1,1,1,1,1,final_tp
09002200121902180921377648K_1294823300_480694500,6864,0,TP,"[350.0000915527344, 602.9998168945312, 620.9996948242188, 617.0]",3794.0440673101693,medium,Q2,19.356861351736647,"[16,inf)",0.8459663391113281,0.038421984761953354,TP,P5,1,1,1,1,0.4678158462047577,0.07406900078058243,0.5943756103515625,0.4678158462047577,P3,0.707778811454773,0.00355515512637794,P5,1,0,1,1,1,final_tp
09002200121902180928107372K_1295937500_481341100,6865,0,TC,"[131.0003204345703, 678.0006713867188, 273.9998779296875, 693.000244140625]",2144.93226642441,medium,Q2,9.533575378530475,"[8,16)",0.7079440355300903,0.0518827959895134,TC,P3,1,0,1,0,0.0518827959895134,0.0,0.7079440355300903,0.0518827959895134,P3,0.7079440355300903,0.0518827959895134,P3,1,0,0,0,1,final_tp
09002200121902180928107372K_1295937500_481341100,6865,1,MC,"[223.99998474121094, 589.9996337890625, 266.99981689453125, 601.9999389648438]",516.0111083472148,small,Q1,3.5832282199040755,"[2,4)",0.7737308144569397,0.07604076713323593,MC,P3,1,1,1,1,0.09196223318576813,0.07604076713323593,0.7101514935493469,0.09196223318576813,P3,0.7101514935493469,0.09196223318576813,P3,1,0,0,0,1,final_tp
09002200121902180928107372K_1295937500_481341100,6865,2,AC,"[231.0001220703125, 623.0, 1024.0, 987.9998168945312]",289444.81024172157,large,Q4,2.1726034951925177,"[2,4)",0.9101725220680237,0.0004454219597391784,AC,P5,1,1,1,1,0.9031197428703308,0.9031197428703308,0.7743350267410278,0.9031197428703308,P5,0.7982037663459778,0.15175434947013855,P5,1,1,1,1,1,final_tp
09002200121902180928107372K_1295937500_481341100,6865,3,MC,"[424.00006103515625, 593.0005493164062, 464.9999694824219, 604.0003051757812]",450.9889831766486,small,Q1,3.7273471312839863,"[2,4)",0.7379426956176758,0.02011650800704956,MC,P3,1,0,1,0,0.021241016685962677,0.0,0.710879921913147,0.021241016685962677,P3,0.710879921913147,0.021241016685962677,P3,1,0,0,0,1,final_tp
09002200121902180928107372K_1295937500_481341100,6865,4,LC,"[89.9998779296875, 627.0003051757812, 137.99989318847656, 723.0003662109375]",4608.004394532181,medium,Q2,2.0000006357826754,"[2,4)",0.44569993019104004,0.00015517785504925996,LC,P3,0,0,0,0,0.0,0.0,0.32898518443107605,0.003928090911358595,P3,0.415525883436203,0.0011348860571160913,P3,0,0,0,0,0,raw_geometry_failure
09002200121902180928435462K_1295939600_481374900,6866,0,LC,"[144.99993896484375, 645.0001831054688, 200.0, 673.0004272460938]",1540.0151367336512,medium,Q2,1.96427076703084,"[1,2)",0.7408864498138428,0.0013351833913475275,LC,P3,1,0,1,0,0.07598881423473358,0.0,0.7082764506340027,0.07598881423473358,P3,0.7082764506340027,0.07598881423473358,P3,1,0,0,0,1,final_tp
09002200121902180928435462K_1295939600_481374900,6866,1,LC,"[314.0003967285156, 700.000244140625, 417.0004577636719, 877.0007934570312]",18231.067382846028,large,Q3,1.7184509168008353,"[1,2)",0.9815852046012878,0.6303924918174744,LC,P4,1,1,1,1,0.9419288039207458,0.9419288039207458,0.9613550901412964,0.9419288039207458,P4,0.9613550901412964,0.9419288039207458,P4,1,1,1,1,1,final_tp
09002200121902180928435462K_1295939600_481374900,6866,2,LC,"[454.0000915527344, 602.999755859375, 470.0000915527344, 627.0003051757812]",384.0087890625,small,Q1,1.5000343322753906,"[1,2)",0.8130583763122559,0.377509742975235,LC,P3,1,1,1,1,0.377509742975235,0.377509742975235,0.8130583763122559,0.377509742975235,P3,0.8130583763122559,0.377509742975235,P3,1,1,1,1,1,final_tp
09002200121902180928435462K_1295939600_481374900,6866,3,AC,"[611.0003051757812, 571.0004272460938, 920.9999389648438, 808.0]",73469.78076187521,large,Q4,1.308017690440976,"[1,2)",0.7019600868225098,0.00037580475327558815,AC,P5,1,0,1,0,0.02082473412156105,0.0,0.20969818532466888,0.18843770027160645,P4,0.5453593730926514,0.02082473412156105,P5,1,0,0,0,1,final_tp
09002200121902180928435462K_1295939600_481374900,6866,4,TC,"[267.0002746582031, 602.0004272460938, 390.0000915527344, 613.0001831054688]",1352.9679565876722,medium,Q1,11.182049717012541,"[8,16)",0.7987879514694214,0.004551507532596588,TC,P4,1,1,1,1,0.485172301530838,0.4363539516925812,0.7100719213485718,0.485172301530838,P3,0.7430954575538635,0.005104586947709322,P4,1,0,1,1,1,final_tp
09002200121902180942221672Q_1296100800_481633300,6867,0,P,"[518.0001831054688, 622.9995727539062, 548.000244140625, 647.9994506835938]",749.9978637620807,small,Q1,1.2000083008217814,"[1,2)",0.8563500046730042,0.7451726198196411,P,P3,1,1,1,1,0.7451726198196411,0.7451726198196411,0.8563500046730042,0.7451726198196411,P3,0.8563500046730042,0.7451726198196411,P3,1,1,1,1,1,final_tp
09002200121902180942221672Q_1296100800_481633300,6867,1,AC,"[394.99981689453125, 590.0000610351562, 1024.0, 1024.0]",272986.041076649,large,Q4,1.4493093814845468,"[1,2)",0.9755404591560364,0.008932347409427166,AC,P5,1,1,1,1,0.9017060995101929,0.9017060995101929,0.9614968299865723,0.9017060995101929,P5,0.9614968299865723,0.9017060995101929,P5,1,1,1,1,1,final_tp
09002200121902180942221672Q_1296100800_481633300,6867,2,MC,"[546.9998168945312, 598.9996337890625, 580.0003051757812, 607.9994506835938]",296.9983519613743,small,Q1,3.6667955212847483,"[2,4)",0.6187217235565186,0.0065107280388474464,P,P3,1,0,1,0,0.00655435910448432,0.0,0.6002489328384399,0.00655435910448432,P3,0.6002489328384399,0.00655435910448432,P3,1,0,0,0,1,final_tp
09002200121902180942221672Q_1296100800_481633300,6867,3,AC,"[413.0001525878906, 575.0001831054688, 482.99981689453125, 612.0003662109375]",2590.0003966670483,medium,Q2,1.8918734566017443,"[1,2)",0.8490532636642456,0.025611523538827896,AC,P3,1,1,1,1,0.22397463023662567,0.025611523538827896,0.5761746764183044,0.22397463023662567,P4,0.8490532636642456,0.025611523538827896,P3,1,1,0,0,1,final_tp
09002200121902180943451052K_1295950800_481404400,6868,0,AC,"[526.9995727539062, 560.9999389648438, 1024.0, 989.0001831054688]",212716.30419932306,large,Q4,1.1612152891267928,"[1,2)",0.9723996520042419,0.0006016211118549109,AC,P5,1,1,1,1,0.9402174353599548,0.9402174353599548,0.9595978260040283,0.9402174353599548,P5,0.9595978260040283,0.9402174353599548,P5,1,1,1,1,1,final_tp
09002200121902180943451052K_1295950800_481404400,6868,1,AC,"[0.9999298453330994, 591.99951171875, 361.9999084472656, 831.99951171875]",86639.99267578125,large,Q4,1.5041665395100912,"[1,2)",0.9352911710739136,0.00033648154931142926,LP,P5,1,1,1,1,0.915170431137085,0.915170431137085,0.7742584943771362,0.915170431137085,P5,0.7742584943771362,0.915170431137085,P5,1,1,1,1,1,final_tp
09002200121902180943586792K_1295955300_481415700,6869,0,AC,"[0.9998840689659119, 558.0006103515625, 923.9998168945312, 987.0004272460938]",395966.8048095815,large,Q4,2.1515159275505273,"[2,4)",0.9509940147399902,0.0007279800483956933,AC,P5,1,1,1,1,0.9050842523574829,0.9050842523574829,0.9508465528488159,0.9050842523574829,P5,0.9508465528488159,0.9050842523574829,P5,1,1,1,1,1,final_tp
09002200121902180944260862K_1295963600_481441100,6870,0,AC,"[0.999432384967804, 636.9995727539062, 746.9998168945312, 974.0001220703125]",251402.53320332617,large,Q4,2.2136473300241586,"[2,4)",0.9833196401596069,0.0007428794051520526,TC,P5,1,1,1,1,0.8733633756637573,0.8733633756637573,0.9103280305862427,0.8733633756637573,P5,0.9103280305862427,0.8733633756637573,P5,1,1,1,1,1,final_tp
09002200121902180944460492K_1295972000_481464600,6871,0,AC,"[0.9998840689659119, 595.0004272460938, 1023.9994506835938, 990.0001220703125]",404084.51904309914,large,Q4,2.5898743370147606,"[2,4)",0.965351939201355,0.0012862063013017178,AC,P5,1,1,1,1,0.9678419232368469,0.9678419232368469,0.9442704319953918,0.9678419232368469,P5,0.9442704319953918,0.9678419232368469,P5,1,1,1,1,1,final_tp
09002200121902181013567532K_1295914000_481676500,6872,0,MC,"[399.99951171875, 639.9994506835938, 450.99981689453125, 651.9996948242188]",612.0161133557558,small,Q1,4.249938966085488,"[4,8)",0.6405286192893982,0.0009324702550657094,P,P3,1,0,0,0,0.0009324702550657094,0.0,0.2885035574436188,0.0028492414858192205,P3,0.4166331887245178,0.0016136481426656246,P3,0,0,0,0,0,classification_mismatch
09002200121902181013567532K_1295914000_481676500,6872,1,LC,"[67.00032043457031, 689.9993896484375, 312.0005187988281, 772.9996948242188]",20335.09123236034,large,Q3,2.9517987656236557,"[2,4)",0.7525988221168518,0.0010160901583731174,LC,P4,1,1,1,1,0.04002512991428375,0.0010160901583731174,0.4295126795768738,0.5910037755966187,P4,0.7238753437995911,0.0029301221948117018,P4,1,0,0,0,1,final_tp
09002200121902181013567532K_1295914000_481676500,6872,2,TC,"[317.0002136230469, 690.0004272460938, 692.0001831054688, 728.0]",14249.838623059914,large,Q3,9.868531204574476,"[8,16)",0.7854494452476501,0.017614047974348068,TC,P4,1,1,1,1,0.5890876650810242,0.017614047974348068,0.5604833364486694,0.5890876650810242,P5,0.6967974901199341,0.09158548712730408,P4,1,0,1,1,1,final_tp
09002200121902181026188057F_1294019400_481879300,6873,0,LC,"[0.9999420046806335, 680.9999389648438, 123.00032043457031, 720.9994506835938]",4879.955688290298,medium,Q2,3.050046768759384,"[2,4)",0.9286327958106995,0.027313774451613426,LC,P3,1,1,1,1,0.14759908616542816,0.12285131216049194,0.5586262345314026,0.14759908616542816,P4,0.9255709648132324,0.12285131216049194,P3,1,1,0,0,1,final_tp
09002200121902181026188057F_1294019400_481879300,6873,1,AC,"[517.9995727539062, 729.9998779296875, 823.0001220703125, 927.0001831054688]",60085.20129411295,large,Q4,1.548223740284349,"[1,2)",0.951116144657135,0.002322870772331953,AC,P4,1,1,1,1,0.2532541751861572,0.2532541751861572,0.8590610027313232,0.2532541751861572,P5,0.8590610027313232,0.2532541751861572,P5,1,1,1,1,1,final_tp
09002200121902181026188057F_1294019400_481879300,6873,2,LC,"[503.0000915527344, 563.0003051757812, 783.0005493164062, 929.0004272460938]",102480.20172124729,large,Q4,1.3071411561020616,"[1,2)",0.829059362411499,0.004204514902085066,LC,P5,1,1,1,1,0.7744791507720947,0.7744791507720947,0.8041051626205444,0.7744791507720947,P5,0.8041051626205444,0.7744791507720947,P5,1,1,1,1,1,final_tp
09002200121902181026188057F_1294019400_481879300,6873,3,AC,"[0.999432384967804, 737.9998168945312, 348.9997253417969, 997.0001831054688]",90132.20648204535,large,Q4,1.3436286221014822,"[1,2)",0.9597720503807068,0.8920572996139526,AC,P5,1,1,1,1,0.9027007818222046,0.9027007818222046,0.9428914785385132,0.9027007818222046,P5,0.9428914785385132,0.9027007818222046,P5,1,1,1,1,1,final_tp
09002200121902181044097272Q_1296172500_481652400,6874,0,TC,"[224.00051879882812, 637.0001831054688, 610.0003662109375, 656.0005493164062]",7334.138458196074,medium,Q3,20.31538987863875,"[16,inf)",0.738471269607544,0.03183287754654884,TC,P4,1,0,1,0,0.17609789967536926,0.0,0.5582471489906311,0.17609789967536926,P4,0.738471269607544,0.03183287754654884,P4,1,0,0,0,1,final_tp
09002200121902181044097272Q_1296172500_481652400,6874,1,LC,"[1.000451683998108, 735.99951171875, 80.0, 765.9996948242188]",2370.000961221289,medium,Q2,2.6333022564559543,"[2,4)",0.8207679986953735,0.00028101011412218213,TC,P4,1,1,1,1,0.0033557824790477753,0.0017974695656448603,0.7357416152954102,0.0033557824790477753,P3,0.7357416152954102,0.0033557824790477753,P3,1,0,0,0,1,final_tp
09002200121902181044097272Q_1296172500_481652400,6874,2,LC,"[545.9999389648438, 742.0001220703125, 592.9994506835938, 903.0006713867188]",7566.947204321623,medium,Q3,3.425579190691393,"[2,4)",0.9308217763900757,0.008571048267185688,LC,P4,1,1,1,1,0.6663649082183838,0.016686026006937027,0.6528371572494507,0.6663649082183838,P4,0.8977990746498108,0.016686026006937027,P4,1,1,1,1,1,final_tp
09002200121902181044097272Q_1296172500_481652400,6874,3,LC,"[1.0004425048828125, 682.9993286132812, 392.9999694824219, 996.9996948242188]",123087.99023419619,large,Q4,1.2484046322908255,"[1,2)",0.9872038960456848,0.005837436765432358,LC,P5,1,1,1,1,0.7589542269706726,0.7589542269706726,0.9835389852523804,0.7589542269706726,P5,0.9835389852523804,0.7589542269706726,P5,1,1,1,1,1,final_tp
09002200121902181143597587F_1293895200_481703100,6875,0,AC,"[582.9996337890625, 673.0004272460938, 768.9999389648438, 865.0003051757812]",35712.03588863462,large,Q4,1.0322557145712008,"[1,2)",0.842821478843689,0.0013534545432776213,AC,P4,1,1,1,1,0.7834686040878296,0.0035522172693163157,0.6764171123504639,0.7834686040878296,P4,0.6962892413139343,0.004135672468692064,P4,1,0,1,1,1,final_tp
09002200121902181143597587F_1293895200_481703100,6875,1,TC,"[0.9999451041221619, 721.0004272460938, 582.0001220703125, 806.9999389648438]",49965.732055574656,large,Q4,6.7558544402618566,"[4,8)",0.9789479970932007,0.7053439617156982,TC,P5,1,1,1,1,0.8772419691085815,0.8772419691085815,0.9410610198974609,0.8772419691085815,P5,0.9410610198974609,0.8772419691085815,P5,1,1,1,1,1,final_tp
09002200121902181143597587F_1293895200_481703100,6875,2,P,"[431.9999694824219, 677.0001831054688, 449.0004577636719, 684.9996948242188]",135.99560523033142,small,Q1,2.125190746505524,"[2,4)",0.7318251729011536,0.3506830036640167,P,P3,1,0,1,0,0.3506830036640167,0.0,0.7318251729011536,0.3506830036640167,P3,0.7318251729011536,0.3506830036640167,P3,1,0,1,1,1,final_tp
09002200121902181236344132Q_1296313700_481939800,6876,0,MC,"[383.0000305175781, 590.9995727539062, 423.9999694824219, 600.9999389648438]",410.01440427452326,small,Q1,4.099843755721836,"[4,8)",0.7184285521507263,0.6988348960876465,MC,P3,1,0,1,0,0.7882961630821228,0.0,0.6538575887680054,0.7882961630821228,P3,0.6538575887680054,0.7882961630821228,P3,1,0,1,1,1,final_tp
09002200121902181236344132Q_1296313700_481939800,6876,1,LC,"[385.0, 581.0001831054688, 450.9998474121094, 908.0001831054688]",21581.950103759766,large,Q4,4.954556909172542,"[4,8)",0.9400375485420227,0.0009736230131238699,LC,P5,1,1,1,1,0.7870952486991882,0.7870952486991882,0.9150747060775757,0.7870952486991882,P4,0.9150747060775757,0.7870952486991882,P4,1,1,1,1,1,final_tp
09002200121902181236344132Q_1296313700_481939800,6876,2,TC,"[32.00000762939453, 905.0004272460938, 195.0003204345703, 971.0004272460938]",10758.020141601562,large,Q3,2.4697015935724433,"[2,4)",0.9535173177719116,0.0010447193635627627,TC,P3,1,1,1,1,0.6868235468864441,0.00381912081502378,0.7308053970336914,0.6868235468864441,P4,0.7308053970336914,0.6868235468864441,P4,1,0,1,1,1,final_tp
09002200121902181236344132Q_1296313700_481939800,6876,3,MC,"[486.0006408691406, 602.9998168945312, 526.0001220703125, 610.999267578125]",319.9738772381097,small,Q1,5.00027849202292,"[4,8)",0.755425751209259,0.4462962746620178,MC,P3,1,1,1,1,0.4462962746620178,0.4462962746620178,0.755425751209259,0.4462962746620178,P3,0.755425751209259,0.4462962746620178,P3,1,1,1,1,1,final_tp
09002200121902181252296622Q_1296348600_481945400,6877,0,P,"[504.9999084472656, 596.9996948242188, 533.9995727539062, 605.9995727539062]",260.9934387616813,small,Q1,3.2222286272328997,"[2,4)",0.7145377397537231,0.0035472700837999582,P,P3,1,0,1,0,0.18263328075408936,0.0,0.702232301235199,0.18263328075408936,P3,0.702232301235199,0.18263328075408936,P3,1,0,0,0,1,final_tp
09002200121902181252296622Q_1296348600_481945400,6877,1,AC,"[1.000457763671875, 597.0003051757812, 588.0003051757812, 1024.0]",250648.76873783022,large,Q4,1.3747079565743845,"[1,2)",0.9399732947349548,0.00016405274800490588,TP,P5,1,1,1,1,0.9145840406417847,0.3953325152397156,0.5507112145423889,0.9145840406417847,P5,0.8628209233283997,0.3953325152397156,P5,1,1,1,1,1,final_tp
09002200121902181252296622Q_1296348600_481945400,6877,2,P,"[514.9998168945312, 634.9998779296875, 552.9994506835938, 649.0]",531.9995116740465,small,Q1,2.7142358901028,"[2,4)",0.8657145500183105,0.2334790974855423,P,P3,1,1,1,1,0.3554282784461975,0.3554282784461975,0.8582733869552612,0.3554282784461975,P3,0.8582733869552612,0.3554282784461975,P3,1,1,1,1,1,final_tp
09002200121902181252296622Q_1296348600_481945400,6877,3,AC,"[610.0003662109375, 635.0003662109375, 1024.0, 1014.0001220703125]",156905.76013192534,large,Q4,1.092348022363038,"[1,2)",0.9170283675193787,0.001530280220322311,AC,P5,1,1,1,1,0.1625915765762329,0.1625915765762329,0.7970802187919617,0.1625915765762329,P5,0.7970802187919617,0.1625915765762329,P5,1,1,0,0,1,final_tp
09002200121902181318175772K_1295472300_481853100,6878,0,MC,"[544.0, 582.9996337890625, 583.9994506835938, 591.9994506835938]",359.9877320341766,small,Q1,4.4444738323397965,"[4,8)",0.8304791450500488,0.5533056259155273,MC,P3,1,1,1,1,0.5533056259155273,0.5533056259155273,0.8304791450500488,0.5533056259155273,P3,0.8304791450500488,0.5533056259155273,P3,1,1,1,1,1,final_tp
09002200121902181318175772K_1295472300_481853100,6878,1,MC,"[441.9999084472656, 633.0005493164062, 486.99951171875, 642.0004272460938]",404.99093632772565,small,Q1,5.000023736216041,"[4,8)",0.7181016206741333,0.6872691512107849,MC,P3,1,0,1,0,0.7725934982299805,0.0,0.6702235341072083,0.7725934982299805,P3,0.6702235341072083,0.7725934982299805,P3,1,0,1,1,1,final_tp
09002200121902181318175772K_1295472300_481853100,6878,2,AC,"[0.9999145865440369, 734.0006103515625, 429.9996032714844, 914.0004272460938]",77219.86651616916,large,Q4,2.383334062365108,"[2,4)",0.9415414929389954,0.8016390800476074,AC,P5,1,1,1,1,0.8016390800476074,0.8016390800476074,0.9415414929389954,0.8016390800476074,P5,0.9415414929389954,0.8016390800476074,P5,1,1,1,1,1,final_tp
09002200121902181318175772K_1295472300_481853100,6878,3,MC,"[283.9997253417969, 849.9998168945312, 410.999267578125, 885.0001220703125]",4445.022735456005,medium,Q2,3.628526711367263,"[2,4)",0.7916097640991211,0.00573344249278307,MC,P3,1,1,1,1,0.734776496887207,0.4087141156196594,0.6994913220405579,0.734776496887207,P3,0.6994913220405579,0.734776496887207,P3,1,0,1,1,1,final_tp
09002200121902181318175772K_1295472300_481853100,6878,4,TC,"[430.0000915527344, 774.0001220703125, 796.9996337890625, 839.0006713867188]",23855.171844230965,large,Q4,5.646099088330271,"[4,8)",0.9459500312805176,0.038142167031764984,TC,P4,1,1,1,1,0.6803985238075256,0.6803985238075256,0.8601298928260803,0.6803985238075256,P4,0.8601298928260803,0.6803985238075256,P4,1,1,1,1,1,final_tp
09002200121902181318175772K_1295472300_481853100,6878,5,LC,"[858.9998168945312, 873.9999389648438, 958.9996337890625, 918.0001220703125]",4400.010253872722,medium,Q2,2.2727136533689185,"[2,4)",0.8890983462333679,0.0021624360233545303,LC,P3,1,1,1,1,0.1813247799873352,0.1160561591386795,0.7095112204551697,0.1813247799873352,P4,0.8445534706115723,0.0031110146082937717,P4,1,1,0,0,1,final_tp
09002200121902181349002028K_1294659300_481308100,6879,0,LC,"[0.9999237060546875, 584.00048828125, 219.99974060058594, 627.000244140625]",9416.938659712672,large,Q3,5.093047914289121,"[4,8)",0.7514516711235046,0.0014506246661767364,LC,P4,1,1,1,1,0.0014506246661767364,0.0014506246661767364,0.31684595346450806,0.0016154367476701736,P4,0.7514516711235046,0.0014506246661767364,P4,1,1,0,0,1,final_tp
09002200121902181349002028K_1294659300_481308100,6879,1,MC,"[340.000244140625, 588.000244140625, 367.00006103515625, 595.0003051757812]",189.00036619976163,small,Q1,3.8570830681233597,"[2,4)",0.5282222628593445,0.004033680539578199,MC,P3,1,0,1,0,0.004033680539578199,0.0,0.5282222628593445,0.004033680539578199,P3,0.5282222628593445,0.004033680539578199,P3,1,0,0,0,1,final_tp
09002200121902181349002028K_1294659300_481308100,6879,2,AC,"[0.9998840689659119, 577.9998779296875, 1023.9994506835938, 1011.9998168945312]",443981.75213625655,large,Q4,2.3571422041991914,"[2,4)",0.886888325214386,0.030535660684108734,AC,P5,1,1,1,1,0.6819514036178589,0.6819514036178589,0.8027933239936829,0.6819514036178589,P5,0.8027933239936829,0.6819514036178589,P5,1,1,1,1,1,final_tp
09002200121902181349002028K_1294659300_481308100,6879,3,MC,"[466.0003967285156, 602.9998168945312, 504.0, 610.999267578125]",303.975952366367,small,Q1,4.750276584543311,"[4,8)",0.8414342999458313,0.6344413757324219,MC,P3,1,1,1,1,0.6344413757324219,0.6344413757324219,0.8414342999458313,0.6344413757324219,P3,0.8414342999458313,0.6344413757324219,P3,1,1,1,1,1,final_tp
09002200121902181349002028K_1294659300_481308100,6879,4,MC,"[519.9999389648438, 593.00048828125, 553.9998779296875, 600.9999389648438]",271.9808349944651,small,Q1,4.250284214461748,"[4,8)",0.7242288589477539,0.0646495670080185,MC,P3,1,0,1,0,0.06546008586883545,0.0,0.6205421686172485,0.06546008586883545,P3,0.7242288589477539,0.0646495670080185,P3,1,0,0,0,1,final_tp
09002200121902181349002028K_1294659300_481308100,6879,5,P,"[444.9996032714844, 700.9996948242188, 533.9995727539062, 722.9993286132812]",1957.9667358510196,medium,Q2,4.045520499830763,"[4,8)",0.9497578740119934,0.00469631003215909,P,P3,1,1,1,1,0.8523966073989868,0.8523966073989868,0.837638795375824,0.8523966073989868,P3,0.837638795375824,0.8523966073989868,P3,1,1,1,1,1,final_tp
09002200121902181349002028K_1294659300_481308100,6879,6,LC,"[0.9999451041221619, 613.0001831054688, 308.000244140625, 705.9999389648438]",28550.953430101275,large,Q4,3.3010872161857785,"[2,4)",0.9728444218635559,0.0076410346664488316,LC,P4,1,1,1,1,0.05519130825996399,0.05519130825996399,0.9471458792686462,0.05519130825996399,P4,0.9471458792686462,0.05519130825996399,P4,1,1,0,0,1,final_tp
09002200121902181349002028K_1294659300_481308100,6879,7,TC,"[191.0000457763672, 590.0006713867188, 288.00054931640625, 603.0003662109375]",1260.9769438160583,medium,Q1,7.461752360472705,"[4,8)",0.39031559228897095,0.00044064843677915633,LC,P4,0,0,0,0,0.0,0.0,0.1130329966545105,0.0015801731497049332,P4,0.1130329966545105,0.0015801731497049332,P4,0,0,0,0,0,raw_geometry_failure
09002200121902181410307678K_1294690700_481147700,6880,0,AC,"[384.0, 558.9994506835938, 604.9996948242188, 693.9996337890625]",29834.999267522246,large,Q4,1.6370325561081867,"[1,2)",0.518639862537384,0.00029666052432730794,LC,P5,1,0,0,0,0.00029666052432730794,0.0,0.10015035420656204,0.1338498890399933,P4,0.4510250687599182,0.0018810245674103498,P4,0,0,0,0,0,final_localization_or_assignment
09002200121902181410307678K_1294690700_481147700,6880,1,TC,"[203.00035095214844, 602.999267578125, 386.0003967285156, 635.9998168945312]",6039.102035547607,medium,Q3,5.545363624762105,"[4,8)",0.9099229574203491,0.08508219569921494,TC,P4,1,1,1,1,0.08508219569921494,0.08508219569921494,0.9099229574203491,0.08508219569921494,P4,0.9099229574203491,0.08508219569921494,P4,1,1,0,0,1,final_tp
09002200121902181410307678K_1294690700_481147700,6880,2,TC,"[235.99974060058594, 674.9998168945312, 422.0000915527344, 683.9996948242188]",1673.98045344837,medium,Q2,20.666985975287208,"[16,inf)",0.6336183547973633,0.030241074040532112,TC,P3,1,0,1,0,0.03730408847332001,0.0,0.5331931114196777,0.03730408847332001,P3,0.5620130896568298,0.03104730322957039,P3,1,0,0,0,1,final_tp
09002200121902181410307678K_1294690700_481147700,6880,3,LC,"[544.0, 687.0001220703125, 604.9996337890625, 891.9998168945312]",12504.906311146915,large,Q3,3.3606709104698935,"[2,4)",0.7286527156829834,8.300550689455122e-05,LC,P3,1,0,1,0,0.1592261642217636,0.0,0.30404144525527954,0.21739462018013,P5,0.5908013582229614,0.1592261642217636,P4,1,0,0,0,1,final_tp
09002200121902181410307678K_1294690700_481147700,6880,4,P,"[78.99954986572266, 688.0000610351562, 184.9999542236328, 716.9996337890625]",3073.9664381206967,medium,Q2,3.655240208448653,"[2,4)",0.9675271511077881,0.585824191570282,P,P3,1,1,1,1,0.7417553067207336,0.7417553067207336,0.9335110783576965,0.7417553067207336,P3,0.9335110783576965,0.7417553067207336,P3,1,1,1,1,1,final_tp
09002200121902181410307678K_1294690700_481147700,6880,5,LC,"[15.000558853149414, 598.0006103515625, 250.0003662109375, 684.000244140625]",20209.89688117616,large,Q3,2.7325674689748465,"[2,4)",0.9369881749153137,0.024056922644376755,LC,P5,1,1,1,1,0.29316410422325134,0.29316410422325134,0.9228238463401794,0.29316410422325134,P4,0.9228238463401794,0.29316410422325134,P4,1,1,1,1,1,final_tp
09002200121902181413512308K_1294509400_481062200,6881,0,AC,"[0.9998840689659119, 568.9994506835938, 1023.9994506835938, 1021.9996337890625]",463418.99377433583,large,Q4,2.258276289737677,"[2,4)",0.962367594242096,0.9213964343070984,AC,P5,1,1,1,1,0.9664269089698792,0.9664269089698792,0.9569032788276672,0.9664269089698792,P5,0.9569032788276672,0.9664269089698792,P5,1,1,1,1,1,final_tp
09002200121902181413512308K_1294509400_481062200,6881,1,AC,"[0.99993896484375, 712.0005493164062, 162.00038146972656, 787.0003051757812]",12074.993881117553,large,Q3,2.146679554620946,"[2,4)",0.9603768587112427,0.00038038103957660496,AC,P3,1,1,1,1,0.6755849123001099,0.6755849123001099,0.9514431953430176,0.6755849123001099,P4,0.9514431953430176,0.6755849123001099,P4,1,1,1,1,1,final_tp
09002200121902181413512308K_1294509400_481062200,6881,2,P,"[511.00006103515625, 621.0001831054688, 530.9998168945312, 633.0004272460938]",240.00195306539536,small,Q1,1.6666124142982117,"[1,2)",0.7960485816001892,0.00033860764233395457,P,P3,1,1,0,0,0.0005945099983364344,0.00033860764233395457,0.7414968609809875,0.0005945099983364344,P3,0.0,0.006950410548597574,P3,0,0,0,0,0,confidence_filter_loss
09002200121902181447410818K_1294634300_481078600,6882,0,LC,"[384.00054931640625, 605.9995727539062, 425.0004577636719, 660.9996948242188]",2254.999969471246,medium,Q2,1.3414693874512926,"[1,2)",0.8316015005111694,0.02793702855706215,LC,P3,1,1,1,1,0.04273487254977226,0.04273487254977226,0.27853143215179443,0.400019109249115,P4,0.8125230669975281,0.04273487254977226,P3,1,1,0,0,1,final_tp
09002200121902181447410818K_1294634300_481078600,6882,1,TC,"[247.0000762939453, 658.0004272460938, 812.9996948242188, 688.00048828125]",16980.02355954796,large,Q3,18.866616075406746,"[16,inf)",0.8240870237350464,0.08717343956232071,TC,P4,1,1,1,1,0.6821935772895813,0.6821935772895813,0.7628985047340393,0.6821935772895813,P5,0.7628985047340393,0.6821935772895813,P5,1,1,1,1,1,final_tp
09002200121902181447410818K_1294634300_481078600,6882,2,LC,"[5.999615669250488, 801.9999389648438, 257.9998779296875, 1000.9999389648438]",50148.0516204834,large,Q4,1.2663329618061008,"[1,2)",0.9942020773887634,0.9083943963050842,LC,P5,1,1,1,1,0.9603498578071594,0.9603498578071594,0.9847972989082336,0.9603498578071594,P5,0.9847972989082336,0.9603498578071594,P5,1,1,1,1,1,final_tp
09002200121902181447410818K_1294634300_481078600,6882,3,MC,"[878.0, 681.0004272460938, 945.00048828125, 701.0001831054688]",1339.9934080839157,medium,Q1,3.3500653084144094,"[2,4)",0.9187594652175903,0.5376177430152893,MC,P3,1,1,1,1,0.8127142190933228,0.8127142190933228,0.8874651193618774,0.8127142190933228,P3,0.8874651193618774,0.8127142190933228,P3,1,1,1,1,1,final_tp
09002200121902181457353472K_1295443200_481920000,6883,0,P,"[857.9999389648438, 732.9996948242188, 902.99951171875, 750.99951171875]",809.9840699024498,small,Q1,2.500001695438254,"[2,4)",0.5762485861778259,0.1862649917602539,P,P3,1,0,1,0,0.31509655714035034,0.0,0.5401448607444763,0.31509655714035034,P3,0.5401448607444763,0.31509655714035034,P3,1,0,1,1,1,final_tp
09002200121902181457353472K_1295443200_481920000,6883,1,TC,"[390.0000915527344, 676.9996948242188, 466.99981689453125, 696.0]",1463.0182799454778,medium,Q2,4.052552031634977,"[4,8)",0.8916487097740173,0.009314002469182014,TC,P3,1,1,1,1,0.06434852629899979,0.009314002469182014,0.5136249661445618,0.06434852629899979,P3,0.8916487097740173,0.009314002469182014,P3,1,1,0,0,1,final_tp
09002200121902181457353472K_1295443200_481920000,6883,2,LC,"[426.0003356933594, 664.0, 476.0002136230469, 864.9999389648438]",10049.972412116826,large,Q3,4.020008593770981,"[4,8)",0.8967341184616089,0.09990818798542023,LC,P4,1,1,1,1,0.864624559879303,0.864624559879303,0.8482067584991455,0.864624559879303,P4,0.8482067584991455,0.864624559879303,P4,1,1,1,1,1,final_tp
09002200121902181457353472K_1295443200_481920000,6883,3,LC,"[471.00006103515625, 799.0, 495.9999694824219, 865.0]",1649.9939575195312,medium,Q2,2.640009668004155,"[2,4)",0.9034701585769653,0.032079022377729416,LC,P3,1,1,1,1,0.0893116146326065,0.0893116146326065,0.8853517174720764,0.0893116146326065,P3,0.8853517174720764,0.0893116146326065,P3,1,1,0,0,1,final_tp
09002200121902181457353472K_1295443200_481920000,6883,4,LC,"[274.0003967285156, 789.0001831054688, 329.00048828125, 817.0004272460938]",1540.0159912332892,medium,Q2,1.9642718569348412,"[1,2)",0.7555686831474304,0.04749377444386482,LC,P3,1,1,1,1,0.20503197610378265,0.04998752474784851,0.707597017288208,0.20503197610378265,P3,0.707597017288208,0.20503197610378265,P3,1,0,0,0,1,final_tp
09002200121902181457353472K_1295443200_481920000,6883,5,TC,"[7.000067234039307, 842.9996948242188, 227.0003204345703, 920.9998168945312]",17160.047088654712,large,Q3,2.8205117320341735,"[2,4)",0.9429872035980225,0.6858204007148743,TC,P4,1,1,1,1,0.8637195229530334,0.8637195229530334,0.9323424100875854,0.8637195229530334,P4,0.9323424100875854,0.8637195229530334,P4,1,1,1,1,1,final_tp
09002200121902181457353472K_1295443200_481920000,6883,6,TC,"[803.0004272460938, 855.0001831054688, 1024.0, 922.9998168945312]",15027.8900148049,large,Q3,3.250011219758264,"[2,4)",0.9552907943725586,0.21288950741291046,TC,P4,1,1,1,1,0.7752566933631897,0.7752566933631897,0.9209170341491699,0.7752566933631897,P4,0.9209170341491699,0.7752566933631897,P4,1,1,1,1,1,final_tp
09002200121902181457353472K_1295443200_481920000,6883,7,MC,"[192.9999542236328, 705.9994506835938, 269.0002136230469, 731.999755859375]",1976.029937823303,medium,Q2,2.92305259055985,"[2,4)",0.8277040719985962,0.5633779764175415,MC,P3,1,1,1,1,0.8095977902412415,0.8095977902412415,0.7837483882904053,0.8095977902412415,P3,0.7837483882904053,0.8095977902412415,P3,1,1,1,1,1,final_tp
09002200121902181457353472K_1295443200_481920000,6883,8,MC,"[715.0003051757812, 693.000244140625, 799.0, 721.9999389648438]",2435.965515229851,medium,Q2,2.8965716823360292,"[2,4)",0.9475553035736084,0.819677472114563,MC,P3,1,1,1,1,0.8515218496322632,0.8515218496322632,0.9268785119056702,0.8515218496322632,P3,0.9268785119056702,0.8515218496322632,P3,1,1,1,1,1,final_tp
09002200121902181457353472K_1295443200_481920000,6883,9,LC,"[899.9998168945312, 755.0003051757812, 1024.0, 840.0006103515625]",10540.053405817598,large,Q3,1.4588204459858758,"[1,2)",0.9695979952812195,0.010162383317947388,LC,P4,1,1,1,1,0.08926067501306534,0.08926067501306534,0.894467294216156,0.08926067501306534,P4,0.894467294216156,0.08926067501306534,P4,1,1,0,0,1,final_tp
09002200121902181457353472K_1295443200_481920000,6883,10,TC,"[475.9997253417969, 649.9999389648438, 726.9995727539062, 669.000244140625]",4769.073699904606,medium,Q2,13.210306102453895,"[8,16)",0.8991594314575195,0.27502956986427307,TC,P5,1,1,1,1,0.27502956986427307,0.27502956986427307,0.8991594314575195,0.27502956986427307,P5,0.8991594314575195,0.27502956986427307,P5,1,1,1,1,1,final_tp
09002200121902181458093692K_1295415000_481917800,6884,0,TC,"[355.999755859375, 651.9998168945312, 711.99951171875, 689.9994506835938]",13527.860351651907,large,Q3,9.368504913377429,"[8,16)",0.8775243163108826,0.00035574930370785296,TC,P3,1,1,1,1,0.8304462432861328,0.8304462432861328,0.7730735540390015,0.8304462432861328,P5,0.7730735540390015,0.8304462432861328,P5,1,1,1,1,1,final_tp
09002200121902181458093692K_1295415000_481917800,6884,1,MC,"[14.000128746032715, 632.0000610351562, 70.0006332397461, 648.0]",896.0046386411414,small,Q1,3.5000448228638565,"[2,4)",0.9604045152664185,0.2095375955104828,MC,P3,1,1,1,1,0.21573613584041595,0.21573613584041595,0.9109840393066406,0.21573613584041595,P3,0.9109840393066406,0.21573613584041595,P3,1,1,0,0,1,final_tp
09002200121902181458093692K_1295415000_481917800,6884,2,AC,"[63.00056076049805, 798.99951171875, 302.0001220703125, 983.99951171875]",44214.91813659668,large,Q4,1.2918894999736064,"[1,2)",0.8388790488243103,0.007732145953923464,AC,P5,1,1,1,1,0.019347386434674263,0.007732145953923464,0.5905712842941284,0.019347386434674263,P5,0.8388790488243103,0.007732145953923464,P5,1,1,0,0,1,final_tp
09002200121902181506372218K_1294735000_481105100,6885,0,TP,"[400.0, 642.9998779296875, 869.0001831054688, 673.0]",14070.062744162977,large,Q3,15.63327582488678,"[8,16)",0.9030946493148804,0.02640433982014656,TP,P4,1,1,1,1,0.6072333455085754,0.5054202079772949,0.7076455950737,0.6072333455085754,P5,0.8305204510688782,0.046234697103500366,P4,1,1,1,1,1,final_tp
09002200121902181507316672K_1295354200_481912700,6886,0,TC,"[342.0000915527344, 719.0000610351562, 791.0006103515625, 752.9999389648438]",15265.962829526514,large,Q3,13.205945025078359,"[8,16)",0.9722681045532227,0.004135487601161003,TC,P4,1,1,1,1,0.8278892040252686,0.015453137457370758,0.5903937816619873,0.8278892040252686,P5,0.7877978086471558,0.004434511996805668,P4,1,1,1,1,1,final_tp
09002200121902181507316672K_1295354200_481912700,6886,1,TC,"[803.9998168945312, 704.9999389648438, 896.0, 724.0003051757812]",1748.0371704772115,medium,Q2,4.842021573905725,"[4,8)",0.8997326493263245,0.3596876263618469,TC,P3,1,1,1,1,0.39995262026786804,0.39995262026786804,0.898562490940094,0.39995262026786804,P3,0.898562490940094,0.39995262026786804,P3,1,1,1,1,1,final_tp
09002200121902181513325698K_1294739600_481122700,6887,0,MC,"[110.99954986572266, 652.000244140625, 167.00006103515625, 666.0004272460938]",784.0174103719182,small,Q1,3.999984196460879,"[2,4)",0.8061285614967346,0.009419376961886883,MC,P3,1,1,1,1,0.04307049140334129,0.009419376961886883,0.5622689127922058,0.04307049140334129,P3,0.8061285614967346,0.009419376961886883,P3,1,1,0,0,1,final_tp
09002200121902181513325698K_1294739600_481122700,6887,1,AC,"[1.00042724609375, 576.0, 666.0004272460938, 1009.9999389648438]",288609.9594116211,large,Q4,1.5322582800037408,"[1,2)",0.9626783728599548,0.008499625138938427,AC,P5,1,1,1,1,0.9346591830253601,0.9346591830253601,0.9613869786262512,0.9346591830253601,P5,0.9613869786262512,0.9346591830253601,P5,1,1,1,1,1,final_tp
09002200121902181514213008K_1294770900_481169300,6888,0,P,"[255.00059509277344, 620.000244140625, 309.0002136230469, 634.0004272460938]",756.0045470492914,small,Q1,3.8570651628963417,"[2,4)",0.812515139579773,0.0005660800961777568,MC,P3,1,1,1,0,0.003692909376695752,0.0008443397819064558,0.7486196756362915,0.003692909376695752,P3,0.7486196756362915,0.003692909376695752,P3,1,0,0,0,1,final_tp
09002200121902181514213008K_1294770900_481169300,6888,1,AC,"[1.0004913806915283, 577.9999389648438, 769.00048828125, 958.0001220703125]",291840.140625,large,Q4,2.021051657722076,"[2,4)",0.8499112725257874,0.00011848207941511646,LC,P5,1,1,1,1,0.9593407511711121,0.9593407511711121,0.7941040992736816,0.9593407511711121,P5,0.7941040992736816,0.9593407511711121,P5,1,1,1,1,1,final_tp
09002200121902181514213008K_1294770900_481169300,6888,2,P,"[480.0, 588.0003662109375, 512.0, 599.0001220703125]",351.9921875,small,Q1,2.9091554766396626,"[2,4)",0.7782534956932068,0.18037199974060059,P,P3,1,1,1,1,0.18060219287872314,0.18060219287872314,0.7517914772033691,0.18060219287872314,P3,0.7517914772033691,0.18060219287872314,P3,1,1,0,0,1,final_tp
09002200121902181514567952K_1295365500_481920900,6889,0,P,"[446.9996032714844, 721.9998779296875, 528.9994506835938, 753.9999389648438]",2624.0001220609993,medium,Q2,2.5624903440659637,"[2,4)",0.9314861297607422,0.04211897775530815,P,P4,1,1,1,1,0.9153800010681152,0.9153800010681152,0.8980890512466431,0.9153800010681152,P3,0.8980890512466431,0.9153800010681152,P3,1,1,1,1,1,final_tp
09002200121902181526201408K_1294760700_481190100,6890,0,P,"[227.99974060058594, 752.00048828125, 295.9994812011719, 779.0003051757812]",1835.9805450914428,medium,Q2,2.518525990980299,"[2,4)",0.9486126899719238,0.003679542103782296,P,P3,1,1,1,1,0.1642123907804489,0.1151205524802208,0.6496831178665161,0.1642123907804489,P3,0.9486126899719238,0.003679542103782296,P3,1,1,0,0,1,final_tp
09002200121902181526201408K_1294760700_481190100,6890,1,TC,"[684.9996948242188, 858.00048828125, 887.0001220703125, 905.0]",9493.92144754529,large,Q3,4.297926081761986,"[4,8)",0.7323641180992126,0.0005109266494400799,TC,P4,1,0,0,0,0.0005109266494400799,0.0,0.4632894992828369,0.0009660429786890745,P3,0.0,0.35501828789711,P5,0,0,0,0,0,final_localization_or_assignment
09002200121902181526201408K_1294760700_481190100,6890,2,P,"[443.00030517578125, 759.99951171875, 552.0, 791.99951171875]",3487.990234375,medium,Q2,3.406240463256836,"[2,4)",0.8584481477737427,0.00015778116357978433,MC,P3,1,1,1,1,0.007383684162050486,0.002761014038696885,0.7400516271591187,0.007383684162050486,P4,0.7400516271591187,0.007383684162050486,P4,1,0,0,0,1,final_tp
09002200121902181547507897F_1294003400_481850500,6891,0,TC,"[155.99972534179688, 661.0001831054688, 697.9998779296875, 700.9996948242188]",21679.740234315395,large,Q4,13.550168459087635,"[8,16)",0.9683486819267273,0.22030198574066162,TC,P5,1,1,1,1,0.7875751852989197,0.7875751852989197,0.8926606774330139,0.7875751852989197,P5,0.8926606774330139,0.7875751852989197,P5,1,1,1,1,1,final_tp
09002200121902181547507897F_1294003400_481850500,6891,1,LC,"[277.9996337890625, 641.0000610351562, 433.9999084472656, 895.9994506835938]",39779.97482283041,large,Q4,1.634608594165245,"[1,2)",0.9709293842315674,0.0037431756500154734,LC,P4,1,1,1,1,0.8150343298912048,0.8150343298912048,0.9504256844520569,0.8150343298912048,P4,0.9504256844520569,0.8150343298912048,P4,1,1,1,1,1,final_tp
09002200121902181551070908K_1294778500_480948100,6892,0,LP,"[0.9999451041221619, 663.0000610351562, 258.99981689453125, 776.9999389648438]",29411.95458985865,large,Q4,2.2631592473179305,"[2,4)",0.930763840675354,0.0019262755522504449,LP,P5,1,1,1,1,0.008542593568563461,0.005291104782372713,0.42395666241645813,0.8413865566253662,P4,0.88300621509552,0.005291104782372713,P5,1,1,0,0,1,final_tp
09002200121902181551070908K_1294778500_480948100,6892,1,LP,"[304.0, 597.9995727539062, 357.0002136230469, 629.9995727539062]",1696.0068359375,medium,Q2,1.6562566757202148,"[1,2)",0.9259936809539795,0.023302622139453888,LP,P3,1,1,1,1,0.08432099223136902,0.03261436149477959,0.7009477615356445,0.08432099223136902,P3,0.8033208847045898,0.013356913812458515,P4,1,1,0,0,1,final_tp
09002200121902181600251632K_1295323800_481996400,6893,0,TC,"[0.9999451041221619, 721.9998779296875, 372.000244140625, 871.99951171875]",55649.909911997616,large,Q4,2.4733414062697094,"[2,4)",0.9749028086662292,0.7963752150535583,TC,P5,1,1,1,1,0.9320970773696899,0.9320970773696899,0.9499115347862244,0.9320970773696899,P5,0.9499115347862244,0.9320970773696899,P5,1,1,1,1,1,final_tp
09002200121902181600251632K_1295323800_481996400,6893,1,TC,"[752.9999389648438, 840.9999389648438, 1021.9996337890625, 894.9996948242188]",14525.917846754193,large,Q3,4.981498352043331,"[4,8)",0.9510795474052429,0.3842180669307709,TC,P4,1,1,1,1,0.9196863174438477,0.9196863174438477,0.9398343563079834,0.9196863174438477,P4,0.9398343563079834,0.9196863174438477,P4,1,1,1,1,1,final_tp
09002200121902181600251632K_1295323800_481996400,6893,2,TC,"[0.9994263052940369, 931.0003051757812, 145.99989318847656, 974.0001220703125]",6234.993789586239,medium,Q3,3.372118383157632,"[2,4)",0.892259418964386,0.0009026423213072121,TC,P3,1,1,1,1,0.853784441947937,0.853784441947937,0.7814366817474365,0.853784441947937,P4,0.7814366817474365,0.853784441947937,P4,1,1,1,1,1,final_tp
09002200121902181600251632K_1295323800_481996400,6893,3,TC,"[0.9998840689659119, 612.0003662109375, 1023.9994506835938, 735.0000610351562]",125828.63525403664,large,Q4,8.317090332751595,"[8,16)",0.9582497477531433,0.4581339657306671,TC,P5,1,1,1,1,0.8110416531562805,0.8110416531562805,0.9304090738296509,0.8110416531562805,P5,0.9304090738296509,0.8110416531562805,P5,1,1,1,1,1,final_tp
09002200121902181600251632K_1295323800_481996400,6893,4,LC,"[841.9999389648438, 784.0, 875.9998168945312, 819.9998168945312]",1223.9893799051642,medium,Q1,1.0588219454487358,"[1,2)",0.5757824182510376,0.06726910918951035,LC,P3,1,0,1,0,0.06726910918951035,0.0,0.390427827835083,0.13314718008041382,P3,0.5757824182510376,0.06726910918951035,P3,1,0,0,0,1,final_tp
09002200121902181610547782K_1295303900_481895200,6894,0,AC,"[378.0003356933594, 577.00048828125, 766.0001220703125, 712.0004272460938]",52379.947479261085,large,Q4,2.8740737910851557,"[2,4)",0.9190170764923096,0.00017688657680992037,AC,P4,1,1,1,1,0.6300814151763916,0.5485546588897705,0.7316067814826965,0.6300814151763916,P5,0.7316067814826965,0.6300814151763916,P5,1,0,1,1,1,final_tp
09002200121902181610547782K_1295303900_481895200,6894,1,P,"[917.9996337890625, 612.0003662109375, 952.9999389648438, 621.0001831054688]",314.99633783474565,small,Q1,3.889001919255627,"[2,4)",0.8788872957229614,0.04990154504776001,MC,P3,1,1,1,1,0.12178700417280197,0.12178700417280197,0.8283198475837708,0.12178700417280197,P3,0.8283198475837708,0.12178700417280197,P3,1,1,0,0,1,final_tp
09002200121902181610547782K_1295303900_481895200,6894,2,LC,"[794.0004272460938, 710.0006713867188, 869.0001831054688, 757.000244140625]",3524.956482037902,medium,Q2,1.5957539923198896,"[1,2)",0.9440858960151672,0.010074680671095848,LC,P3,1,1,1,1,0.08640286326408386,0.08640286326408386,0.9010990262031555,0.08640286326408386,P4,0.9010990262031555,0.08640286326408386,P4,1,1,0,0,1,final_tp
09002200121902181616389802K_1295296500_481900700,6895,0,AC,"[0.9999451041221619, 592.9999389648438, 578.9998168945312, 982.9996337890625]",225419.77600101382,large,Q4,1.4820521287592403,"[1,2)",0.9460921287536621,8.843438263284042e-05,TP,P5,1,1,1,1,0.9611350297927856,0.9611350297927856,0.9160047173500061,0.9611350297927856,P5,0.9160047173500061,0.9611350297927856,P5,1,1,1,1,1,final_tp
09002200121902181617425922K_1295280000_481901500,6896,0,AC,"[0.9999634027481079, 579.999755859375, 468.000244140625, 985.9994506835938]",189601.9689940568,large,Q4,1.1502478465172126,"[1,2)",0.953236997127533,0.0002808962599374354,LC,P5,1,1,1,1,0.9720764756202698,0.9720764756202698,0.8685166835784912,0.9720764756202698,P5,0.8685166835784912,0.9720764756202698,P5,1,1,1,1,1,final_tp
09002200121902181617425922K_1295280000_481901500,6896,1,P,"[900.99951171875, 689.9998779296875, 966.0001220703125, 714.0004272460938]",1560.0503543391824,medium,Q2,2.708296776654587,"[2,4)",0.5442811846733093,3.9873761124908924e-05,MC,P3,1,0,0,0,0.00016272212087642401,0.0,0.3819314241409302,0.014087634161114693,P3,0.3819314241409302,0.014087634161114693,P3,0,0,0,0,0,classification_mismatch
09002200121902181620339712K_1295377600_481906100,6897,0,TC,"[1.000457763671875, 877.9996337890625, 193.00047302246094, 946.9998168945312]",13248.03620910924,large,Q3,2.782601532597552,"[2,4)",0.9484381675720215,0.009553197771310806,TC,P4,1,1,1,1,0.8976309299468994,0.8976309299468994,0.9377934336662292,0.8976309299468994,P4,0.9377934336662292,0.8976309299468994,P4,1,1,1,1,1,final_tp
09002200121902181620339712K_1295377600_481906100,6897,1,TC,"[684.000244140625, 812.0001831054688, 918.00048828125, 879.0006103515625]",15678.11633311212,large,Q3,3.4925186862038653,"[2,4)",0.9030536413192749,0.004143848083913326,TC,P5,1,1,1,1,0.8560010194778442,0.8560010194778442,0.8259343504905701,0.8560010194778442,P4,0.8259343504905701,0.8560010194778442,P4,1,1,1,1,1,final_tp
09002200121902181629173312K_1295377800_481858300,6898,0,TC,"[196.00022888183594, 619.9998168945312, 610.9998168945312, 657.9994506835938]",15769.831787265837,large,Q3,10.92114663676986,"[8,16)",0.8773290514945984,0.00045876044896431267,TC,P4,1,1,1,1,0.7493369579315186,0.014985334128141403,0.5636798739433289,0.7493369579315186,P4,0.7217181324958801,0.04837868735194206,P4,1,0,1,1,1,final_tp
09002200121902200946142212K_1295239400_481170000,6899,0,TC,"[48.99995803833008, 765.0001831054688, 488.0, 795.0003051757812]",13170.054504398257,large,Q3,14.633274807638315,"[8,16)",0.8962000608444214,0.006604352500289679,TC,P4,1,1,1,1,0.6297596096992493,0.6297596096992493,0.7815272212028503,0.6297596096992493,P5,0.7815272212028503,0.6297596096992493,P5,1,1,1,1,1,final_tp
09002200121902200946142212K_1295239400_481170000,6899,1,MC,"[808.00048828125, 900.9996948242188, 986.0003051757812, 991.9994506835938]",16197.939880415797,large,Q3,1.9560471917045623,"[1,2)",0.952221155166626,0.00014143293083179742,LC,P4,1,1,1,1,0.9493816494941711,0.9493816494941711,0.9125523567199707,0.9493816494941711,P3,0.9125523567199707,0.9493816494941711,P3,1,1,1,1,1,final_tp
09002200121902201007342732K_1295259300_481517100,6900,0,LC,"[295.0005798339844, 584.9999389648438, 411.0003356933594, 691.9996948242188]",12411.94555670023,large,Q3,1.0841123414508376,"[1,2)",0.9416009783744812,0.009738058783113956,LC,P4,1,1,1,1,0.6136155724525452,0.6136155724525452,0.9294365048408508,0.6136155724525452,P4,0.9294365048408508,0.6136155724525452,P4,1,1,1,1,1,final_tp
09002200121902201007342732K_1295259300_481517100,6900,1,AC,"[0.9998840689659119, 638.0001831054688, 1023.9994506835938, 997.0003051757812]",367256.9714965299,large,Q4,2.8495800136623495,"[2,4)",0.9346144795417786,0.004504093434661627,TC,P5,1,1,1,1,0.07476180046796799,0.024025650694966316,0.7371055483818054,0.07476180046796799,P5,0.7371055483818054,0.07476180046796799,P5,1,0,0,0,1,final_tp
09002200121902201007342732K_1295259300_481517100,6900,2,MC,"[228.00027465820312, 616.0, 276.0002746582031, 628.000244140625]",576.01171875,small,Q1,3.9999186214473177,"[2,4)",0.8213835954666138,0.7427815794944763,MC,P3,1,1,1,1,0.7427815794944763,0.7427815794944763,0.8213835954666138,0.7427815794944763,P3,0.8213835954666138,0.7427815794944763,P3,1,1,1,1,1,final_tp
09002200121902201007342732K_1295259300_481517100,6900,3,MC,"[266.0003967285156, 596.9996948242188, 309.0002136230469, 605.9995727539062]",386.9931030496955,small,Q1,4.777822236087187,"[4,8)",0.6642267107963562,0.057521525770425797,MC,P3,1,0,1,0,0.18161992728710175,0.0,0.648013174533844,0.18161992728710175,P3,0.648013174533844,0.18161992728710175,P3,1,0,0,0,1,final_tp
09002200121902201042109397F_1294254200_482289900,6901,0,MC,"[507.00030517578125, 676.9996948242188, 566.0, 692.9996948242188]",943.9951171875,small,Q1,3.687480926513672,"[2,4)",0.858227550983429,0.5979688167572021,MC,P3,1,1,1,1,0.7881221771240234,0.7881221771240234,0.8275098204612732,0.7881221771240234,P3,0.8275098204612732,0.7881221771240234,P3,1,1,1,1,1,final_tp
09002200121902201042109397F_1294254200_482289900,6901,1,TC,"[217.99990844726562, 710.000244140625, 955.0004272460938, 768.9999389648438]",43482.80389389396,large,Q4,12.491598312110575,"[8,16)",0.9490436911582947,0.9206727743148804,TC,P5,1,1,1,1,0.9486310482025146,0.9486310482025146,0.9266292452812195,0.9486310482025146,P5,0.9266292452812195,0.9486310482025146,P5,1,1,1,1,1,final_tp
09002200121902201100029017F_1294327200_482247200,6902,0,LC,"[242.9998016357422, 735.0006103515625, 312.0, 892.0001831054688]",10833.001663123257,large,Q3,2.2753495855923833,"[2,4)",0.9276825189590454,0.3859725296497345,LC,P4,1,1,1,1,0.7788829207420349,0.7788829207420349,0.9034890532493591,0.7788829207420349,P4,0.9034890532493591,0.7788829207420349,P4,1,1,1,1,1,final_tp
09002200121902201101168882Q_1295269800_482077900,6239,0,LC,"[473.0004577636719, 572.0003051757812, 528.0006103515625, 818.0]",13530.020751906559,large,Q3,4.472709315326163,"[4,8)",0.9358537197113037,0.001647616969421506,LC,P4,1,1,1,1,0.8241463303565979,0.8241463303565979,0.8786742091178894,0.8241463303565979,P4,0.8786742091178894,0.8241463303565979,P4,1,1,1,1,1,final_tp
09002200121902201101339642Q_1295256800_482077200,6240,0,TC,"[0.9999359250068665, 703.9999389648438, 38.999549865722656, 725.9996337890625]",835.9799271805678,small,Q1,1.7272791745158043,"[1,2)",0.7178134918212891,0.01773776113986969,TC,P3,1,0,1,0,0.09562110900878906,0.0,0.5120145082473755,0.09562110900878906,P3,0.7178134918212891,0.01773776113986969,P3,1,0,0,0,1,final_tp
09002200121902201101339642Q_1295256800_482077200,6240,1,MC,"[999.99951171875, 685.0001831054688, 1024.0, 704.0005493164062]",456.01806658506393,small,Q1,1.2631592472904125,"[1,2)",0.8617736101150513,0.22052684426307678,MC,P3,1,1,1,1,0.9023902416229248,0.9023902416229248,0.8061521053314209,0.9023902416229248,P3,0.8061521053314209,0.9023902416229248,P3,1,1,1,1,1,final_tp
09002200121902201101339642Q_1295256800_482077200,6240,2,LC,"[693.9996337890625, 686.9995727539062, 746.9998779296875, 824.9998168945312]",7314.04663091898,medium,Q3,2.603766197273929,"[2,4)",0.9115194082260132,0.005963962525129318,LC,P3,1,1,1,1,0.9360722899436951,0.9360722899436951,0.8762505054473877,0.9360722899436951,P4,0.8762505054473877,0.9360722899436951,P4,1,1,1,1,1,final_tp
09002200121902201101339642Q_1295256800_482077200,6240,3,LC,"[580.9996337890625, 584.0, 600.0, 628.000244140625]",836.020752042532,small,Q1,2.3157576886753057,"[2,4)",0.7887500524520874,0.009286104701459408,LC,P3,1,1,1,1,0.08858728408813477,0.009286104701459408,0.5557482838630676,0.08858728408813477,P3,0.7338168025016785,0.011196856386959553,P3,1,0,0,0,1,final_tp
09002200121902201101339642Q_1295256800_482077200,6240,4,LC,"[596.000244140625, 546.9998779296875, 616.0, 576.9999389648438]",599.9938964694738,small,Q1,1.500021362565461,"[1,2)",0.4415734112262726,4.7371820983244106e-05,LP,P3,0,0,0,0,0.0,0.0,0.22893689572811127,0.004453090950846672,P3,0.22893689572811127,0.004453090950846672,P3,0,0,0,0,0,raw_geometry_failure
09002200121902201101339642Q_1295256800_482077200,6240,5,LC,"[516.000244140625, 584.9999389648438, 528.0005493164062, 627.0003051757812]",504.0172120258212,small,Q1,3.4999415094627517,"[2,4)",0.47122955322265625,0.00044044919195584953,LC,P3,0,0,0,0,0.0,0.0,0.45786333084106445,0.000829716504085809,P4,0.0,0.9360722899436951,P4,0,0,0,0,0,raw_geometry_failure
09002200121902201103385438K_1294682400_480922000,6903,0,TC,"[200.0, 775.9995727539062, 568.0000610351562, 832.0]",20608.160644557327,large,Q4,6.57137952569506,"[4,8)",0.9039103984832764,0.0003048064827453345,TC,P4,1,1,1,1,0.6967969536781311,0.6967969536781311,0.7746793627738953,0.6967969536781311,P4,0.7896749377250671,0.005228471476584673,P5,1,1,1,1,1,final_tp
09002200121902201103385438K_1294682400_480922000,6903,1,MC,"[561.0004272460938, 794.0004272460938, 657.0004272460938, 833.00048828125]",3744.005859375,medium,Q2,2.4615346092269363,"[2,4)",0.9365204572677612,0.698128342628479,MC,P3,1,1,1,1,0.9044262766838074,0.9044262766838074,0.8924459218978882,0.9044262766838074,P3,0.8924459218978882,0.9044262766838074,P3,1,1,1,1,1,final_tp
09002200121902201121502577F_1294330000_482187800,6904,0,P,"[594.9998168945312, 810.0004272460938, 664.0, 846.0]",2483.977111738175,medium,Q2,1.9166945001585238,"[1,2)",0.8457177877426147,0.0017978461692109704,P,P3,1,1,1,1,0.9320962429046631,0.0017978461692109704,0.6668160557746887,0.9320962429046631,P3,0.8457177877426147,0.0017978461692109704,P3,1,1,1,1,1,final_tp
09002200121902201121502577F_1294330000_482187800,6904,1,P,"[817.9993286132812, 839.00048828125, 914.9999389648438, 916.0001831054688]",7469.017394833267,medium,Q3,1.2597531791912095,"[1,2)",0.8445379734039307,0.00023887830320745707,P,P3,1,1,1,0,0.2171202152967453,0.0008905465947464108,0.510503351688385,0.2171202152967453,P3,0.510503351688385,0.2171202152967453,P3,1,0,0,0,1,final_tp
09002200121902201121502577F_1294330000_482187800,6904,2,TC,"[666.999755859375, 809.0, 876.0003051757812, 844.0003051757812]",7315.083007980138,medium,Q3,5.971392199775043,"[4,8)",0.9470064043998718,0.28757092356681824,TC,P4,1,1,1,1,0.3258613049983978,0.3258613049983978,0.9124504923820496,0.3258613049983978,P4,0.9124504923820496,0.3258613049983978,P4,1,1,1,1,1,final_tp
09002200121902201121502577F_1294330000_482187800,6904,3,AC,"[0.9999451041221619, 664.9999389648438, 379.999755859375, 970.00048828125]",115595.15234364942,large,Q4,1.2426201124685794,"[1,2)",0.92367023229599,0.0007967849960550666,AC,P5,1,1,1,1,0.9223489761352539,0.9223489761352539,0.8928714990615845,0.9223489761352539,P5,0.8928714990615845,0.9223489761352539,P5,1,1,1,1,1,final_tp
09002200121902201121502577F_1294330000_482187800,6904,4,P,"[570.9998168945312, 685.0001831054688, 620.9996948242188, 704.0005493164062]",950.015991166234,small,Q1,2.631521801980071,"[2,4)",0.8189178109169006,0.01798400469124317,P,P3,1,1,1,1,0.46717700362205505,0.46717700362205505,0.800948441028595,0.46717700362205505,P3,0.800948441028595,0.46717700362205505,P3,1,1,1,1,1,final_tp
09002200121902201121502577F_1294330000_482187800,6904,5,P,"[611.0004272460938, 769.9999389648438, 682.0003662109375, 816.0]",3266.001525875181,medium,Q2,1.5434748860568024,"[1,2)",0.9577246308326721,0.11567027121782303,P,P3,1,1,1,1,0.9410672783851624,0.9410672783851624,0.8908054828643799,0.9410672783851624,P3,0.8908054828643799,0.9410672783851624,P3,1,1,1,1,1,final_tp
09002200121902201151041687F_1294233400_482015100,6905,0,TC,"[142.0001678466797, 665.0, 703.0006103515625, 693.000244140625]",15708.148925885558,large,Q3,20.03555484832896,"[16,inf)",0.7500470280647278,0.012590804137289524,TC,P5,1,1,1,1,0.03050837107002735,0.012590804137289524,0.3123684525489807,0.11267511546611786,P4,0.6810122132301331,0.017515119165182114,P5,1,0,0,0,1,final_tp
09002200121902201151041687F_1294233400_482015100,6905,1,LC,"[409.9998474121094, 560.0, 454.0000915527344, 876.9996337890625]",13948.061279207468,large,Q3,7.204497156332362,"[4,8)",0.8649365305900574,0.318043977022171,LC,P4,1,1,1,1,0.860609769821167,0.860609769821167,0.7576928734779358,0.860609769821167,P4,0.7576928734779358,0.860609769821167,P4,1,1,1,1,1,final_tp
09002200121902201202442722Q_1295244100_481848100,6906,0,TC,"[208.99942016601562, 764.0001831054688, 385.9998474121094, 820.0007934570312]",9912.131958268583,large,Q3,3.1606874663492874,"[2,4)",0.6301034092903137,8.809022256173193e-05,TC,P3,1,0,1,0,0.0024101233575493097,0.0,0.3030300736427307,0.06509272009134293,P4,0.4750899374485016,0.004998286720365286,P4,0,0,0,0,0,nms_or_maxdet_loss
09002200121902201202442722Q_1295244100_481848100,6906,1,LC,"[383.0005798339844, 576.9999389648438, 497.0004577636719, 891.9998168945312]",35909.94763185084,large,Q4,2.7631597827146113,"[2,4)",0.9591960310935974,0.35309353470802307,LC,P5,1,1,1,1,0.8874680399894714,0.8874680399894714,0.8111375570297241,0.8874680399894714,P4,0.8111375570297241,0.8874680399894714,P4,1,1,1,1,1,final_tp
09002200121902201202442722Q_1295244100_481848100,6906,2,LC,"[554.999755859375, 622.0006713867188, 590.0000610351562, 685.0001831054688]",2205.002136081457,medium,Q2,1.7999703546111658,"[1,2)",0.7819817066192627,0.01754828542470932,LC,P3,1,1,1,1,0.032433610409498215,0.032433610409498215,0.7703018188476562,0.032433610409498215,P3,0.7703018188476562,0.032433610409498215,P3,1,1,0,0,1,final_tp
09002200121902201202442722Q_1295244100_481848100,6906,3,P,"[47.99949264526367, 872.00048828125, 141.9996337890625, 926.0001220703125]",5075.972991893068,medium,Q2,1.7407550891232353,"[1,2)",0.879096269607544,2.7340647648088634e-05,LC,P3,1,1,1,0,0.03104216791689396,0.00033306374098174274,0.517486035823822,0.03104216791689396,P3,0.517486035823822,0.03104216791689396,P3,1,0,0,0,1,final_tp
09002200121902201202442722Q_1295244100_481848100,6906,4,AC,"[523.9996948242188, 725.0001831054688, 703.9994506835938, 895.0006103515625]",30600.035400286317,large,Q4,1.0588194322524034,"[1,2)",0.9130999445915222,0.0009694668697193265,AC,P4,1,1,1,1,0.31502577662467957,0.032955143600702286,0.35562023520469666,0.509212851524353,P5,0.7140408158302307,0.31502577662467957,P4,1,0,1,1,1,final_tp
09002200121902201202442722Q_1295244100_481848100,6906,5,TC,"[229.0001678466797, 715.0003051757812, 734.0001220703125, 749.0001831054688]",17169.936279304326,large,Q3,14.8529927080678,"[8,16)",0.43467265367507935,0.00728258304297924,TC,P3,0,0,0,0,0.0,0.0,0.4079449772834778,0.2630414366722107,P4,0.4079449772834778,0.2630414366722107,P4,0,0,0,0,0,raw_geometry_failure
09002200121902201345383602K_1295242900_481691600,6907,0,TC,"[192.9999237060547, 712.0, 891.9998168945312, 820.0001831054688]",75492.11480710655,large,Q4,6.472210118820554,"[4,8)",0.9315551519393921,0.022726714611053467,TC,P5,1,1,1,1,0.6489772200584412,0.6489772200584412,0.774610161781311,0.6489772200584412,P5,0.804591178894043,0.009813087992370129,P5,1,1,1,1,1,final_tp
09002200121902201345383602K_1295242900_481691600,6907,1,MC,"[10.999292373657227, 620.0003051757812, 75.99974822998047, 638.0001831054688]",1170.000305119902,medium,Q1,3.611161032179309,"[2,4)",0.894420862197876,0.0037812592927366495,MC,P3,1,1,1,1,0.16082125902175903,0.16082125902175903,0.7808327078819275,0.16082125902175903,P3,0.7808327078819275,0.16082125902175903,P3,1,1,0,0,1,final_tp
09002200121902201345383602K_1295242900_481691600,6907,2,MC,"[832.9999389648438, 656.9999389648438, 895.0001220703125, 676.0003051757812]",1178.0261841490865,medium,Q1,3.263104637940007,"[2,4)",0.9026699662208557,0.6483111381530762,MC,P3,1,1,1,1,0.8837636709213257,0.8837636709213257,0.8936172127723694,0.8837636709213257,P3,0.8936172127723694,0.8837636709213257,P3,1,1,1,1,1,final_tp
09002200121902201410179042Q_1295063500_481772800,6908,0,AC,"[162.9998016357422, 690.0004272460938, 616.0, 894.0006103515625]",92412.1203003265,large,Q4,2.220587139724606,"[2,4)",0.929130494594574,0.0013536774786189198,AC,P5,1,1,1,1,0.5577449798583984,0.00760664651170373,0.5531849265098572,0.5577449798583984,P5,0.7988743185997009,0.00760664651170373,P5,1,1,1,1,1,final_tp
09002200121902201410179042Q_1295063500_481772800,6908,1,MC,"[706.9998168945312, 841.0, 836.0001831054688, 897.0004272460938]",7224.075622715056,medium,Q3,2.3035603932813884,"[2,4)",0.9567030668258667,0.7594225406646729,MC,P3,1,1,1,1,0.8821299076080322,0.8821299076080322,0.944782555103302,0.8821299076080322,P3,0.944782555103302,0.8821299076080322,P3,1,1,1,1,1,final_tp
09002200121902201412570032Q_1295084600_481789700,6909,0,AC,"[105.0005111694336, 537.9999389648438, 1024.0, 998.99951171875]",423658.3822633922,large,Q4,1.9934931961625402,"[1,2)",0.9369078874588013,0.09015423059463501,AC,P5,1,1,1,1,0.9625696539878845,0.9625696539878845,0.9280315041542053,0.9625696539878845,P5,0.9280315041542053,0.9625696539878845,P5,1,1,1,1,1,final_tp
09002200121902201432235892Q_1294978100_481859100,6910,0,AC,"[0.9998840689659119, 573.9996337890625, 1023.9994506835938, 1023.9996337890625]",460349.8077392578,large,Q4,2.2733323838975696,"[2,4)",0.9505530595779419,0.005871542263776064,AC,P5,1,1,1,1,0.9567364454269409,0.9567364454269409,0.9407841563224792,0.9567364454269409,P5,0.9407841563224792,0.9567364454269409,P5,1,1,1,1,1,final_tp
09002200121902201432235892Q_1294978100_481859100,6910,1,MC,"[277.0002136230469, 604.9996948242188, 319.0005798339844, 615.0001220703125]",420.0216066017747,small,Q1,4.19985718383614,"[4,8)",0.7746232151985168,0.0032557998783886433,MC,P3,1,1,1,1,0.37576353549957275,0.0032557998783886433,0.6055906414985657,0.37576353549957275,P3,0.7746232151985168,0.0032557998783886433,P3,1,1,1,1,1,final_tp
09002200121902201432235892Q_1294978100_481859100,6910,2,AC,"[1.0004425048828125, 640.0, 268.0002136230469, 824.00048828125]",49128.08544909954,large,Q4,1.4510817789312507,"[1,2)",0.745261013507843,0.00018448861374054104,LC,P4,1,0,0,0,0.0006670903530903161,0.0,0.4105594754219055,0.0010302994633093476,P5,0.4105594754219055,0.0010302994633093476,P5,0,0,0,0,0,final_localization_or_assignment
09002200121902201439153758K_1294416100_481278900,6911,0,AC,"[565.9996337890625, 625.00048828125, 1024.0, 1024.0]",182741.92248517275,large,Q4,1.1478719967301025,"[1,2)",0.9536224007606506,0.0003663542738649994,TP,P5,1,1,1,1,0.7175573110580444,0.6779634952545166,0.6666035652160645,0.7175573110580444,P5,0.919269323348999,0.0012628549011424184,P5,1,1,1,1,1,final_tp
09002200121902201440091038K_1294437300_481216800,6912,0,AC,"[1.00042724609375, 640.0, 364.000244140625, 1024.0]",139391.9296875,large,Q4,1.0578517732739527,"[1,2)",0.9949511289596558,0.1408238559961319,AC,P5,1,1,1,1,0.8852600455284119,0.8852600455284119,0.9783843755722046,0.8852600455284119,P5,0.9783843755722046,0.8852600455284119,P5,1,1,1,1,1,final_tp
09002200121902201441131138K_1294415900_481180400,6913,0,AC,"[329.0004577636719, 738.0003662109375, 1024.0, 1024.0]",198769.60583513975,large,Q4,2.430071334396684,"[2,4)",0.8956792950630188,0.5760533809661865,AC,P5,1,1,1,1,0.7061421871185303,0.7061421871185303,0.8732042908668518,0.7061421871185303,P5,0.8732042908668518,0.7061421871185303,P5,1,1,1,1,1,final_tp
09002200121902201441346728K_1294427100_481156200,6914,0,AC,"[1.0004425048828125, 584.9999389648438, 492.00030517578125, 851.0001831054688]",130606.08740231395,large,Q4,1.845862508570154,"[1,2)",0.8718986511230469,0.0011408536229282618,AC,P5,1,1,1,1,0.7008323073387146,0.7008323073387146,0.8202218413352966,0.7008323073387146,P5,0.8202218413352966,0.7008323073387146,P5,1,1,1,1,1,final_tp
09002200121902201443044762K_1295376400_481704600,6915,0,AC,"[242.0004119873047, 605.000244140625, 721.0, 884.0001831054688]",133640.85156252608,large,Q4,1.716844722372015,"[1,2)",0.7775859832763672,0.00031372977537103,AC,P5,1,1,1,1,0.844511866569519,0.844511866569519,0.7570567727088928,0.844511866569519,P5,0.7570567727088928,0.844511866569519,P5,1,1,1,1,1,final_tp
09002200121902201443044762K_1295376400_481704600,6915,1,P,"[456.9994201660156, 608.0, 500.9996032714844, 618.999755859375]",483.99127192795277,small,Q1,4.000105426700699,"[4,8)",0.5848801136016846,0.031559981405735016,P,P3,1,0,1,0,0.07527338713407516,0.0,0.4276930093765259,0.6236419677734375,P3,0.46017327904701233,0.008777648210525513,P3,0,0,0,0,0,nms_or_maxdet_loss
09002200121902201443044762K_1295376400_481704600,6915,2,AC,"[0.9999298453330994, 830.0001220703125, 219.0003204345703, 990.0001220703125]",34880.0634765625,large,Q4,1.3625024795532226,"[1,2)",0.9737279415130615,0.02347506210207939,AC,P4,1,1,1,1,0.9281404614448547,0.9281404614448547,0.9603065252304077,0.9281404614448547,P5,0.9603065252304077,0.9281404614448547,P5,1,1,1,1,1,final_tp
09002200121902201503222077F_1294361600_482244200,6916,0,AC,"[86.99958801269531, 623.0001220703125, 635.9996948242188, 884.0001831054688]",143289.0653686598,large,Q4,2.103448251670574,"[2,4)",0.7808641195297241,0.0004979762015864253,AC,P5,1,1,1,0,0.04447394609451294,0.0004979762015864253,0.4500553607940674,0.2406918853521347,P5,0.6645087003707886,0.00235558720305562,P5,1,0,0,0,1,final_tp
09002200121902201519127662K_1295343100_481619000,6917,0,TC,"[246.0001220703125, 613.0001831054688, 585.9999389648438, 637.0006713867188]",8160.161621004343,medium,Q3,14.166370821719935,"[8,16)",0.7643254399299622,0.4712708592414856,TC,P4,1,1,1,1,0.6263093948364258,0.5552454590797424,0.7311990857124329,0.6263093948364258,P4,0.7311990857124329,0.6263093948364258,P4,1,0,1,1,1,final_tp
09002200121902201519127662K_1295343100_481619000,6917,1,TC,"[618.0004272460938, 661.0001831054688, 945.0006103515625, 700.0003051757812]",12753.04705812782,large,Q3,8.384593835781514,"[8,16)",0.8193832635879517,0.07621519267559052,TC,P4,1,1,1,1,0.14310172200202942,0.09574642032384872,0.7094584703445435,0.14310172200202942,P4,0.8193832635879517,0.07621519267559052,P4,1,1,0,0,1,final_tp
09002200121902201519127662K_1295343100_481619000,6917,2,LC,"[581.9995727539062, 633.0005493164062, 741.9996337890625, 898.0004272460938]",42399.996643058956,large,Q4,1.6562486052518444,"[1,2)",0.870841920375824,0.0004300277796573937,LC,P4,1,1,1,1,0.9585739374160767,0.01949378103017807,0.5015383362770081,0.9585739374160767,P5,0.8248709440231323,0.01949378103017807,P4,1,1,1,1,1,final_tp
09002200121902201519127662K_1295343100_481619000,6917,3,TC,"[820.0001831054688, 892.0001831054688, 1024.0, 963.9998168945312]",14687.912109442055,large,Q3,2.833345201340746,"[2,4)",0.95329350233078,0.8706673383712769,TC,P4,1,1,1,1,0.9217877984046936,0.9217877984046936,0.9522175192832947,0.9217877984046936,P4,0.9522175192832947,0.9217877984046936,P4,1,1,1,1,1,final_tp
09002200121902201519127662K_1295343100_481619000,6917,4,LC,"[136.9993896484375, 678.0006713867188, 404.9996643066406, 963.0004272460938]",76380.01284783334,large,Q4,1.0634308349976593,"[1,2)",0.9471858739852905,0.1279589980840683,LC,P5,1,1,1,1,0.9187618494033813,0.9187618494033813,0.909891664981842,0.9187618494033813,P5,0.909891664981842,0.9187618494033813,P5,1,1,1,1,1,final_tp
09002200121902201519127662K_1295343100_481619000,6917,5,LC,"[0.9999298453330994, 560.9999389648438, 301.9996032714844, 658.9998779296875]",29497.94873048924,large,Q4,3.071427058894603,"[2,4)",0.9650776982307434,0.012226270511746407,LC,P4,1,1,1,1,0.8529840111732483,0.8529840111732483,0.9619306921958923,0.8529840111732483,P5,0.9619306921958923,0.8529840111732483,P5,1,1,1,1,1,final_tp
09002200121902201519127662K_1295343100_481619000,6917,6,LC,"[532.000244140625, 522.0004272460938, 562.0003662109375, 586.0004272460938]",1920.0078125,medium,Q2,2.1333246528130987,"[2,4)",0.8278125524520874,0.006642188876867294,LC,P3,1,1,1,1,0.0385814867913723,0.006642188876867294,0.6810457110404968,0.0385814867913723,P3,0.6810457110404968,0.0385814867913723,P3,1,0,0,0,1,final_tp
09002200121902201527566622K_1295442000_481646200,6918,0,TC,"[764.000244140625, 897.9999389648438, 1024.0, 922.00048828125]",6240.136962756515,medium,Q3,10.833075211392968,"[8,16)",0.8906534910202026,0.4997560977935791,TC,P4,1,1,1,1,0.5370956659317017,0.5370956659317017,0.7624127268791199,0.5370956659317017,P4,0.7624127268791199,0.5370956659317017,P4,1,1,1,1,1,final_tp
09002200121902201527566622K_1295442000_481646200,6918,1,TC,"[69.00020599365234, 765.0003051757812, 385.0004577636719, 873.9999389648438]",34443.91088858247,large,Q4,2.8990945488142903,"[2,4)",0.9693689942359924,0.04700051620602608,TC,P4,1,1,1,1,0.9353675246238708,0.9353675246238708,0.9359005093574524,0.9353675246238708,P5,0.9359005093574524,0.9353675246238708,P5,1,1,1,1,1,final_tp
09002200121902201558235052Q_1295038300_482072000,6919,0,AC,"[0.9999145865440369, 591.0000610351562, 898.9998168945312, 1012.9996948242188]",378955.61962895095,large,Q4,2.127963642685422,"[2,4)",0.9412983059883118,0.0014852257445454597,AC,P5,1,1,1,1,0.959880530834198,0.959880530834198,0.8887356519699097,0.959880530834198,P5,0.8887356519699097,0.959880530834198,P5,1,1,1,1,1,final_tp
09002200121902201623200162K_1295451000_481679500,6920,0,LC,"[568.0004272460938, 549.000244140625, 1024.0, 783.0005493164062]",106704.03918443993,large,Q4,1.9487135814261394,"[1,2)",0.9793021082878113,0.0002574132813606411,LC,P5,1,1,1,1,0.05240375176072121,0.05240375176072121,0.11751057207584381,0.16946138441562653,P4,0.9120121598243713,0.05240375176072121,P5,1,1,0,0,1,final_tp
09002200121902201623200162K_1295451000_481679500,6920,1,LC,"[505.9999084472656, 578.9998168945312, 660.0003051757812, 875.9998168945312]",45738.11782836914,large,Q4,1.928566460277214,"[1,2)",0.9585528373718262,0.0007860624464228749,LC,P4,1,1,1,1,0.9558287262916565,0.9558287262916565,0.9246152639389038,0.9558287262916565,P5,0.9246152639389038,0.9558287262916565,P5,1,1,1,1,1,final_tp
09002200121902201623200162K_1295451000_481679500,6920,2,P,"[470.0000915527344, 775.9995727539062, 496.00048828125, 789.9996337890625]",364.00714113749564,small,Q1,1.85716309830541,"[1,2)",0.796312689781189,0.5734602808952332,P,P3,1,1,1,1,0.6403359174728394,0.6403359174728394,0.7957510948181152,0.6403359174728394,P3,0.7957510948181152,0.6403359174728394,P3,1,1,1,1,1,final_tp
09002200121902201623200162K_1295451000_481679500,6920,3,LC,"[635.9996948242188, 770.0004272460938, 719.9994506835938, 889.0004272460938]",9995.970947265625,large,Q3,1.4166707841296506,"[1,2)",0.8651097416877747,0.3223850131034851,LC,P4,1,1,1,1,0.6561174988746643,0.6561174988746643,0.8326622843742371,0.6561174988746643,P4,0.8326622843742371,0.6561174988746643,P4,1,1,1,1,1,final_tp
09002200121902201624545932Q_1294969400_482116000,6241,0,LC,"[543.0000610351562, 565.9996337890625, 683.0003662109375, 817.9999389648438]",35280.11962899938,large,Q4,1.799998256142194,"[1,2)",0.9713650345802307,0.018216092139482498,LC,P4,1,1,1,1,0.9488502144813538,0.9488502144813538,0.9409231543540955,0.9488502144813538,P5,0.9409231543540955,0.9488502144813538,P5,1,1,1,1,1,final_tp
09002200121902201645557352Q_1295003900_482259200,6242,0,TC,"[429.99957275390625, 656.9994506835938, 626.9998168945312, 673.9998779296875]",3349.088317975402,medium,Q2,11.587958425332543,"[8,16)",0.9018568992614746,0.08457652479410172,TC,P5,1,1,1,1,0.4677627980709076,0.4677627980709076,0.8321572542190552,0.4677627980709076,P5,0.8321572542190552,0.4677627980709076,P5,1,1,1,1,1,final_tp
09002200121902210901080252K_1295494600_480828800,6921,0,P,"[499.9997253417969, 834.0004272460938, 542.9994506835938, 868.0001831054688]",1461.980163641274,medium,Q2,1.264706885533128,"[1,2)",0.8185956478118896,0.0880015417933464,P,P3,1,1,1,1,0.802993893623352,0.7281321287155151,0.7106478810310364,0.802993893623352,P3,0.7129275798797607,0.21733233332633972,P3,1,0,1,1,1,final_tp
09002200121902210901080252K_1295494600_480828800,6921,1,P,"[470.0001525878906, 818.9998168945312, 503.0006408691406, 856.0]",1221.0241089761257,medium,Q1,1.1212010801213288,"[1,2)",0.8561872243881226,0.021058393642306328,P,P3,1,1,1,1,0.49412989616394043,0.4368620216846466,0.633892297744751,0.49412989616394043,P3,0.7452276945114136,0.03519531339406967,P3,1,0,1,1,1,final_tp
09002200121902210901080252K_1295494600_480828800,6921,2,P,"[531.0003662109375, 774.0000610351562, 545.9999389648438, 786.9996948242188]",194.98895279318094,small,Q1,1.1538457926812091,"[1,2)",0.37967449426651,0.004487994592636824,P,P3,0,0,0,0,0.0,0.0,0.3347540497779846,0.00460632611066103,P3,0.3347540497779846,0.00460632611066103,P3,0,0,0,0,0,raw_geometry_failure
09002200121902210901080252K_1295494600_480828800,6921,3,P,"[481.9999084472656, 631.0000610351562, 488.9999084472656, 638.0001831054688]",49.0008544921875,small,Q1,1.0000174386160714,"[1,2)",0.40291067957878113,0.007864645682275295,P,P3,0,0,0,0,0.0,0.0,0.36682596802711487,0.030309364199638367,P3,0.40291067957878113,0.007864645682275295,P3,0,0,0,0,0,raw_geometry_failure
09002200121902210904001912K_1295557300_480880300,6922,0,TC,"[0.9994171261787415, 834.9998168945312, 273.9998474121094, 893.0001831054688]",15834.124756015837,large,Q3,4.706874198918632,"[4,8)",0.9907774329185486,0.6502378582954407,TC,P4,1,1,1,1,0.8945953249931335,0.8945953249931335,0.9425351023674011,0.8945953249931335,P4,0.9425351023674011,0.8945953249931335,P4,1,1,1,1,1,final_tp
09002200121902210904001912K_1295557300_480880300,6922,1,TC,"[688.00048828125, 827.0003051757812, 1024.0, 903.0006103515625]",25536.06542953849,large,Q4,4.421028454314968,"[4,8)",0.952887773513794,0.7811892628669739,TC,P5,1,1,1,1,0.8283784985542297,0.8283784985542297,0.9357656240463257,0.8283784985542297,P4,0.9357656240463257,0.8283784985542297,P4,1,1,1,1,1,final_tp
09002200121902211013400442K_1295349100_481295900,6923,0,TC,"[305.9998779296875, 632.0, 458.9998474121094, 655.0001831054688]",3519.027313226834,medium,Q2,6.652119627953879,"[4,8)",0.6262011528015137,0.012314431369304657,AC,P3,1,0,1,0,0.0543823204934597,0.0,0.4800786077976227,0.09600330144166946,P3,0.6262011528015137,0.012314431369304657,P3,1,0,0,0,1,final_tp
09002200121902211013400442K_1295349100_481295900,6923,1,MC,"[310.0000915527344, 580.000244140625, 344.0, 592.0005493164062]",408.0092773158103,small,Q1,2.8332536505724444,"[2,4)",0.6890480518341064,0.013717570342123508,MC,P3,1,0,1,0,0.04801430180668831,0.0,0.5376067757606506,0.04801430180668831,P3,0.5376067757606506,0.04801430180668831,P3,1,0,0,0,1,final_tp
09002200121902211013400442K_1295349100_481295900,6923,2,P,"[366.00067138671875, 736.0000610351562, 386.0003967285156, 746.9998168945312]",219.99209601432085,small,Q1,1.8181972034180447,"[1,2)",0.3991873860359192,0.018885565921664238,P,P3,0,0,0,0,0.0,0.0,0.3991873860359192,0.018885565921664238,P3,0.3991873860359192,0.018885565921664238,P3,0,0,0,0,0,raw_geometry_failure
09002200121902211355283957F_1294521900_482317100,6924,0,AC,"[622.9995727539062, 665.9999389648438, 1024.0, 991.99951171875]",130725.96795636043,large,Q4,1.2300642723504576,"[1,2)",0.838496744632721,0.0004946527187712491,LC,P5,1,1,1,1,0.009137925691902637,0.0069271414540708065,0.1077779084444046,0.3230736553668976,P4,0.8104237914085388,0.0025442044716328382,P5,1,1,0,0,1,final_tp
09002200121902211355283957F_1294521900_482317100,6924,1,TC,"[1.0004547834396362, 936.9999389648438, 119.00006103515625, 983.0001220703125]",5428.003356860951,medium,Q2,2.5651985558608774,"[2,4)",0.9245830178260803,0.008557748049497604,TC,P3,1,1,1,1,0.8603810667991638,0.8603810667991638,0.8785251379013062,0.8603810667991638,P4,0.8785251379013062,0.8603810667991638,P4,1,1,1,1,1,final_tp
09002200121902211355283957F_1294521900_482317100,6924,2,P,"[263.99951171875, 731.0003051757812, 305.9998779296875, 754.0004272460938]",966.013549849391,small,Q1,1.8260931869205008,"[1,2)",0.889983057975769,0.02050008811056614,P,P3,1,1,1,1,0.021181313320994377,0.021181313320994377,0.876167893409729,0.021181313320994377,P3,0.876167893409729,0.021181313320994377,P3,1,1,0,0,1,final_tp
09002200121902211355283957F_1294521900_482317100,6924,3,LC,"[239.0000762939453, 701.0001831054688, 322.99981689453125, 763.9996948242188]",5291.942642338574,medium,Q2,1.3333395499252072,"[1,2)",0.9046449065208435,0.0037266125436872244,LC,P3,1,1,1,1,0.15034712851047516,0.09325999021530151,0.7234159111976624,0.15034712851047516,P4,0.7234159111976624,0.15034712851047516,P4,1,0,0,0,1,final_tp
09002200121902211355283957F_1294521900_482317100,6924,4,TC,"[305.00048828125, 750.0001220703125, 362.00042724609375, 760.00048828125]",570.0202636495233,small,Q1,5.699785164117525,"[4,8)",0.23825755715370178,0.00262088724412024,TC,P3,0,0,0,0,0.0,0.0,0.1856963038444519,0.05236675217747688,P3,0.23825755715370178,0.00262088724412024,P3,0,0,0,0,0,raw_geometry_failure
09002200121902211355283957F_1294521900_482317100,6924,5,LC,"[359.00006103515625, 714.9998168945312, 387.00030517578125, 753.9999389648438]",1092.0129394829273,medium,Q1,1.3928493578285626,"[1,2)",0.5363680124282837,0.0010446924716234207,LC,P3,1,0,1,0,0.0010446924716234207,0.0,0.1559092402458191,0.00807807594537735,P4,0.4886070787906647,0.004340094048529863,P3,0,0,0,0,0,nms_or_maxdet_loss
09002200121902211445329982K_1295674600_481628700,6925,0,LC,"[0.9999237060546875, 624.9999389648438, 219.99974060058594, 694.0001831054688]",15111.040832474828,large,Q3,3.1738991596638657,"[2,4)",0.9126601219177246,0.1968272477388382,LC,P4,1,1,1,1,0.7729512453079224,0.7729512453079224,0.8829190135002136,0.7729512453079224,P4,0.8829190135002136,0.7729512453079224,P4,1,1,1,1,1,final_tp
09002200121902211445329982K_1295674600_481628700,6925,1,LC,"[600.9999389648438, 758.0006713867188, 689.9998779296875, 901.0001831054688]",12726.947814971209,large,Q3,1.606737188609049,"[1,2)",0.8756251335144043,0.0001880932686617598,LC,P3,1,1,1,1,0.8796080946922302,0.8796080946922302,0.8120349049568176,0.8796080946922302,P4,0.8120349049568176,0.8796080946922302,P4,1,1,1,1,1,final_tp
09002200121902211449195742K_1295725700_481628500,6926,0,TC,"[83.0002670288086, 739.9996948242188, 858.9998168945312, 824.9998168945312]",65960.05841059238,large,Q4,9.12939362736439,"[8,16)",0.9331549406051636,0.008774595335125923,TC,P5,1,1,1,1,0.9179770350456238,0.9179770350456238,0.8529544472694397,0.9179770350456238,P5,0.8529544472694397,0.9179770350456238,P5,1,1,1,1,1,final_tp
09002200121902211511293947N_1294958800_483232500,6495,0,TC,"[0.9999420046806335, 764.000244140625, 123.00032043457031, 824.00048828125]",7320.052673432976,medium,Q3,2.033331417515391,"[2,4)",0.9578063488006592,0.1187891960144043,TC,P4,1,1,1,1,0.20187722146511078,0.20187722146511078,0.8056383728981018,0.20187722146511078,P4,0.8056383728981018,0.20187722146511078,P4,1,1,0,0,1,final_tp
09002200121902211511293947N_1294958800_483232500,6495,1,LC,"[289.9993591308594, 675.999755859375, 418.99981689453125, 789.9996337890625]",14706.036437932402,large,Q3,1.1315841745307516,"[1,2)",0.9288290739059448,0.0024749471340328455,LC,P4,1,1,1,1,0.877208411693573,0.877208411693573,0.8498848676681519,0.877208411693573,P4,0.8498848676681519,0.877208411693573,P4,1,1,1,1,1,final_tp
09002200121902211511293947N_1294958800_483232500,6495,2,P,"[426.99981689453125, 760.0005493164062, 462.0000915527344, 771.0003051757812]",384.99447625130415,small,Q1,3.1819137720563755,"[2,4)",0.8188037872314453,0.5070440769195557,P,P3,1,1,1,1,0.6483752727508545,0.6483752727508545,0.7829150557518005,0.6483752727508545,P3,0.7829150557518005,0.6483752727508545,P3,1,1,1,1,1,final_tp
09002200121902211527093477F_1294623400_482245000,6927,0,AC,"[315.9997253417969, 604.9996948242188, 470.99957275390625, 796.9996948242188]",29759.970703125,large,Q4,1.2387108968534377,"[1,2)",0.7583345174789429,0.025833826512098312,AC,P4,1,1,1,1,0.025833826512098312,0.025833826512098312,0.16141025722026825,0.0789015144109726,P5,0.7583345174789429,0.025833826512098312,P4,1,1,0,0,1,final_tp
09002200121902211527093477F_1294623400_482245000,6927,1,AC,"[491.9997253417969, 593.9999389648438, 863.0, 938.0004272460938]",127624.27563489974,large,Q4,1.0784876396886927,"[1,2)",0.865731954574585,0.8079910278320312,AC,P5,1,1,1,1,0.8460701704025269,0.8460701704025269,0.8422447443008423,0.8460701704025269,P5,0.8422447443008423,0.8460701704025269,P5,1,1,1,1,1,final_tp
09002200121902211601452912K_1295609500_481370500,6928,0,AC,"[1.0004913806915283, 528.0, 897.00048828125, 990.99951171875]",414847.5625,large,Q4,1.9352072244609126,"[1,2)",0.9229866862297058,0.00010362648026784882,TP,P5,1,1,1,1,0.9645642638206482,0.9645642638206482,0.8871898055076599,0.9645642638206482,P5,0.8871898055076599,0.9645642638206482,P5,1,1,1,1,1,final_tp
09002200121902221039493232Q_1295156100_481693900,6929,0,AC,"[441.0004577636719, 579.999755859375, 788.0003051757812, 928.0]",120756.03161617368,large,Q4,1.0028829889579967,"[1,2)",0.9354682564735413,0.00026532894116826355,AC,P5,1,1,1,1,0.9589145183563232,0.9589145183563232,0.9261342287063599,0.9589145183563232,P5,0.9261342287063599,0.9589145183563232,P5,1,1,1,1,1,final_tp
09002200121902221135420278K_1294100700_481578600,6930,0,P,"[366.0001525878906, 612.0001831054688, 415.0005798339844, 635.0003662109375]",1127.018798906356,medium,Q1,2.1304363978929772,"[2,4)",0.8835588693618774,0.33681148290634155,P,P3,1,1,1,1,0.7424715161323547,0.7424715161323547,0.8441107869148254,0.7424715161323547,P3,0.8441107869148254,0.7424715161323547,P3,1,1,1,1,1,final_tp
09002200121902221135420278K_1294100700_481578600,6930,1,TC,"[342.9995422363281, 663.9999389648438, 621.9996337890625, 676.0001831054688]",3348.0692138895392,medium,Q2,23.249534616401846,"[16,inf)",0.8548986911773682,0.40951043367385864,TC,P5,1,1,1,1,0.40951043367385864,0.40951043367385864,0.8548986911773682,0.40951043367385864,P5,0.8548986911773682,0.40951043367385864,P5,1,1,1,1,1,final_tp
09002200121902221135420278K_1294100700_481578600,6930,2,TC,"[431.0005798339844, 593.00048828125, 538.0004272460938, 600.9999389648438]",855.9400025252253,small,Q1,13.375899376635664,"[8,16)",0.7162352204322815,0.42993366718292236,TC,P3,1,0,1,0,0.5797687768936157,0.0,0.6996020078659058,0.5797687768936157,P3,0.6996020078659058,0.5797687768936157,P3,1,0,1,1,1,final_tp
09002200121902221238214302Q_1295130200_481854800,6931,0,AC,"[0.9999451041221619, 657.0004272460938, 585.9999389648438, 1023.9999389648438]",214694.71435546875,large,Q4,1.594007570365147,"[1,2)",0.9719607830047607,0.00027253266307525337,TP,P5,1,1,1,1,0.9610834121704102,0.9610834121704102,0.8467913269996643,0.9610834121704102,P5,0.8467913269996643,0.9610834121704102,P5,1,1,1,1,1,final_tp
09002200121902221238366692Q_1295114400_481855800,6932,0,AC,"[0.9999451041221619, 586.9998168945312, 486.0000915527344, 1024.0]",211945.1554870885,large,Q4,1.1098397010759082,"[1,2)",0.9821842312812805,7.122151146177202e-05,TP,P5,1,1,1,1,0.9807931184768677,0.9807931184768677,0.97220379114151,0.9807931184768677,P5,0.97220379114151,0.9807931184768677,P5,1,1,1,1,1,final_tp
09002200121902221258535662Q_1294890200_481927100,6933,0,AC,"[34.00041580200195, 561.9999389648438, 1024.0, 1024.0]",457379.8630370833,large,Q4,2.142855934987791,"[2,4)",0.9763426780700684,0.38250672817230225,AC,P5,1,1,1,1,0.6917902231216431,0.6917902231216431,0.398184210062027,0.7903218865394592,P5,0.9627392292022705,0.6917902231216431,P5,1,1,1,1,1,final_tp
09002200121902221307252858K_1294021500_481728400,6934,0,AC,"[0.9998840689659119, 571.0004272460938, 1023.9994506835938, 1010.0004272460938]",449096.81243896484,large,Q4,2.330295154336916,"[2,4)",0.9758754372596741,0.0059542180970311165,AC,P5,1,1,1,1,0.9701846241950989,0.9701846241950989,0.9691264629364014,0.9701846241950989,P5,0.9691264629364014,0.9701846241950989,P5,1,1,1,1,1,final_tp
09002200121902221308173568K_1294036200_481693800,6935,0,AC,"[344.9994201660156, 587.9996948242188, 811.9998168945312, 909.0001831054688]",149907.35537739098,large,Q4,1.4548276833751896,"[1,2)",0.8023875951766968,0.0002689801331143826,LC,P5,1,1,1,0,0.8310423493385315,0.0002940073318313807,0.5966757535934448,0.8310423493385315,P5,0.5966757535934448,0.8310423493385315,P5,1,0,1,1,1,final_tp
09002200121902221317057892Q_1295094300_481915000,6936,0,TC,"[357.0002136230469, 739.9998779296875, 766.0001220703125, 764.9996337890625]",10224.897857688367,large,Q3,16.360156105040087,"[16,inf)",0.9388620853424072,0.43813592195510864,TC,P4,1,1,1,1,0.8493607640266418,0.8493607640266418,0.9313169717788696,0.8493607640266418,P4,0.9313169717788696,0.8493607640266418,P4,1,1,1,1,1,final_tp
09002200121902221317546132Q_1295092400_481915400,6937,0,TC,"[176.9999237060547, 874.9999389648438, 381.9996337890625, 914.9993286132812]",8199.863281426951,medium,Q3,5.12507095445182,"[4,8)",0.9721048474311829,0.11136993765830994,TC,P4,1,1,1,1,0.9244735240936279,0.9244735240936279,0.9660162329673767,0.9244735240936279,P4,0.9660162329673767,0.9244735240936279,P4,1,1,1,1,1,final_tp
09002200121902221317546132Q_1295092400_481915400,6937,1,TC,"[693.0003051757812, 871.99951171875, 1009.9999389648438, 913.9999389648438]",13314.120055995882,large,Q3,7.5475335508294155,"[4,8)",0.8768340349197388,0.5099195241928101,TC,P4,1,1,1,1,0.6208377480506897,0.6208377480506897,0.7525430917739868,0.6208377480506897,P5,0.7918111085891724,0.49519768357276917,P4,1,1,1,1,1,final_tp
09002200121902221317546132Q_1295092400_481915400,6937,2,TC,"[813.0003051757812, 870.0006103515625, 1024.0, 949.0001220703125]",16668.872863918543,large,Q3,2.670898721189683,"[2,4)",0.9882601499557495,0.8803034424781799,TC,P4,1,1,1,1,0.9499755501747131,0.9499755501747131,0.9682785272598267,0.9499755501747131,P4,0.9682785272598267,0.9499755501747131,P4,1,1,1,1,1,final_tp
09002200121902221340586942Q_1295189400_481997100,6938,0,AC,"[0.9998840689659119, 547.0004272460938, 1023.9994506835938, 1024.0]",487970.3591310419,large,Q4,2.144655113311165,"[2,4)",0.9876360893249512,0.8766166567802429,AC,P5,1,1,1,1,0.8972741365432739,0.8972741365432739,0.9745267033576965,0.8972741365432739,P5,0.9745267033576965,0.8972741365432739,P5,1,1,1,1,1,final_tp
09002200121902221409534072Q_1294968100_482153100,6243,0,LP,"[382.0001220703125, 602.0004272460938, 495.9999694824219, 823.0001220703125]",25193.931488083676,large,Q4,1.9385964090399612,"[1,2)",0.9323837161064148,0.5599313974380493,LP,P4,1,1,1,1,0.943602442741394,0.943602442741394,0.9212998151779175,0.943602442741394,P4,0.9212998151779175,0.943602442741394,P4,1,1,1,1,1,final_tp
09002200121902221417230942Q_1294972800_482353900,6939,0,AC,"[306.0003662109375, 654.9995727539062, 774.0000610351562, 924.9996337890625]",126359.94616697356,large,Q4,1.7333318112223735,"[1,2)",0.8798897862434387,0.00170321692712605,AC,P5,1,1,1,1,0.7212156653404236,0.7212156653404236,0.8121853470802307,0.7212156653404236,P5,0.8121853470802307,0.7212156653404236,P5,1,1,1,1,1,final_tp
09002200121902221512439482Q_1294946100_481997500,6940,0,AC,"[713.0005493164062, 632.9999389648438, 1024.0, 775.0]",44161.94097897038,large,Q4,2.190136035269709,"[2,4)",0.8523086309432983,0.0008355077588930726,AC,P5,1,1,1,1,0.18727228045463562,0.18727228045463562,0.8147882223129272,0.18727228045463562,P5,0.8147882223129272,0.18727228045463562,P5,1,1,0,0,1,final_tp
09002200121902221512439482Q_1294946100_481997500,6940,1,MC,"[842.9993286132812, 673.00048828125, 900.9996948242188, 691.0003662109375]",1043.9995116740465,medium,Q1,3.222264419653454,"[2,4)",0.852635383605957,0.7859399914741516,MC,P3,1,1,1,1,0.853184163570404,0.853184163570404,0.840019702911377,0.853184163570404,P3,0.840019702911377,0.853184163570404,P3,1,1,1,1,1,final_tp
09002200121902221512439482Q_1294946100_481997500,6940,2,P,"[523.0003662109375, 759.0000610351562, 571.0003051757812, 776.0005493164062]",816.0223998725414,small,Q1,2.8234447252778816,"[2,4)",0.9532243013381958,0.2714598774909973,MC,P3,1,1,1,1,0.8107351064682007,0.8107351064682007,0.8843164443969727,0.8107351064682007,P3,0.8843164443969727,0.8107351064682007,P3,1,1,1,1,1,final_tp
09002200121902221512439482Q_1294946100_481997500,6940,3,MC,"[489.9998474121094, 695.0000610351562, 559.0000610351562, 716.0003051757812]",1449.0213318392634,medium,Q2,3.2856862596928513,"[2,4)",0.9055562615394592,0.1051199808716774,MC,P3,1,1,1,1,0.7854698300361633,0.7854698300361633,0.8693214654922485,0.7854698300361633,P3,0.8693214654922485,0.7854698300361633,P3,1,1,1,1,1,final_tp
09002200121902221535429668K_1294346200_481407700,6941,0,TC,"[48.00000762939453, 774.0006713867188, 894.0, 835.0003051757812]",51605.690185546875,large,Q4,13.868935720589382,"[8,16)",0.9611653685569763,0.8254137635231018,TC,P5,1,1,1,1,0.8445224761962891,0.8445224761962891,0.9438565969467163,0.8445224761962891,P5,0.9438565969467163,0.8445224761962891,P5,1,1,1,1,1,final_tp
09002200121902221630288662Q_1294865400_482202600,6942,0,P,"[368.0, 692.999755859375, 392.00048828125, 712.99951171875]",480.0039061307907,small,Q1,1.200039062976843,"[1,2)",0.7394665479660034,0.01736529730260372,P,P4,1,0,1,0,0.6475984454154968,0.0,0.6176565289497375,0.6475984454154968,P3,0.7394665479660034,0.01736529730260372,P4,1,0,1,1,1,final_tp
09002200121902221630288662Q_1294865400_482202600,6942,1,LC,"[297.0004577636719, 765.9996948242188, 413.0002136230469, 927.9996337890625]",18791.953369155526,large,Q3,1.396554137245204,"[1,2)",0.9529544115066528,0.24777725338935852,LC,P4,1,1,1,1,0.7505922317504883,0.7505922317504883,0.9410809278488159,0.7505922317504883,P4,0.9410809278488159,0.7505922317504883,P4,1,1,1,1,1,final_tp
09002200121902221630288662Q_1294865400_482202600,6942,2,LC,"[662.0006713867188, 629.9995727539062, 709.000244140625, 665.9993896484375]",1691.9760132618248,medium,Q2,1.305550327980862,"[1,2)",0.8367710113525391,0.10467083752155304,LC,P3,1,1,1,1,0.10467083752155304,0.10467083752155304,0.8367710113525391,0.10467083752155304,P3,0.8367710113525391,0.10467083752155304,P3,1,1,0,0,1,final_tp
09002200121902221630288662Q_1294865400_482202600,6942,3,LC,"[901.0001831054688, 739.0003051757812, 990.0001220703125, 806.0006713867188]",5963.028503395617,medium,Q3,1.3283500374407644,"[1,2)",0.9067991375923157,0.032816942781209946,LC,P3,1,1,1,1,0.3244374990463257,0.26875004172325134,0.7296087145805359,0.3244374990463257,P4,0.837009608745575,0.15487533807754517,P3,1,1,1,1,1,final_tp
09002200121902221630288662Q_1294865400_482202600,6942,4,MC,"[412.00030517578125, 593.9998779296875, 433.0004577636719, 600.9999389648438]",147.00234986282885,small,Q1,2.999995640383995,"[2,4)",0.5677130222320557,0.03820055350661278,MC,P3,1,0,1,0,0.03820055350661278,0.0,0.3268146514892578,0.1559048742055893,P3,0.5677130222320557,0.03820055350661278,P3,1,0,0,0,1,final_tp
09002200121902221630288662Q_1294865400_482202600,6942,5,LC,"[744.0005493164062, 659.9998168945312, 833.00048828125, 716.9996337890625]",5072.980224620551,medium,Q2,1.5614074538085525,"[1,2)",0.8444972038269043,0.0016262400895357132,LC,P3,1,1,1,1,0.00715329684317112,0.004382311832159758,0.5354602932929993,0.00715329684317112,P3,0.8119342923164368,0.0038002661895006895,P3,1,1,0,0,1,final_tp
09002200121902231002405652Q_1295183500_481516800,6943,0,MC,"[126.99954986572266, 608.9999389648438, 151.00006103515625, 614.99951171875]",143.99281289195642,small,Q1,4.00037005198531,"[4,8)",0.5576704740524292,0.0441344752907753,MC,P3,1,0,1,0,0.0441344752907753,0.0,0.5576704740524292,0.0441344752907753,P3,0.5576704740524292,0.0441344752907753,P3,1,0,0,0,1,final_tp
09002200121902231002405652Q_1295183500_481516800,6943,1,AC,"[161.9998779296875, 826.0004272460938, 567.0000610351562, 926.0001220703125]",40499.89471429959,large,Q4,4.0500141907171345,"[4,8)",0.8103880882263184,0.17524318397045135,AC,P5,1,1,1,1,0.17524318397045135,0.17524318397045135,0.478511244058609,0.8001160621643066,P4,0.8103880882263184,0.17524318397045135,P5,1,1,0,0,1,final_tp
09002200121902231002405652Q_1295183500_481516800,6943,2,AC,"[0.99993896484375, 700.9996948242188, 152.0, 828.9996948242188]",19328.0078125,large,Q3,1.1796879768371582,"[1,2)",0.940661609172821,0.0013775993138551712,AC,P4,1,1,1,1,0.8365694284439087,0.8365694284439087,0.9017907381057739,0.8365694284439087,P4,0.9017907381057739,0.8365694284439087,P4,1,1,1,1,1,final_tp
09002200121902231002405652Q_1295183500_481516800,6943,3,AC,"[729.9999389648438, 902.0001831054688, 1023.99951171875, 1010.9998168945312]",32045.84576431662,large,Q4,2.6972528487834926,"[2,4)",0.9553927183151245,0.0017715751891955733,AC,P4,1,1,1,1,0.859326958656311,0.859326958656311,0.8492799997329712,0.859326958656311,P5,0.8492799997329712,0.859326958656311,P5,1,1,1,1,1,final_tp
09002200121902231002405652Q_1295183500_481516800,6943,4,MC,"[202.00039672851562, 599.9994506835938, 231.0000457763672, 606.9995727539062]",203.0010833311826,small,Q1,4.142734763274915,"[4,8)",0.7371572852134705,0.3323446810245514,MC,P3,1,0,1,0,0.3323446810245514,0.0,0.7371572852134705,0.3323446810245514,P3,0.7371572852134705,0.3323446810245514,P3,1,0,1,1,1,final_tp
09002200121902231002405652Q_1295183500_481516800,6943,5,MC,"[546.9998168945312, 659.9996948242188, 612.0003662109375, 677.0001831054688]",1105.0410769283772,medium,Q1,3.8234519056782608,"[2,4)",0.8863676190376282,0.021421002224087715,MC,P3,1,1,1,1,0.8944945931434631,0.8944945931434631,0.8209719657897949,0.8944945931434631,P3,0.8209719657897949,0.8944945931434631,P3,1,1,1,1,1,final_tp
09002200121902231026289602K_1295531800_481108400,6944,0,LC,"[654.9995727539062, 670.0000610351562, 1024.0, 915.0004272460938]",90405.23980728537,large,Q4,1.5061219415827165,"[1,2)",0.915861964225769,0.005959441419690847,LC,P5,1,1,1,1,0.6646960377693176,0.6051217317581177,0.72260981798172,0.6646960377693176,P5,0.8616926670074463,0.00671310955658555,P5,1,1,1,1,1,final_tp
09002200121902231056237912K_1295591400_481145100,6945,0,P,"[562.9998168945312, 851.9998168945312, 596.0003662109375, 869.9996337890625]",594.0038451142609,small,Q1,1.8333825010426945,"[1,2)",0.7959504723548889,0.3960571885108948,P,P3,1,1,1,1,0.3960571885108948,0.3960571885108948,0.7959504723548889,0.3960571885108948,P3,0.7959504723548889,0.3960571885108948,P3,1,1,1,1,1,final_tp
09002200121902231056237912K_1295591400_481145100,6945,1,LC,"[132.00022888183594, 676.0001831054688, 397.0002136230469, 980.0001831054688]",80560.0,large,Q4,1.1471698113207547,"[1,2)",0.8484416007995605,0.0025956465397030115,LC,P5,1,1,1,1,0.067991241812706,0.0027074378449469805,0.35952842235565186,0.0765458270907402,P4,0.8481801152229309,0.0010209097526967525,P5,1,1,0,0,1,final_tp
09002200121902231123084392K_1295585800_481247100,6946,0,AC,"[553.00048828125, 586.0004272460938, 1024.0, 1010.0]",199703.59173604846,large,Q4,1.1108490243506046,"[1,2)",0.9246995449066162,0.00045629398664459586,TC,P5,1,1,1,1,0.9471307396888733,0.9471307396888733,0.8995746970176697,0.9471307396888733,P5,0.8995746970176697,0.9471307396888733,P5,1,1,1,1,1,final_tp
09002200121902231123084392K_1295585800_481247100,6946,1,P,"[574.0000610351562, 760.0, 602.999755859375, 779.0004272460938]",551.0065916664898,small,Q1,1.5262654070150303,"[1,2)",0.694146990776062,0.19680525362491608,P,P3,1,0,1,0,0.6371403932571411,0.0,0.6387279033660889,0.6371403932571411,P3,0.6387279033660889,0.6371403932571411,P3,1,0,1,1,1,final_tp
09002200121902231150365852K_1295695600_481357300,6947,0,AC,"[4.999676704406738, 544.0, 1023.9994506835938, 1009.9999389648438]",474853.82403565943,large,Q4,2.186695041469203,"[2,4)",0.9713687300682068,0.0022251943591982126,AC,P5,1,1,1,1,0.965018093585968,0.965018093585968,0.9142510294914246,0.965018093585968,P5,0.9142510294914246,0.965018093585968,P5,1,1,1,1,1,final_tp
09002200121902231150550982K_1295723500_481358500,6948,0,AC,"[0.9998840689659119, 552.0, 962.0004272460938, 1012.0001831054688]",442060.4286500029,large,Q4,2.089130797358983,"[2,4)",0.9413741230964661,0.48298993706703186,AC,P5,1,1,1,1,0.9586734175682068,0.9586734175682068,0.8942646384239197,0.9586734175682068,P5,0.8942646384239197,0.9586734175682068,P5,1,1,1,1,1,final_tp
09002200121902231151025142K_1295735800_481359000,6949,0,AC,"[1.00042724609375, 552.9999389648438, 723.0004272460938, 1004.9996948242188]",326343.82373046875,large,Q4,1.5973459955244462,"[1,2)",0.9095460176467896,0.8931231498718262,AC,P5,1,1,1,1,0.9398566484451294,0.9398566484451294,0.9078903198242188,0.9398566484451294,P5,0.9078903198242188,0.9398566484451294,P5,1,1,1,1,1,final_tp
09002200121902231215024312Q_1295000900_482356700,6950,0,LC,"[22.999526977539062, 874.9998168945312, 230.99954223632812, 1017.9994506835938]",29743.926010126248,large,Q4,1.4545492862282994,"[1,2)",0.9107694625854492,0.0014286593068391085,LC,P5,1,1,1,1,0.8990646600723267,0.8990646600723267,0.9045699834823608,0.8990646600723267,P5,0.9045699834823608,0.8990646600723267,P5,1,1,1,1,1,final_tp
09002200121902231215024312Q_1295000900_482356700,6950,1,LC,"[383.9999694824219, 682.999267578125, 508.0002136230469, 747.9998168945312]",8060.08398450911,medium,Q3,1.9076799418574626,"[1,2)",0.8489295840263367,0.0007230389164760709,TC,P3,1,1,1,1,0.7636817693710327,0.7636817693710327,0.7626385688781738,0.7636817693710327,P4,0.7626385688781738,0.7636817693710327,P4,1,1,1,1,1,final_tp
09002200121902231215024312Q_1295000900_482356700,6950,2,LC,"[243.0002899169922, 784.00048828125, 328.9999694824219, 847.0001220703125]",5417.948318598792,medium,Q2,1.3650822138645555,"[1,2)",0.7548574209213257,0.00017790214042179286,LC,P3,1,1,0,0,0.00017790214042179286,0.00017790214042179286,0.3424605429172516,0.0005407935241237283,P4,0.011914911679923534,0.0010007246164605021,P5,0,0,0,0,0,confidence_filter_loss
09002200121902231238146848K_1294534100_481541300,6951,0,MC,"[442.9998474121094, 609.9994506835938, 489.9993591308594, 621.9996337890625]",564.0027464926243,small,Q1,3.9165662145047837,"[2,4)",0.9277704954147339,0.7307083606719971,MC,P3,1,1,1,1,0.7381737232208252,0.7381737232208252,0.9004516005516052,0.7381737232208252,P3,0.9004516005516052,0.7381737232208252,P3,1,1,1,1,1,final_tp
09002200121902231238146848K_1294534100_481541300,6951,1,P,"[544.9999389648438, 839.0001220703125, 582.99951171875, 860.0003051757812]",797.9979857616127,small,Q1,1.8094876869911964,"[1,2)",0.8006142377853394,0.8813692331314087,P,P3,1,1,1,1,0.8813692331314087,0.8813692331314087,0.8006142377853394,0.8813692331314087,P3,0.8006142377853394,0.8813692331314087,P3,1,1,1,1,1,final_tp
09002200121902231238146848K_1294534100_481541300,6951,2,LP,"[580.9996948242188, 615.9999389648438, 959.0001220703125, 991.0]",141750.1832886003,large,Q4,1.008000975260258,"[1,2)",0.6870811581611633,0.0004215117951389402,LC,P5,1,0,0,0,0.000452868320280686,0.0,0.2572709321975708,0.0007606014260090888,P5,0.001085325377061963,0.0011788684641942382,P3,0,0,0,0,0,final_localization_or_assignment
09002200121902231243420132K_1295727600_481818600,6952,0,AC,"[1.0004425048828125, 855.0006103515625, 147.0003204345703, 978.0004272460938]",17957.958251975477,large,Q3,1.186992644508391,"[1,2)",0.9717592000961304,0.001340736635029316,TC,P4,1,1,1,1,0.9651489853858948,0.9651489853858948,0.9474097490310669,0.9651489853858948,P4,0.9474097490310669,0.9651489853858948,P4,1,1,1,1,1,final_tp
09002200121902231243420132K_1295727600_481818600,6952,1,TC,"[184.99998474121094, 728.9999389648438, 789.9996337890625, 782.9996337890625]",32669.795593373477,large,Q4,11.203760238987895,"[8,16)",0.9162954688072205,0.7720581293106079,TC,P5,1,1,1,1,0.8512995839118958,0.8512995839118958,0.9014816284179688,0.8512995839118958,P5,0.9014816284179688,0.8512995839118958,P5,1,1,1,1,1,final_tp
09002200121902231243420132K_1295727600_481818600,6952,2,MC,"[786.9993286132812, 750.9996337890625, 892.9996948242188, 792.9999389648438]",4452.047729603946,medium,Q2,2.523799904960233,"[2,4)",0.9527496099472046,0.1466253101825714,MC,P3,1,1,1,1,0.916401743888855,0.916401743888855,0.9268710613250732,0.916401743888855,P3,0.9268710613250732,0.916401743888855,P3,1,1,1,1,1,final_tp
09002200121902231244283462K_1295733800_481764700,6953,0,TC,"[229.0001983642578, 648.9999389648438, 630.0006713867188, 677.99951171875]",11628.84283426404,large,Q3,13.827806764057762,"[8,16)",0.8790041208267212,0.16234229505062103,TC,P4,1,1,1,1,0.8333359360694885,0.27613699436187744,0.7337985038757324,0.8333359360694885,P5,0.7864735126495361,0.0012793609639629722,P4,1,1,1,1,1,final_tp
09002200121902231349129807F_1294784900_481982300,6954,0,LC,"[677.9996337890625, 694.0001220703125, 1022.0001220703125, 969.00048828125]",94600.26025408506,large,Q4,1.2509092006713414,"[1,2)",0.9782558679580688,0.0005989923956803977,LC,P5,1,1,1,1,0.7793666124343872,0.7793666124343872,0.9576115012168884,0.7793666124343872,P5,0.9576115012168884,0.7793666124343872,P5,1,1,1,1,1,final_tp
09002200121902231446387652K_1295822500_481702900,6955,0,TC,"[84.99969482421875, 629.0001831054688, 196.9996795654297, 671.9999389648438]",4815.972000125796,medium,Q2,2.6046655964162224,"[2,4)",0.8060731291770935,0.00029996444936841726,LC,P4,1,1,1,0,0.00155536865349859,0.00029996444936841726,0.4571026861667633,0.0030571247916668653,P3,0.4571026861667633,0.0030571247916668653,P3,0,0,0,0,0,confidence_filter_loss
09002200121902231446387652K_1295822500_481702900,6955,1,LC,"[0.9999298453330994, 664.0, 329.9999084472656, 875.9998168945312]",69747.9332885798,large,Q4,1.5518879888754695,"[1,2)",0.9471176266670227,0.0004631094343494624,LC,P4,1,1,1,0,0.9236974120140076,0.000601325009483844,0.6673693060874939,0.9236974120140076,P5,0.6673693060874939,0.9236974120140076,P5,1,0,1,1,1,final_tp
09002200121902231446387652K_1295822500_481702900,6955,2,AC,"[327.0001220703125, 603.9996948242188, 1024.0, 1017.9999389648438]",288558.11962887645,large,Q4,1.6835735915482575,"[1,2)",0.943577766418457,0.09442418813705444,AC,P5,1,1,1,1,0.182208850979805,0.182208850979805,0.44224995374679565,0.5581681132316589,P5,0.9382915496826172,0.182208850979805,P5,1,1,0,0,1,final_tp
09002200121902231446387652K_1295822500_481702900,6955,3,P,"[483.000244140625, 624.0, 586.999755859375, 648.9999389648438]",2599.9814453423023,medium,Q2,4.1599906249771115,"[4,8)",0.6410849094390869,0.00043018744327127934,AC,P3,1,0,0,0,0.000910227361600846,0.0,0.1550256609916687,0.03142482787370682,P3,0.4103827476501465,0.001264153397642076,P3,0,0,0,0,0,final_localization_or_assignment
09002200121902231446387652K_1295822500_481702900,6955,4,P,"[418.99981689453125, 688.00048828125, 498.99981689453125, 726.0000610351562]",3039.9658203125,medium,Q2,2.105286828304569,"[2,4)",0.9098846316337585,0.002839220454916358,AC,P4,1,1,1,1,0.4107969403266907,0.002839220454916358,0.6681004762649536,0.4107969403266907,P3,0.6681004762649536,0.4107969403266907,P3,1,0,1,1,1,final_tp
09002200121902231446387652K_1295822500_481702900,6955,5,P,"[587.0004272460938, 696.0, 681.9999389648438, 733.9995727539062]",3609.94085714221,medium,Q2,2.500015258960624,"[2,4)",0.969369649887085,0.0005099574336782098,P,P3,1,1,1,1,0.5629192590713501,0.5629192590713501,0.8995469808578491,0.5629192590713501,P3,0.8995469808578491,0.5629192590713501,P3,1,1,1,1,1,final_tp
09002200121902231450591112K_1295746300_481751000,6956,0,LC,"[480.9999694824219, 567.9994506835938, 511.99951171875, 698.9998168945312]",4060.951385330409,medium,Q2,4.225880666631883,"[4,8)",0.7837417125701904,0.0009704922558739781,AC,P3,1,1,1,1,0.5578888058662415,0.16043834388256073,0.7464823126792908,0.5578888058662415,P3,0.7464823126792908,0.5578888058662415,P3,1,0,1,1,1,final_tp
09002200121902231450591112K_1295746300_481751000,6956,1,LC,"[360.0, 736.9999389648438, 411.00030517578125, 880.9999389648438]",7344.0439453125,medium,Q3,2.823512516320823,"[2,4)",0.8872218728065491,0.0003375324886292219,LC,P3,1,1,1,1,0.8834877014160156,0.8834877014160156,0.8439863920211792,0.8834877014160156,P4,0.8439863920211792,0.8834877014160156,P4,1,1,1,1,1,final_tp
09002200121902231523136697F_1294593100_481903500,6957,0,LC,"[395.9998474121094, 756.000244140625, 464.9998474121094, 893.0001831054688]",9452.995788574219,large,Q3,1.9855063618093296,"[1,2)",0.9534755945205688,0.05120454356074333,LC,P4,1,1,1,1,0.8066641092300415,0.8066641092300415,0.933183491230011,0.8066641092300415,P4,0.933183491230011,0.8066641092300415,P4,1,1,1,1,1,final_tp
09002200121902231604479438K_1294497700_481725700,6958,0,AC,"[477.9996032714844, 684.9995727539062, 941.9996337890625, 979.9998168945312]",136880.122283943,large,Q4,1.5728801576733336,"[1,2)",0.9655542969703674,0.0014971151249483228,AC,P5,1,1,1,1,0.8805906772613525,0.1572660505771637,0.7262123823165894,0.8805906772613525,P5,0.7262123823165894,0.8805906772613525,P5,1,0,1,1,1,final_tp
09002200121902231636526782Q_1294971200_481726500,6959,0,LC,"[427.00030517578125, 622.0001831054688, 486.0000915527344, 725.9996337890625]",6135.945373652503,medium,Q3,1.762708936251652,"[1,2)",0.70733642578125,0.004773998633027077,LC,P3,1,0,1,0,0.097125343978405,0.0,0.35151931643486023,0.20968692004680634,P4,0.70733642578125,0.004773998633027077,P3,1,0,0,0,1,final_tp
09002200121902231636526782Q_1294971200_481726500,6959,1,LC,"[465.0, 802.9998168945312, 530.0004272460938, 911.9994506835938]",7085.022765956819,medium,Q3,1.6769064205745343,"[1,2)",0.8839775323867798,0.0030066061299294233,LC,P3,1,1,1,1,0.8224783539772034,0.8224783539772034,0.7698617577552795,0.8224783539772034,P4,0.7806107997894287,0.001966409618034959,P3,1,1,1,1,1,final_tp
09002200121902231636526782Q_1294971200_481726500,6959,2,P,"[127.00007629394531, 742.0001220703125, 157.99961853027344, 754.0004272460938]",372.00396714545786,small,Q1,2.583229491437494,"[2,4)",0.740774929523468,0.16543853282928467,P,P3,1,0,1,0,0.16543853282928467,0.0,0.740774929523468,0.16543853282928467,P3,0.740774929523468,0.16543853282928467,P3,1,0,0,0,1,final_tp
09002200121902231636526782Q_1294971200_481726500,6959,3,P,"[220.9996795654297, 688.0000610351562, 273.9998779296875, 705.00048828125]",901.0260163201019,small,Q1,3.1175803758953093,"[2,4)",0.9147813320159912,0.120017871260643,MC,P3,1,1,1,1,0.12071008235216141,0.12071008235216141,0.8842746019363403,0.12071008235216141,P3,0.8842746019363403,0.12071008235216141,P3,1,1,0,0,1,final_tp
09002200121902231636526782Q_1294971200_481726500,6959,4,LC,"[1.0004425048828125, 684.000244140625, 325.0002136230469, 915.0004272460938]",74844.0029296428,large,Q4,1.402595233924317,"[1,2)",0.8426859974861145,0.0002075568918371573,LC,P4,1,1,1,1,0.9311827421188354,0.002039160579442978,0.7309287786483765,0.9311827421188354,P5,0.7309287786483765,0.9311827421188354,P5,1,0,1,1,1,final_tp
09002200121902231636526782Q_1294971200_481726500,6959,5,TC,"[110.0006332397461, 721.9999389648438, 724.0003051757812, 796.0001831054688]",45436.12731926143,large,Q4,8.29726579898055,"[8,16)",0.6962094306945801,0.0005991894286125898,TC,P4,1,0,1,0,0.7436580657958984,0.0,0.4755444824695587,0.7524388432502747,P5,0.6429020762443542,0.008419734425842762,P5,1,0,0,1,1,final_tp
09002200121902231636526782Q_1294971200_481726500,6959,6,LC,"[385.00048828125, 700.000244140625, 414.0000915527344, 764.000244140625]",1855.974609375,medium,Q2,2.206926743130031,"[2,4)",0.6745761036872864,0.007975082844495773,LC,P3,1,0,1,0,0.03670404478907585,0.0,0.23979182541370392,0.04688572511076927,P3,0.611100435256958,0.03670404478907585,P3,1,0,0,0,1,final_tp
09002200121902231713507682Q_1295023300_481678800,6960,0,AC,"[124.99967193603516, 806.0006103515625, 238.00015258789062, 842.0004272460938]",4067.996612460818,medium,Q2,3.1389182056929137,"[2,4)",0.9193190932273865,0.6059793829917908,AC,P4,1,1,1,1,0.6228502988815308,0.6228502988815308,0.9137239456176758,0.6228502988815308,P4,0.9137239456176758,0.6228502988815308,P4,1,1,1,1,1,final_tp
09002200121902231713507682Q_1295023300_481678800,6960,1,LC,"[506.99981689453125, 770.9998168945312, 602.9998168945312, 911.0001220703125]",13440.029296875,large,Q3,1.4583365122477214,"[1,2)",0.9517770409584045,0.038935475051403046,LC,P4,1,1,1,1,0.7956140637397766,0.7956140637397766,0.9102621078491211,0.7956140637397766,P4,0.9102621078491211,0.7956140637397766,P4,1,1,1,1,1,final_tp
09002200121902231713507682Q_1295023300_481678800,6960,2,AC,"[492.999755859375, 688.0000610351562, 624.9994506835938, 759.99951171875]",9503.905517745763,large,Q3,1.8333430820785004,"[1,2)",0.9662711024284363,0.011819461360573769,AC,P3,1,1,1,1,0.881862998008728,0.881862998008728,0.7652658820152283,0.881862998008728,P4,0.8293683528900146,0.019623642787337303,P3,1,1,1,1,1,final_tp
09002200121902240936476118O_1295936600_484612800,6684,0,TC,"[523.0004272460938, 750.9996337890625, 824.0, 807.9994506835938]",17156.920532304794,large,Q3,5.280711222473859,"[4,8)",0.7766700983047485,0.03862123563885689,TC,P4,1,1,1,1,0.706004798412323,0.03862123563885689,0.5066909790039062,0.706004798412323,P5,0.7766700983047485,0.03862123563885689,P4,1,1,1,1,1,final_tp
09002200121902240944490082G_1297315900_484019300,6685,0,MC,"[415.00006103515625, 630.9996337890625, 448.9999694824219, 639.9994506835938]",305.99295045621693,small,Q1,3.7778444656941534,"[2,4)",0.8387134075164795,0.6435143947601318,MC,P3,1,1,1,1,0.6913264393806458,0.6913264393806458,0.8237233757972717,0.6913264393806458,P3,0.8237233757972717,0.6913264393806458,P3,1,1,1,1,1,final_tp
09002200121902240944490082G_1297315900_484019300,6685,1,MC,"[62.999549865722656, 656.0000610351562, 104.99991607666016, 666.0004272460938]",420.01904310286045,small,Q1,4.199882816791377,"[4,8)",0.6261704564094543,0.15066878497600555,MC,P3,1,0,1,0,0.7296934127807617,0.0,0.5241667628288269,0.7296934127807617,P3,0.5241667628288269,0.7296934127807617,P3,1,0,1,1,1,final_tp
09002200121902240944490082G_1297315900_484019300,6685,2,MC,"[139.999755859375, 643.0004272460938, 184.99942016601562, 654.0001831054688]",494.98532112687826,small,Q1,4.09096937076906,"[4,8)",0.8569781184196472,0.20210203528404236,MC,P3,1,1,1,1,0.8216716647148132,0.8216716647148132,0.8131409883499146,0.8216716647148132,P3,0.8131409883499146,0.8216716647148132,P3,1,1,1,1,1,final_tp
09002200121902240944490082G_1297315900_484019300,6685,3,AC,"[59.99972152709961, 717.0001831054688, 534.99951171875, 761.0004272460938]",20900.10656733066,large,Q4,10.795389790539604,"[8,16)",0.9229078888893127,0.00725188385695219,TC,P4,1,1,1,1,0.074240542948246,0.017198320478200912,0.5624764561653137,0.074240542948246,P5,0.7954905033111572,0.010986678302288055,P4,1,1,0,0,1,final_tp
09002200121902240945059232G_1297330100_484021400,6686,0,AC,"[1.000457763671875, 641.9999389648438, 812.0001831054688, 809.9994506835938]",136247.56298840046,large,Q4,4.827393529673345,"[4,8)",0.7873600125312805,0.02795061096549034,AC,P5,1,1,1,1,0.8826932311058044,0.8826932311058044,0.7776663899421692,0.8826932311058044,P5,0.7776663899421692,0.8826932311058044,P5,1,1,1,1,1,final_tp
09002200121902240945059232G_1297330100_484021400,6686,1,MC,"[309.9996032714844, 634.0004272460938, 345.9993591308594, 641.9998779296875]",287.97827161848545,small,Q1,4.50027849202292,"[4,8)",0.798539936542511,0.630892813205719,MC,P3,1,1,1,1,0.6559229493141174,0.6559229493141174,0.7573172450065613,0.6559229493141174,P3,0.7573172450065613,0.6559229493141174,P3,1,1,1,1,1,final_tp
09002200121902240945583158O_1295937900_484594800,6687,0,TC,"[664.0006103515625, 685.0001831054688, 789.0001831054688, 708.0003662109375]",2875.0130614452064,medium,Q2,5.434720766383165,"[4,8)",0.9429660439491272,0.010359754785895348,TC,P3,1,1,1,1,0.2773963212966919,0.2773963212966919,0.8778359293937683,0.2773963212966919,P3,0.8778359293937683,0.2773963212966919,P3,1,1,1,1,1,final_tp
09002200121902240945583158O_1295937900_484594800,6687,1,LC,"[0.9999359250068665, 670.0001831054688, 130.99981689453125, 720.0]",6499.970092795789,medium,Q3,2.600007080104053,"[2,4)",0.9235466718673706,0.0002992486406583339,LC,P3,1,1,1,1,0.02538277581334114,0.02072882652282715,0.7293279767036438,0.02538277581334114,P4,0.7293279767036438,0.02538277581334114,P4,1,0,0,0,1,final_tp
09002200121902240945583158O_1295937900_484594800,6687,2,TC,"[183.99998474121094, 665.9993286132812, 580.000244140625, 714.9998168945312]",19404.205322384834,large,Q3,8.08155710342491,"[8,16)",0.8594645261764526,0.00011515189544297755,TC,P4,1,1,1,0,0.7426018714904785,0.00011515189544297755,0.5316345691680908,0.7426018714904785,P4,0.570780336856842,0.0011000371305271983,P3,1,0,1,1,1,final_tp
09002200121902240945583158O_1295937900_484594800,6687,3,MC,"[429.99957275390625, 599.0005493164062, 463.00006103515625, 605.000244140625]",197.99285873770714,small,Q1,5.500361143043164,"[4,8)",0.4954429864883423,0.5163713693618774,MC,P3,0,0,0,0,0.0,0.0,0.4954429864883423,0.5163713693618774,P3,0.4954429864883423,0.5163713693618774,P3,0,0,0,0,0,raw_geometry_failure
09002200121902240945583158O_1295937900_484594800,6687,4,MC,"[585.9999389648438, 708.0001831054688, 665.9999389648438, 734.0005493164062]",2080.029296875,medium,Q2,3.0768797389610083,"[2,4)",0.9443725347518921,0.5187156796455383,MC,P3,1,1,1,1,0.7624292373657227,0.7624292373657227,0.8992323279380798,0.7624292373657227,P3,0.8992323279380798,0.7624292373657227,P3,1,1,1,1,1,final_tp
09002200121902240948498202G_1297414700_484034100,6688,0,LC,"[501.9996032714844, 647.9994506835938, 526.0001220703125, 686.9995727539062]",936.0231629051268,small,Q1,1.6249699599083984,"[1,2)",0.7110098004341125,0.5018911361694336,LC,P3,1,0,1,0,0.6728242039680481,0.0,0.6474542021751404,0.6728242039680481,P3,0.6474542021751404,0.6728242039680481,P3,1,0,1,1,1,final_tp
09002200121902240948498202G_1297414700_484034100,6688,1,LC,"[549.0007934570312, 680.00048828125, 612.000244140625, 737.0004272460938]",3590.9648437835276,medium,Q2,1.1052547042629355,"[1,2)",0.9055126905441284,0.0009676209883764386,LC,P3,1,1,1,1,0.8288952708244324,0.8288952708244324,0.7795858979225159,0.8288952708244324,P3,0.7795858979225159,0.8288952708244324,P3,1,1,1,1,1,final_tp
09002200121902240950099818K_1294059900_481833800,6961,0,AC,"[0.9998840689659119, 590.9995727539062, 1023.9994506835938, 1006.9996337890625]",425567.88470456377,large,Q4,2.4591332275488593,"[2,4)",0.9700090289115906,0.0019502948271110654,AC,P5,1,1,1,1,0.9672832489013672,0.9672832489013672,0.8941263556480408,0.9672832489013672,P5,0.8941263556480408,0.9672832489013672,P5,1,1,1,1,1,final_tp
09002200121902240959021802G_1297620700_484142500,6689,0,LC,"[683.9996948242188, 630.99951171875, 1023.99951171875, 831.99951171875]",68339.96319580078,large,Q4,1.6915413775847326,"[1,2)",0.9602001905441284,0.22458480298519135,LC,P5,1,1,1,1,0.22458480298519135,0.22458480298519135,0.9602001905441284,0.22458480298519135,P5,0.9602001905441284,0.22458480298519135,P5,1,1,0,0,1,final_tp
09002200121902240959021802G_1297620700_484142500,6689,1,LC,"[554.9998168945312, 681.0004272460938, 668.0003051757812, 815.0]",15142.01715067029,large,Q3,1.1858318029599222,"[1,2)",0.8498799800872803,0.0007114330655895174,LC,P5,1,1,1,1,0.8597335815429688,0.7991886734962463,0.7359203100204468,0.8597335815429688,P4,0.7359203100204468,0.8597335815429688,P4,1,0,1,1,1,final_tp
09002200121902240959274162G_1297635600_484142700,6690,0,TC,"[91.0003433227539, 685.000244140625, 665.0004272460938, 729.9999389648438]",25829.827575664967,large,Q4,12.755643416635584,"[8,16)",0.7407267093658447,0.004772222600877285,TC,P5,1,0,1,0,0.3364562392234802,0.0,0.5176287889480591,0.3364562392234802,P5,0.7407267093658447,0.004772222600877285,P5,1,0,1,1,1,final_tp
09002200121902240959274162G_1297635600_484142700,6690,1,LC,"[703.0, 727.9999389648438, 765.0001831054688, 825.00048828125]",6014.051818948239,medium,Q3,1.564520368454368,"[1,2)",0.933404803276062,0.04632057994604111,LC,P3,1,1,1,1,0.6028591394424438,0.4029591381549835,0.6546772122383118,0.6028591394424438,P3,0.933404803276062,0.04632057994604111,P3,1,1,1,1,1,final_tp
09002200121902241003469672G_1297573100_484142600,6691,0,TC,"[158.0001678466797, 723.0003662109375, 873.0, 762.0004272460938]",27885.03649901226,large,Q4,18.333299946633446,"[16,inf)",0.7683883905410767,0.014166703447699547,TC,P4,1,1,1,1,0.5271025896072388,0.014166703447699547,0.5383145213127136,0.5271025896072388,P4,0.7346166968345642,0.1847338229417801,P5,1,0,1,1,1,final_tp
09002200121902241003469672G_1297573100_484142600,6691,1,TC,"[11.0003080368042, 746.9998168945312, 240.00051879882812, 810.9998168945312]",14656.013671875,large,Q3,3.5781283378601074,"[2,4)",0.9159560799598694,0.019316133111715317,TC,P4,1,1,1,1,0.5842755436897278,0.5842755436897278,0.8597436547279358,0.5842755436897278,P5,0.8597436547279358,0.5842755436897278,P5,1,1,1,1,1,final_tp
09002200121902241003469672G_1297573100_484142600,6691,2,MC,"[1.0004425048828125, 684.0003051757812, 47.00057601928711, 698.9998779296875]",689.9823493387084,small,Q1,3.0667629184587777,"[2,4)",0.9180901646614075,0.05834214389324188,MC,P3,1,1,1,1,0.2696625888347626,0.2125534862279892,0.7433452606201172,0.2696625888347626,P3,0.8780350089073181,0.025676550343632698,P3,1,1,1,1,1,final_tp
09002200121902241015141162G_1297502000_484109600,6692,0,MC,"[210.00039672851562, 650.9998779296875, 244.0002899169922, 658.9993286132812]",271.9804688086733,small,Q1,4.25027849202292,"[4,8)",0.7829424738883972,0.8621950149536133,MC,P3,1,1,1,1,0.8621950149536133,0.8621950149536133,0.7829424738883972,0.8621950149536133,P3,0.7829424738883972,0.8621950149536133,P3,1,1,1,1,1,final_tp
09002200121902241015141162G_1297502000_484109600,6692,1,P,"[709.000244140625, 739.0004272460938, 758.0006713867188, 764.0001831054688]",1224.9987181574106,medium,Q1,1.9600362308225667,"[1,2)",0.8352504372596741,0.03687933087348938,P,P3,1,1,1,1,0.4491984248161316,0.4491984248161316,0.7727552652359009,0.4491984248161316,P3,0.7727552652359009,0.4491984248161316,P3,1,1,1,1,1,final_tp
09002200121902241015141162G_1297502000_484109600,6692,2,AC,"[597.000732421875, 646.0001220703125, 795.0003051757812, 808.0]",32075.90661626309,large,Q4,1.2222205058687985,"[1,2)",0.8139593005180359,0.00035062857205048203,AC,P4,1,1,1,1,0.6674483418464661,0.0413074716925621,0.7063525319099426,0.6674483418464661,P5,0.7063525319099426,0.6674483418464661,P5,1,0,1,1,1,final_tp
09002200121902241015141162G_1297502000_484109600,6692,3,TC,"[177.99986267089844, 776.9999389648438, 423.00006103515625, 809.0]",7840.021301281638,medium,Q3,7.6562415957611165,"[4,8)",0.9014391303062439,0.008146151900291443,TC,P3,1,1,1,1,0.48516592383384705,0.48516592383384705,0.8225444555282593,0.48516592383384705,P4,0.8225444555282593,0.48516592383384705,P4,1,1,1,1,1,final_tp
09002200121902241019038588K_1294223000_481902400,6962,0,LC,"[1.0004425048828125, 613.99951171875, 197.0001983642578, 680.9999389648438]",13132.067382708192,large,Q3,2.9253508360396636,"[2,4)",0.942357063293457,0.2579750418663025,LC,P4,1,1,1,1,0.3564026951789856,0.3564026951789856,0.9084842205047607,0.3564026951789856,P4,0.9084842205047607,0.3564026951789856,P4,1,1,1,1,1,final_tp
09002200121902241019038588K_1294223000_481902400,6962,1,P,"[646.0006713867188, 855.0, 771.0003051757812, 911.9999389648438]",7124.971496604383,medium,Q3,2.1929783796112376,"[2,4)",0.8524569869041443,0.0036066381726413965,P,P3,1,1,1,1,0.3506890833377838,0.05781950801610947,0.5006693601608276,0.3506890833377838,P3,0.813062310218811,0.05781950801610947,P3,1,1,1,1,1,final_tp
09002200121902241019038588K_1294223000_481902400,6962,2,MC,"[765.9996948242188, 862.0006103515625, 895.9996337890625, 925.0001220703125]",8189.932678252459,medium,Q3,2.0635070878835555,"[2,4)",0.9634496569633484,0.00036610057577490807,MC,P3,1,1,1,1,0.6091647744178772,0.6091647744178772,0.8886905312538147,0.6091647744178772,P3,0.8886905312538147,0.6091647744178772,P3,1,1,1,1,1,final_tp
09002200121902241019038588K_1294223000_481902400,6962,3,P,"[574.0001831054688, 676.0003051757812, 631.0, 688.9999389648438]",740.976745672524,small,Q1,4.384724817593645,"[4,8)",0.7892894744873047,0.008279068395495415,P,P3,1,1,1,1,0.016828030347824097,0.008279068395495415,0.731283962726593,0.016828030347824097,P3,0.731283962726593,0.016828030347824097,P3,1,0,0,0,1,final_tp
09002200121902241019038588K_1294223000_481902400,6962,4,LC,"[495.9994201660156, 555.999755859375, 514.9998168945312, 685.9996948242188]",2470.050415014848,medium,Q2,6.84195918760691,"[4,8)",0.9215447902679443,0.04072358459234238,LC,P3,1,1,1,1,0.07382319122552872,0.057767026126384735,0.7393319010734558,0.07382319122552872,P3,0.7923043370246887,0.003947674762457609,P4,1,1,0,0,1,final_tp
09002200121902241019238852G_1297502700_484135500,6693,0,LC,"[679.0000610351562, 647.0, 835.0003051757812, 714.9998168945312]",10607.988037064672,large,Q3,2.2941274148220687,"[2,4)",0.9444286823272705,0.026909558102488518,LC,P4,1,1,1,1,0.5496710538864136,0.5496710538864136,0.8783782124519348,0.5496710538864136,P4,0.8783782124519348,0.5496710538864136,P4,1,1,1,1,1,final_tp
09002200121902241019238852G_1297502700_484135500,6693,1,AC,"[0.9999420046806335, 814.0001831054688, 123.00032043457031, 863.0006103515625]",5978.0708162030205,medium,Q3,2.4897819942876573,"[2,4)",0.9654861688613892,4.944272950524464e-05,TC,P4,1,1,1,1,0.020999327301979065,0.020999327301979065,0.8335580229759216,0.020999327301979065,P5,0.8335580229759216,0.020999327301979065,P5,1,1,0,0,1,final_tp
09002200121902241019556892G_1297523400_484138100,6694,0,LC,"[607.0, 625.9999389648438, 701.0001831054688, 778.999755859375]",14382.010803189129,large,Q3,1.6276544559797779,"[1,2)",0.9055888652801514,0.003694167360663414,LC,P4,1,1,1,1,0.9210050702095032,0.9210050702095032,0.8255821466445923,0.9210050702095032,P4,0.8255821466445923,0.9210050702095032,P4,1,1,1,1,1,final_tp
09002200121902241020094542G_1297534200_484139100,6695,0,LC,"[663.0, 682.9998779296875, 798.9996337890625, 818.9993286132812]",18495.875488482416,large,Q3,1.0000013463691788,"[1,2)",0.9370870590209961,0.0008271170663647354,LC,P4,1,1,1,1,0.9395238161087036,0.9395238161087036,0.8707934021949768,0.9395238161087036,P4,0.8707934021949768,0.9395238161087036,P4,1,1,1,1,1,final_tp
09002200121902241020094542G_1297534200_484139100,6695,1,TC,"[351.0000305175781, 665.9999389648438, 683.9996948242188, 674.999755859375]",2996.936004700139,medium,Q2,37.00071548222145,"[16,inf)",0.6139066219329834,0.013508876785635948,TC,P3,1,0,1,0,0.013508876785635948,0.0,0.12269817292690277,0.02131972275674343,P4,0.6139066219329834,0.013508876785635948,P3,1,0,0,0,1,final_tp
09002200121902241020094542G_1297534200_484139100,6695,2,TC,"[255.99998474121094, 659.0003662109375, 312.0004577636719, 666.999755859375]",447.9696042034775,small,Q1,7.000593230684714,"[4,8)",0.3562121093273163,0.0001157165679614991,TC,P4,0,0,0,0,0.0,0.0,0.2903202176094055,0.00012742313265334815,P4,0.026191841810941696,0.0016162091633304954,P5,0,0,0,0,0,raw_geometry_failure
09002200121902241022186698O_1295969100_484460200,6696,0,MC,"[240.99998474121094, 586.0004272460938, 278.0001525878906, 593.9998779296875]",295.9810179742053,small,Q1,4.625338577630605,"[4,8)",0.7150242328643799,0.5811763405799866,MC,P3,1,0,1,0,0.5811763405799866,0.0,0.7150242328643799,0.5811763405799866,P3,0.7150242328643799,0.5811763405799866,P3,1,0,1,1,1,final_tp
09002200121902241022186698O_1295969100_484460200,6696,1,LC,"[278.00067138671875, 558.0001220703125, 478.0000915527344, 796.0001831054688]",47599.87420650758,large,Q4,1.1900037551988751,"[1,2)",0.9545856714248657,0.00027955055702477694,LC,P4,1,1,1,1,0.8859238028526306,0.8859238028526306,0.9143401980400085,0.8859238028526306,P5,0.9143401980400085,0.8859238028526306,P5,1,1,1,1,1,final_tp
09002200121902241024129302B_1296551300_482569500,6697,0,TC,"[193.99937438964844, 681.0004272460938, 603.9996948242188, 729.0004272460938]",19680.0146484375,large,Q3,8.541673024495443,"[8,16)",0.9486381411552429,0.28078022599220276,TC,P4,1,1,1,1,0.830173134803772,0.830173134803772,0.9202402830123901,0.830173134803772,P5,0.9202402830123901,0.830173134803772,P5,1,1,1,1,1,final_tp
09002200121902241045329768O_1295852100_484453900,6698,0,MC,"[534.0001220703125, 593.9998779296875, 567.0006103515625, 600.9999389648438]",231.00543215870857,small,Q1,4.714314363190891,"[4,8)",0.554328978061676,0.16895073652267456,MC,P3,1,0,1,0,0.226413756608963,0.0,0.542192816734314,0.226413756608963,P3,0.542192816734314,0.226413756608963,P3,1,0,0,0,1,final_tp
09002200121902241045329768O_1295852100_484453900,6698,1,TC,"[328.0005187988281, 657.9999389648438, 833.00048828125, 693.000244140625]",17675.153045644984,large,Q3,14.428444750586369,"[8,16)",0.8400537967681885,0.13926903903484344,TC,P5,1,1,1,1,0.6478147506713867,0.516497015953064,0.7349148988723755,0.6478147506713867,P4,0.7349148988723755,0.6478147506713867,P4,1,0,1,1,1,final_tp
09002200121902241045329768O_1295852100_484453900,6698,2,MC,"[414.99957275390625, 609.9999389648438, 456.9999694824219, 620.0003051757812]",420.0193482898176,small,Q1,4.199885868437435,"[4,8)",0.734422504901886,0.028542498126626015,MC,P3,1,0,1,0,0.5307543277740479,0.0,0.6801846027374268,0.5307543277740479,P3,0.734422504901886,0.028542498126626015,P3,1,0,1,1,1,final_tp
09002200121902241049376252Q_1294732400_481554700,6963,0,TC,"[346.00042724609375, 746.0004272460938, 815.0006103515625, 782.0001220703125]",16883.86346429959,large,Q3,13.027893302860708,"[8,16)",0.9459742903709412,0.00024674824089743197,TC,P4,1,1,1,1,0.5544232130050659,0.5544232130050659,0.8026406168937683,0.5544232130050659,P5,0.8026406168937683,0.5544232130050659,P5,1,1,1,1,1,final_tp
09002200121902241049409878O_1295848500_484448900,6699,0,TC,"[404.00030517578125, 688.9999389648438, 854.0001220703125, 722.0004272460938]",14850.213683992624,large,Q3,13.63615632166901,"[8,16)",0.9497576355934143,0.370464026927948,TC,P4,1,1,1,1,0.45451730489730835,0.45451730489730835,0.930484414100647,0.45451730489730835,P4,0.930484414100647,0.45451730489730835,P4,1,1,1,1,1,final_tp
09002200121902241049409878O_1295848500_484448900,6699,1,LC,"[750.99951171875, 639.0006103515625, 1024.0, 753.0004272460938]",31122.005676180124,large,Q4,2.3947449716855314,"[2,4)",0.972292959690094,0.0004110062145628035,LC,P5,1,1,1,1,0.002105747116729617,0.002105747116729617,0.34138360619544983,0.025951547548174858,P4,0.8832431435585022,0.002105747116729617,P4,1,1,0,0,1,final_tp
09002200121902241049409878O_1295848500_484448900,6699,2,P,"[470.0005798339844, 733.000732421875, 485.0001525878906, 741.0001831054688]",119.98834251984954,small,Q1,1.8750753454445572,"[1,2)",0.7710044980049133,0.042334236204624176,P,P3,1,1,1,1,0.042334236204624176,0.042334236204624176,0.7710044980049133,0.042334236204624176,P3,0.7710044980049133,0.042334236204624176,P3,1,1,0,0,1,final_tp
09002200121902241052096422G_1297564600_484141800,6700,0,LC,"[685.0001831054688, 701.9995727539062, 818.0004272460938, 820.9996337890625]",15827.037170425057,large,Q3,1.1176485371829572,"[1,2)",0.9161314368247986,0.016740629449486732,LC,P4,1,1,1,1,0.01906214840710163,0.01703863963484764,0.15693862736225128,0.2218555361032486,P4,0.8682449460029602,0.01703863963484764,P4,1,1,0,0,1,final_tp
09002200121902241052096422G_1297564600_484141800,6700,1,TC,"[0.99993896484375, 784.0, 148.9996795654297, 837.9996337890625]",7991.9317933078855,medium,Q3,2.740754523979067,"[2,4)",0.9726239442825317,0.003741373075172305,TC,P4,1,1,1,1,0.8605042695999146,0.8605042695999146,0.9346699714660645,0.8605042695999146,P4,0.9346699714660645,0.8605042695999146,P4,1,1,1,1,1,final_tp
09002200121902241052096422G_1297564600_484141800,6700,2,TC,"[928.0006713867188, 796.0001831054688, 1023.0001831054688, 835.0004272460938]",3705.0041502714157,medium,Q2,2.435869667282231,"[2,4)",0.949772298336029,0.052687738090753555,TC,P3,1,1,1,1,0.7922152280807495,0.7922152280807495,0.9070579409599304,0.7922152280807495,P3,0.9070579409599304,0.7922152280807495,P3,1,1,1,1,1,final_tp
09002200121902241055469128O_1295791700_484398000,6701,0,TC,"[133.00021362304688, 693.000244140625, 684.9996948242188, 739.0003051757812]",25392.011230438948,large,Q4,11.999973463010754,"[8,16)",0.8640097379684448,0.020369647070765495,TC,P5,1,1,1,1,0.2574732303619385,0.2574732303619385,0.8618984818458557,0.2574732303619385,P5,0.8618984818458557,0.2574732303619385,P5,1,1,1,1,1,final_tp
09002200121902241056423758O_1295734800_484381100,6702,0,AC,"[185.99986267089844, 659.0004272460938, 671.0, 780.0001831054688]",58684.896362274885,large,Q4,4.008273559113425,"[4,8)",0.8954047560691833,0.004312606994062662,AC,P5,1,1,1,1,0.06200343370437622,0.015349125489592552,0.3623979985713959,0.8722427487373352,P4,0.8615840673446655,0.015349125489592552,P5,1,1,0,0,1,final_tp
09002200121902241059265028O_1295814700_484393200,6703,0,TC,"[0.9999420046806335, 804.9996948242188, 91.99974822998047, 848.9999389648438]",4004.0138244163245,medium,Q2,2.0681660077680677,"[2,4)",0.9215096235275269,0.019825035706162453,TC,P4,1,1,1,1,0.8195277452468872,0.8195277452468872,0.8509998321533203,0.8195277452468872,P3,0.8509998321533203,0.8195277452468872,P3,1,1,1,1,1,final_tp
09002200121902241059333582Q_1294998600_481505500,6964,0,TC,"[130.0004119873047, 843.9998168945312, 356.000244140625, 920.0]",17176.028625457548,large,Q3,2.9736748375946744,"[2,4)",0.9696289896965027,0.8058586120605469,TC,P4,1,1,1,1,0.9049868583679199,0.9049868583679199,0.9610428810119629,0.9049868583679199,P4,0.9610428810119629,0.9049868583679199,P4,1,1,1,1,1,final_tp
09002200121902241059333582Q_1294998600_481505500,6964,1,LC,"[261.0002136230469, 751.9994506835938, 314.0003967285156, 802.9998168945312]",2703.028747625649,medium,Q2,1.039211814406587,"[1,2)",0.788561999797821,0.005879429168999195,LC,P3,1,1,1,1,0.32324886322021484,0.005879429168999195,0.5537508726119995,0.32324886322021484,P3,0.7299612164497375,0.0061281947419047356,P3,1,0,1,1,1,final_tp
09002200121902241059333582Q_1294998600_481505500,6964,2,TC,"[263.0005798339844, 790.0001831054688, 870.0001220703125, 834.9998168945312]",27314.7557374835,large,Q4,13.488987811858278,"[8,16)",0.8500846028327942,0.014948025345802307,TC,P4,1,1,1,1,0.7146416306495667,0.6656985878944397,0.7236637473106384,0.7146416306495667,P5,0.8500846028327942,0.014948025345802307,P4,1,1,1,1,1,final_tp
09002200121902241101020348O_1295864700_484439200,6704,0,TC,"[417.00048828125, 672.9994506835938, 584.00048828125, 682.9998168945312]",1670.0611572265625,medium,Q2,16.69938845013,"[16,inf)",0.8803867697715759,0.6121174693107605,TC,P4,1,1,1,1,0.6121174693107605,0.6121174693107605,0.8803867697715759,0.6121174693107605,P4,0.8803867697715759,0.6121174693107605,P4,1,1,1,1,1,final_tp
09002200121902241103264308O_1295894400_484463500,6705,0,LC,"[769.9999389648438, 760.0, 816.9994506835938, 811.0004272460938]",2396.99517801404,medium,Q2,1.085126746662511,"[1,2)",0.8933627605438232,0.0016325784381479025,LC,P3,1,1,1,1,0.3480879068374634,0.3480879068374634,0.8055213093757629,0.3480879068374634,P3,0.8055213093757629,0.3480879068374634,P3,1,1,1,1,1,final_tp
09002200121902241103264308O_1295894400_484463500,6705,1,TC,"[317.9996032714844, 663.9995727539062, 674.9998168945312, 677.9996337890625]",4998.024780286476,medium,Q2,25.49990408802975,"[16,inf)",0.8788503408432007,0.21409936249256134,TC,P5,1,1,1,1,0.47320738434791565,0.47320738434791565,0.8066940307617188,0.47320738434791565,P4,0.8066940307617188,0.47320738434791565,P4,1,1,1,1,1,final_tp
09002200121902241104012948O_1295923100_484489300,6706,0,LC,"[310.0000915527344, 639.9999389648438, 450.0003967285156, 828.0001831054688]",26320.09155280888,large,Q4,1.3428559595250604,"[1,2)",0.9400794506072998,0.8521971702575684,LC,P4,1,1,1,1,0.8961817622184753,0.8961817622184753,0.9363738298416138,0.8961817622184753,P4,0.9363738298416138,0.8961817622184753,P4,1,1,1,1,1,final_tp
09002200121902241104527988O_1295944300_484526600,6707,0,AC,"[559.00048828125, 645.0001831054688, 755.0001831054688, 822.0006713867188]",34692.04168686271,large,Q4,1.1073398538470662,"[1,2)",0.9067981243133545,0.007787047419697046,AC,P5,1,1,1,1,0.890800416469574,0.016933875158429146,0.7232995629310608,0.890800416469574,P5,0.7232995629310608,0.890800416469574,P5,1,0,1,1,1,final_tp
09002200121902241115413882G_1297468000_484071000,6708,0,TC,"[390.0002136230469, 697.0004272460938, 801.0001220703125, 720.0005493164062]",9453.048065174371,large,Q3,17.86946639634428,"[16,inf)",0.6239743232727051,0.011215920560061932,TC,P5,1,0,1,0,0.529984176158905,0.0,0.506655752658844,0.529984176158905,P4,0.579504132270813,0.011013420298695564,P4,1,0,1,1,1,final_tp
09002200121902241144414472Q_1294953500_481558000,6965,0,LC,"[597.9996948242188, 595.000244140625, 1024.0, 925.0006713867188]",140580.28271497414,large,Q4,1.2909083443643445,"[1,2)",0.7468089461326599,0.0002617507125250995,AC,P5,1,0,1,0,0.28244179487228394,0.0,0.44920799136161804,0.5035483241081238,P5,0.6266505122184753,0.28244179487228394,P5,1,0,1,1,1,final_tp
09002200121902241146227948O_1295953400_484358400,6709,0,TP,"[206.0006561279297, 674.9998168945312, 621.0001831054688, 708.9996948242188]",14109.932739317417,large,Q3,12.205911814653517,"[8,16)",0.8407670259475708,0.008907913230359554,TP,P4,1,1,1,1,0.07262350618839264,0.008907913230359554,0.5951667428016663,0.07262350618839264,P4,0.8407670259475708,0.008907913230359554,P4,1,1,0,0,1,final_tp
09002200121902241146227948O_1295953400_484358400,6709,1,TP,"[424.00054931640625, 681.9999389648438, 613.0001831054688, 690.999755859375]",1700.962097235024,medium,Q2,21.000386563854246,"[16,inf)",0.6632670164108276,0.01527089811861515,TP,P3,1,0,1,0,0.01527089811861515,0.0,0.26243966817855835,0.22946186363697052,P3,0.6632670164108276,0.01527089811861515,P3,1,0,0,0,1,final_tp
09002200121902241146545102Q_1294838500_481558700,6966,0,LP,"[491.0003356933594, 803.0003051757812, 543.0000610351562, 909.0006713867188]",5511.989929098636,medium,Q2,2.0384793480002372,"[2,4)",0.8350102305412292,0.0024363535922020674,LC,P4,1,1,1,1,0.14662860333919525,0.03249889984726906,0.6614232063293457,0.14662860333919525,P4,0.7106290459632874,0.0013686722377315164,P3,1,0,0,0,1,final_tp
09002200121902241146545102Q_1294838500_481558700,6966,1,TP,"[188.9997100830078, 663.0001220703125, 387.999755859375, 688.0000610351562]",4974.988998410292,medium,Q2,7.960021264700353,"[4,8)",0.9429371356964111,0.01707564666867256,TP,P3,1,1,1,1,0.8376137614250183,0.8376137614250183,0.8402180671691895,0.8376137614250183,P4,0.8402180671691895,0.8376137614250183,P4,1,1,1,1,1,final_tp
09002200121902241146545102Q_1294838500_481558700,6966,2,LP,"[478.99957275390625, 578.0003662109375, 492.9996643066406, 598.0001220703125]",279.99841306358576,small,Q1,1.4285446480147355,"[1,2)",0.5056684017181396,0.0021987161599099636,LP,P3,1,0,1,0,0.0021987161599099636,0.0,0.47638046741485596,0.003947586752474308,P3,0.5056684017181396,0.0021987161599099636,P3,1,0,0,0,1,final_tp
09002200121902241148119968O_1295945300_484295100,6710,0,LP,"[314.99981689453125, 583.0000610351562, 407.00006103515625, 629.9995727539062]",4323.966552615166,medium,Q2,1.9574723390992677,"[1,2)",0.8863571286201477,0.0016335516702383757,LC,P4,1,1,1,1,0.011022013612091541,0.011022013612091541,0.8193776607513428,0.011022013612091541,P3,0.8193776607513428,0.011022013612091541,P3,1,1,0,0,1,final_tp
09002200121902241148119968O_1295945300_484295100,6710,1,TP,"[280.0000305175781, 713.0, 694.9995727539062, 741.000244140625]",11620.088500864804,large,Q3,14.821282991394119,"[8,16)",0.8532747030258179,0.3311748504638672,TP,P5,1,1,1,1,0.6259694695472717,0.6259694695472717,0.7965453863143921,0.6259694695472717,P4,0.7965453863143921,0.6259694695472717,P4,1,1,1,1,1,final_tp
09002200121902241150080668O_1295866400_484244300,6711,0,TC,"[477.9996643066406, 609.9999389648438, 738.999755859375, 617.9993896484375]",2087.8573607895523,medium,Q2,32.627251779678474,"[16,inf)",0.6519913077354431,0.003382913302630186,TC,P3,1,0,1,0,0.054013531655073166,0.0,0.27140405774116516,0.06011081114411354,P5,0.5717930793762207,0.0053123789839446545,P3,1,0,0,0,1,final_tp
09002200121902241150080668O_1295866400_484244300,6711,1,LC,"[365.00018310546875, 553.00048828125, 495.0, 800.0004272460938]",32109.946838390082,large,Q4,1.9000022066587572,"[1,2)",0.9355739951133728,0.00038823444629088044,LP,P4,1,1,1,1,0.002177482470870018,0.002177482470870018,0.8319199681282043,0.002177482470870018,P4,0.8319199681282043,0.002177482470870018,P4,1,1,0,0,1,final_tp
09002200121902241151142268O_1295785600_484244900,6712,0,LP,"[11.000323295593262, 610.0004272460938, 400.00048828125, 865.0]",99194.87271111645,large,Q4,1.5254933503881005,"[1,2)",0.9827324151992798,0.9431144595146179,LP,P5,1,1,1,1,0.9622649550437927,0.9622649550437927,0.9635170102119446,0.9622649550437927,P5,0.9635170102119446,0.9622649550437927,P5,1,1,1,1,1,final_tp
09002200121902241152470708O_1295764200_484258800,6713,0,LC,"[358.0000915527344, 695.9995727539062, 438.00006103515625, 805.9996337890625]",8800.001525877044,medium,Q3,1.3750012874608182,"[1,2)",0.9077780246734619,0.007840639911592007,LC,P3,1,1,1,1,0.23540394008159637,0.23540394008159637,0.8135150671005249,0.23540394008159637,P4,0.8135150671005249,0.23540394008159637,P4,1,1,0,0,1,final_tp
09002200121902241152470708O_1295764200_484258800,6713,1,LC,"[703.99951171875, 689.9993896484375, 868.9996948242188, 818.9998168945312]",21285.09411628917,large,Q4,1.2790669506132593,"[1,2)",0.9779081344604492,0.15866540372371674,LC,P4,1,1,1,1,0.9654820561408997,0.9654820561408997,0.9631202816963196,0.9654820561408997,P4,0.9631202816963196,0.9654820561408997,P4,1,1,1,1,1,final_tp
09002200121902241152470708O_1295764200_484258800,6713,2,TC,"[322.99981689453125, 679.0, 751.0000610351562, 696.9999389648438]",7703.978271469474,medium,Q3,23.777871968153104,"[16,inf)",0.8369865417480469,0.28789234161376953,TC,P4,1,1,1,1,0.3331192135810852,0.3331192135810852,0.8016359210014343,0.3331192135810852,P4,0.8016359210014343,0.3331192135810852,P4,1,1,1,1,1,final_tp
09002200121902241154225808O_1295733100_484245300,6714,0,TC,"[333.9996032714844, 702.0001220703125, 939.9998168945312, 744.0004272460938]",25452.195190504193,large,Q4,14.428472402863981,"[8,16)",0.8214719295501709,0.012683076784014702,TC,P4,1,1,1,1,0.11570184677839279,0.012683076784014702,0.43295854330062866,0.5193620324134827,P5,0.8214719295501709,0.012683076784014702,P4,1,1,0,0,1,final_tp
09002200121902241154225808O_1295733100_484245300,6714,1,MC,"[287.0005187988281, 690.0004272460938, 359.00006103515625, 713.0005493164062]",1655.9982604421675,medium,Q2,3.130398265549287,"[2,4)",0.9583633542060852,0.3951740562915802,MC,P3,1,1,1,1,0.8995670676231384,0.8995670676231384,0.9032409191131592,0.8995670676231384,P3,0.9032409191131592,0.8995670676231384,P3,1,1,1,1,1,final_tp
09002200121902241154225808O_1295733100_484245300,6714,2,TP,"[67.99974822998047, 671.9994506835938, 245.0001983642578, 690.9998168945312]",3363.073517013341,medium,Q2,9.31563401455821,"[8,16)",0.7888158559799194,0.001360714202746749,TP,P3,1,1,1,1,0.10947456955909729,0.04418414458632469,0.6200481653213501,0.10947456955909729,P3,0.7888158559799194,0.001360714202746749,P3,1,1,0,0,1,final_tp
09002200121902241155111658O_1295677900_484271200,6715,0,LP,"[616.9994506835938, 603.9996948242188, 937.9999389648438, 768.9999389648438]",52965.158935666084,large,Q4,1.9454546261620707,"[1,2)",0.9848201274871826,0.05813930183649063,LP,P4,1,1,1,1,0.8517811894416809,0.8517811894416809,0.8641669154167175,0.8517811894416809,P5,0.8641669154167175,0.8517811894416809,P5,1,1,1,1,1,final_tp
09002200121902241156595188O_1295548800_484244400,6716,0,TC,"[352.0, 655.0001220703125, 1006.0001220703125, 731.0004272460938]",49704.20886234194,large,Q4,8.605230210032373,"[8,16)",0.5979194045066833,0.00025039148749783635,LC,P5,1,0,0,0,0.00025311121135018766,0.0,0.26438209414482117,0.643352746963501,P4,0.38587450981140137,0.0010791282402351499,P5,0,0,0,0,0,final_localization_or_assignment
09002200121902241156595188O_1295548800_484244400,6716,1,MC,"[1006.0, 688.0005493164062, 1024.0, 704.00048828125]",287.9989013671875,small,Q1,1.1250042915507947,"[1,2)",0.8043423891067505,0.766692578792572,MC,P3,1,1,1,1,0.766692578792572,0.766692578792572,0.8043423891067505,0.766692578792572,P3,0.8043423891067505,0.766692578792572,P3,1,1,1,1,1,final_tp
09002200121902241156595188O_1295548800_484244400,6716,2,MC,"[400.9999694824219, 587.0003662109375, 434.0004577636719, 596.0001831054688]",296.9983519613743,small,Q1,3.6667955212847483,"[2,4)",0.6663241982460022,0.27971240878105164,MC,P3,1,0,1,0,0.7161216735839844,0.0,0.6150830388069153,0.7161216735839844,P3,0.6150830388069153,0.7161216735839844,P3,1,0,1,1,1,final_tp
09002200121902241158105108O_1295443800_484243400,6717,0,LC,"[371.00030517578125, 677.0001831054688, 467.00030517578125, 816.0]",13343.982421875,large,Q3,1.447914759318034,"[1,2)",0.8241347670555115,0.13609987497329712,LC,P4,1,1,1,1,0.3858475387096405,0.3858475387096405,0.808491051197052,0.3858475387096405,P4,0.808491051197052,0.3858475387096405,P4,1,1,1,1,1,final_tp
09002200121902241158105108O_1295443800_484243400,6717,1,LP,"[702.000732421875, 657.0, 797.0001831054688, 733.000244140625]",7219.98144517839,medium,Q3,1.2499887567178611,"[1,2)",0.9620220065116882,0.00035659020068123937,LC,P3,1,1,1,1,0.09895491600036621,0.09895491600036621,0.9367629885673523,0.09895491600036621,P4,0.9367629885673523,0.09895491600036621,P4,1,1,0,0,1,final_tp
09002200121902241201459732B_1296546300_482776700,6718,0,TC,"[190.9995574951172, 705.9998779296875, 275.999755859375, 727.99951171875]",1869.9732360113412,medium,Q2,3.8637096953185255,"[2,4)",0.9090515971183777,0.006320983171463013,TC,P3,1,1,1,1,0.025752434507012367,0.025752434507012367,0.9003244638442993,0.025752434507012367,P3,0.9003244638442993,0.025752434507012367,P3,1,1,0,0,1,final_tp
09002200121902241201459732B_1296546300_482776700,6718,1,TC,"[313.9999084472656, 731.999755859375, 600.0, 761.9998779296875]",8580.037658702582,medium,Q3,9.533297594003932,"[8,16)",0.8344866633415222,0.0012202662182971835,TC,P3,1,1,1,1,0.01751326583325863,0.007378422189503908,0.3403797149658203,0.8640086650848389,P5,0.8070514798164368,0.007378422189503908,P3,1,1,0,0,1,final_tp
09002200121902241219597842Q_1294780500_481608100,6967,0,LC,"[735.0001220703125, 708.0001831054688, 1024.0, 930.9996948242188]",64446.83166509867,large,Q4,1.295966415810713,"[1,2)",0.9772083163261414,0.40472179651260376,LC,P5,1,1,1,1,0.6214050650596619,0.6214050650596619,0.9768248200416565,0.6214050650596619,P5,0.9768248200416565,0.6214050650596619,P5,1,1,1,1,1,final_tp
09002200121902241219597842Q_1294780500_481608100,6967,1,MC,"[781.9995727539062, 659.0004272460938, 833.9994506835938, 673.9999389648438]",779.9727783799171,small,Q1,3.4667713792766692,"[2,4)",0.8379684090614319,0.024852797389030457,MC,P3,1,1,1,1,0.23835590481758118,0.13428501784801483,0.5770009756088257,0.23835590481758118,P3,0.8379684090614319,0.024852797389030457,P3,1,1,0,0,1,final_tp
09002200121902241219597842Q_1294780500_481608100,6967,2,MC,"[305.9998779296875, 719.0000610351562, 387.00030517578125, 745.00048828125]",2106.0457155145705,medium,Q2,3.115349854809139,"[2,4)",0.8851296901702881,0.11559085547924042,MC,P3,1,1,1,1,0.9158157706260681,0.9158157706260681,0.8203767538070679,0.9158157706260681,P3,0.8203767538070679,0.9158157706260681,P3,1,1,1,1,1,final_tp
09002200121902241222515402B_1296677700_482780900,6719,0,LC,"[527.9994506835938, 715.0003051757812, 546.9998168945312, 781.0001831054688]",1254.021850541234,medium,Q1,3.4736108344951204,"[2,4)",0.7563896179199219,0.05040185898542404,LC,P3,1,1,1,1,0.6433730721473694,0.05040185898542404,0.6042213439941406,0.6433730721473694,P3,0.6042213439941406,0.6433730721473694,P3,1,0,1,1,1,final_tp
09002200121902241223334907N_1294790700_483677800,6496,0,P,"[746.0003662109375, 787.9996948242188, 767.0006713867188, 798.99951171875]",230.99951166287065,small,Q1,1.9091504319696373,"[1,2)",0.8373939990997314,0.09500391036272049,P,P3,1,1,1,1,0.6052687168121338,0.6052687168121338,0.7902079820632935,0.6052687168121338,P3,0.7902079820632935,0.6052687168121338,P3,1,1,1,1,1,final_tp
09002200121902241223334907N_1294790700_483677800,6496,1,LC,"[694.9995727539062, 714.0004272460938, 731.999755859375, 785.00048828125]",2627.0152588002384,medium,Q2,1.9189110722174292,"[1,2)",0.8548673391342163,0.0002865241840481758,LC,P3,1,1,0,0,0.000873238721396774,0.0006236857734620571,0.12419890612363815,0.009196078404784203,P4,0.14547818899154663,0.004231414757668972,P4,0,0,0,0,0,confidence_filter_loss
09002200121902241251335022Q_1294947900_481559000,6968,0,LC,"[16.0, 703.9994506835938, 392.00048828125, 1010.9996948242188]",115432.24169933796,large,Q4,1.224756316835431,"[1,2)",0.8808901309967041,0.0003630608262028545,LP,P5,1,1,1,1,0.007447096519172192,0.006673000752925873,0.4214603006839752,0.8222571015357971,P4,0.8262926936149597,0.0021157125011086464,P5,1,1,0,0,1,final_tp
09002200121902241251335022Q_1294947900_481559000,6968,1,LC,"[0.999432384967804, 634.999755859375, 277.9996337890625, 741.0001831054688]",29362.140991302207,large,Q4,2.6131990296600875,"[2,4)",0.9141189455986023,0.002962555503472686,LC,P4,1,1,1,1,0.8962531089782715,0.8962531089782715,0.7669225931167603,0.8962531089782715,P5,0.8373792767524719,0.0036669543478637934,P4,1,1,1,1,1,final_tp
09002200121902241300186607F_1293747400_482001500,6969,0,AC,"[360.0005187988281, 814.0001220703125, 666.0004272460938, 895.9999389648438]",25091.936462419108,large,Q4,3.731714533470787,"[2,4)",0.6581516265869141,0.0002116464893333614,TP,P4,1,0,0,0,0.0005373600870370865,0.0,0.4018368124961853,0.0006924697081558406,P5,0.0,0.0012840837007388473,P5,0,0,0,0,0,final_localization_or_assignment
09002200121902241311255712B_1296396200_482586100,6720,0,LC,"[219.0002899169922, 652.9996948242188, 263.0005798339844, 776.9999389648438]",5456.046691965312,medium,Q2,2.8181687978546286,"[2,4)",0.9139128923416138,0.005007624626159668,LC,P3,1,1,1,1,0.8885281085968018,0.2881258428096771,0.7354980111122131,0.8885281085968018,P4,0.8522814512252808,0.006290283519774675,P3,1,1,1,1,1,final_tp
09002200121902241330509642K_1295823900_481237700,6970,0,LC,"[558.0006713867188, 588.9996948242188, 635.0003662109375, 713.9993286132812]",9624.933654896915,large,Q3,1.6233783013610894,"[1,2)",0.966738760471344,0.00031000550370663404,LC,P4,1,1,1,1,0.9204378128051758,0.9204378128051758,0.9414573311805725,0.9204378128051758,P4,0.9414573311805725,0.9204378128051758,P4,1,1,1,1,1,final_tp
09002200121902241330509642K_1295823900_481237700,6970,1,MC,"[179.00033569335938, 710.0001220703125, 225.9998779296875, 740.0001831054688]",1409.9891357142478,medium,Q2,1.5666482205236398,"[1,2)",0.9430658221244812,0.28631868958473206,MC,P3,1,1,1,1,0.7812340259552002,0.7812340259552002,0.9141678810119629,0.7812340259552002,P3,0.9141678810119629,0.7812340259552002,P3,1,1,1,1,1,final_tp
09002200121902241344029902K_1295798900_481238400,6971,0,TC,"[197.00022888183594, 750.0001220703125, 745.0, 792.00048828125]",23016.190429598093,large,Q4,13.047499469580053,"[8,16)",0.9317126274108887,0.052264198660850525,TC,P4,1,1,1,1,0.8052847981452942,0.15411481261253357,0.6080154180526733,0.8052847981452942,P5,0.8360748887062073,0.025106577202677727,P4,1,1,1,1,1,final_tp
09002200121902241344029902K_1295798900_481238400,6971,1,LC,"[244.9996795654297, 682.9992065429688, 438.99957275390625, 907.9998168945312]",43650.09437554516,large,Q4,1.1597975991304688,"[1,2)",0.9043208360671997,0.0004688797052949667,LC,P4,1,1,1,1,0.7771819233894348,0.7771819233894348,0.8322417736053467,0.7771819233894348,P5,0.8322417736053467,0.7771819233894348,P5,1,1,1,1,1,final_tp
09002200121902241344029902K_1295798900_481238400,6971,2,MC,"[460.00030517578125, 660.0001831054688, 527.0006103515625, 679.9999389648438]",1339.9897460192442,medium,Q1,3.350056153029212,"[2,4)",0.8424904942512512,0.2710762023925781,MC,P3,1,1,1,1,0.8337323665618896,0.6965801119804382,0.6507829427719116,0.8337323665618896,P3,0.8018943071365356,0.003864352824166417,P3,1,1,1,1,1,final_tp
09002200121902241434239152G_1297640800_484176300,6721,0,LC,"[1.00042724609375, 655.0001220703125, 282.0003662109375, 745.0004272460938]",25290.080261211842,large,Q4,3.1222109571297296,"[2,4)",0.9391507506370544,0.010874846950173378,LP,P4,1,1,1,1,0.6829238533973694,0.18549109995365143,0.5547366738319397,0.6829238533973694,P5,0.8618153929710388,0.18549109995365143,P4,1,1,1,1,1,final_tp
09002200121902241434239152G_1297640800_484176300,6721,1,LC,"[351.9994812011719, 693.9996948242188, 466.99981689453125, 814.0001220703125]",13800.08941664733,large,Q3,1.0434789300621417,"[1,2)",0.9331745505332947,0.0008556568645872176,LC,P4,1,1,1,1,0.9606592059135437,0.9606592059135437,0.9137073159217834,0.9606592059135437,P4,0.9137073159217834,0.9606592059135437,P4,1,1,1,1,1,final_tp
09002200121902241434239152G_1297640800_484176300,6721,2,MC,"[595.0003051757812, 655.0001220703125, 645.0001831054688, 667.0003662109375]",600.0107421576977,small,Q1,4.16657172502187,"[4,8)",0.816494345664978,0.0016177925281226635,MC,P3,1,1,1,1,0.4197039306163788,0.0016177925281226635,0.675735592842102,0.4197039306163788,P3,0.816494345664978,0.0016177925281226635,P3,1,1,1,1,1,final_tp
09002200121902241443361082K_1294880200_481118600,6972,0,TC,"[118.0001220703125, 627.000244140625, 696.0, 687.00048828125]",34680.1337890327,large,Q4,9.633292100862219,"[8,16)",0.596177339553833,6.742325786035508e-05,LC,P4,1,0,1,0,0.001600771676748991,0.0,0.23181696236133575,0.7031037211418152,P5,0.5219390988349915,0.001600771676748991,P4,1,0,0,0,1,final_tp
09002200121902241534188332B_1297272300_482695200,6722,0,LC,"[153.00047302246094, 651.000244140625, 344.0, 752.9999389648438]",19481.89346327912,large,Q3,1.8725499846514075,"[1,2)",0.8221701383590698,0.00035811797715723515,LC,P4,1,1,1,1,0.6353421807289124,0.5254926681518555,0.7498010993003845,0.6353421807289124,P4,0.7498010993003845,0.6353421807289124,P4,1,0,1,1,1,final_tp
09002200121902241553169042K_1295010700_481182600,6973,0,LC,"[711.9995727539062, 732.9996948242188, 1024.0, 967.0001220703125]",73008.23327654973,large,Q4,1.3333327247217754,"[1,2)",0.8469337224960327,0.000703992904163897,LC,P5,1,1,1,1,0.8838221430778503,0.0038343972992151976,0.6426581144332886,0.8838221430778503,P5,0.7613969445228577,0.0038343972992151976,P4,1,1,1,1,1,final_tp
09002200121902241553169042K_1295010700_481182600,6973,1,P,"[419.9997253417969, 688.9999389648438, 654.99951171875, 765.9995727539062]",18094.89749153331,large,Q3,3.051959792701429,"[2,4)",0.8822040557861328,0.04377876594662666,P,P4,1,1,1,1,0.8226662874221802,0.8226662874221802,0.8429769277572632,0.8226662874221802,P4,0.8429769277572632,0.8226662874221802,P4,1,1,1,1,1,final_tp
09002200121902241617024212G_1296634800_484225400,6723,0,MC,"[314.0003356933594, 637.9996337890625, 343.00006103515625, 646.9994506835938]",260.99221806786954,small,Q1,3.222257261635911,"[2,4)",0.6993982791900635,0.020280946046113968,MC,P3,1,0,1,0,0.020280946046113968,0.0,0.6993982791900635,0.020280946046113968,P3,0.6993982791900635,0.020280946046113968,P3,1,0,0,0,1,final_tp
09002200121902241617024212G_1296634800_484225400,6723,1,AC,"[0.9999451041221619, 605.9995727539062, 564.000244140625, 863.0001220703125]",144691.38769548014,large,Q4,2.1906579837019855,"[2,4)",0.9453201293945312,0.00034436892019584775,TP,P5,1,1,1,1,0.9119666218757629,0.9119666218757629,0.9151453971862793,0.9119666218757629,P5,0.9151453971862793,0.9119666218757629,P5,1,1,1,1,1,final_tp
09002200121902241617024212G_1296634800_484225400,6723,2,MC,"[401.9998474121094, 696.9999389648438, 455.99951171875, 711.0]",755.9985961709172,small,Q1,3.857102063415251,"[2,4)",0.7576678991317749,0.6734412908554077,MC,P3,1,1,1,1,0.8006992936134338,0.6734412908554077,0.7032938599586487,0.8006992936134338,P3,0.7032938599586487,0.8006992936134338,P3,1,0,1,1,1,final_tp
09002200121902241624405712G_1296523300_484226800,6724,0,AC,"[0.9999451041221619, 605.9996337890625, 603.0003662109375, 838.99951171875]",140266.02606195956,large,Q4,2.583694174413944,"[2,4)",0.9211687445640564,0.00013797935389447957,TP,P5,1,1,1,1,0.8721891641616821,0.8721891641616821,0.8538066744804382,0.8721891641616821,P5,0.8538066744804382,0.8721891641616821,P5,1,1,1,1,1,final_tp
09002200121902241624564052G_1296511300_484214000,6725,0,AC,"[0.9998840689659119, 624.0, 1023.9994506835938, 862.99951171875]",244496.39837667346,large,Q4,4.280341685207091,"[4,8)",0.6794439554214478,0.0010205494472756982,TC,P5,1,0,1,0,0.0036173639819025993,0.0,0.45971181988716125,0.8697464466094971,P5,0.4981616139411926,0.0019660850521177053,P5,0,0,0,0,0,nms_or_maxdet_loss
09002200121902241647100462Q_1294686900_481649400,6974,0,AC,"[0.9999542236328125, 725.0001831054688, 223.0000457763672, 1024.0]",66377.98672483675,large,Q4,1.3468454666087657,"[1,2)",0.8798242807388306,0.002219886053353548,AC,P5,1,1,1,1,0.8916909694671631,0.006170427426695824,0.5367313027381897,0.8916909694671631,P5,0.8757019639015198,0.006170427426695824,P5,1,1,1,1,1,final_tp
09002200121902241647100462Q_1294686900_481649400,6974,1,MC,"[543.0006103515625, 626.999755859375, 590.0001220703125, 639.0]",564.0056151151657,small,Q1,3.9165462942241573,"[2,4)",0.8575724363327026,0.17565080523490906,MC,P3,1,1,1,1,0.8097371459007263,0.17565080523490906,0.7194505929946899,0.8097371459007263,P3,0.7194505929946899,0.8097371459007263,P3,1,0,1,1,1,final_tp
09002200121902241705199978O_1298021100_484681600,6726,0,AC,"[230.00064086914062, 689.00048828125, 348.0002746582031, 810.0004272460938]",14277.948486350477,large,Q3,1.0254263939593629,"[1,2)",0.9034407734870911,0.1870289146900177,AC,P4,1,1,1,1,0.5991746187210083,0.5536653399467468,0.693029522895813,0.5991746187210083,P4,0.8718939423561096,0.03921729698777199,P4,1,1,1,1,1,final_tp
09002200121902241705199978O_1298021100_484681600,6726,1,LC,"[427.9997253417969, 708.0001831054688, 1023.9994506835938, 820.0001831054688]",66751.97265625,large,Q4,5.3214263916015625,"[4,8)",0.9737195372581482,0.0003427978081163019,TC,P5,1,1,1,1,0.0010551066370680928,0.0010551066370680928,0.9593075513839722,0.0010551066370680928,P5,0.9593075513839722,0.0010551066370680928,P5,1,1,0,0,1,final_tp
09002200121902241705199978O_1298021100_484681600,6726,2,LC,"[147.00030517578125, 646.0001220703125, 271.9999694824219, 690.0004272460938]",5500.023376362398,medium,Q2,2.840881757689336,"[2,4)",0.93747478723526,0.0023899751249700785,TC,P4,1,1,1,1,0.030695715919137,0.01056998036801815,0.1627531200647354,0.19296136498451233,P3,0.8240156769752502,0.0012855429667979479,P3,1,1,0,0,1,final_tp
09002200121902241728395868O_1297955700_484936700,6727,0,AC,"[216.9999237060547, 674.9998168945312, 803.0003051757812, 829.0001831054688]",90244.27099622786,large,Q4,3.8051881344767753,"[2,4)",0.7963951826095581,0.0006037781713530421,AC,P5,1,1,1,0,0.8224024772644043,0.000989324296824634,0.5397589206695557,0.8224024772644043,P5,0.6232365369796753,0.0012793446658179164,P5,1,0,1,1,1,final_tp
09002200121902250850546162K_1295117800_481152000,6975,0,AC,"[1.00042724609375, 639.99951171875, 570.0004272460938, 985.9999389648438]",196874.24310302734,large,Q4,1.6445066398582715,"[1,2)",0.8896845579147339,0.00010113244934473187,TC,P5,1,1,1,1,0.9192903637886047,0.9192903637886047,0.773360550403595,0.9192903637886047,P5,0.773360550403595,0.9192903637886047,P5,1,1,1,1,1,final_tp
09002200121902250927290422Q_1294877600_481597000,6976,0,LC,"[406.0000915527344, 642.0004272460938, 511.00006103515625, 911.0001220703125]",28244.959747323766,large,Q4,2.5619026000693474,"[2,4)",0.9153520464897156,0.010305275209248066,LC,P4,1,1,1,1,0.9438081383705139,0.9438081383705139,0.8524340391159058,0.9438081383705139,P4,0.8524340391159058,0.9438081383705139,P4,1,1,1,1,1,final_tp
09002200121902250927290422Q_1294877600_481597000,6976,1,LC,"[859.0003051757812, 651.9998168945312, 1024.0, 749.9995727539062]",16169.929809644818,large,Q3,1.6836745497711798,"[1,2)",0.7966744899749756,0.0235766489058733,LC,P4,1,1,1,1,0.4066319763660431,0.4066319763660431,0.781943142414093,0.4066319763660431,P4,0.781943142414093,0.4066319763660431,P4,1,1,1,1,1,final_tp
09002200121902250937461092K_1295163500_481141000,6977,0,AC,"[0.9998840689659119, 582.0001220703125, 1023.9994506835938, 996.9996337890625]",424544.32318136096,large,Q4,2.465062111801242,"[2,4)",0.9422925114631653,0.00208710297010839,AC,P5,1,1,1,1,0.9598100185394287,0.9598100185394287,0.9044861793518066,0.9598100185394287,P5,0.9044861793518066,0.9598100185394287,P5,1,1,1,1,1,final_tp
09002200121902250937461092K_1295163500_481141000,6977,1,MC,"[147.0003204345703, 583.0000610351562, 179.00033569335938, 590.0001220703125]",224.00205993745476,small,Q1,4.571390891890243,"[4,8)",0.47748467326164246,0.01933373510837555,MC,P3,0,0,0,0,0.0,0.0,0.3536236584186554,0.351105272769928,P3,0.47748467326164246,0.01933373510837555,P3,0,0,0,0,0,raw_geometry_failure
09002200121902250939036262K_1295136800_481188600,6978,0,LC,"[224.00047302246094, 580.9995727539062, 358.0000915527344, 681.9999389648438]",13534.010543683544,large,Q3,1.326724085835665,"[1,2)",0.9041418433189392,0.027460487559437752,AC,P4,1,1,1,1,0.6627559661865234,0.6627559661865234,0.8951110243797302,0.6627559661865234,P4,0.8951110243797302,0.6627559661865234,P4,1,1,1,1,1,final_tp
09002200121902250939036262K_1295136800_481188600,6978,1,TC,"[145.00042724609375, 641.9999389648438, 241.0004425048828, 655.9999389648438]",1344.0002136230469,medium,Q1,6.857143947056362,"[4,8)",0.6450482606887817,0.5834465026855469,TC,P3,1,0,1,0,0.5834465026855469,0.0,0.6450482606887817,0.5834465026855469,P3,0.6450482606887817,0.5834465026855469,P3,1,0,1,1,1,final_tp
09002200121902250939036262K_1295136800_481188600,6978,2,LC,"[200.00003051757812, 695.0000610351562, 354.0003967285156, 904.0006103515625]",32186.161133013666,large,Q4,1.3571431968553493,"[1,2)",0.8361998796463013,0.0009019389981403947,LC,P4,1,1,1,1,0.0016235342482104897,0.0013460750924423337,0.36121657490730286,0.002150397514924407,P4,0.8214303851127625,0.0013460750924423337,P4,1,1,0,0,1,final_tp
09002200121902250939036262K_1295136800_481188600,6978,3,P,"[241.99990844726562, 592.0006103515625, 284.9997253417969, 601.0004272460938]",386.9904785491526,small,Q1,4.77785463842716,"[4,8)",0.8464103937149048,0.08802036195993423,MC,P3,1,1,1,1,0.08802036195993423,0.08802036195993423,0.8464103937149048,0.08802036195993423,P3,0.8464103937149048,0.08802036195993423,P3,1,1,0,0,1,final_tp
09002200121902250939036262K_1295136800_481188600,6978,4,P,"[311.00006103515625, 601.00048828125, 339.999755859375, 610.0003662109375]",260.99371341615915,small,Q1,3.2222320181209056,"[2,4)",0.7366238832473755,0.028651753440499306,P,P3,1,0,1,0,0.028651753440499306,0.0,0.7366238832473755,0.028651753440499306,P3,0.7366238832473755,0.028651753440499306,P3,1,0,0,0,1,final_tp
09002200121902250939036262K_1295136800_481188600,6978,5,P,"[242.0004119873047, 642.9998168945312, 280.0000305175781, 655.9994506835938]",493.9811250176281,small,Q1,2.9231299240325654,"[2,4)",0.2892002761363983,0.08057045936584473,P,P3,0,0,0,0,0.0,0.0,0.2892002761363983,0.08057045936584473,P3,0.2892002761363983,0.08057045936584473,P3,0,0,0,0,0,raw_geometry_failure
09002200121902250939036262K_1295136800_481188600,6978,6,TC,"[230.00015258789062, 682.0003662109375, 612.000244140625, 703.0006103515625]",8022.095184348524,medium,Q3,18.19026907471779,"[16,inf)",0.8256219625473022,0.15389606356620789,TC,P3,1,1,1,1,0.46464499831199646,0.23492304980754852,0.6149336099624634,0.46464499831199646,P4,0.8201603889465332,0.03232423588633537,P4,1,1,1,1,1,final_tp
09002200121902250945505452K_1295029000_481283900,6979,0,AC,"[1.000396728515625, 623.9994506835938, 872.9999389648438, 987.9998168945312]",317408.1416013837,large,Q4,2.395600644020858,"[2,4)",0.9042837619781494,0.001682712696492672,AC,P5,1,1,1,1,0.940647542476654,0.940647542476654,0.8751892447471619,0.940647542476654,P5,0.8751892447471619,0.940647542476654,P5,1,1,1,1,1,final_tp
09002200121902250945505452K_1295029000_481283900,6979,1,AC,"[657.9998779296875, 601.00048828125, 817.9999389648438, 674.0004272460938]",11679.994689937681,large,Q3,2.1917834905616993,"[2,4)",0.7539283037185669,0.15895313024520874,AC,P4,1,1,1,1,0.32067596912384033,0.15895313024520874,0.5458860397338867,0.32067596912384033,P4,0.7484543919563293,0.22243569791316986,P4,1,0,1,1,1,final_tp
09002200121902250945505452K_1295029000_481283900,6979,2,MC,"[153.99937438964844, 574.0006103515625, 177.9998779296875, 580.000244140625]",143.9942319933325,small,Q1,4.000328083989501,"[4,8)",0.5807977914810181,0.08698610216379166,MC,P3,1,0,1,0,0.09726103395223618,0.0,0.5460825562477112,0.09726103395223618,P3,0.5460825562477112,0.09726103395223618,P3,1,0,0,0,1,final_tp
09002200121902250945505452K_1295029000_481283900,6979,3,MC,"[349.9996337890625, 680.00048828125, 433.9993591308594, 712.0005493164062]",2687.996337873861,medium,Q2,2.624986410166912,"[2,4)",0.9739840030670166,0.7240396738052368,MC,P3,1,1,1,1,0.7314508557319641,0.7314508557319641,0.9328173995018005,0.7314508557319641,P3,0.9328173995018005,0.7314508557319641,P3,1,1,1,1,1,final_tp
09002200121902250945505452K_1295029000_481283900,6979,4,P,"[286.99957275390625, 724.9996948242188, 321.9998474121094, 744.0]",665.0158997420222,small,Q1,1.8420901314162177,"[1,2)",0.8317614197731018,0.04604025185108185,P,P3,1,1,1,1,0.058532074093818665,0.058532074093818665,0.7988216280937195,0.058532074093818665,P3,0.7988216280937195,0.058532074093818665,P3,1,1,0,0,1,final_tp
09002200121902250945505452K_1295029000_481283900,6979,5,P,"[764.0003662109375, 721.9998779296875, 824.9999389648438, 800.9994506835938]",4818.940185729414,medium,Q2,1.2950840339918173,"[1,2)",0.7289830446243286,6.47666965960525e-05,P,P3,1,0,0,0,0.0001786562061170116,0.0,0.2256632000207901,0.003533892333507538,P3,0.4266594350337982,0.0030052142683416605,P3,0,0,0,0,0,final_localization_or_assignment
09002200121902250945505452K_1295029000_481283900,6979,6,P,"[783.00048828125, 643.999755859375, 851.0003051757812, 672.9994506835938]",1971.9739380441606,medium,Q2,2.344845947749147,"[2,4)",0.7755061388015747,0.0023325090296566486,P,P3,1,1,1,1,0.3232976794242859,0.0023325090296566486,0.6280972957611084,0.3232976794242859,P3,0.7755061388015747,0.0023325090296566486,P3,1,1,1,1,1,final_tp
09002200121902251000014622K_1295145800_481160900,6980,0,AC,"[0.999401867389679, 553.00048828125, 700.9996337890625, 982.0001220703125]",300299.84838858247,large,Q4,1.6317035936790858,"[1,2)",0.9314956068992615,0.3180072009563446,AC,P5,1,1,1,1,0.9610331058502197,0.9610331058502197,0.8949233293533325,0.9610331058502197,P5,0.8949233293533325,0.9610331058502197,P5,1,1,1,1,1,final_tp
09002200121902251000378302K_1295164100_481138300,6981,0,AC,"[0.9998993277549744, 519.0006103515625, 493.9996032714844, 994.0004272460938]",234174.7647705637,large,Q4,1.0378944944597404,"[1,2)",0.9442458152770996,0.0002951635979115963,TP,P5,1,1,1,1,0.004093709401786327,0.004093709401786327,0.4704398810863495,0.9590411186218262,P5,0.8842484354972839,0.004093709401786327,P5,1,1,0,0,1,final_tp
09002200121902251000378302K_1295164100_481138300,6981,1,AC,"[541.9996948242188, 571.9998779296875, 1023.99951171875, 1000.9994506835938]",206777.71551521495,large,Q4,1.1235438156742137,"[1,2)",0.9230746030807495,0.0006927594658918679,AC,P5,1,1,1,0,0.0014142885338515043,0.0007009261171333492,0.45233044028282166,0.003764855908229947,P5,0.5509783029556274,0.0014142885338515043,P5,1,0,0,0,1,final_tp
09002200121902251000378302K_1295164100_481138300,6981,2,MC,"[1.0004485845565796, 807.00048828125, 44.0002555847168, 859.0003051757812]",2235.9820099233184,medium,Q2,1.2093035386977504,"[1,2)",0.9535582661628723,0.4141846001148224,MC,P3,1,1,1,1,0.5053811073303223,0.5053811073303223,0.9449048638343811,0.5053811073303223,P3,0.9449048638343811,0.5053811073303223,P3,1,1,1,1,1,final_tp
09002200121902251002579542K_1295185400_481110600,6982,0,AC,"[117.9996109008789, 567.0000610351562, 1024.0, 997.99951171875]",390485.66015604883,large,Q4,2.1020916958802633,"[2,4)",0.9153748154640198,0.9113718271255493,AC,P5,1,1,1,1,0.9206641316413879,0.9206641316413879,0.9017308950424194,0.9206641316413879,P5,0.9017308950424194,0.9206641316413879,P5,1,1,1,1,1,final_tp
09002200121902251028006732K_1295134400_481309400,6983,0,AC,"[577.9999389648438, 560.9994506835938, 1022.9994506835938, 876.9996948242188]",140619.95434558392,large,Q4,1.4082252149169807,"[1,2)",0.9312301278114319,0.000427259219577536,TC,P5,1,1,1,1,0.3676747977733612,0.052549801766872406,0.4878433346748352,0.9460042119026184,P5,0.8811808824539185,0.052549801766872406,P5,1,1,0,1,1,final_tp
09002200121902251029097412K_1295134200_481240500,6984,0,AC,"[398.9994812011719, 687.9999389648438, 547.999755859375, 869.9996337890625]",27118.004516517743,large,Q4,1.2214722103144717,"[1,2)",0.9359760284423828,0.00022988209093455225,AC,P4,1,1,1,1,0.9396575689315796,0.9396575689315796,0.9026671051979065,0.9396575689315796,P4,0.9026671051979065,0.9396575689315796,P4,1,1,1,1,1,final_tp
09002200121902251029097412K_1295134200_481240500,6984,1,MC,"[525.0003051757812, 632.9999389648438, 569.9999389648438, 643.9996948242188]",494.98498544096947,small,Q1,4.0909665963821995,"[4,8)",0.8876577615737915,0.717007040977478,MC,P3,1,1,1,1,0.717007040977478,0.717007040977478,0.8876577615737915,0.717007040977478,P3,0.8876577615737915,0.717007040977478,P3,1,1,1,1,1,final_tp
09002200121902251029097412K_1295134200_481240500,6984,2,LC,"[56.0004768371582, 549.0001831054688, 444.000244140625, 801.00048828125]",97776.05688469112,large,Q4,1.5396797062953085,"[1,2)",0.8404728770256042,0.0007700994028709829,LC,P5,1,1,1,1,0.916443407535553,0.916443407535553,0.7619080543518066,0.916443407535553,P5,0.7619080543518066,0.916443407535553,P5,1,1,1,1,1,final_tp
09002200121902251029097412K_1295134200_481240500,6984,3,TC,"[33.00043869018555, 830.0006103515625, 200.9999542236328, 925.0001220703125]",15959.871582269669,large,Q3,1.7684250021844274,"[1,2)",0.7420026063919067,0.00011204664770048112,TC,P4,1,0,0,0,0.00011204664770048112,0.0,0.1462094485759735,0.0014044023118913174,P3,0.1462094485759735,0.0014044023118913174,P3,0,0,0,0,0,final_localization_or_assignment
09002200121902251039437732K_1295147200_481448700,6985,0,AC,"[1.00042724609375, 558.9995727539062, 392.00048828125, 807.0]",96968.18218996748,large,Q4,1.5766104332036586,"[1,2)",0.992975652217865,0.2747361958026886,AC,P5,1,1,1,1,0.8049159049987793,0.8049159049987793,0.9589641690254211,0.8049159049987793,P5,0.9589641690254211,0.8049159049987793,P5,1,1,1,1,1,final_tp
09002200121902251046556532K_1295183000_481429700,6986,0,TC,"[127.00005340576172, 645.0001831054688, 640.00048828125, 673.9999389648438]",14876.887145891786,large,Q3,17.689818829293753,"[16,inf)",0.789344072341919,0.03539083153009415,TC,P4,1,1,1,1,0.6831364631652832,0.03539083153009415,0.5592247247695923,0.6831364631652832,P5,0.789344072341919,0.03539083153009415,P4,1,1,1,1,1,final_tp
09002200121902251424103188O_1297947400_485005700,6728,0,TC,"[362.0003356933594, 658.9993286132812, 700.000244140625, 675.999755859375]",5746.142852744088,medium,Q2,19.88184788267184,"[16,inf)",0.7091865539550781,0.16054460406303406,TC,P3,1,0,1,0,0.5972573757171631,0.0,0.6196048855781555,0.5972573757171631,P4,0.6895531415939331,0.0550089105963707,P3,1,0,1,1,1,final_tp
09002200121902251526248288O_1297938900_485032400,6729,0,AC,"[447.00006103515625, 613.0001831054688, 829.9996337890625, 794.9998168945312]",69705.78198257834,large,Q4,2.1043974912488155,"[2,4)",0.8209702968597412,0.09859725832939148,AC,P5,1,1,1,1,0.11457114666700363,0.11457114666700363,0.3535463511943817,0.6915715932846069,P5,0.7873815298080444,0.11457114666700363,P5,1,1,0,0,1,final_tp
09002200121902251526248288O_1297938900_485032400,6729,1,MC,"[424.9994201660156, 94.00062561035156, 507.9997253417969, 132.000244140625]",3153.9799345759675,medium,Q2,2.184240484142144,"[2,4)",0.9124106764793396,8.636818529339507e-05,MC,P3,1,1,1,1,0.01323997974395752,0.01323997974395752,0.8823283910751343,0.01323997974395752,P3,0.8823283910751343,0.01323997974395752,P3,1,1,0,0,1,final_tp
09002200121902251531181468O_1297970200_485059000,6730,0,TC,"[301.0007629394531, 731.000244140625, 469.000244140625, 743.00048828125]",2016.0347899124026,medium,Q2,13.999671942709499,"[8,16)",0.6449376344680786,0.019616855308413506,TC,P3,1,0,1,0,0.1853117048740387,0.0,0.5638161897659302,0.1853117048740387,P3,0.6449376344680786,0.019616855308413506,P3,1,0,0,0,1,final_tp
09002200121902251531181468O_1297970200_485059000,6730,1,TC,"[44.00026321411133, 681.9993286132812, 236.00027465820312, 716.999755859375]",6720.082565314136,medium,Q3,5.485647758206077,"[4,8)",0.8195114731788635,0.0207523126155138,TC,P4,1,1,1,1,0.030570872128009796,0.030570872128009796,0.7982837557792664,0.030570872128009796,P4,0.7982837557792664,0.030570872128009796,P4,1,1,0,0,1,final_tp
09002200121902251531181468O_1297970200_485059000,6730,2,MC,"[278.99957275390625, 641.9999389648438, 319.9994812011719, 652.0003051757812]",410.01409908756614,small,Q1,4.0998407040757785,"[4,8)",0.6472623348236084,0.5403833985328674,MC,P3,1,0,1,0,0.5678664445877075,0.0,0.6092799305915833,0.5678664445877075,P3,0.6092799305915833,0.5678664445877075,P3,1,0,1,1,1,final_tp
09002200121902251531181468O_1297970200_485059000,6730,3,MC,"[471.9994201660156, 729.9994506835938, 538.999755859375, 753.9999389648438]",1608.0407716482878,medium,Q2,2.7916238581571826,"[2,4)",0.8420815467834473,0.06427085399627686,MC,P3,1,1,1,1,0.6928569078445435,0.6928569078445435,0.7579485177993774,0.6928569078445435,P3,0.7579485177993774,0.6928569078445435,P3,1,1,1,1,1,final_tp
09002200121902251547493988O_1297931800_485062600,6731,0,LC,"[260.000244140625, 574.99951171875, 411.00030517578125, 655.9999389648438]",12231.06945803389,large,Q3,1.8641884514558316,"[1,2)",0.9210577011108398,0.09140194207429886,LC,P4,1,1,1,1,0.4612380266189575,0.4612380266189575,0.7789238691329956,0.4612380266189575,P4,0.7789238691329956,0.4612380266189575,P4,1,1,1,1,1,final_tp
09002200121902251547493988O_1297931800_485062600,6731,1,TC,"[79.9999771118164, 718.0001220703125, 858.9998168945312, 792.00048828125]",57646.27172844857,large,Q4,10.526972456784849,"[8,16)",0.9809930920600891,0.5560595393180847,TC,P5,1,1,1,1,0.7247229218482971,0.7247229218482971,0.9774695634841919,0.7247229218482971,P5,0.9774695634841919,0.7247229218482971,P5,1,1,1,1,1,final_tp
09002200121902251616042098O_1297964900_485073400,6732,0,LC,"[374.9995422363281, 605.000244140625, 479.9994812011719, 809.9999389648438]",21524.955444354564,large,Q4,1.9523791808379725,"[1,2)",0.9457854628562927,0.23501098155975342,LC,P4,1,1,1,1,0.7428591847419739,0.7428591847419739,0.8756899237632751,0.7428591847419739,P4,0.8756899237632751,0.7428591847419739,P4,1,1,1,1,1,final_tp
09002200121902261104490062K_1295036500_482453500,6497,0,MC,"[1.0004485845565796, 735.0000610351562, 40.99993896484375, 772.9996948242188]",1519.9659273112193,medium,Q2,1.0526282714355928,"[1,2)",0.9050588011741638,0.8377062082290649,MC,P3,1,1,1,1,0.92618328332901,0.92618328332901,0.8771992921829224,0.92618328332901,P3,0.8771992921829224,0.92618328332901,P3,1,1,1,1,1,final_tp
09002200121902261104490062K_1295036500_482453500,6497,1,P,"[601.9998168945312, 725.9996337890625, 731.999755859375, 796.9996337890625]",9229.995666503906,large,Q3,1.8309850558428697,"[1,2)",0.9253408312797546,0.07703112065792084,P,P3,1,1,1,1,0.9722899794578552,0.9722899794578552,0.8011454343795776,0.9722899794578552,P4,0.8011454343795776,0.9722899794578552,P4,1,1,1,1,1,final_tp
09002200121902261104490062K_1295036500_482453500,6497,2,MC,"[314.9997863769531, 600.9999389648438, 360.9999694824219, 611.0003051757812]",460.0186768248677,small,Q1,4.599849859013952,"[4,8)",0.9067904353141785,0.7671235203742981,MC,P3,1,1,1,1,0.7671235203742981,0.7671235203742981,0.9067904353141785,0.7671235203742981,P3,0.9067904353141785,0.7671235203742981,P3,1,1,1,1,1,final_tp
09002200121902261104490062K_1295036500_482453500,6497,3,MC,"[395.999755859375, 592.0, 436.9996643066406, 599.9994506835938]",327.97674565576017,small,Q1,5.125340485110214,"[4,8)",0.6997044086456299,0.5296399593353271,MC,P3,1,0,1,0,0.5296399593353271,0.0,0.6997044086456299,0.5296399593353271,P3,0.6997044086456299,0.5296399593353271,P3,1,0,1,1,1,final_tp
09002200121903021532104567M_1296574300_481237200,6733,0,TP,"[295.99951171875, 712.0005493164062, 917.9996337890625, 780.0003662109375]",42295.894409157336,large,Q4,9.147085249288894,"[8,16)",0.8639000058174133,0.0018265689723193645,TP,P4,1,1,1,1,0.05028761923313141,0.020781876519322395,0.6832465529441833,0.05028761923313141,P5,0.800061821937561,0.020781876519322395,P5,1,1,0,0,1,final_tp
09002200121903021532104567M_1296574300_481237200,6733,1,LC,"[745.9998779296875, 675.999755859375, 843.9998168945312, 718.99951171875]",4213.973449721932,medium,Q2,2.279081287934275,"[2,4)",0.9241936802864075,0.01753281243145466,LC,P3,1,1,1,1,0.08050989359617233,0.059514664113521576,0.6208334565162659,0.08050989359617233,P3,0.9241936802864075,0.01753281243145466,P3,1,1,0,0,1,final_tp
09002200121903050943334566D_1294818700_480592300,6987,0,LP,"[607.0001831054688, 611.999755859375, 982.0001220703125, 899.9998168945312]",108000.00531005487,large,Q4,1.3020828454583813,"[1,2)",0.85294508934021,0.0009914359543472528,LP,P5,1,1,1,0,0.014822900295257568,0.0009914359543472528,0.36043447256088257,0.05975095555186272,P4,0.5151749849319458,0.0010795193957164884,P5,1,0,0,0,1,final_tp
09002200121904111400165542L_1296718100_482445500,6734,0,TC,"[9.999911308288574, 728.0, 516.999755859375, 790.0001831054688]",31434.083373995498,large,Q4,8.177392743335128,"[8,16)",0.8837014436721802,0.014433784410357475,TC,P5,1,1,1,1,0.7949798107147217,0.7949798107147217,0.8299497365951538,0.7949798107147217,P5,0.8299497365951538,0.7949798107147217,P5,1,1,1,1,1,final_tp
09002200121904111400165542L_1296718100_482445500,6734,1,MC,"[552.00048828125, 770.0004272460938, 652.0003051757812, 811.0003051757812]",4099.980285666883,medium,Q2,2.4390271860327326,"[2,4)",0.959903359413147,0.9121747612953186,MC,P3,1,1,1,1,0.9593396782875061,0.9593396782875061,0.9588879942893982,0.9593396782875061,P3,0.9588879942893982,0.9593396782875061,P3,1,1,1,1,1,final_tp
09002200121904111400165542L_1296718100_482445500,6734,2,TC,"[692.0003051757812, 736.9994506835938, 1024.0, 796.9996948242188]",19920.06274406612,large,Q3,5.533305731991651,"[4,8)",0.9114079475402832,0.001892658183351159,TC,P4,1,1,1,1,0.004256045445799828,0.001892658183351159,0.16128762066364288,0.4255528748035431,P4,0.9114079475402832,0.001892658183351159,P4,1,1,0,0,1,final_tp
09002200121904111401157542L_1296763900_482447000,6735,0,TC,"[0.9998840689659119, 654.0001831054688, 1023.9994506835938, 742.0006103515625]",90024.39947491512,large,Q4,11.624938705048345,"[8,16)",0.784360945224762,0.003837265307083726,TC,P5,1,1,1,1,0.5123511552810669,0.003837265307083726,0.6146149635314941,0.5123511552810669,P5,0.7495898604393005,0.0011485955910757184,P5,1,0,1,1,1,final_tp
09002200121904111401157542L_1296763900_482447000,6735,1,MC,"[84.000244140625, 791.0, 167.00057983398438, 837.99951171875]",3900.975250080228,medium,Q2,1.7659829359513792,"[1,2)",0.8978862762451172,4.7669236664660275e-05,TP,P4,1,1,1,1,0.6758425831794739,0.6758425831794739,0.8417214751243591,0.6758425831794739,P3,0.8417214751243591,0.6758425831794739,P3,1,1,1,1,1,final_tp
09002200121904211122007752L_1295290900_482333500,6244,0,TC,"[589.0006713867188, 658.9999389648438, 853.0001831054688, 677.9999389648438]",5015.99072265625,medium,Q2,13.894711143092104,"[8,16)",0.8050247430801392,0.00126863201148808,TC,P3,1,1,1,1,0.01466370839625597,0.00126863201148808,0.6154527068138123,0.01466370839625597,P3,0.7337310910224915,0.002137470757588744,P3,1,0,0,0,1,final_tp
09002200121904211122007752L_1295290900_482333500,6244,1,TC,"[589.9996948242188, 727.0, 879.99951171875, 744.9999389648438]",5219.979003917426,medium,Q2,16.111155568968265,"[16,inf)",0.9513201117515564,0.09377496689558029,TC,P3,1,1,1,1,0.6710570454597473,0.6710570454597473,0.876380205154419,0.6710570454597473,P4,0.876380205154419,0.6710570454597473,P4,1,1,1,1,1,final_tp
09002200121904211122007752L_1295290900_482333500,6244,2,TC,"[285.0002136230469, 714.0003051757812, 418.99981689453125, 757.0003051757812]",5761.982940673828,medium,Q2,3.1162698435228924,"[2,4)",0.891628623008728,0.007790990173816681,TC,P3,1,1,1,1,0.46644020080566406,0.2580696940422058,0.7100887298583984,0.46644020080566406,P4,0.8852086067199707,0.04811700060963631,P3,1,1,1,1,1,final_tp
09002200122002161243256716G_1295165200_482306100,6245,0,LC,"[1.0004425048828125, 561.00048828125, 446.0000915527344, 846.0001220703125]",126824.73266614974,large,Q4,1.5614042301486648,"[1,2)",0.9748587608337402,0.00032877663034014404,LC,P5,1,1,1,1,0.9537603259086609,0.9537603259086609,0.9617330431938171,0.9537603259086609,P5,0.9617330431938171,0.9537603259086609,P5,1,1,1,1,1,final_tp
09002200122002161243256716G_1295165200_482306100,6245,1,MC,"[435.0003356933594, 714.9998168945312, 520.0005493164062, 743.0]",2380.021545449272,medium,Q2,3.0357020631927716,"[2,4)",0.8859832882881165,0.6042312979698181,MC,P3,1,1,1,1,0.9206182360649109,0.9206182360649109,0.8766069412231445,0.9206182360649109,P3,0.8766069412231445,0.9206182360649109,P3,1,1,1,1,1,final_tp
09002200122002161245249786G_1295131500_482257700,6246,0,P,"[865.9993286132812, 776.0005493164062, 884.9996948242188, 784.0]",151.99249247461557,small,Q1,2.3752088690171904,"[2,4)",0.4178621172904968,2.668122760951519e-05,MC,P3,0,0,0,0,0.0,0.0,0.10252799093723297,4.290449942345731e-05,P3,0.0,0.0034356589894741774,P3,0,0,0,0,0,raw_geometry_failure
09002200122002161245249786G_1295131500_482257700,6246,1,LC,"[579.0003051757812, 622.0001831054688, 664.9999389648438, 789.9996337890625]",14447.891235552728,large,Q3,1.953490303175687,"[1,2)",0.8692463040351868,0.059373047202825546,LC,P4,1,1,1,1,0.4963928461074829,0.4963928461074829,0.8223210573196411,0.4963928461074829,P4,0.8223210573196411,0.4963928461074829,P4,1,1,1,1,1,final_tp
09002200122002161245249786G_1295131500_482257700,6246,2,MC,"[508.00030517578125, 628.9996948242188, 540.0003051757812, 637.9995727539062]",287.99609375,small,Q1,3.555603781518304,"[2,4)",0.761115550994873,0.21287928521633148,MC,P3,1,1,1,1,0.6194685697555542,0.21287928521633148,0.7274526953697205,0.6194685697555542,P3,0.7274526953697205,0.6194685697555542,P3,1,0,1,1,1,final_tp
09002200122002161255294006G_1295158300_482236500,6247,0,LC,"[379.0003356933594, 639.0006103515625, 473.0004577636719, 789.000244140625]",14099.983886674047,large,Q3,1.5957387127312677,"[1,2)",0.9714308381080627,0.006862643174827099,LC,P4,1,1,1,1,0.34861740469932556,0.1644950956106186,0.45789235830307007,0.41764071583747864,P3,0.8823164105415344,0.09876570850610733,P4,1,1,1,1,1,final_tp
09002200122002161255294006G_1295158300_482236500,6247,1,MC,"[604.000244140625, 632.00048828125, 646.0006103515625, 643.000244140625]",461.99377432465553,small,Q1,3.8182998557318832,"[2,4)",0.7853999733924866,0.5562413930892944,MC,P3,1,1,1,1,0.8433715105056763,0.8433715105056763,0.7830443382263184,0.8433715105056763,P3,0.7830443382263184,0.8433715105056763,P3,1,1,1,1,1,final_tp
09002200122002161314011386G_1295355100_482137900,6248,0,LC,"[342.9995422363281, 583.0001220703125, 500.9996643066406, 782.0001220703125]",31442.024291992188,large,Q4,1.2594926978059038,"[1,2)",0.9129660129547119,9.389826300321147e-05,LC,P4,1,1,1,1,0.9368501901626587,0.9368501901626587,0.8582538962364197,0.9368501901626587,P5,0.8582538962364197,0.9368501901626587,P5,1,1,1,1,1,final_tp
09002200122002161516405086G_1295331900_482134900,6249,0,LC,"[950.99951171875, 713.9999389648438, 1023.99951171875, 733.9996337890625]",1459.9777221679688,medium,Q2,3.650055695429923,"[2,4)",0.9623607993125916,0.04323083162307739,LC,P3,1,1,1,1,0.044264160096645355,0.044264160096645355,0.8938618898391724,0.044264160096645355,P3,0.8938618898391724,0.044264160096645355,P3,1,1,0,0,1,final_tp
09002200122002161516405086G_1295331900_482134900,6249,1,LC,"[446.99957275390625, 684.0003051757812, 467.9997253417969, 776.9999389648438]",1953.0065001882613,medium,Q2,4.428521811917173,"[4,8)",0.8526508808135986,0.03282453864812851,LC,P4,1,1,1,1,0.7018901109695435,0.08181378245353699,0.6317877769470215,0.7018901109695435,P3,0.8219754695892334,0.08181378245353699,P4,1,1,1,1,1,final_tp
09002200122002161516405086G_1295331900_482134900,6249,2,MC,"[71.99999237060547, 622.0001831054688, 105.9998779296875, 629.0001831054688]",237.99919891357422,small,Q1,4.85712650844029,"[4,8)",0.6756025552749634,0.4240152835845947,MC,P3,1,0,1,0,0.6872131824493408,0.0,0.6040904521942139,0.6872131824493408,P3,0.6040904521942139,0.6872131824493408,P3,1,0,1,1,1,final_tp
09002200122002161516405086G_1295331900_482134900,6249,3,MC,"[24.000003814697266, 633.0005493164062, 64.99994659423828, 642.0004272460938]",368.99448014004156,small,Q1,4.555610987155316,"[4,8)",0.529697597026825,0.6459733247756958,MC,P3,1,0,1,0,0.6459733247756958,0.0,0.529697597026825,0.6459733247756958,P3,0.529697597026825,0.6459733247756958,P3,1,0,1,1,1,final_tp
09002200122002161516405086G_1295331900_482134900,6249,4,MC,"[236.00027465820312, 726.0001831054688, 318.0001220703125, 753.0]",2213.9808655064553,medium,Q2,3.037051981960598,"[2,4)",0.9768624901771545,0.8656190037727356,MC,P3,1,1,1,1,0.9208075404167175,0.9208075404167175,0.9454532861709595,0.9208075404167175,P3,0.9454532861709595,0.9208075404167175,P3,1,1,1,1,1,final_tp
09002200122002161516405086G_1295331900_482134900,6249,5,TC,"[957.0001831054688, 694.0000610351562, 1023.0001831054688, 713.9999389648438]",1319.991943359375,medium,Q1,3.300020141724498,"[2,4)",0.8395947217941284,0.0010897922329604626,TC,P3,1,1,1,1,0.0023660180158913136,0.0023660180158913136,0.39678555727005005,0.006144215818494558,P3,0.8395947217941284,0.0010897922329604626,P3,1,1,0,0,1,final_tp
09002200122002161516405086G_1295331900_482134900,6249,6,LC,"[624.9999389648438, 682.0004272460938, 704.9999389648438, 753.00048828125]",5680.0048828125,medium,Q2,1.126759594761297,"[1,2)",0.9095661044120789,0.008062128908932209,LC,P4,1,1,1,1,0.012675482779741287,0.008062128908932209,0.6842666268348694,0.012675482779741287,P3,0.7690019011497498,0.007345381658524275,P4,1,1,0,0,1,final_tp
09002200122002161521480196G_1295422900_482071400,6250,0,LC,"[1.0004425048828125, 699.9996948242188, 175.00059509277344, 765.9996948242188]",11484.010070800781,large,Q3,2.636365948301373,"[2,4)",0.9709147810935974,0.13195310533046722,LC,P4,1,1,1,1,0.7019553780555725,0.7019553780555725,0.8683370351791382,0.7019553780555725,P4,0.8683370351791382,0.7019553780555725,P4,1,1,1,1,1,final_tp
09002200122002161521480196G_1295422900_482071400,6250,1,LC,"[547.999755859375, 564.9996948242188, 593.9999389648438, 790.99951171875]",10396.032958950847,large,Q3,4.913019941167651,"[4,8)",0.9326319694519043,0.3573910892009735,LC,P4,1,1,1,1,0.8815232515335083,0.8815232515335083,0.8923090696334839,0.8815232515335083,P4,0.8923090696334839,0.8815232515335083,P4,1,1,1,1,1,final_tp
09002200122002171321458587C_1296141600_482682200,6125,0,P,"[681.9998779296875, 664.9999389648438, 751.0000610351562, 693.99951171875]",2000.975829999894,medium,Q2,2.3793517129032327,"[2,4)",0.9011144042015076,0.17698977887630463,P,P3,1,1,1,1,0.4725991189479828,0.4725991189479828,0.8545347452163696,0.4725991189479828,P3,0.8545347452163696,0.4725991189479828,P3,1,1,1,1,1,final_tp
09002200122002171321458587C_1296141600_482682200,6125,1,LC,"[552.9994506835938, 648.9999389648438, 571.999755859375, 759.99951171875]",2109.0257567055523,medium,Q2,5.841988943177182,"[4,8)",0.8669258952140808,0.011744140647351742,LC,P3,1,1,1,1,0.7042715549468994,0.6785027980804443,0.7287987470626831,0.7042715549468994,P3,0.7287987470626831,0.7042715549468994,P3,1,0,1,1,1,final_tp
09002200122002171321458587C_1296141600_482682200,6125,2,AC,"[779.999755859375, 728.9999389648438, 1023.99951171875, 828.9996948242188]",24399.916015684605,large,Q4,2.4400035156335833,"[2,4)",0.8225436806678772,0.0001754451950546354,LC,P4,1,1,0,0,0.0009407690959051251,0.00029018684290349483,0.3727308511734009,0.7512714266777039,P5,0.3727308511734009,0.7512714266777039,P5,0,0,0,0,0,confidence_filter_loss
09002200122002171321458587C_1296141600_482682200,6125,3,P,"[711.0000610351562, 693.000244140625, 796.9996948242188, 732.0003051757812]",3353.9909667745233,medium,Q2,2.2051153640897874,"[2,4)",0.843630850315094,0.021670442074537277,P,P3,1,1,1,1,0.35230493545532227,0.35230493545532227,0.7564228773117065,0.35230493545532227,P3,0.7564228773117065,0.35230493545532227,P3,1,1,1,1,1,final_tp
0900220012200306102451330HG_1293777400_485327300,6291,0,TC,"[385.9998474121094, 665.9999389648438, 680.9999389648438, 678.0001220703125]",3540.0551147628576,medium,Q2,24.58296585643733,"[16,inf)",0.8228691816329956,0.09412598609924316,TC,P3,1,1,1,1,0.321870893239975,0.13252776861190796,0.6836276650428772,0.321870893239975,P5,0.7913352251052856,0.014335433952510357,P3,1,1,1,1,1,final_tp
0900220012200306102545235HG_1293796400_485231400,6292,0,P,"[536.9994506835938, 728.0, 548.999755859375, 733.0001831054688]",60.003723200410604,small,Q1,2.3999731455146907,"[2,4)",0.36133578419685364,0.10513383895158768,P,P3,0,0,0,0,0.0,0.0,0.36133578419685364,0.10513383895158768,P3,0.36133578419685364,0.10513383895158768,P3,0,0,0,0,0,raw_geometry_failure
0900220012200306102545235HG_1293796400_485231400,6292,1,LC,"[538.0004272460938, 624.0005493164062, 560.0, 655.0]",681.9746706448495,small,Q1,1.4090933051456411,"[1,2)",0.771470844745636,0.028375718742609024,LC,P3,1,1,1,1,0.028375718742609024,0.028375718742609024,0.20567479729652405,0.24147750437259674,P3,0.771470844745636,0.028375718742609024,P3,1,1,0,0,1,final_tp
0900220012200306102545235HG_1293796400_485231400,6292,2,LC,"[547.999755859375, 680.9999389648438, 562.999267578125, 695.0]",209.99407956004143,small,Q1,1.0713890233109684,"[1,2)",0.5269783735275269,0.06971695274114609,LC,P3,1,0,1,0,0.06971695274114609,0.0,0.5269783735275269,0.06971695274114609,P3,0.5269783735275269,0.06971695274114609,P3,1,0,0,0,1,final_tp
0900220012200306102545235HG_1293796400_485231400,6292,3,TC,"[350.99951171875, 658.0004272460938, 759.99951171875, 681.0005493164062]",9407.049926757812,large,Q3,17.78251431664871,"[16,inf)",0.9322243928909302,0.2588222920894623,TC,P4,1,1,1,1,0.7258123159408569,0.7258123159408569,0.8029686212539673,0.7258123159408569,P5,0.8029686212539673,0.7258123159408569,P5,1,1,1,1,1,final_tp
0900220012200306102545235HG_1293796400_485231400,6292,4,LC,"[635.0003662109375, 745.9999389648438, 655.0001220703125, 758.9995727539062]",259.98950204253197,small,Q1,1.5384860976777817,"[1,2)",0.34322676062583923,0.0013908639084547758,LC,P3,0,0,0,0,0.0,0.0,0.18253301084041595,0.0024083012249320745,P3,0.34322676062583923,0.0013908639084547758,P3,0,0,0,0,0,raw_geometry_failure
0900220012200306102557591HG_1293797900_485212400,6293,0,LC,"[440.0005798339844, 708.9996948242188, 490.0003967285156, 763.9998168945312]",2749.996032692492,medium,Q2,1.1000064697502554,"[1,2)",0.755466878414154,0.18153680860996246,LC,P3,1,1,1,1,0.5565671324729919,0.18153680860996246,0.5503287315368652,0.5565671324729919,P4,0.755466878414154,0.18153680860996246,P3,1,1,1,1,1,final_tp
0900220012200306102557591HG_1293797900_485212400,6293,1,LC,"[533.9995727539062, 601.9999389648438, 650.9998779296875, 756.9996337890625]",18135.011596586555,large,Q3,1.324780260968954,"[1,2)",0.8427558541297913,0.032748375087976456,LC,P4,1,1,1,1,0.8721316456794739,0.42724326252937317,0.7038543224334717,0.8721316456794739,P4,0.7038543224334717,0.8721316456794739,P4,1,0,1,1,1,final_tp
0900220012200306102557591HG_1293797900_485212400,6293,2,TC,"[344.0, 662.0006713867188, 800.9999389648438, 691.000244140625]",13252.802978541702,large,Q3,15.758850754216223,"[8,16)",0.8204254508018494,0.17358213663101196,TC,P4,1,1,1,1,0.17358213663101196,0.17358213663101196,0.3929511606693268,0.40339115262031555,P5,0.8204254508018494,0.17358213663101196,P4,1,1,0,0,1,final_tp
0900220012200306102615307HG_1293800100_485185400,6294,0,AC,"[269.0002136230469, 662.000244140625, 448.9999694824219, 752.9999389648438]",16379.922851637006,large,Q3,1.9780259286261879,"[1,2)",0.8866447806358337,0.00045649323146790266,AC,P4,1,1,1,1,0.5906053781509399,0.5874344706535339,0.7116398215293884,0.5906053781509399,P4,0.714357852935791,0.029058458283543587,P5,1,0,1,1,1,final_tp
0900220012200306102615307HG_1293800100_485185400,6294,1,AC,"[0.9999145865440369, 595.0003051757812, 372.99969482421875, 709.0001831054688]",42407.93023684248,large,Q4,3.263159515016271,"[2,4)",0.9438988566398621,0.002308027818799019,AC,P5,1,1,1,1,0.9220748543739319,0.9220748543739319,0.8654679656028748,0.9220748543739319,P5,0.8654679656028748,0.9220748543739319,P5,1,1,1,1,1,final_tp
0900220012200306102615307HG_1293800100_485185400,6294,2,TC,"[375.00006103515625, 643.000244140625, 723.0003662109375, 661.0001831054688]",6263.984252911061,medium,Q3,19.33341584410212,"[16,inf)",0.544807493686676,0.0054982444271445274,TC,P3,1,0,1,0,0.02240852266550064,0.0,0.3564309775829315,0.3689626157283783,P4,0.5149412751197815,0.02240852266550064,P4,1,0,0,0,1,final_tp
0900220012200306102631074HG_1293801200_485173400,6295,0,AC,"[1.0004425048828125, 660.9996948242188, 175.00059509277344, 708.9996948242188]",8352.00732421875,medium,Q3,3.625003178914388,"[2,4)",0.7460016012191772,4.839915709453635e-05,LC,P3,1,0,1,0,0.2367764711380005,0.0,0.23655912280082703,0.849611759185791,P5,0.637138307094574,0.0019344211323186755,P3,1,0,0,0,1,final_tp
0900220012200306102631074HG_1293801200_485173400,6295,1,TC,"[874.9998168945312, 745.00048828125, 1024.0, 790.0001831054688]",6704.962768498808,medium,Q3,3.3111376352107422,"[2,4)",0.9173418879508972,0.012243472039699554,TC,P4,1,1,1,1,0.5253581404685974,0.5253581404685974,0.8899177312850952,0.5253581404685974,P4,0.8899177312850952,0.5253581404685974,P4,1,1,1,1,1,final_tp
0900220012200306102631074HG_1293801200_485173400,6295,2,LC,"[245.0001983642578, 639.0001220703125, 397.000732421875, 751.0000610351562]",17024.05053707678,large,Q3,1.3571483651016045,"[1,2)",0.9281074404716492,0.0017620642902329564,LC,P4,1,1,1,1,0.7785749435424805,0.7785749435424805,0.859431803226471,0.7785749435424805,P4,0.859431803226471,0.7785749435424805,P4,1,1,1,1,1,final_tp
0900220012200306102631074HG_1293801200_485173400,6295,3,LC,"[128.9993896484375, 633.0, 334.9995422363281, 725.000244140625]",18952.06433109194,large,Q3,2.2391261513720933,"[2,4)",0.8451651930809021,0.008875170722603798,LC,P4,1,1,1,1,0.23750682175159454,0.164915531873703,0.728484570980072,0.23750682175159454,P4,0.728484570980072,0.23750682175159454,P4,1,0,0,0,1,final_tp
0900220012200306102655565HG_1293804200_485136500,6296,0,AC,"[0.9994171261787415, 597.9996948242188, 337.9998474121094, 704.9994506835938]",36058.9634398371,large,Q4,3.149543889511284,"[2,4)",0.9002244472503662,0.09774529188871384,AC,P5,1,1,1,1,0.7650823593139648,0.7650823593139648,0.7517194151878357,0.7650823593139648,P5,0.7559232711791992,0.0029495737981051207,P5,1,1,1,1,1,final_tp
0900220012200306102655565HG_1293804200_485136500,6296,1,TC,"[383.9999694824219, 650.9998779296875, 732.9996337890625, 661.0001831054688]",3490.103149311617,medium,Q2,34.89890140071409,"[16,inf)",0.7199209332466125,0.1664915531873703,TC,P3,1,0,1,0,0.5245359539985657,0.0,0.6689363718032837,0.5245359539985657,P4,0.6765161752700806,0.23298706114292145,P3,1,0,1,1,1,final_tp
0900220012200306102710958HG_1293806100_485114900,6297,0,AC,"[0.9999237060546875, 652.0001831054688, 212.00027465820312, 720.0]",14347.985229427926,large,Q3,3.1029546929429705,"[2,4)",0.8079879283905029,0.08656986802816391,AC,P4,1,1,1,1,0.7676630616188049,0.15111353993415833,0.501937210559845,0.7676630616188049,P5,0.7365702986717224,0.3159257471561432,P4,1,0,1,1,1,final_tp
0900220012200306102710958HG_1293806100_485114900,6297,1,AC,"[429.0007019042969, 613.0003051757812, 508.00030517578125, 642.0]",2290.9643861074,medium,Q2,2.724152917826873,"[2,4)",0.759251594543457,0.17102265357971191,AC,P4,1,1,1,1,0.22195550799369812,0.17102265357971191,0.376302033662796,0.22702939808368683,P4,0.759251594543457,0.17102265357971191,P4,1,1,0,0,1,final_tp
0900220012200306102710958HG_1293806100_485114900,6297,2,MC,"[492.00030517578125, 615.9994506835938, 520.00048828125, 622.9995727539062]",196.004699729383,small,Q1,3.9999564042200717,"[2,4)",0.6169326901435852,0.12384636700153351,MC,P3,1,0,1,0,0.12384636700153351,0.0,0.6169326901435852,0.12384636700153351,P3,0.6169326901435852,0.12384636700153351,P3,1,0,0,0,1,final_tp
0900220012200306102724162HG_1293807000_485095000,6298,0,AC,"[356.0002746582031, 718.9995727539062, 845.0001831054688, 760.9999389648438]",20538.175231900066,large,Q4,11.642753446276451,"[8,16)",0.7799566388130188,9.80139448074624e-05,TC,P4,1,1,1,0,0.2501406669616699,9.80139448074624e-05,0.46446695923805237,0.5445805191993713,P5,0.5818448662757874,0.006758554372936487,P4,1,0,0,1,1,final_tp
0900220012200306102724162HG_1293807000_485095000,6298,1,AC,"[72.99993133544922, 616.0000610351562, 318.0001220703125, 699.9998168945312]",20579.955566361547,large,Q4,2.916677323629684,"[2,4)",0.8934974670410156,0.1195347011089325,AC,P4,1,1,1,1,0.8508599400520325,0.8508599400520325,0.8409845232963562,0.8508599400520325,P5,0.8409845232963562,0.8508599400520325,P5,1,1,1,1,1,final_tp
0900220012200306102905319HG_1293811400_485005800,6299,0,AC,"[299.9997863769531, 580.999755859375, 717.0001831054688, 760.99951171875]",75059.96960439533,large,Q4,2.3166720129014933,"[2,4)",0.9246413707733154,0.00027257241890765727,LC,P5,1,1,1,1,0.8860535025596619,0.8860535025596619,0.8600856065750122,0.8860535025596619,P5,0.8600856065750122,0.8860535025596619,P5,1,1,1,1,1,final_tp
0900220012200306102920336HG_1293815300_484982100,6300,0,AC,"[309.0007629394531, 591.9994506835938, 756.0003051757812, 763.999755859375]",76884.05767808296,large,Q4,2.598829936839371,"[2,4)",0.9615727663040161,0.00701556820422411,AC,P5,1,1,1,1,0.8067834973335266,0.3894002437591553,0.5090739130973816,0.8067834973335266,P5,0.8099552392959595,0.3894002437591553,P5,1,1,1,1,1,final_tp
0900220012200306102920336HG_1293815300_484982100,6300,1,LC,"[755.0004272460938, 687.9994506835938, 1018.0004272460938, 802.9998168945312]",30245.096313476562,large,Q4,2.286949239079784,"[2,4)",0.8929526209831238,7.050938438624144e-05,AC,P4,1,1,0,0,0.0006073901313357055,0.00019967790285591036,0.1966962367296219,0.002019532723352313,P5,0.1966962367296219,0.002019532723352313,P5,0,0,0,0,0,confidence_filter_loss
0900220012200306102928353HG_1293817500_484968800,6301,0,AC,"[387.0003356933594, 603.0003662109375, 1024.0, 815.0]",135043.68908704817,large,Q4,3.0047204441063835,"[2,4)",0.9390007257461548,0.3857399821281433,AC,P5,1,1,1,1,0.943198025226593,0.943198025226593,0.9153327941894531,0.943198025226593,P5,0.9153327941894531,0.943198025226593,P5,1,1,1,1,1,final_tp
0900220012200306102928353HG_1293817500_484968800,6301,1,MC,"[272.9994201660156, 696.99951171875, 332.9996337890625, 708.999755859375]",720.0172119662166,small,Q1,4.999916078367546,"[4,8)",0.7340531945228577,0.2913176119327545,MC,P3,1,0,1,0,0.5370757579803467,0.0,0.6949267387390137,0.5370757579803467,P3,0.6949267387390137,0.5370757579803467,P3,1,0,1,1,1,final_tp
0900220012200306102950355HG_1293822900_484935000,6302,0,AC,"[309.9996032714844, 604.000244140625, 1024.0, 831.0006103515625]",162078.3446046263,large,Q4,3.145370988289335,"[2,4)",0.9541990160942078,0.00019852576951961964,TC,P5,1,1,1,1,0.9344213604927063,0.9344213604927063,0.8798515796661377,0.9344213604927063,P5,0.8798515796661377,0.9344213604927063,P5,1,1,1,1,1,final_tp
0900220012200306103303670HG_1293826400_484918900,6303,0,AC,"[269.9996032714844, 591.0000610351562, 815.99951171875, 770.0004272460938]",97734.17810054123,large,Q4,3.05027240718754,"[2,4)",0.9147516489028931,0.16853611171245575,AC,P5,1,1,1,1,0.751226544380188,0.751226544380188,0.8778257966041565,0.751226544380188,P5,0.8778257966041565,0.751226544380188,P5,1,1,1,1,1,final_tp
0900220012200306103436018HG_1293804900_485075800,6304,0,AC,"[320.9998779296875, 599.0000610351562, 809.9999389648438, 773.9996337890625]",85574.80175778642,large,Q4,2.79429288506215,"[2,4)",0.9874715209007263,0.001120922272093594,AC,P5,1,1,1,1,0.9030044674873352,0.9030044674873352,0.9705032706260681,0.9030044674873352,P5,0.9705032706260681,0.9030044674873352,P5,1,1,1,1,1,final_tp
0900220012200306103436018HG_1293804900_485075800,6304,1,MC,"[641.00048828125, 659.0003662109375, 687.0005493164062, 666.999755859375]",367.9724120721221,small,Q1,5.750446353634158,"[4,8)",0.7598982453346252,0.886146068572998,MC,P3,1,1,1,1,0.9016238451004028,0.886146068572998,0.7177722454071045,0.9016238451004028,P3,0.7177722454071045,0.9016238451004028,P3,1,0,1,1,1,final_tp
0900220012200306103450098HG_1293807800_485104400,6305,0,AC,"[379.99981689453125, 581.0001831054688, 744.0, 755.9996948242188]",63699.854308992624,large,Q4,2.0800068499075053,"[2,4)",0.8763213753700256,0.004290434066206217,AC,P5,1,1,1,1,0.8618476390838623,0.6148293614387512,0.6786161065101624,0.8618476390838623,P5,0.8004426956176758,0.0012195226736366749,P5,1,1,1,1,1,final_tp
0900220012200306103544182HG_1293800000_485198800,6306,0,AC,"[0.9999298453330994, 642.9998168945312, 205.0001983642578, 719.9994506835938]",15707.946441549808,large,Q3,2.6493668166923228,"[2,4)",0.8911857008934021,0.00016464699001517147,AC,P3,1,1,1,1,0.8993945717811584,0.011369450949132442,0.6033682227134705,0.8993945717811584,P5,0.6033682227134705,0.8993945717811584,P5,1,0,1,1,1,final_tp
0900220012200306103544182HG_1293800000_485198800,6306,1,AC,"[297.9993591308594, 622.0001831054688, 748.9996337890625, 767.0006713867188]",65395.26004041731,large,Q4,3.1103362478574628,"[2,4)",0.915260910987854,0.8318872451782227,AC,P5,1,1,1,1,0.8525519967079163,0.8525519967079163,0.9143834114074707,0.8525519967079163,P5,0.9143834114074707,0.8525519967079163,P5,1,1,1,1,1,final_tp
0900220012200306103544182HG_1293800000_485198800,6306,2,AC,"[714.0004272460938, 676.0003662109375, 1024.0, 817.0]",43709.82623306662,large,Q4,2.198584240422001,"[2,4)",0.9564160704612732,0.0018747493159025908,AC,P4,1,1,1,1,0.20017948746681213,0.20017948746681213,0.4463629722595215,0.21035872399806976,P5,0.8676936626434326,0.20017948746681213,P5,1,1,0,0,1,final_tp
0900220012200306103602786HG_1293797700_485224300,6307,0,AC,"[351.00054931640625, 607.0000610351562, 739.0003051757812, 761.9998168945312]",60139.86743170023,large,Q4,2.503228174187522,"[2,4)",0.9175318479537964,0.00027232980937696993,AC,P5,1,1,1,1,0.9355924725532532,0.9355924725532532,0.8794137835502625,0.9355924725532532,P5,0.8794137835502625,0.9355924725532532,P5,1,1,1,1,1,final_tp
0900220012200306103602786HG_1293797700_485224300,6307,1,LC,"[619.9998168945312, 629.0001831054688, 866.9998168945312, 760.0005493164062]",32357.090454101562,large,Q4,1.8854909123099646,"[1,2)",0.865128219127655,0.007175655569881201,LC,P4,1,1,1,1,0.22997672855854034,0.22997672855854034,0.4024723470211029,0.8815752267837524,P5,0.8252543210983276,0.22997672855854034,P4,1,1,0,0,1,final_tp
0900220012200306103602786HG_1293797700_485224300,6307,2,LC,"[898.0004272460938, 748.9996948242188, 1024.0, 787.9998168945312]",4913.998718209565,medium,Q2,3.230748163473547,"[2,4)",0.8597893118858337,0.021205931901931763,LC,P3,1,1,1,1,0.03480273112654686,0.03480273112654686,0.8296511173248291,0.03480273112654686,P4,0.8296511173248291,0.03480273112654686,P4,1,1,0,0,1,final_tp
0900220012200306103602786HG_1293797700_485224300,6307,3,TC,"[867.9998168945312, 752.0, 899.9998168945312, 759.0000610351562]",224.001953125,small,Q1,4.57138871208224,"[4,8)",0.2857317626476288,0.00045300083002075553,MC,P3,0,0,0,0,0.0,0.0,0.16687986254692078,0.0027687118854373693,P3,0.16687986254692078,0.0027687118854373693,P3,0,0,0,0,0,raw_geometry_failure
0900220012200306103750701HG_1293786200_485278900,6308,0,AC,"[320.9999084472656, 618.999755859375, 1023.99951171875, 800.0001220703125]",127243.19116197526,large,Q4,3.8839680189916743,"[2,4)",0.9160399436950684,0.0002985777973663062,TC,P5,1,1,1,1,0.9108901619911194,0.9108901619911194,0.8982183933258057,0.9108901619911194,P5,0.8982183933258057,0.9108901619911194,P5,1,1,1,1,1,final_tp
09002200122003061503213796G_1294528600_484400800,6498,0,LC,"[637.9996337890625, 596.9996337890625, 884.99951171875, 768.9999389648438]",42484.054382286966,large,Q4,1.4360432539771253,"[1,2)",0.8091985583305359,0.002522796392440796,LC,P5,1,1,1,1,0.3672744929790497,0.3672744929790497,0.7622191309928894,0.3672744929790497,P5,0.7622191309928894,0.3672744929790497,P5,1,1,1,1,1,final_tp
09002200122003061503213796G_1294528600_484400800,6498,1,MC,"[693.000244140625, 708.0001831054688, 764.9996948242188, 727.0006103515625]",1368.020324472338,medium,Q1,3.789359562869616,"[2,4)",0.9474844932556152,0.5636366605758667,MC,P3,1,1,1,1,0.8907048106193542,0.8907048106193542,0.894773542881012,0.8907048106193542,P3,0.894773542881012,0.8907048106193542,P3,1,1,1,1,1,final_tp
09002200122003061503213796G_1294528600_484400800,6498,2,P,"[13.999621391296387, 696.9999389648438, 43.999752044677734, 707.000244140625]",300.010452310089,small,Q1,2.9999214196344104,"[2,4)",0.7585297226905823,0.034693483263254166,P,P3,1,1,1,1,0.034693483263254166,0.034693483263254166,0.7585297226905823,0.034693483263254166,P3,0.7585297226905823,0.034693483263254166,P3,1,1,0,0,1,final_tp
09002200122003061503213796G_1294528600_484400800,6498,3,AC,"[0.9994659423828125, 609.9998779296875, 771.999755859375, 826.9998168945312]",167307.01916502044,large,Q4,3.5529977973896636,"[2,4)",0.715268075466156,0.0004073946620337665,AC,P5,1,0,1,0,0.8592925667762756,0.0,0.5806950330734253,0.8592925667762756,P5,0.5806950330734253,0.8592925667762756,P5,1,0,1,1,1,final_tp
0900220012200306152600103HG_1294441000_485184400,6309,0,LP,"[472.0, 648.00048828125, 488.0, 698.0003662109375]",799.998046875,small,Q1,3.1249923706054688,"[2,4)",0.9264209270477295,0.060396790504455566,LP,P4,1,1,1,1,0.819668173789978,0.819668173789978,0.786628246307373,0.819668173789978,P3,0.786628246307373,0.819668173789978,P3,1,1,1,1,1,final_tp
0900220012200306152600103HG_1294441000_485184400,6309,1,TP,"[260.9996337890625, 620.0003051757812, 465.9993591308594, 638.0001831054688]",3689.970031771809,medium,Q2,11.38895086636601,"[8,16)",0.9622778296470642,0.03205335885286331,TP,P3,1,1,1,1,0.6297507882118225,0.03409364074468613,0.5924131274223328,0.6297507882118225,P4,0.8277931213378906,0.03409364074468613,P3,1,1,1,1,1,final_tp
0900220012200306152600103HG_1294441000_485184400,6309,2,LP,"[535.0, 599.0000610351562, 553.0, 613.0001831054688]",252.002197265625,small,Q1,1.28570307527313,"[1,2)",0.3806469738483429,0.06544456630945206,LP,P3,0,0,0,0,0.0,0.0,0.30932751297950745,0.14047275483608246,P3,0.30932751297950745,0.14047275483608246,P3,0,0,0,0,0,raw_geometry_failure
0900220012200306152626168HG_1294401300_485147500,6310,0,TP,"[190.0001220703125, 654.9995727539062, 577.9999389648438, 686.9995727539062]",12415.994140625,large,Q3,12.124994277954102,"[8,16)",0.9226488471031189,0.6050670742988586,TP,P5,1,1,1,1,0.7465781569480896,0.7465781569480896,0.8793591260910034,0.7465781569480896,P5,0.8793591260910034,0.7465781569480896,P5,1,1,1,1,1,final_tp
0900220012200306152626168HG_1294401300_485147500,6310,1,TP,"[1.000451683998108, 718.0001220703125, 122.0003662109375, 760.00048828125]",5082.04078671243,medium,Q2,2.8809252631028257,"[2,4)",0.9007865786552429,0.005195509176701307,TP,P3,1,1,1,1,0.2508642077445984,0.19967502355575562,0.726003110408783,0.2508642077445984,P4,0.726003110408783,0.2508642077445984,P4,1,0,1,1,1,final_tp
0900220012200306152648243HG_1294367800_485115500,6311,0,LP,"[362.9997863769531, 615.0, 426.99981689453125, 682.9998168945312]",4351.990356439725,medium,Q2,1.062496632339176,"[1,2)",0.9330195188522339,0.014482186175882816,LP,P3,1,1,1,1,0.8093389272689819,0.7952349185943604,0.6579539179801941,0.8093389272689819,P4,0.8628692626953125,0.7952349185943604,P3,1,1,1,1,1,final_tp
0900220012200306152648243HG_1294367800_485115500,6311,1,TP,"[300.0002746582031, 711.99951171875, 834.0, 750.9996337890625]",20826.055664032698,large,Q4,13.692258575412612,"[8,16)",0.8066946864128113,0.03163930028676987,TP,P4,1,1,1,1,0.16766250133514404,0.03163930028676987,0.5705239176750183,0.16766250133514404,P4,0.8066946864128113,0.03163930028676987,P4,1,1,0,0,1,final_tp
0900220012200306152648243HG_1294367800_485115500,6311,2,LP,"[618.9998779296875, 620.9996948242188, 665.0, 688.99951171875]",3127.9998779073358,medium,Q2,1.4782529661680373,"[1,2)",0.9408711791038513,0.8894416689872742,LP,P3,1,1,1,1,0.8894416689872742,0.8894416689872742,0.9408711791038513,0.8894416689872742,P3,0.9408711791038513,0.8894416689872742,P3,1,1,1,1,1,final_tp
0900220012200306152648243HG_1294367800_485115500,6311,3,LP,"[654.99951171875, 640.9999389648438, 785.9999389648438, 724.0003051757812]",10873.083435215056,large,Q3,1.578311436761239,"[1,2)",0.8873494267463684,0.47045210003852844,LP,P4,1,1,1,1,0.8849175572395325,0.8849175572395325,0.8702369928359985,0.8849175572395325,P4,0.8702369928359985,0.8849175572395325,P4,1,1,1,1,1,final_tp
0900220012200306152648243HG_1294367800_485115500,6311,4,LP,"[637.0006713867188, 601.9999389648438, 645.0001831054688, 614.99951171875]",103.99023458361626,small,Q1,1.6250457791613258,"[1,2)",0.22744257748126984,0.1049652025103569,LP,P3,0,0,0,0,0.0,0.0,0.18694433569908142,0.33279895782470703,P3,0.22744257748126984,0.1049652025103569,P3,0,0,0,0,0,raw_geometry_failure
0900220012200306153115608HG_1294344500_485096300,6312,0,LC,"[658.999755859375, 657.9998779296875, 1016.0, 817.9999389648438]",57120.06085206568,large,Q4,2.2312506747243215,"[2,4)",0.9427990317344666,0.004254130180925131,LC,P5,1,1,1,1,0.801795244216919,0.801795244216919,0.841139018535614,0.801795244216919,P5,0.841139018535614,0.801795244216919,P5,1,1,1,1,1,final_tp
0900220012200306153115608HG_1294344500_485096300,6312,1,LP,"[481.9999084472656, 598.0001220703125, 556.0003051757812, 760.0]",11988.055236767977,large,Q3,2.1891758029894692,"[2,4)",0.823077380657196,0.004691400099545717,LP,P4,1,1,1,1,0.005723350215703249,0.004691400099545717,0.2900178134441376,0.37879228591918945,P3,0.823077380657196,0.004691400099545717,P4,1,1,0,0,1,final_tp
0900220012200306153115608HG_1294344500_485096300,6312,2,LP,"[505.9999084472656, 683.9996948242188, 518.0001220703125, 752.9999389648438]",828.0176697298884,small,Q1,5.749917985468805,"[4,8)",0.7872937917709351,0.027234012261033058,LP,P3,1,1,1,1,0.057810232043266296,0.03795073926448822,0.28457111120224,0.437787801027298,P3,0.7501330375671387,0.03795073926448822,P3,1,1,0,0,1,final_tp
0900220012200306153115608HG_1294344500_485096300,6312,3,TP,"[273.9998779296875, 634.999755859375, 576.9993896484375, 659.0003662109375]",7272.173217475414,medium,Q3,12.624658593277148,"[8,16)",0.846640408039093,0.05694335326552391,TP,P4,1,1,1,1,0.4736574590206146,0.16680021584033966,0.6680037975311279,0.4736574590206146,P3,0.7055941820144653,0.014982610940933228,P3,1,0,1,1,1,final_tp
0900220012200306153115608HG_1294344500_485096300,6312,4,LP,"[1.0004364252090454, 687.9999389648438, 215.0000457763672, 766.99951171875]",16905.877227952704,large,Q3,2.70887038766805,"[2,4)",0.9452049732208252,0.020517323166131973,LP,P4,1,1,1,1,0.9323612451553345,0.9323612451553345,0.8983974456787109,0.9323612451553345,P4,0.8983974456787109,0.9323612451553345,P4,1,1,1,1,1,final_tp
0900220012200306153115608HG_1294344500_485096300,6312,5,LP,"[592.0005493164062, 610.0004272460938, 608.00048828125, 640.9999389648438]",495.9902954399586,small,Q1,1.9374768733096057,"[1,2)",0.3837452530860901,0.008761400356888771,LP,P3,0,0,0,0,0.0,0.0,0.23209026455879211,0.023873332887887955,P3,0.3837452530860901,0.008761400356888771,P3,0,0,0,0,0,raw_geometry_failure
0900220012200306153115608HG_1294344500_485096300,6312,6,TP,"[217.99937438964844, 742.0006713867188, 266.99981689453125, 757.000244140625]",734.98570232559,small,Q1,3.266789215187607,"[2,4)",0.6998049020767212,0.3757791519165039,TP,P3,1,0,1,0,0.5164014101028442,0.0,0.6827616691589355,0.5164014101028442,P3,0.6827616691589355,0.5164014101028442,P3,1,0,1,1,1,final_tp
0900220012200306153115608HG_1294344500_485096300,6312,7,TC,"[681.9999389648438, 712.0, 964.9996948242188, 763.0004272460938]",14433.108459368348,large,Q3,5.548968334986854,"[4,8)",0.8029444813728333,0.043646931648254395,TC,P4,1,1,1,1,0.043646931648254395,0.043646931648254395,0.37341493368148804,0.12474484741687775,P3,0.8029444813728333,0.043646931648254395,P4,1,1,0,0,1,final_tp
0900220012200306153125640HG_1294330800_485084900,6313,0,LP,"[416.0, 707.999755859375, 430.0000915527344, 761.9994506835938]",756.0006713587791,small,Q1,3.8570958354677334,"[2,4)",0.9432266354560852,0.5630427002906799,LP,P3,1,1,1,1,0.7289068102836609,0.7289068102836609,0.8992792367935181,0.7289068102836609,P3,0.8992792367935181,0.7289068102836609,P3,1,1,1,1,1,final_tp
0900220012200306153125640HG_1294330800_485084900,6313,1,LP,"[450.0003356933594, 589.9995727539062, 473.0003967285156, 644.9996948242188]",1265.0061645582318,medium,Q1,2.3913033094235376,"[2,4)",0.8813533782958984,0.29815438389778137,LP,P4,1,1,1,1,0.6973081231117249,0.6973081231117249,0.8578947186470032,0.6973081231117249,P3,0.8578947186470032,0.6973081231117249,P3,1,1,1,1,1,final_tp
0900220012200306153125640HG_1294330800_485084900,6313,2,TP,"[231.0000457763672, 644.9996948242188, 433.0004577636719, 664.0]",3838.06947339233,medium,Q2,10.631429870125698,"[8,16)",0.8950169682502747,0.10212967544794083,TP,P3,1,1,1,1,0.6688382625579834,0.10212967544794083,0.5394423604011536,0.6688382625579834,P4,0.8950169682502747,0.10212967544794083,P3,1,1,1,1,1,final_tp
0900220012200306153125640HG_1294330800_485084900,6313,3,LP,"[355.9997253417969, 575.0000610351562, 423.9994812011719, 605.0001831054688]",2040.0009765326977,medium,Q2,2.266649305626198,"[2,4)",0.7426192760467529,0.0024094192776829004,LP,P3,1,0,1,0,0.0100839389488101,0.0,0.2233707159757614,0.0473654605448246,P3,0.6465835571289062,0.0034525457303971052,P3,1,0,0,0,1,final_tp
0900220012200306153125640HG_1294330800_485084900,6313,4,TP,"[440.0, 605.0001831054688, 527.0000610351562, 610.0003662109375]",435.01623536273837,small,Q1,17.399375022887344,"[16,inf)",0.42884278297424316,0.08822233229875565,TP,P3,0,0,0,0,0.0,0.0,0.42884278297424316,0.08822233229875565,P3,0.42884278297424316,0.08822233229875565,P3,0,0,0,0,0,raw_geometry_failure
0900220012200306153136642HG_1294313400_485070100,6314,0,LP,"[459.9997253417969, 638.0001831054688, 468.9997253417969, 655.0006103515625]",153.00384521484375,small,Q1,1.8889363606770833,"[1,2)",0.7486945390701294,0.5441733598709106,LP,P3,1,0,1,0,0.5441733598709106,0.0,0.7486945390701294,0.5441733598709106,P3,0.7486945390701294,0.5441733598709106,P3,1,0,1,1,1,final_tp
0900220012200306153136642HG_1294313400_485070100,6314,1,LP,"[490.9998474121094, 622.99951171875, 505.9993591308594, 636.9996948242188]",209.99591055512428,small,Q1,1.0713796816622272,"[1,2)",0.663536787033081,0.3099687695503235,LP,P3,1,0,1,0,0.3099687695503235,0.0,0.258714497089386,0.33944517374038696,P4,0.663536787033081,0.3099687695503235,P3,1,0,1,1,1,final_tp
0900220012200306153136642HG_1294313400_485070100,6314,2,LP,"[511.9999694824219, 624.0, 526.9994506835938, 641.00048828125]",254.99850438535213,small,Q1,1.1334050860320284,"[1,2)",0.8410049676895142,0.26494354009628296,LP,P3,1,1,1,1,0.26494354009628296,0.26494354009628296,0.8410049676895142,0.26494354009628296,P3,0.8410049676895142,0.26494354009628296,P3,1,1,1,1,1,final_tp
0900220012200306153136642HG_1294313400_485070100,6314,3,LP,"[375.9999694824219, 625.9998779296875, 420.0002136230469, 664.9999389648438]",1716.0122070461512,medium,Q2,1.1282096225685745,"[1,2)",0.8736833930015564,0.6332574486732483,LP,P3,1,1,1,1,0.7988229393959045,0.7988229393959045,0.841751754283905,0.7988229393959045,P3,0.841751754283905,0.7988229393959045,P3,1,1,1,1,1,final_tp
0900220012200306153136642HG_1294313400_485070100,6314,4,LP,"[491.0003356933594, 595.999755859375, 503.0006408691406, 609.9999389648438]",168.00646978244185,small,Q1,1.166652255954591,"[1,2)",0.46524661779403687,0.2618865370750427,LP,P3,0,0,0,0,0.0,0.0,0.46524661779403687,0.2618865370750427,P3,0.46524661779403687,0.2618865370750427,P3,0,0,0,0,0,raw_geometry_failure
0900220012200306153136642HG_1294313400_485070100,6314,5,TP,"[82.99979400634766, 684.0003051757812, 500.9997253417969, 741.000244140625]",23825.971008304507,large,Q4,7.3333401150246225,"[4,8)",0.8715677261352539,0.12335355579853058,TP,P4,1,1,1,1,0.5995198488235474,0.5995198488235474,0.7657988667488098,0.5995198488235474,P5,0.7657988667488098,0.5995198488235474,P5,1,1,1,1,1,final_tp
0900220012200306153136642HG_1294313400_485070100,6314,6,TC,"[364.999755859375, 693.9996337890625, 908.9996948242188, 732.9996948242188]",21216.03082275018,large,Q4,13.948694553951082,"[8,16)",0.8188081383705139,0.01975507102906704,TC,P4,1,1,1,1,0.15883198380470276,0.01975507102906704,0.5624699592590332,0.15883198380470276,P4,0.7897601127624512,0.010851954109966755,P4,1,1,0,0,1,final_tp
0900220012200306153332612HG_1294212200_485015900,6315,0,TC,"[65.99980926513672, 668.0001831054688, 1018.9998168945312, 742.0006103515625]",70522.40716552734,large,Q4,12.878304024255561,"[8,16)",0.9009966850280762,0.13126318156719208,TP,P5,1,1,1,1,0.44905731081962585,0.44905731081962585,0.810706615447998,0.44905731081962585,P5,0.810706615447998,0.44905731081962585,P5,1,1,1,1,1,final_tp
0900220012200306153332612HG_1294212200_485015900,6315,1,LP,"[470.0000915527344, 584.9999389648438, 507.9997253417969, 755.9996948242188]",6497.9281006753445,medium,Q3,4.500036942687436,"[4,8)",0.7964507341384888,0.8709686398506165,LP,P3,1,1,1,1,0.9403644800186157,0.9403644800186157,0.7749682664871216,0.9403644800186157,P3,0.7749682664871216,0.9403644800186157,P3,1,1,1,1,1,final_tp
0900220012200306153332612HG_1294212200_485015900,6315,2,LC,"[309.00018310546875, 617.9999389648438, 423.00006103515625, 733.000244140625]",13110.020751915872,large,Q3,1.008775686994251,"[1,2)",0.867096483707428,0.05166861414909363,LC,P4,1,1,1,1,0.24604542553424835,0.18549203872680664,0.3108755052089691,0.5075381994247437,P3,0.8251773118972778,0.009949881583452225,P4,1,1,0,0,1,final_tp
0900220012200307100557475HJ_1295976400_484556900,6517,0,TP,"[543.0, 641.00048828125, 889.0004272460938, 659.0003662109375]",6227.965454049408,medium,Q3,19.222376318198773,"[16,inf)",0.9231687784194946,0.005298960953950882,TP,P3,1,1,1,1,0.46521759033203125,0.4179794192314148,0.6776202321052551,0.46521759033203125,P4,0.8329618573188782,0.0030507761985063553,P3,1,1,1,1,1,final_tp
0900220012200307100557475HJ_1295976400_484556900,6517,1,LP,"[253.0001983642578, 646.99951171875, 400.0004577636719, 676.9996948242188]",4410.034698533826,medium,Q2,4.8999787395503365,"[4,8)",0.8044089078903198,0.06839978694915771,LP,P3,1,1,1,1,0.702503502368927,0.06839978694915771,0.5412233471870422,0.702503502368927,P3,0.8044089078903198,0.06839978694915771,P3,1,1,1,1,1,final_tp
0900220012200307100557475HJ_1295976400_484556900,6517,2,TC,"[885.0001831054688, 723.999755859375, 1024.0, 763.9992065429688]",5559.916320901364,medium,Q2,3.4750431448185783,"[2,4)",0.9788996577262878,0.5341262817382812,TC,P4,1,1,1,1,0.7226027250289917,0.7226027250289917,0.9536805152893066,0.7226027250289917,P4,0.9536805152893066,0.7226027250289917,P4,1,1,1,1,1,final_tp
0900220012200307100557475HJ_1295976400_484556900,6517,3,TP,"[74.0003890991211, 651.9998168945312, 294.0006408691406, 696.9994506835938]",9899.930419832468,large,Q3,4.888934100483674,"[4,8)",0.8276777267456055,0.0025012409314513206,TP,P4,1,1,1,1,0.5694823265075684,0.0025012409314513206,0.6927011609077454,0.5694823265075684,P4,0.8276777267456055,0.0025012409314513206,P4,1,1,1,1,1,final_tp
0900220012200307103714690HG_1294305600_485060200,6316,0,TC,"[51.00027084350586, 692.9996948242188, 901.0001831054688, 744.9994506835938]",44199.789306655526,large,Q4,16.34622941814443,"[16,inf)",0.9305079579353333,0.5034155249595642,TC,P5,1,1,1,1,0.7391021847724915,0.7391021847724915,0.7984662652015686,0.7391021847724915,P5,0.7984662652015686,0.7391021847724915,P5,1,1,1,1,1,final_tp
0900220012200307103714690HG_1294305600_485060200,6316,1,LC,"[456.0, 712.9994506835938, 486.0000915527344, 763.9998168945312]",1530.0156555511057,medium,Q2,1.7000070190215484,"[1,2)",0.5193503499031067,9.7843432740774e-05,LC,P3,1,0,0,0,9.7843432740774e-05,0.0,0.1080489307641983,0.0006739640375599265,P3,0.042542096227407455,0.0019765791948884726,P4,0,0,0,0,0,final_localization_or_assignment
0900220012200307103714690HG_1294305600_485060200,6316,2,LC,"[264.9994201660156, 615.0001220703125, 425.9998474121094, 739.0003662109375]",19964.092285260558,large,Q3,1.298387985942253,"[1,2)",0.8486955165863037,0.0006945853820070624,LC,P4,1,1,1,1,0.0382457971572876,0.0034885210916399956,0.40763619542121887,0.06268798559904099,P3,0.6974852681159973,0.0382457971572876,P4,1,0,0,0,1,final_tp
0900220012200307104717301HJ_1295992600_484547100,6518,0,LC,"[469.0002136230469, 592.9999389648438, 515.9998168945312, 658.0004272460938]",3054.9971616715193,medium,Q2,1.3830007863212568,"[1,2)",0.9379809498786926,0.01679936796426773,LC,P4,1,1,1,1,0.7998555898666382,0.7998555898666382,0.9048948287963867,0.7998555898666382,P4,0.9048948287963867,0.7998555898666382,P4,1,1,1,1,1,final_tp
0900220012200307104717301HJ_1295992600_484547100,6518,1,MC,"[420.000244140625, 657.0, 461.0001525878906, 665.9998168945312]",368.9916687179357,small,Q1,4.555638067723274,"[4,8)",0.8322879672050476,0.6926196217536926,MC,P3,1,1,1,1,0.6926196217536926,0.6926196217536926,0.8322879672050476,0.6926196217536926,P3,0.8322879672050476,0.6926196217536926,P3,1,1,1,1,1,final_tp
0900220012200307104717301HJ_1295992600_484547100,6518,2,MC,"[549.0001831054688, 677.0001831054688, 595.000244140625, 687.9999389648438]",505.9894409030676,small,Q1,4.181916546443236,"[4,8)",0.7792684435844421,0.8097659349441528,MC,P3,1,1,1,1,0.8278347849845886,0.8278347849845886,0.7579400539398193,0.8278347849845886,P3,0.7579400539398193,0.8278347849845886,P3,1,1,1,1,1,final_tp
0900220012200307113258908HJ_1295993200_484692400,6519,0,LC,"[383.00006103515625, 624.0005493164062, 608.0005493164062, 719.0000610351562]",21374.93652319908,large,Q4,2.3684383657399555,"[2,4)",0.673945963382721,0.0003884053439833224,LC,P4,1,0,1,0,0.05818561464548111,0.0,0.2895105183124542,0.08532224595546722,P3,0.6712567806243896,0.023310480639338493,P4,1,0,0,0,1,final_tp
0900220012200307113424787HJ_1295976700_484576600,6520,0,TC,"[425.9999084472656, 649.0004272460938, 765.9995727539062, 665.0004272460938]",5439.99462890625,medium,Q2,21.24997901916504,"[16,inf)",0.8475347757339478,0.41458600759506226,TC,P4,1,1,1,1,0.4204868674278259,0.41458600759506226,0.7442874312400818,0.4204868674278259,P4,0.7442874312400818,0.4204868674278259,P4,1,0,1,1,1,final_tp
09002200122003071150523747C_1295524500_481722400,6988,0,LC,"[518.0001220703125, 581.0001831054688, 690.999755859375, 840.9999389648438]",44979.86254891753,large,Q4,1.5028919435540036,"[1,2)",0.927456796169281,0.8507875800132751,LC,P5,1,1,1,1,0.9308453798294067,0.9308453798294067,0.9084408283233643,0.9308453798294067,P4,0.9084408283233643,0.9308453798294067,P4,1,1,1,1,1,final_tp
0900220012200307120119496HG_1293993100_484928100,6317,0,LC,"[679.99951171875, 693.9996337890625, 728.9999389648438, 771.999755859375]",3822.039306692779,medium,Q2,1.5918253463092114,"[1,2)",0.9231584668159485,0.0023832335136830807,LC,P3,1,1,1,1,0.7905686497688293,0.7905686497688293,0.8333603739738464,0.7905686497688293,P4,0.8333603739738464,0.7905686497688293,P4,1,1,1,1,1,final_tp
0900220012200307120119496HG_1293993100_484928100,6317,1,LC,"[698.9998168945312, 653.000244140625, 734.9995727539062, 697.9999389648438]",1619.9780274182558,medium,Q2,1.25,"[1,2)",0.8645954132080078,0.17613443732261658,LC,P3,1,1,1,1,0.19978782534599304,0.19978782534599304,0.8207108974456787,0.19978782534599304,P3,0.8207108974456787,0.19978782534599304,P3,1,1,0,0,1,final_tp
0900220012200307120947327HJ_1296038100_484411800,6521,0,TP,"[431.0000915527344, 661.9996337890625, 998.0001220703125, 743.0000610351562]",45927.242248535156,large,Q4,6.999963077692823,"[4,8)",0.9068052172660828,0.40467652678489685,TP,P5,1,1,1,1,0.7569440603256226,0.7569440603256226,0.8827336430549622,0.7569440603256226,P5,0.8827336430549622,0.7569440603256226,P5,1,1,1,1,1,final_tp
0900220012200307120947327HJ_1296038100_484411800,6521,1,TP,"[130.9998016357422, 697.9993896484375, 292.9997253417969, 739.999755859375]",6804.056121798232,medium,Q3,3.857107409312721,"[2,4)",0.7733179330825806,0.09370622038841248,TP,P3,1,1,1,1,0.6243990659713745,0.09370622038841248,0.6982827186584473,0.6243990659713745,P4,0.6982827186584473,0.6243990659713745,P4,1,0,1,1,1,final_tp
0900220012200307121443532HJ_1296024300_484087300,6522,0,LP,"[619.9996948242188, 629.0001831054688, 745.9998779296875, 696.0005493164062]",8442.058410711586,medium,Q3,1.8805894688512883,"[1,2)",0.6439111828804016,0.0006393007934093475,LP,P3,1,0,1,0,0.7249577641487122,0.0,0.5115677714347839,0.7249577641487122,P4,0.5115677714347839,0.7249577641487122,P4,1,0,1,1,1,final_tp
0900220012200307121443532HJ_1296024300_484087300,6522,1,TC,"[765.9996948242188, 675.0003662109375, 1023.9996337890625, 714.9998168945312]",10319.855834994465,large,Q3,6.450087052587087,"[4,8)",0.7470501661300659,0.010168111883103848,TP,P4,1,0,1,0,0.027476869523525238,0.0,0.6705381274223328,0.027476869523525238,P4,0.7030102610588074,0.009811419993638992,P4,1,0,0,0,1,final_tp
0900220012200307122302884HJ_1296423300_484021600,6523,0,LC,"[365.9996337890625, 584.0, 519.9999389648438, 756.9996948242188]",26642.00579824671,large,Q4,1.1233724155724947,"[1,2)",0.9532818794250488,0.0006204391829669476,AC,P5,1,1,1,1,0.7188723683357239,0.7188723683357239,0.8794503211975098,0.7188723683357239,P4,0.8794503211975098,0.7188723683357239,P4,1,1,1,1,1,final_tp
0900220012200307122556664HJ_1296561700_484026700,6524,0,LC,"[119.00006103515625, 685.0001831054688, 399.00054931640625, 779.9996948242188]",26599.90966773033,large,Q4,2.94738870985151,"[2,4)",0.9541391134262085,0.005212578922510147,LC,P5,1,1,1,1,0.7326779365539551,0.7326779365539551,0.7902216911315918,0.7326779365539551,P4,0.7902216911315918,0.7326779365539551,P4,1,1,1,1,1,final_tp
0900220012200307122556664HJ_1296561700_484026700,6524,1,LC,"[686.99951171875, 686.000732421875, 736.0, 749.0001831054688]",3087.003844946623,medium,Q2,1.285690263370303,"[1,2)",0.7159406542778015,0.0002784633543342352,LC,P3,1,0,1,0,0.008281703107059002,0.0,0.6336215138435364,0.008281703107059002,P3,0.6336215138435364,0.008281703107059002,P3,1,0,0,0,1,final_tp
0900220012200307123256322HJ_1296522000_484025900,6525,0,LC,"[821.9996337890625, 645.0003051757812, 1024.0, 702.0001220703125]",11513.983886651695,large,Q3,3.5438774581452748,"[2,4)",0.8650689125061035,0.00025217494112439454,LC,P3,1,1,1,1,0.9061248898506165,0.9061248898506165,0.7593358755111694,0.9061248898506165,P4,0.7593358755111694,0.9061248898506165,P4,1,1,1,1,1,final_tp
0900220012200307123256322HJ_1296522000_484025900,6525,1,TC,"[192.9999542236328, 648.0000610351562, 411.999755859375, 738.999755859375]",19928.91511541698,large,Q3,2.4065992974897026,"[2,4)",0.7739013433456421,0.001554221147671342,TC,P4,1,1,1,1,0.8673433065414429,0.001554221147671342,0.6042612791061401,0.8673433065414429,P4,0.7739013433456421,0.001554221147671342,P4,1,1,1,1,1,final_tp
0900220012200307123256322HJ_1296522000_484025900,6525,2,MC,"[139.999755859375, 648.0, 184.99942016601562, 656.9998779296875]",404.9914856366813,small,Q1,5.000030517992052,"[4,8)",0.7418195605278015,0.6133641004562378,MC,P3,1,0,1,0,0.6133641004562378,0.0,0.7418195605278015,0.6133641004562378,P3,0.7418195605278015,0.6133641004562378,P3,1,0,1,1,1,final_tp
0900220012200307123355749HJ_1296445800_484022700,6526,0,MC,"[548.9996948242188, 610.999755859375, 575.99951171875, 616.9994506835938]",161.9906616769731,small,Q1,4.5001983743476535,"[4,8)",0.5665000677108765,0.17396368086338043,MC,P3,1,0,1,0,0.27491772174835205,0.0,0.5263146758079529,0.27491772174835205,P3,0.5665000677108765,0.17396368086338043,P3,1,0,1,1,1,final_tp
0900220012200307123355749HJ_1296445800_484022700,6526,1,LC,"[0.9999298453330994, 633.9999389648438, 383.9994812011719, 788.9996337890625]",59364.81216444634,large,Q4,2.4709696536543393,"[2,4)",0.9773300290107727,0.0015182022470980883,LC,P4,1,1,1,1,0.9215676188468933,0.9215676188468933,0.9527633786201477,0.9215676188468933,P5,0.9527633786201477,0.9215676188468933,P5,1,1,1,1,1,final_tp
0900220012200307124145277HG_1294077300_484955000,6318,0,LC,"[465.9999084472656, 684.0003051757812, 490.99981689453125, 773.000244140625]",2224.9903259333223,medium,Q2,3.560010595741928,"[2,4)",0.8233296871185303,0.45692014694213867,LC,P4,1,1,1,1,0.648288905620575,0.48309874534606934,0.7481694221496582,0.648288905620575,P4,0.7481694221496582,0.648288905620575,P4,1,0,1,1,1,final_tp
0900220012200307124500812HG_1294179100_484997900,6319,0,TC,"[481.0, 667.9996948242188, 838.9996337890625, 733.9996337890625]",23627.95397951454,large,Q4,5.424241891795665,"[4,8)",0.8625622391700745,0.000987095176242292,TC,P5,1,1,1,1,0.8332937359809875,0.8332937359809875,0.8169234395027161,0.8332937359809875,P4,0.8169234395027161,0.8332937359809875,P4,1,1,1,1,1,final_tp
0900220012200307124500812HG_1294179100_484997900,6319,1,MC,"[190.0001220703125, 607.0000610351562, 225.00047302246094, 612.000244140625]",175.0081635164097,small,Q1,6.999813849590469,"[4,8)",0.5629655122756958,0.002974271774291992,MC,P3,1,0,1,0,0.004574901890009642,0.0,0.5318114161491394,0.004574901890009642,P3,0.5483905673027039,0.0022381413727998734,P3,1,0,0,0,1,final_tp
0900220012200307124500812HG_1294179100_484997900,6319,2,MC,"[680.0, 623.99951171875, 713.0005493164062, 628.9996948242188]",165.00878916308284,small,Q1,6.5998681688903,"[4,8)",0.15775702893733978,9.175873856293038e-05,LC,P3,0,0,0,0,0.0,0.0,0.15775702893733978,9.175873856293038e-05,P3,0.0,0.004574901890009642,P3,0,0,0,0,0,raw_geometry_failure
0900220012200307125403197HJ_1296226400_484033200,6527,0,TC,"[7.0000762939453125, 729.0004272460938, 142.00013732910156, 781.0001831054688]",7019.970214828849,medium,Q3,2.596167208943101,"[2,4)",0.8657941222190857,0.7916490435600281,TC,P4,1,1,1,1,0.7916490435600281,0.7916490435600281,0.8657941222190857,0.7916490435600281,P4,0.8657941222190857,0.7916490435600281,P4,1,1,1,1,1,final_tp
0900220012200307125403197HJ_1296226400_484033200,6527,1,MC,"[366.0001525878906, 638.99951171875, 401.0004577636719, 645.9996337890625]",245.00640872865915,small,Q1,4.999956404220072,"[4,8)",0.8050457239151001,0.1955699324607849,MC,P3,1,1,1,1,0.1955699324607849,0.1955699324607849,0.8050457239151001,0.1955699324607849,P3,0.8050457239151001,0.1955699324607849,P3,1,1,0,0,1,final_tp
0900220012200307125403197HJ_1296226400_484033200,6527,2,TC,"[143.00006103515625, 701.9995727539062, 276.0002746582031, 735.0001220703125]",4389.080108759925,medium,Q2,4.03024241650807,"[4,8)",0.8716743588447571,0.008705057203769684,TC,P3,1,1,1,1,0.7159215211868286,0.21733476221561432,0.7437257766723633,0.7159215211868286,P4,0.8716743588447571,0.008705057203769684,P3,1,1,1,1,1,final_tp
0900220012200307125403197HJ_1296226400_484033200,6527,3,LC,"[256.99993896484375, 720.9998779296875, 294.99957275390625, 744.0]",873.996215775609,small,Q1,1.6521492222039413,"[1,2)",0.8705424666404724,0.06695912778377533,LC,P3,1,1,1,1,0.16567857563495636,0.16567857563495636,0.8226008415222168,0.16567857563495636,P3,0.8226008415222168,0.16567857563495636,P3,1,1,0,0,1,final_tp
0900220012200307125403197HJ_1296226400_484033200,6527,4,TC,"[278.0001220703125, 720.0, 379.0002746582031, 737.9999389648438]",1817.9965820219368,medium,Q2,5.611138614700707,"[4,8)",0.8526532649993896,0.008434349671006203,TC,P3,1,1,1,1,0.02910173498094082,0.008434349671006203,0.35553663969039917,0.041172876954078674,P3,0.728317141532898,0.012218994088470936,P3,1,0,0,0,1,final_tp
0900220012200307125403197HJ_1296226400_484033200,6527,5,TC,"[724.9996948242188, 720.0, 911.0001220703125, 744.9999389648438]",4649.999328587204,medium,Q2,7.44003525399232,"[4,8)",0.7136300802230835,0.1316802054643631,TC,P3,1,0,1,0,0.7271145582199097,0.0,0.6822605729103088,0.7271145582199097,P4,0.700132429599762,0.06265907734632492,P3,1,0,1,1,1,final_tp
0900220012200307125748015HJ_1295971800_484049900,6528,0,LC,"[565.0001831054688, 614.0001831054688, 650.0004272460938, 740.0003051757812]",10710.041137725115,large,Q3,1.4823501196285627,"[1,2)",0.9136857390403748,0.0028955109883099794,LC,P4,1,1,1,1,0.8733826279640198,0.011414038948714733,0.6304752230644226,0.8733826279640198,P4,0.7594726085662842,0.011414038948714733,P4,1,1,1,1,1,final_tp
0900220012200307130851286HG_1294854000_484418000,6320,0,LP,"[461.0002136230469, 676.999755859375, 512.0006103515625, 767.9994506835938]",4641.020538209006,medium,Q2,1.7842938616463446,"[1,2)",0.8786667585372925,0.0005441572284325957,LP,P3,1,1,1,1,0.6407904028892517,0.0034955597948282957,0.5662853121757507,0.6407904028892517,P4,0.5662853121757507,0.6407904028892517,P4,1,0,1,1,1,final_tp
0900220012200307130851286HG_1294854000_484418000,6320,1,MC,"[1.0004485845565796, 801.00048828125, 69.00018310546875, 840.9999389648438]",2719.9519654787146,medium,Q2,1.7000166704559847,"[1,2)",0.9514671564102173,0.003033724846318364,MC,P3,1,1,1,1,0.9339747428894043,0.9339747428894043,0.908990740776062,0.9339747428894043,P3,0.908990740776062,0.9339747428894043,P3,1,1,1,1,1,final_tp
0900220012200307130851286HG_1294854000_484418000,6320,2,TC,"[155.0003204345703, 669.0001831054688, 374.0000915527344, 696.0]",5912.953720134683,medium,Q3,8.1111576413143,"[8,16)",0.6731410026550293,0.04492935165762901,TC,P4,1,0,1,0,0.05702093988656998,0.0,0.5230332016944885,0.05702093988656998,P4,0.592984676361084,0.03930964320898056,P4,1,0,0,0,1,final_tp
0900220012200307130940205HG_1294871300_484352700,6321,0,LP,"[507.99981689453125, 611.999755859375, 541.9996948242188, 679.0000610351562]",2278.002197228372,medium,Q2,1.9706042861194786,"[1,2)",0.8661675453186035,0.584396481513977,LP,P3,1,1,1,1,0.7621883749961853,0.7621883749961853,0.8205348253250122,0.7621883749961853,P3,0.8244487643241882,0.09132585674524307,P3,1,1,1,1,1,final_tp
0900220012200307130940205HG_1294871300_484352700,6321,1,MC,"[176.0, 721.999755859375, 240.0, 743.0]",1344.015625,medium,Q1,3.0475836171919504,"[2,4)",0.9140199422836304,0.5877852439880371,MC,P3,1,1,1,1,0.9075095653533936,0.9075095653533936,0.8772745728492737,0.9075095653533936,P3,0.8772745728492737,0.9075095653533936,P3,1,1,1,1,1,final_tp
0900220012200307131643486HG_1294943100_484007600,6322,0,TC,"[651.9996948242188, 656.0000610351562, 927.99951171875, 684.9996337890625]",8003.876770097762,medium,Q3,9.51737528123941,"[8,16)",0.655752956867218,0.00040190148865804076,TC,P3,1,0,1,0,0.12327705323696136,0.0,0.41235557198524475,0.1907481551170349,P4,0.6166885495185852,0.001910501392558217,P3,1,0,0,0,1,final_tp
0900220012200307131800462HJ_1295929000_483957100,6529,0,TC,"[0.99993896484375, 687.9999389648438, 66.00038146972656, 712.0005493164062]",1560.0502932388335,medium,Q2,2.7082828958410685,"[2,4)",0.9103304147720337,0.036002546548843384,TC,P3,1,1,1,1,0.36251047253608704,0.36251047253608704,0.8897233605384827,0.36251047253608704,P3,0.8897233605384827,0.36251047253608704,P3,1,1,1,1,1,final_tp
0900220012200307131800462HJ_1295929000_483957100,6529,1,LC,"[340.9997253417969, 659.0004272460938, 438.0000915527344, 737.9999389648438]",7662.981567203999,medium,Q3,1.227860325976105,"[1,2)",0.8662737011909485,0.3867497444152832,LC,P4,1,1,1,1,0.538048505783081,0.538048505783081,0.7860000729560852,0.538048505783081,P4,0.7955741882324219,0.02790057472884655,P3,1,1,1,1,1,final_tp
0900220012200307131800462HJ_1295929000_483957100,6529,2,MC,"[107.00032806396484, 734.0001220703125, 201.99986267089844, 769.9999389648438]",3419.965850915294,medium,Q2,2.6388893833891975,"[2,4)",0.929111659526825,0.4186871349811554,MC,P3,1,1,1,1,0.5246432423591614,0.5246432423591614,0.8963909149169922,0.5246432423591614,P3,0.8963909149169922,0.5246432423591614,P3,1,1,1,1,1,final_tp
0900220012200307131800462HJ_1295929000_483957100,6529,3,TC,"[890.9998168945312, 734.9995727539062, 1001.9994506835938, 762.9998168945312]",3108.016845613718,medium,Q2,3.9642380699108024,"[2,4)",0.9425020217895508,0.6083343029022217,TC,P3,1,1,1,1,0.6083343029022217,0.6083343029022217,0.9425020217895508,0.6083343029022217,P3,0.9425020217895508,0.6083343029022217,P3,1,1,1,1,1,final_tp
0900220012200307131800462HJ_1295929000_483957100,6529,4,MC,"[197.0001983642578, 726.0000610351562, 271.0005798339844, 752.00048828125]",1924.0415345868096,medium,Q2,2.8461217490510364,"[2,4)",0.8818153142929077,0.029275769367814064,MC,P3,1,1,1,1,0.3494386374950409,0.3494386374950409,0.8229384422302246,0.3494386374950409,P3,0.8229384422302246,0.3494386374950409,P3,1,1,1,1,1,final_tp
0900220012200307132417117HJ_1295889200_483837800,6530,0,LC,"[585.9999389648438, 608.0, 616.9994506835938, 739.9998779296875]",4091.931762754917,medium,Q2,4.258127648179943,"[4,8)",0.9465358257293701,0.003992118872702122,LC,P3,1,1,1,1,0.8114443421363831,0.8114443421363831,0.8407572507858276,0.8114443421363831,P4,0.8407572507858276,0.8114443421363831,P4,1,1,1,1,1,final_tp
0900220012200307133450345HJ_1295915100_483467200,6531,0,LC,"[864.9999389648438, 728.0005493164062, 1023.9994506835938, 796.0001831054688]",10811.908569514751,large,Q3,2.3382407060010446,"[2,4)",0.9005142450332642,0.4987495243549347,LC,P4,1,1,1,1,0.8346542119979858,0.8346542119979858,0.8577204346656799,0.8346542119979858,P4,0.8577204346656799,0.8346542119979858,P4,1,1,1,1,1,final_tp
0900220012200307133450345HJ_1295915100_483467200,6531,1,TC,"[874.0004272460938, 698.9998168945312, 1024.0, 737.9998779296875]",5849.992492649704,medium,Q3,3.8461368719061877,"[2,4)",0.9429534673690796,0.5977853536605835,TC,P4,1,1,1,1,0.7871031165122986,0.7871031165122986,0.9287899136543274,0.7871031165122986,P4,0.9287899136543274,0.7871031165122986,P4,1,1,1,1,1,final_tp
0900220012200307140103897HJ_1295984900_483840400,6532,0,LC,"[550.0001220703125, 597.0001831054688, 665.0004272460938, 742.0006713867188]",16675.100402981043,large,Q3,1.2608704651662672,"[1,2)",0.8845820426940918,0.00017988900071941316,LC,P4,1,1,1,0,0.9295979142189026,0.0002023002743953839,0.5585883855819702,0.9295979142189026,P4,0.5585883855819702,0.9295979142189026,P4,1,0,1,1,1,final_tp
0900220012200307142002325HJ_1295931700_483997600,6533,0,MC,"[400.9994201660156, 608.0, 428.9996032714844, 615.0001220703125]",196.004699729383,small,Q1,3.9999564042200717,"[2,4)",0.8327004909515381,0.5993282794952393,MC,P3,1,1,1,1,0.5993282794952393,0.5993282794952393,0.8327004909515381,0.5993282794952393,P3,0.8327004909515381,0.5993282794952393,P3,1,1,1,1,1,final_tp
0900220012200307142002325HJ_1295931700_483997600,6533,1,LC,"[164.99964904785156, 605.9996337890625, 408.9994201660156, 696.9994506835938]",22203.934494060464,large,Q4,2.68132156134951,"[2,4)",0.8814572095870972,0.056931402534246445,LC,P4,1,1,1,1,0.06862067431211472,0.06862067431211472,0.3367231786251068,0.4293317198753357,P5,0.8226450085639954,0.06862067431211472,P4,1,1,0,0,1,final_tp
0900220012200307142002325HJ_1295931700_483997600,6533,2,MC,"[620.9996948242188, 616.0000610351562, 645.99951171875, 621.9996337890625]",149.98822029307485,small,Q1,4.166932866720246,"[4,8)",0.8521132469177246,0.6252399682998657,MC,P3,1,1,1,1,0.6252399682998657,0.6252399682998657,0.8521132469177246,0.6252399682998657,P3,0.8521132469177246,0.6252399682998657,P3,1,1,1,1,1,final_tp
0900220012200307142002325HJ_1295931700_483997600,6533,3,LC,"[0.9994415640830994, 614.0001831054688, 209.9998779296875, 641.0000610351562]",5642.986434882507,medium,Q2,7.74079212688136,"[4,8)",0.8751143217086792,0.01843447797000408,LC,P4,1,1,1,1,0.02823694422841072,0.02823694422841072,0.8177323341369629,0.02823694422841072,P4,0.8177323341369629,0.02823694422841072,P4,1,1,0,0,1,final_tp
0900220012200307142316929HJ_1295928100_483784800,6534,0,LP,"[458.99981689453125, 631.0000610351562, 515.0003051757812, 737.9998168945312]",5992.038574099541,medium,Q3,1.9106932661371185,"[1,2)",0.880065381526947,0.0009249300346709788,LP,P3,1,1,1,1,0.8078894019126892,0.02698371186852455,0.6970834136009216,0.8078894019126892,P4,0.8226919174194336,0.0014105667360126972,P3,1,1,1,1,1,final_tp
0900220012200307142316929HJ_1295928100_483784800,6534,1,TC,"[240.0, 675.9998168945312, 371.00030517578125, 736.0000610351562]",7860.050293043256,medium,Q3,2.183329535605731,"[2,4)",0.6911804676055908,0.0002068517787847668,LP,P4,1,0,0,0,0.0008362416992895305,0.0,0.2726495862007141,0.0010950862197205424,P4,0.2726495862007141,0.0010950862197205424,P4,0,0,0,0,0,classification_mismatch
0900220012200307142316929HJ_1295928100_483784800,6534,2,TC,"[27.9997501373291, 716.0003051757812, 161.99937438964844, 773.000244140625]",7637.9700775379315,medium,Q3,2.3508730178276385,"[2,4)",0.8375862836837769,6.919603038113564e-05,LC,P3,1,1,0,0,0.0006345834117382765,0.0001249325432581827,0.17726120352745056,0.004457591567188501,P4,0.49745893478393555,0.0029952803160995245,P4,0,0,0,0,0,confidence_filter_loss
0900220012200307142316929HJ_1295928100_483784800,6534,3,TP,"[886.9994506835938, 740.0001831054688, 1019.9998168945312, 763.0004272460938]",3059.0408936440945,medium,Q2,5.782563237058031,"[4,8)",0.585654616355896,0.00576000614091754,TC,P3,1,0,1,0,0.00576000614091754,0.0,0.4612879753112793,0.011720593087375164,P4,0.585654616355896,0.00576000614091754,P3,1,0,0,0,1,final_tp
0900220012200307142413721HJ_1295926600_483674100,6535,0,TP,"[441.99932861328125, 655.0001831054688, 636.9996948242188, 664.0]",1754.967590264976,medium,Q2,21.667148176028974,"[16,inf)",0.16637566685676575,7.325030310312286e-05,TC,P3,0,0,0,0,0.0,0.0,0.16637566685676575,7.325030310312286e-05,P3,0.0,0.005832316819578409,P3,0,0,0,0,0,raw_geometry_failure
0900220012200307142601220HJ_1295927200_483528300,6536,0,MC,"[432.9999694824219, 622.0006103515625, 463.00006103515625, 628.000244140625]",179.98956295475364,small,Q1,5.00032045412928,"[4,8)",0.7571098804473877,0.3759203255176544,MC,P3,1,1,1,1,0.6969651579856873,0.3759203255176544,0.6858747601509094,0.6969651579856873,P3,0.6858747601509094,0.6969651579856873,P3,1,0,1,1,1,final_tp
0900220012200307142601220HJ_1295927200_483528300,6536,1,TP,"[909.0001220703125, 743.0000610351562, 1006.0006713867188, 771.0003051757812]",2716.0390626341105,medium,Q2,3.464275126646845,"[2,4)",0.8011261224746704,0.007454199250787497,TC,P3,1,1,1,1,0.17082257568836212,0.007454199250787497,0.45721226930618286,0.45162007212638855,P4,0.6761491298675537,0.034200768917798996,P3,1,0,0,0,1,final_tp
0900220012200307142601220HJ_1295927200_483528300,6536,2,LC,"[927.0001220703125, 696.0, 1024.0, 726.0001220703125]",2910.0081786960363,medium,Q2,3.2333161079259933,"[2,4)",0.7313741445541382,0.007392720319330692,LC,P3,1,0,1,0,0.007392720319330692,0.0,0.7313741445541382,0.007392720319330692,P3,0.7313741445541382,0.007392720319330692,P3,1,0,0,0,1,final_tp
0900220012200307142601220HJ_1295927200_483528300,6536,3,TC,"[977.00048828125, 727.0000610351562, 1020.0001831054688, 748.0003051757812]",903.004089280963,small,Q1,2.0475807107897275,"[2,4)",0.7780796885490417,0.004098111297935247,TC,P3,1,1,1,1,0.004136532545089722,0.004098111297935247,0.15332633256912231,0.28358256816864014,P4,0.7780796885490417,0.004098111297935247,P3,1,1,0,0,1,final_tp
0900220012200307142601220HJ_1295927200_483528300,6536,4,LC,"[818.0, 642.9998168945312, 1024.0, 701.000244140625]",11948.088012695312,large,Q3,3.5516979750157587,"[2,4)",0.8798397183418274,0.001677964348345995,LC,P4,1,1,1,1,0.006327713839709759,0.003548082895576954,0.2804209887981415,0.08866362273693085,P3,0.8798397183418274,0.001677964348345995,P4,1,1,0,0,1,final_tp
0900220012200307142846637HJ_1295930900_483361300,6004,0,LC,"[499.9997253417969, 657.00048828125, 546.999267578125, 736.0000610351562]",3712.9437562990934,medium,Q2,1.6808583444637002,"[1,2)",0.8972998261451721,0.024593302980065346,LC,P3,1,1,1,1,0.7131790518760681,0.7131790518760681,0.7926523685455322,0.7131790518760681,P3,0.7926523685455322,0.7131790518760681,P3,1,1,1,1,1,final_tp
0900220012200307143027830HJ_1295932600_483183100,6005,0,TC,"[232.0000457763672, 667.9996948242188, 678.9995727539062, 687.0001220703125]",8493.18170145154,medium,Q3,23.525761075222533,"[16,inf)",0.6165459752082825,0.009342190809547901,TC,P3,1,0,1,0,0.2248692810535431,0.0,0.4611821174621582,0.23116321861743927,P5,0.6165459752082825,0.009342190809547901,P3,1,0,0,0,1,final_tp
0900220012200307143027830HJ_1295932600_483183100,6005,1,LC,"[758.0000610351562, 673.9999389648438, 816.00048828125, 748.0003051757812]",4292.052856601775,medium,Q2,1.2758589845718995,"[1,2)",0.9582542777061462,0.01182499434798956,LC,P3,1,1,1,1,0.8854174613952637,0.8854174613952637,0.9181786775588989,0.8854174613952637,P4,0.9181786775588989,0.8854174613952637,P4,1,1,1,1,1,final_tp
0900220012200307143027830HJ_1295932600_483183100,6005,2,TC,"[39.00007247924805, 700.000244140625, 220.9997100830078, 753.00048828125]",9646.025024324656,large,Q3,3.4339395363192056,"[2,4)",0.8717343807220459,0.7067813277244568,TC,P4,1,1,1,1,0.8248265385627747,0.8248265385627747,0.8548504114151001,0.8248265385627747,P4,0.8548504114151001,0.8248265385627747,P4,1,1,1,1,1,final_tp
0900220012200307143633119HJ_1295927000_483481700,6537,0,MC,"[128.9999237060547, 702.99951171875, 187.0003204345703, 720.9994506835938]",1044.0036010500044,medium,Q1,3.222255188853586,"[2,4)",0.8926557302474976,0.7874462604522705,MC,P3,1,1,1,1,0.7874462604522705,0.7874462604522705,0.8926557302474976,0.7874462604522705,P3,0.8926557302474976,0.7874462604522705,P3,1,1,1,1,1,final_tp
0900220012200307143633119HJ_1295927000_483481700,6537,1,LP,"[664.00048828125, 694.0000610351562, 771.0003051757812, 752.00048828125]",6206.035095136613,medium,Q3,1.844810839763901,"[1,2)",0.9207568168640137,0.18444572389125824,LP,P4,1,1,1,1,0.9143072366714478,0.9143072366714478,0.8555154800415039,0.9143072366714478,P4,0.8555154800415039,0.9143072366714478,P4,1,1,1,1,1,final_tp
0900220012200307143633119HJ_1295927000_483481700,6537,2,MC,"[744.9999389648438, 637.9996337890625, 784.0, 646.9994506835938]",350.99340819194913,small,Q1,4.333428278841393,"[4,8)",0.8831020593643188,0.1670604944229126,MC,P3,1,1,1,1,0.46760597825050354,0.46760597825050354,0.8600879311561584,0.46760597825050354,P3,0.8600879311561584,0.46760597825050354,P3,1,1,1,1,1,final_tp
0900220012200307143633119HJ_1295927000_483481700,6537,3,MC,"[590.0001220703125, 670.0000610351562, 643.0004272460938, 684.9996337890625]",794.9819334633648,small,Q1,3.5334543220225187,"[2,4)",0.8834244608879089,0.08805657923221588,MC,P3,1,1,1,1,0.6876119375228882,0.6876119375228882,0.793316662311554,0.6876119375228882,P3,0.793316662311554,0.6876119375228882,P3,1,1,1,1,1,final_tp
0900220012200307144036520HJ_1295928100_483688300,6538,0,LP,"[459.99981689453125, 637.9996337890625, 493.000244140625, 703.99951171875]",2178.024169869721,medium,Q2,1.9999704075800984,"[1,2)",0.929118275642395,0.15414297580718994,LP,P3,1,1,1,1,0.5472149848937988,0.4851022958755493,0.6410818696022034,0.5472149848937988,P4,0.929118275642395,0.15414297580718994,P3,1,1,1,1,1,final_tp
0900220012200307144036520HJ_1295928100_483688300,6538,1,TP,"[623.9999389648438, 684.999755859375, 897.00048828125, 713.9993286132812]",7916.899291757494,medium,Q3,9.41395073758916,"[8,16)",0.7816590666770935,0.0027962028980255127,TP,P3,1,1,1,1,0.4906849265098572,0.0027962028980255127,0.31172317266464233,0.5751667618751526,P4,0.7816590666770935,0.0027962028980255127,P3,1,1,1,1,1,final_tp
0900220012200307144417423HJ_1295930700_483856200,6539,0,LP,"[492.000244140625, 654.0000610351562, 531.9996948242188, 739.9996948242188]",3439.938110552728,medium,Q2,2.1500203707631482,"[2,4)",0.738882303237915,0.0009932643733918667,LP,P3,1,0,1,0,0.6284751296043396,0.0,0.5045483112335205,0.6284751296043396,P4,0.5328248739242554,0.014520000666379929,P3,1,0,1,1,1,final_tp
0900220012200307144806384HJ_1295933100_484007300,6540,0,LP,"[759.0000610351562, 638.9995727539062, 965.0001831054688, 727.0]",18128.098754934967,large,Q3,2.3408991128444394,"[2,4)",0.9701279997825623,0.4470024108886719,LP,P4,1,1,1,1,0.8528087139129639,0.8528087139129639,0.9144973158836365,0.8528087139129639,P4,0.9144973158836365,0.8528087139129639,P4,1,1,1,1,1,final_tp
0900220012200307144806384HJ_1295933100_484007300,6540,1,MC,"[764.000244140625, 685.9996337890625, 817.9999389648438, 701.9995727539062]",863.991821307689,small,Q1,3.3749938010932965,"[2,4)",0.8642336130142212,0.7481956481933594,MC,P3,1,1,1,1,0.866272509098053,0.866272509098053,0.8444782495498657,0.866272509098053,P3,0.8444782495498657,0.866272509098053,P3,1,1,1,1,1,final_tp
0900220012200307144806384HJ_1295933100_484007300,6540,2,LP,"[888.9999389648438, 683.000244140625, 1024.0, 720.9999389648438]",5129.961120586842,medium,Q2,3.5526617163545016,"[2,4)",0.846745491027832,0.047468606382608414,LP,P3,1,1,1,1,0.09527722001075745,0.047468606382608414,0.2512086033821106,0.3151865303516388,P4,0.846745491027832,0.047468606382608414,P3,1,1,0,0,1,final_tp
09002200122003071459263316G_1294672500_483249600,6499,0,P,"[725.000244140625, 715.000244140625, 742.0006713867188, 720.9999389648438]",101.99737535789609,small,Q1,2.833548662753436,"[2,4)",0.482268750667572,0.6578440070152283,P,P3,0,0,0,0,0.0,0.0,0.482268750667572,0.6578440070152283,P3,0.482268750667572,0.6578440070152283,P3,0,0,0,0,0,raw_geometry_failure
0900220012200307151036459HG_1294936500_484112900,6323,0,LP,"[559.0000610351562, 623.9999389648438, 713.999755859375, 773.9996337890625]",23249.90692147985,large,Q4,1.0333334011503117,"[1,2)",0.9333826899528503,0.00174739642534405,LP,P4,1,1,1,1,0.9479353427886963,0.9479353427886963,0.9162276983261108,0.9479353427886963,P4,0.9162276983261108,0.9479353427886963,P4,1,1,1,1,1,final_tp
0900220012200307151036459HG_1294936500_484112900,6323,1,LP,"[243.99974060058594, 646.99951171875, 375.9994812011719, 747.999755859375]",13332.00602715835,large,Q3,1.3069249656149307,"[1,2)",0.9323435425758362,4.503763921093196e-05,LP,P3,1,1,1,1,0.9494195580482483,0.9494195580482483,0.8683297634124756,0.9494195580482483,P4,0.8683297634124756,0.9494195580482483,P4,1,1,1,1,1,final_tp
0900220012200307151036459HG_1294936500_484112900,6323,2,TP,"[1.0004364252090454, 733.9996337890625, 208.0, 777.9999389648438]",9108.043701036833,medium,Q3,4.704502768063853,"[4,8)",0.9339990615844727,0.00041643116855993867,TP,P3,1,1,1,1,0.7945912480354309,0.7945912480354309,0.8523075580596924,0.7945912480354309,P4,0.8523075580596924,0.7945912480354309,P4,1,1,1,1,1,final_tp
0900220012200307151036459HG_1294936500_484112900,6323,3,TP,"[766.0006103515625, 723.9996948242188, 946.0004272460938, 773.0001831054688]",8820.078918367624,medium,Q3,3.6734290454694927,"[2,4)",0.9642531275749207,0.8747759461402893,TP,P4,1,1,1,1,0.9001072645187378,0.9001072645187378,0.960582435131073,0.9001072645187378,P4,0.960582435131073,0.9001072645187378,P4,1,1,1,1,1,final_tp
0900220012200307151054573HG_1294926500_484150600,6324,0,LP,"[0.9999542236328125, 719.0001220703125, 216.0, 824.0]",22574.97856139578,large,Q4,2.047621864097219,"[2,4)",0.9731647968292236,8.414018520852551e-05,LP,P4,1,1,1,1,0.8897481560707092,0.8897481560707092,0.9294096827507019,0.8897481560707092,P4,0.9294096827507019,0.8897481560707092,P4,1,1,1,1,1,final_tp
0900220012200307151054573HG_1294926500_484150600,6324,1,LP,"[548.9996948242188, 664.0, 610.9998168945312, 765.0001831054688]",6262.023681662977,medium,Q3,1.6290320040164992,"[1,2)",0.9672713875770569,0.36645621061325073,LP,P4,1,1,1,1,0.595578670501709,0.595578670501709,0.9294716119766235,0.595578670501709,P4,0.9294716119766235,0.595578670501709,P4,1,1,1,1,1,final_tp
0900220012200307151054573HG_1294926500_484150600,6324,2,LC,"[516.999755859375, 600.00048828125, 586.9993286132812, 703.9999389648438]",7279.917114492506,medium,Q3,1.4857155064248613,"[1,2)",0.793304979801178,0.00041934216278605163,LP,P3,1,1,1,0,0.010308373719453812,0.00041934216278605163,0.4400389790534973,0.1876455843448639,P4,0.659163773059845,0.010308373719453812,P4,1,0,0,0,1,final_tp
0900220012200307153208436HJ_1296031800_484124700,6541,0,TP,"[474.9998474121094, 656.0000610351562, 798.9996337890625, 673.00048828125]",5508.1347960513085,medium,Q2,19.058331987003427,"[16,inf)",0.8890145421028137,0.17340847849845886,TP,P3,1,1,1,1,0.600899875164032,0.600899875164032,0.7918986678123474,0.600899875164032,P5,0.7918986678123474,0.600899875164032,P5,1,1,1,1,1,final_tp
0900220012200307153208436HJ_1296031800_484124700,6541,1,TP,"[592.99951171875, 667.9998168945312, 716.999755859375, 673.9994506835938]",743.956054598093,small,Q1,20.66796882947771,"[16,inf)",0.2593471109867096,0.17906305193901062,TP,P3,0,0,0,0,0.0,0.0,0.0,0.0,none,0.2589681148529053,0.26486292481422424,P3,0,0,0,0,0,raw_geometry_failure
0900220012200307153208436HJ_1296031800_484124700,6541,2,LP,"[603.9996948242188, 603.0003662109375, 669.000244140625, 648.0]",2925.000915326178,medium,Q2,1.4444684065896805,"[1,2)",0.9041141271591187,0.19519871473312378,LP,P3,1,1,1,1,0.6522660851478577,0.6522660851478577,0.8838598728179932,0.6522660851478577,P3,0.8838598728179932,0.6522660851478577,P3,1,1,1,1,1,final_tp
0900220012200307153208436HJ_1296031800_484124700,6541,3,LP,"[561.9999389648438, 609.9994506835938, 650.0003662109375, 731.9998168945312]",10736.0843507424,large,Q3,1.3863610669725808,"[1,2)",0.9636530876159668,0.6738253831863403,LP,P4,1,1,1,1,0.8789628744125366,0.8789628744125366,0.9457395672798157,0.8789628744125366,P4,0.9457395672798157,0.8789628744125366,P4,1,1,1,1,1,final_tp
0900220012200307153208436HJ_1296031800_484124700,6541,4,LP,"[778.00048828125, 704.9999389648438, 835.0003051757812, 756.0003051757812]",2907.011535577476,medium,Q2,1.1176354432197608,"[1,2)",0.9209149479866028,0.048699960112571716,LP,P3,1,1,1,1,0.8327447175979614,0.8327447175979614,0.8564335703849792,0.8327447175979614,P4,0.8564335703849792,0.8327447175979614,P4,1,1,1,1,1,final_tp
0900220012200307153208436HJ_1296031800_484124700,6541,5,TP,"[112.0005111694336, 698.9998779296875, 246.0001220703125, 741.9996337890625]",5761.950225926936,medium,Q2,3.116287536834216,"[2,4)",0.867537796497345,0.0020489839371293783,TP,P3,1,1,1,1,0.3290958106517792,0.3290958106517792,0.8096610903739929,0.3290958106517792,P4,0.8096610903739929,0.3290958106517792,P4,1,1,1,1,1,final_tp
0900220012200307153208436HJ_1296031800_484124700,6541,6,TP,"[583.0000610351562, 636.000244140625, 647.0000610351562, 643.0003051757812]",448.00390625,small,Q1,9.14277742416448,"[8,16)",0.2319365292787552,0.039032407104969025,TP,P3,0,0,0,0,0.0,0.0,0.2319365292787552,0.039032407104969025,P3,0.2319365292787552,0.039032407104969025,P3,0,0,0,0,0,raw_geometry_failure
0900220012200307153208436HJ_1296031800_484124700,6541,7,TP,"[520.00048828125, 602.0004272460938, 574.0001220703125, 609.00048828125]",378.00073239952326,small,Q1,7.714166136246719,"[4,8)",0.4428735673427582,0.05202408879995346,TP,P3,0,0,0,0,0.0,0.0,0.4428735673427582,0.05202408879995346,P3,0.4428735673427582,0.05202408879995346,P3,0,0,0,0,0,raw_geometry_failure
0900220012200307153315954HJ_1296042700_484254900,6542,0,AC,"[391.0005798339844, 605.9996337890625, 717.0001831054688, 759.9999389648438]",50204.03839099221,large,Q4,2.1168763457928037,"[2,4)",0.9315170645713806,0.16504868865013123,AC,P4,1,1,1,1,0.8959729671478271,0.8959729671478271,0.8823233842849731,0.8959729671478271,P5,0.8823233842849731,0.8959729671478271,P5,1,1,1,1,1,final_tp
0900220012200307153447604HJ_1296047500_484359100,6543,0,LP,"[584.0, 599.99951171875, 610.0004272460938, 645.9996337890625]",1196.0228272005916,medium,Q1,1.7692063916843315,"[1,2)",0.931587815284729,0.56304532289505,LP,P4,1,1,1,1,0.5709211230278015,0.56304532289505,0.7105437517166138,0.5709211230278015,P3,0.8618475794792175,0.38812577724456787,P3,1,1,1,1,1,final_tp
0900220012200307153447604HJ_1296047500_484359100,6543,1,TC,"[746.9998168945312, 720.0005493164062, 953.9994506835938, 740.0003051757812]",4139.942138761282,medium,Q2,10.35010803354533,"[8,16)",0.8720497488975525,0.1307428777217865,TC,P3,1,1,1,1,0.5533660054206848,0.14845307171344757,0.7440665364265442,0.5533660054206848,P4,0.8069766759872437,0.07712205499410629,P3,1,1,1,1,1,final_tp
0900220012200307153447604HJ_1296047500_484359100,6543,2,MC,"[790.9995727539062, 631.0000610351562, 820.9996948242188, 638.0001831054688]",210.00451661646366,small,Q1,4.285656988403523,"[4,8)",0.7997004985809326,0.1474054753780365,MC,P3,1,1,1,1,0.3121262788772583,0.1474054753780365,0.6667505502700806,0.3121262788772583,P3,0.6667505502700806,0.3121262788772583,P3,1,0,1,1,1,final_tp
0900220012200307153447604HJ_1296047500_484359100,6543,3,LP,"[617.9999389648438, 645.0001831054688, 676.9995727539062, 744.0005493164062]",5840.98535142839,medium,Q3,1.6779827238400662,"[1,2)",0.9554738998413086,0.3073779046535492,LP,P3,1,1,1,1,0.7220728993415833,0.7220728993415833,0.8675302863121033,0.7220728993415833,P4,0.8675302863121033,0.7220728993415833,P4,1,1,1,1,1,final_tp
0900220012200307153447604HJ_1296047500_484359100,6543,4,LP,"[464.00048828125, 630.9996337890625, 523.000244140625, 742.9995727539062]",6607.969055190682,medium,Q3,1.8983119054220132,"[1,2)",0.934356153011322,0.6185952425003052,LP,P3,1,1,1,1,0.8666248321533203,0.8666248321533203,0.9085047841072083,0.8666248321533203,P4,0.9085047841072083,0.8666248321533203,P4,1,1,1,1,1,final_tp
0900220012200307153447604HJ_1296047500_484359100,6543,5,MC,"[969.0004272460938, 626.9998168945312, 999.0006103515625, 632.0]",150.00640872493386,small,Q1,5.999816901236527,"[4,8)",0.3878818154335022,0.0028103867080062628,MC,P3,0,0,0,0,0.0,0.0,0.3878818154335022,0.0028103867080062628,P3,0.3878818154335022,0.0028103867080062628,P3,0,0,0,0,0,raw_geometry_failure
0900220012200307155316135HJ_1296043000_484186700,6544,0,AC,"[0.9994171261787415, 600.9999389648438, 408.9999694824219, 817.9999389648438]",88536.11920166016,large,Q4,1.8801868632092453,"[1,2)",0.9225746393203735,0.0016654918435961008,AC,P5,1,1,1,1,0.043168194591999054,0.006984170060604811,0.6393551230430603,0.043168194591999054,P5,0.8485016226768494,0.006397331599146128,P5,1,1,0,0,1,final_tp
0900220012200307155316135HJ_1296043000_484186700,6544,1,LC,"[463.00006103515625, 620.9996948242188, 521.0004272460938, 741.0001831054688]",6960.072265803814,medium,Q3,2.068960872502573,"[2,4)",0.9286560416221619,0.02294396236538887,LC,P3,1,1,1,1,0.7503113150596619,0.7503113150596619,0.8886623978614807,0.7503113150596619,P4,0.8886623978614807,0.7503113150596619,P4,1,1,1,1,1,final_tp
0900220012200307155316135HJ_1296043000_484186700,6544,2,LC,"[564.9996948242188, 622.0000610351562, 594.9998168945312, 739.9996948242188]",3540.0034179240465,medium,Q2,3.9333051216425714,"[2,4)",0.7587620615959167,0.0003365088196005672,LC,P3,1,1,1,0,0.4696504473686218,0.0003365088196005672,0.5912763476371765,0.4696504473686218,P3,0.7363841533660889,0.0011459242086857557,P3,1,0,1,1,1,final_tp
0900220012200307155316135HJ_1296043000_484186700,6544,3,MC,"[639.9994506835938, 636.000244140625, 673.0, 643.0003051757812]",231.0058594085276,small,Q1,4.7143230824229,"[4,8)",0.6043154001235962,0.00028777035186067224,MC,P3,1,0,1,0,0.0028848189394921064,0.0,0.30109819769859314,0.006079703103750944,P3,0.534658670425415,0.0028848189394921064,P3,1,0,0,0,1,final_tp
0900220012200307160243726HJ_1296031100_484250300,6545,0,TC,"[583.0001220703125, 622.000244140625, 750.0001220703125, 633.0]",1836.959228515625,medium,Q2,15.182155143713238,"[8,16)",0.834176778793335,0.011030671186745167,TC,P3,1,1,1,1,0.26402485370635986,0.020107120275497437,0.5349856615066528,0.26402485370635986,P3,0.785947859287262,0.020107120275497437,P3,1,1,1,1,1,final_tp
0900220012200307160338367HJ_1295959200_484241500,6546,0,LP,"[496.00006103515625, 686.9995727539062, 510.99957275390625, 714.9998168945312]",419.9899901151657,small,Q1,1.866743709105114,"[1,2)",0.3286084234714508,0.009899662807583809,LC,P3,0,0,0,0,0.0,0.0,0.24655725061893463,0.012260016053915024,P3,0.2487463355064392,0.0012024466414004564,P3,0,0,0,0,0,raw_geometry_failure
0900220012200307160338367HJ_1295959200_484241500,6546,1,TP,"[279.0005798339844, 675.9996948242188, 921.0004272460938, 696.9999389648438]",13482.154174774885,large,Q3,30.571067347152308,"[16,inf)",0.7834916114807129,0.009928897023200989,TC,P4,1,1,1,1,0.01623375341296196,0.009928897023200989,0.7210132479667664,0.01623375341296196,P4,0.7210132479667664,0.01623375341296196,P4,1,0,0,0,1,final_tp
0900220012200307160338367HJ_1295959200_484241500,6546,2,MC,"[915.0001831054688, 648.00048828125, 954.9996948242188, 655.9999389648438]",319.9741213619709,small,Q1,5.000282306982139,"[4,8)",0.7328295111656189,0.0011237801518291235,MC,P3,1,0,1,0,0.002186150522902608,0.0,0.6222021579742432,0.002186150522902608,P3,0.7328295111656189,0.0011237801518291235,P3,1,0,0,0,1,final_tp
0900220012200307161459681HJ_1295991700_484559400,6547,0,LC,"[0.9994263052940369, 699.9996948242188, 170.9998016357422, 765.9996948242188]",11220.025177001953,large,Q3,2.5757633556019175,"[2,4)",0.9162136316299438,0.4452945291996002,LC,P4,1,1,1,1,0.8301510810852051,0.8301510810852051,0.8856081366539001,0.8301510810852051,P4,0.8856081366539001,0.8301510810852051,P4,1,1,1,1,1,final_tp
0900220012200307161459681HJ_1295991700_484559400,6547,1,MC,"[776.0, 622.99951171875, 809.9999389648438, 629.9995727539062]",238.00164794549346,small,Q1,4.85709178735537,"[4,8)",0.6336777806282043,0.5354504585266113,MC,P3,1,0,1,0,0.5625308752059937,0.0,0.5847973227500916,0.5625308752059937,P3,0.6322792172431946,0.005322722252458334,P3,1,0,1,1,1,final_tp
0900220012200307161459681HJ_1295991700_484559400,6547,2,MC,"[792.0001220703125, 663.9995727539062, 822.9996337890625, 673.9999389648438]",310.00646954774857,small,Q1,3.0998376524297204,"[2,4)",0.7506097555160522,0.0005948976613581181,LC,P3,1,1,1,0,0.0012702811509370804,0.0005948976613581181,0.10948970913887024,0.00129720161203295,P3,0.6994386911392212,0.0012702811509370804,P3,1,0,0,0,1,final_tp
0900220012200307161612762HJ_1295979100_484631500,6548,0,LC,"[635.9996948242188, 634.9998779296875, 722.999755859375, 713.0]",6786.015380866826,medium,Q3,1.115383652306734,"[1,2)",0.8918907046318054,0.0023341707419604063,LC,P3,1,1,1,1,0.8552063703536987,0.06651042401790619,0.5276904702186584,0.8552063703536987,P4,0.8131028413772583,0.06651042401790619,P3,1,1,1,1,1,final_tp
0900220012200307161612762HJ_1295979100_484631500,6548,1,MC,"[1.0004485845565796, 733.0001831054688, 51.00031661987305, 763.9996948242188]",1549.9714470561594,medium,Q2,1.61292432407422,"[1,2)",0.9107239246368408,0.5945524573326111,MC,P3,1,1,1,1,0.7330101132392883,0.7330101132392883,0.9020872116088867,0.7330101132392883,P3,0.9020872116088867,0.7330101132392883,P3,1,1,1,1,1,final_tp
0900220012200307161612762HJ_1295979100_484631500,6548,2,LC,"[18.00037956237793, 631.0, 290.0003662109375, 709.0001831054688]",21216.0498046875,large,Q4,3.4871713010239014,"[2,4)",0.8044720888137817,0.00010210338223259896,AC,P4,1,1,1,0,0.0012782685225829482,0.00010547049896558747,0.16090020537376404,0.0013046582462266088,P5,0.6490678191184998,0.0012782685225829482,P4,1,0,0,0,1,final_tp
0900220012200307161612762HJ_1295979100_484631500,6548,3,LC,"[822.99951171875, 732.999755859375, 873.9999389648438, 761.9993286132812]",1478.9906004033983,medium,Q2,1.7586613319751057,"[1,2)",0.7732235193252563,0.00011578578414628282,LC,P3,1,1,0,0,0.00025863837799988687,0.00011578578414628282,0.11459039896726608,0.00030279348720796406,P4,0.0,0.8552063703536987,P4,0,0,0,0,0,confidence_filter_loss
0900220012200307161612762HJ_1295979100_484631500,6548,4,LC,"[945.0004272460938, 774.0001220703125, 1024.0, 811.9998168945312]",3001.959655892104,medium,Q2,2.078952821051516,"[2,4)",0.9389416575431824,0.00029021810041740537,LC,P3,1,1,0,0,0.00034904820495285094,0.00029021810041740537,0.27629002928733826,0.0005300879711285233,P4,0.0,0.8552063703536987,P4,0,0,0,0,0,confidence_filter_loss
09002200122003101038363506G_1295591400_483779600,6736,0,LP,"[540.9996948242188, 650.0003662109375, 611.999755859375, 796.0001831054688]",10365.995910633355,large,Q3,2.05633368149132,"[2,4)",0.9246828556060791,0.06395906209945679,LP,P4,1,1,1,1,0.9345357418060303,0.9345357418060303,0.8968582153320312,0.9345357418060303,P4,0.8968582153320312,0.9345357418060303,P4,1,1,1,1,1,final_tp
09002200122003101038363506G_1295591400_483779600,6736,1,MC,"[794.0004272460938, 639.0006103515625, 848.0, 654.0001831054688]",809.9705202020705,small,Q1,3.6000740580989854,"[2,4)",0.8086439967155457,0.6591682434082031,MC,P3,1,1,1,1,0.8498551845550537,0.8498551845550537,0.7870655655860901,0.8498551845550537,P3,0.7870655655860901,0.8498551845550537,P3,1,1,1,1,1,final_tp
09002200122003101038363506G_1295591400_483779600,6736,2,MC,"[379.9997253417969, 657.9998779296875, 442.999267578125, 675.9996948242188]",1133.980224693194,medium,Q1,3.500010172629523,"[2,4)",0.8467922806739807,0.0010730150388553739,MC,P3,1,1,1,1,0.9074815511703491,0.0010730150388553739,0.6711695194244385,0.9074815511703491,P3,0.8467922806739807,0.0010730150388553739,P3,1,1,1,1,1,final_tp
09002200122003101038363506G_1295591400_483779600,6736,3,LP,"[231.00003051757812, 712.0, 337.0004577636719, 795.0004272460938]",8798.080749694258,medium,Q3,1.2771070073146213,"[1,2)",0.9643514156341553,0.0002248408563900739,LP,P4,1,1,1,1,0.29363805055618286,0.29363805055618286,0.8895490765571594,0.29363805055618286,P4,0.8895490765571594,0.29363805055618286,P4,1,1,1,1,1,final_tp
0900220012200310111333665HJ_1295256300_484812900,6325,0,AC,"[357.0002136230469, 657.9998779296875, 684.000244140625, 771.9996948242188]",37277.94360351004,large,Q4,2.8684259275618613,"[2,4)",0.885501503944397,0.6166380643844604,AC,P5,1,1,1,1,0.6270037889480591,0.6166380643844604,0.6797909140586853,0.6270037889480591,P5,0.8059386610984802,0.03910049796104431,P5,1,1,1,1,1,final_tp
09002200122003101132030766G_1295559100_483857600,6737,0,LP,"[528.0006103515625, 551.0006103515625, 573.000244140625, 578.0004272460938]",1214.981872625649,medium,Q1,1.6666644060899936,"[1,2)",0.8292248249053955,0.5868383049964905,LP,P3,1,1,1,1,0.8785107135772705,0.8785107135772705,0.8215022087097168,0.8785107135772705,P3,0.8215022087097168,0.8785107135772705,P3,1,1,1,1,1,final_tp
09002200122003101132030766G_1295559100_483857600,6737,1,LC,"[623.0006103515625, 634.0004272460938, 716.0001831054688, 769.00048828125]",12554.947998020798,large,Q3,1.4516202283250366,"[1,2)",0.9595611095428467,6.760857559129363e-06,LP,P4,1,1,0,0,0.0005678837187588215,0.0005678837187588215,0.9590680003166199,0.0005678837187588215,P4,0.0,0.018261287361383438,P3,0,0,0,0,0,confidence_filter_loss
09002200122003101132030766G_1295559100_483857600,6737,2,MC,"[577.9999389648438, 607.0001831054688, 620.0003051757812, 616.0]",377.9956054016948,small,Q1,4.666802303106753,"[4,8)",0.7389929890632629,0.11444799602031708,MC,P3,1,0,1,0,0.17732669413089752,0.0,0.6987494826316833,0.17732669413089752,P3,0.6987494826316833,0.17732669413089752,P3,1,0,0,0,1,final_tp
09002200122003101132030766G_1295559100_483857600,6737,3,TP,"[0.99993896484375, 771.999755859375, 141.99961853027344, 821.9996337890625]",7049.966766396537,medium,Q3,2.820000476075381,"[2,4)",0.9188017249107361,0.3407648205757141,TP,P4,1,1,1,1,0.9275110960006714,0.9275110960006714,0.9010967016220093,0.9275110960006714,P4,0.9010967016220093,0.9275110960006714,P4,1,1,1,1,1,final_tp
09002200122003101132030766G_1295559100_483857600,6737,4,TP,"[925.9996948242188, 781.0001831054688, 1023.9996337890625, 815.0]",3331.979980479926,medium,Q2,2.882366668880699,"[2,4)",0.9105762839317322,0.3648471534252167,TP,P3,1,1,1,1,0.8950826525688171,0.8950826525688171,0.7612466216087341,0.8950826525688171,P4,0.7612466216087341,0.8950826525688171,P4,1,1,1,1,1,final_tp
09002200122003101132030766G_1295559100_483857600,6737,5,TP,"[431.0001525878906, 584.0, 642.00048828125, 596.000244140625]",2532.055542074144,medium,Q2,17.583003580656317,"[16,inf)",0.8722246289253235,0.011372731998562813,TP,P3,1,1,1,1,0.024404749274253845,0.011372731998562813,0.4638318121433258,0.0863480344414711,P3,0.772547721862793,0.0021427059546113014,P3,1,1,0,0,1,final_tp
09002200122003101132030766G_1295559100_483857600,6737,6,LP,"[570.9998168945312, 555.0003051757812, 620.0003051757812, 581.000732421875]",1274.03363057971,medium,Q1,1.8846031958421656,"[1,2)",0.8348204493522644,0.13494493067264557,LP,P3,1,1,1,1,0.3328588902950287,0.20701363682746887,0.2894744277000427,0.4598061144351959,P3,0.7808805704116821,0.20701363682746887,P3,1,1,1,1,1,final_tp
09002200122003101132444006G_1295527900_483908800,6738,0,LP,"[469.0002136230469, 571.999755859375, 490.99981689453125, 633.9999389648438]",1363.9794310797006,medium,Q1,2.818240962819209,"[2,4)",0.8976664543151855,0.7851723432540894,LP,P3,1,1,1,1,0.7851723432540894,0.7851723432540894,0.8976664543151855,0.7851723432540894,P3,0.8976664543151855,0.7851723432540894,P3,1,1,1,1,1,final_tp
09002200122003101132444006G_1295527900_483908800,6738,1,TP,"[607.0000610351562, 611.0003051757812, 804.0003051757812, 625.00048828125]",2758.0394897907972,medium,Q2,14.071261972543258,"[8,16)",0.880379855632782,0.4853271543979645,TP,P3,1,1,1,1,0.5845643877983093,0.5845643877983093,0.8083405494689941,0.5845643877983093,P3,0.8083405494689941,0.5845643877983093,P3,1,1,1,1,1,final_tp
09002200122003101132444006G_1295527900_483908800,6738,2,LP,"[540.0003051757812, 525.9996337890625, 750.0001831054688, 793.9999389648438]",56280.03137203306,large,Q4,1.2761926712429497,"[1,2)",0.979060173034668,0.0005265357904136181,LP,P5,1,1,1,1,0.9235241413116455,0.9235241413116455,0.9664834141731262,0.9235241413116455,P5,0.9664834141731262,0.9235241413116455,P5,1,1,1,1,1,final_tp
09002200122003101132444006G_1295527900_483908800,6738,3,TP,"[58.99980545043945, 713.0, 489.9993591308594, 769.9998168945312]",24566.89498909749,large,Q4,7.561419767958582,"[4,8)",0.961686372756958,0.005167240742594004,TP,P5,1,1,1,1,0.9038314819335938,0.9038314819335938,0.9261011481285095,0.9038314819335938,P5,0.9261011481285095,0.9038314819335938,P5,1,1,1,1,1,final_tp
09002200122003101132444006G_1295527900_483908800,6738,4,LP,"[239.00003051757812, 593.9998168945312, 393.0004577636719, 679.0000610351562]",13090.073913678527,large,Q3,1.8117645284796402,"[1,2)",0.9789342284202576,0.2674332857131958,LP,P4,1,1,1,1,0.9607983231544495,0.9607983231544495,0.9605903029441833,0.9607983231544495,P4,0.9605903029441833,0.9607983231544495,P4,1,1,1,1,1,final_tp
0900220012200310120922496HG_1294917900_483594400,6326,0,TC,"[691.999755859375, 727.9999389648438, 912.0, 751.0001220703125]",5060.0458984822035,medium,Q2,9.565151856913504,"[8,16)",0.7662608027458191,0.014374854974448681,TC,P3,1,1,1,1,0.02696487493813038,0.014374854974448681,0.3368006646633148,0.10346498340368271,P3,0.7662608027458191,0.014374854974448681,P3,1,1,0,0,1,final_tp
0900220012200310120922496HG_1294917900_483594400,6326,1,LC,"[729.9998779296875, 701.9996337890625, 785.0, 738.9998168945312]",2035.0145874246955,medium,Q2,1.4864824293851482,"[1,2)",0.7808518409729004,0.03364769369363785,LC,P3,1,1,1,1,0.3861341178417206,0.13627886772155762,0.491813063621521,0.4095323383808136,P3,0.7808518409729004,0.03364769369363785,P3,1,1,0,1,1,final_tp
0900220012200310120922496HG_1294917900_483594400,6326,2,MC,"[850.0004272460938, 656.0000610351562, 880.00048828125, 666.0004272460938]",300.01159670203924,small,Q1,2.9998962440340318,"[2,4)",0.6263253092765808,0.013392924331128597,MC,P3,1,0,1,0,0.013392924331128597,0.0,0.6263253092765808,0.013392924331128597,P3,0.6263253092765808,0.013392924331128597,P3,1,0,0,0,1,final_tp
0900220012200310130157971HG_1294933700_483549600,6327,0,LP,"[519.0, 647.9994506835938, 618.0004272460938, 771.9996948242188]",12276.077148541808,large,Q3,1.2525223131854482,"[1,2)",0.9329419732093811,2.388862776570022e-05,LP,P3,1,1,1,1,0.8919186592102051,0.8919186592102051,0.9123660922050476,0.8919186592102051,P4,0.9123660922050476,0.8919186592102051,P4,1,1,1,1,1,final_tp
0900220012200310130410815HG_1294922800_483612900,6328,0,LP,"[346.0003662109375, 614.0006713867188, 470.0005798339844, 771.0003051757812]",19467.98812858388,large,Q3,1.2661238977082077,"[1,2)",0.9751346707344055,0.000834740640129894,LP,P4,1,1,1,1,0.8731592893600464,0.8731592893600464,0.8803050518035889,0.8731592893600464,P4,0.8803050518035889,0.8731592893600464,P4,1,1,1,1,1,final_tp
0900220012200310130505622HG_1294920800_483639500,6329,0,LP,"[540.0003662109375, 693.000244140625, 583.0001220703125, 774.0006713867188]",3482.998596087098,medium,Q2,1.8837415614868815,"[1,2)",0.8812917470932007,0.04507579281926155,LP,P3,1,1,1,1,0.86385178565979,0.86385178565979,0.8335509896278381,0.86385178565979,P3,0.8335509896278381,0.86385178565979,P3,1,1,1,1,1,final_tp
0900220012200310130505622HG_1294920800_483639500,6329,1,TP,"[427.999755859375, 695.0000610351562, 575.99951171875, 702.0001831054688]",1036.0163573920727,medium,Q1,21.142453570494375,"[16,inf)",0.6362637877464294,0.14221268892288208,TP,P3,1,0,1,0,0.21683408319950104,0.0,0.5446707606315613,0.21683408319950104,P3,0.5446707606315613,0.21683408319950104,P3,1,0,0,0,1,final_tp
0900220012200310130505622HG_1294920800_483639500,6329,2,LP,"[176.0, 631.0006713867188, 229.0001983642578, 662.0001220703125]",1642.9770354134962,medium,Q2,1.7097141141377648,"[1,2)",0.8620054125785828,0.03115912899374962,LP,P3,1,1,1,1,0.29793810844421387,0.18710264563560486,0.7415539026260376,0.29793810844421387,P3,0.745032548904419,0.16034774482250214,P4,1,0,1,1,1,final_tp
0900220012200310130505622HG_1294920800_483639500,6329,3,TP,"[1.0004425048828125, 642.0004272460938, 47.00057601928711, 655.0001220703125]",597.987697560573,small,Q1,3.538554876588712,"[2,4)",0.6479974389076233,0.09364359825849533,TP,P3,1,0,1,0,0.28711968660354614,0.0,0.3165326714515686,0.32583901286125183,P4,0.6479974389076233,0.09364359825849533,P3,1,0,1,1,1,final_tp
0900220012200310130549684HG_1294919700_483660200,6330,0,LP,"[587.9996948242188, 680.0, 653.000244140625, 774.99951171875]",6175.020446509123,medium,Q3,1.461518598193938,"[1,2)",0.9062871336936951,0.01823183335363865,LP,P3,1,1,1,1,0.4998660385608673,0.4998660385608673,0.8887842297554016,0.4998660385608673,P3,0.8887842297554016,0.4998660385608673,P3,1,1,1,1,1,final_tp
0900220012200310130549684HG_1294919700_483660200,6330,1,TC,"[659.0004272460938, 709.9996948242188, 737.9999389648438, 720.9994506835938]",868.9753419160843,small,Q1,7.181933192764399,"[4,8)",0.8507740497589111,0.28813329339027405,TC,P3,1,1,1,1,0.32314813137054443,0.32314813137054443,0.8149938583374023,0.32314813137054443,P3,0.8149938583374023,0.32314813137054443,P3,1,1,1,1,1,final_tp
0900220012200310130549684HG_1294919700_483660200,6330,2,MC,"[690.999755859375, 636.000244140625, 713.9999389648438, 643.0003051757812]",161.00268555805087,small,Q1,3.28571179450514,"[2,4)",0.5276237726211548,0.07543429732322693,MC,P3,1,0,1,0,0.25663527846336365,0.0,0.5042276382446289,0.25663527846336365,P3,0.5042276382446289,0.25663527846336365,P3,1,0,1,1,1,final_tp
0900220012200310130549684HG_1294919700_483660200,6330,3,MC,"[692.0001831054688, 646.0000610351562, 725.000732421875, 651.9996948242188]",197.99121073633432,small,Q1,5.500427272172374,"[4,8)",0.30839666724205017,0.00046592424041591585,MC,P3,0,0,0,0,0.0,0.0,0.26378944516181946,0.0038627488538622856,P3,0.26378944516181946,0.0038627488538622856,P3,0,0,0,0,0,raw_geometry_failure
0900220012200310130549684HG_1294919700_483660200,6330,4,MC,"[890.0004272460938, 641.9998779296875, 933.0001220703125, 652.9996337890625]",472.98614509403706,small,Q1,3.9091499278659416,"[2,4)",0.5707668662071228,0.009645861573517323,MC,P3,1,0,1,0,0.009645861573517323,0.0,0.5707668662071228,0.009645861573517323,P3,0.5707668662071228,0.009645861573517323,P3,1,0,0,0,1,final_tp
09002200122003101409257426G_1295338600_484234900,6739,0,LC,"[680.0, 642.9998168945312, 809.9999389648438, 801.9993286132812]",20669.92681887746,large,Q4,1.2230737413018993,"[1,2)",0.9094042778015137,0.0018999396124854684,LC,P4,1,1,1,1,0.8131004571914673,0.19090336561203003,0.6166693568229675,0.8131004571914673,P4,0.8951182961463928,0.038556188344955444,P4,1,1,1,1,1,final_tp
0900220012200311100134261HJ_1296516100_484441000,6549,0,LC,"[546.0004272460938, 629.9995727539062, 665.0004272460938, 750.99951171875]",14398.992736816406,large,Q3,1.016806209788603,"[1,2)",0.7999144196510315,0.0005257820012047887,LC,P4,1,1,1,1,0.00831835437566042,0.00623050332069397,0.380059152841568,0.5221979022026062,P4,0.7890762090682983,0.00623050332069397,P4,1,1,0,0,1,final_tp
0900220012200311100134261HJ_1296516100_484441000,6549,1,AC,"[694.9994506835938, 634.0004272460938, 1023.99951171875, 787.0003662109375]",50336.989257808775,large,Q4,2.1503280541226473,"[2,4)",0.9532185792922974,0.16985583305358887,AC,P5,1,1,1,1,0.28035327792167664,0.28035327792167664,0.8467488288879395,0.28035327792167664,P5,0.8467488288879395,0.28035327792167664,P5,1,1,1,1,1,final_tp
0900220012200311100134261HJ_1296516100_484441000,6549,2,LC,"[0.9999634027481079, 581.0001831054688, 447.9994812011719, 829.0006713867188]",110856.09716773033,large,Q4,1.802413837233341,"[1,2)",0.9755927324295044,0.0008924182620830834,AC,P5,1,1,1,1,0.07286428660154343,0.07286428660154343,0.9489248991012573,0.07286428660154343,P5,0.9489248991012573,0.07286428660154343,P5,1,1,0,0,1,final_tp
0900220012200311100332655HJ_1296510200_484309300,6550,0,AC,"[0.9999451041221619, 610.999755859375, 756.9996948242188, 825.9999389648438]",162540.0859374553,large,Q4,3.516274939582344,"[2,4)",0.9007373452186584,0.9199838638305664,AC,P5,1,1,1,1,0.9364177584648132,0.9364177584648132,0.8877928853034973,0.9364177584648132,P5,0.8877928853034973,0.9364177584648132,P5,1,1,1,1,1,final_tp
0900220012200311100425222HJ_1296528000_484240800,6551,0,MC,"[571.999755859375, 602.0004272460938, 602.999267578125, 609.9998779296875]",247.97906520962715,small,Q1,3.875205054057972,"[2,4)",0.8102579712867737,0.1958375871181488,MC,P3,1,1,1,1,0.1958375871181488,0.1958375871181488,0.8102579712867737,0.1958375871181488,P3,0.8102579712867737,0.1958375871181488,P3,1,1,0,0,1,final_tp
0900220012200311100425222HJ_1296528000_484240800,6551,1,AC,"[0.9999298453330994, 576.0, 361.9999084472656, 672.0000610351562]",34656.01910400204,large,Q4,3.760413957968421,"[2,4)",0.9230320453643799,0.012842318043112755,AC,P5,1,1,1,1,0.30667513608932495,0.30667513608932495,0.9046919941902161,0.30667513608932495,P5,0.9046919941902161,0.30667513608932495,P5,1,1,1,1,1,final_tp
0900220012200311100549938HJ_1296544600_484201300,6552,0,LC,"[432.00054931640625, 590.0001220703125, 491.0003356933594, 743.0000610351562]",9026.963714612648,medium,Q3,2.5932286938687894,"[2,4)",0.8839899897575378,0.1367993801832199,LC,P3,1,1,1,1,0.8969908952713013,0.8969908952713013,0.8296027779579163,0.8969908952713013,P4,0.8296027779579163,0.8969908952713013,P4,1,1,1,1,1,final_tp
0900220012200311100723068HJ_1296592700_484201200,6553,0,LC,"[270.9995422363281, 635.999267578125, 387.9996643066406, 723.9996948242188]",10296.060730032623,large,Q3,1.3295403866974522,"[1,2)",0.7897963523864746,0.02523869462311268,LC,P4,1,1,1,1,0.5463883280754089,0.02523869462311268,0.6376419067382812,0.5463883280754089,P4,0.7158588171005249,0.10637370496988297,P4,1,0,1,1,1,final_tp
0900220012200311100723068HJ_1296592700_484201200,6553,1,MC,"[742.9995727539062, 712.9999389648438, 818.9998168945312, 737.0004272460938]",1824.0429688692093,medium,Q2,3.1666124142982115,"[2,4)",0.9368430376052856,0.0004132585891056806,MC,P3,1,1,1,1,0.7802078723907471,0.7802078723907471,0.7942075729370117,0.7802078723907471,P3,0.7942075729370117,0.7802078723907471,P3,1,1,1,1,1,final_tp
0900220012200311101817972HJ_1296600500_483927900,6554,0,LC,"[1.0004425048828125, 628.000244140625, 321.00042724609375, 736.0005493164062]",34560.09765625,large,Q4,2.962954590537204,"[2,4)",0.9831415414810181,0.007577374577522278,LC,P4,1,1,1,1,0.6455045342445374,0.6455045342445374,0.9689640998840332,0.6455045342445374,P5,0.9689640998840332,0.6455045342445374,P5,1,1,1,1,1,final_tp
0900220012200311102036362HG_1295327200_483686000,6331,0,TP,"[339.999755859375, 656.9999389648438, 613.9996948242188, 676.0003051757812]",5206.0991821065545,medium,Q2,14.420771469505496,"[8,16)",0.7948907613754272,0.02516596019268036,TP,P3,1,1,1,1,0.13371148705482483,0.03515082970261574,0.6693122982978821,0.13371148705482483,P5,0.7928016185760498,0.03515082970261574,P3,1,1,0,0,1,final_tp
0900220012200311102036362HG_1295327200_483686000,6331,1,LP,"[0.9999451041221619, 601.9999389648438, 404.000244140625, 735.99951171875]",54001.86871324852,large,Q4,3.0074745530413143,"[2,4)",0.9837377667427063,0.03651447221636772,LC,P5,1,1,1,1,0.5741287469863892,0.2722279131412506,0.6993640661239624,0.5741287469863892,P4,0.9837377667427063,0.03651447221636772,P5,1,1,1,1,1,final_tp
0900220012200311102835939HG_1295314700_484017200,6332,0,LP,"[423.0, 608.0, 469.0002136230469, 732.9996337890625]",5750.009857099503,medium,Q2,2.717370723827152,"[2,4)",0.5733714699745178,0.00010976335033774376,TP,P3,1,0,1,0,0.13082781434059143,0.0,0.4551140367984772,0.4413042664527893,P4,0.5178553462028503,0.0022644491400569677,P4,1,0,0,0,1,final_tp
0900220012200311102835939HG_1295314700_484017200,6332,1,MC,"[216.00051879882812, 674.9993286132812, 263.0000915527344, 684.9996948242188]",470.0129392966628,small,Q1,4.699785164117525,"[4,8)",0.8342009782791138,0.4625700116157532,MC,P3,1,1,1,1,0.6241033673286438,0.48192453384399414,0.5811185836791992,0.6241033673286438,P3,0.8342009782791138,0.4625700116157532,P3,1,1,1,1,1,final_tp
09002200122003111035313166G_1294763800_483699200,6500,0,LC,"[571.0003662109375, 570.9993286132812, 644.0001831054688, 788.9996948242188]",15913.986816339195,large,Q3,2.9863138770046547,"[2,4)",0.9496050477027893,0.7913404107093811,LC,P4,1,1,1,1,0.8587864637374878,0.8587864637374878,0.940460741519928,0.8587864637374878,P4,0.940460741519928,0.8587864637374878,P4,1,1,1,1,1,final_tp
09002200122003111035313166G_1294763800_483699200,6500,1,P,"[666.999755859375, 721.9998779296875, 688.9994506835938, 728.9999389648438]",153.9992065243423,small,Q1,3.1427861433964894,"[2,4)",0.732570230960846,0.2720073461532593,P,P3,1,0,1,0,0.387262761592865,0.0,0.6782310605049133,0.387262761592865,P3,0.6782310605049133,0.387262761592865,P3,1,0,1,1,1,final_tp
09002200122003111035313166G_1294763800_483699200,6500,2,MC,"[947.0003051757812, 628.9996948242188, 990.0001220703125, 637.9995727539062]",386.9931030496955,small,Q1,4.777822236087187,"[4,8)",0.6844623684883118,0.6960315704345703,MC,P3,1,0,1,0,0.7033109068870544,0.0,0.6701675653457642,0.7033109068870544,P3,0.6701675653457642,0.7033109068870544,P3,1,0,1,1,1,final_tp
0900220012200311104249546HJ_1296793700_483656800,6555,0,AC,"[1.0004425048828125, 620.9996948242188, 400.0, 830.9996337890625]",83789.88592531905,large,Q4,1.8999985177172032,"[1,2)",0.9638553857803345,0.0003101086476817727,LP,P5,1,1,1,1,0.9061449766159058,0.9061449766159058,0.9232337474822998,0.9061449766159058,P5,0.9232337474822998,0.9061449766159058,P5,1,1,1,1,1,final_tp
0900220012200311104249546HJ_1296793700_483656800,6555,1,MC,"[353.9998474121094, 606.9995727539062, 393.9993591308594, 616.9999389648438]",400.00976544618607,small,Q1,3.9998046946522954,"[2,4)",0.7456418871879578,0.009438612498342991,MC,P3,1,0,1,0,0.0704793632030487,0.0,0.6120033264160156,0.0704793632030487,P3,0.6120033264160156,0.0704793632030487,P3,1,0,0,0,1,final_tp
0900220012200311104328531HG_1295315100_484070600,6333,0,LC,"[596.9996948242188, 702.0001220703125, 673.9993896484375, 798.0001220703125]",7391.970703125,medium,Q3,1.2467581880571956,"[1,2)",0.8827168941497803,0.0009534163400530815,LC,P3,1,1,1,1,0.7091248035430908,0.7091248035430908,0.7533660531044006,0.7091248035430908,P4,0.7533660531044006,0.7091248035430908,P4,1,1,1,1,1,final_tp
0900220012200311104328531HG_1295315100_484070600,6333,1,MC,"[443.999755859375, 670.9995727539062, 495.9994812011719, 680.9999389648438]",520.0162962861359,small,Q1,5.199782112471467,"[4,8)",0.704136848449707,0.033496417105197906,MC,P3,1,0,1,0,0.29079025983810425,0.0,0.6191668510437012,0.29079025983810425,P3,0.6893944144248962,0.10528961569070816,P3,1,0,1,1,1,final_tp
0900220012200311104328531HG_1295315100_484070600,6333,2,TC,"[49.00045394897461, 777.9999389648438, 138.00039672851562, 804.9996337890625]",2402.9711914248765,medium,Q2,3.2963312935304265,"[2,4)",0.7057375311851501,0.0011777174659073353,TC,P3,1,0,1,0,0.006550169084221125,0.0,0.43332868814468384,0.042262107133865356,P3,0.5600915551185608,0.006550169084221125,P3,1,0,0,0,1,final_tp
0900220012200311104443481HG_1295316400_483986500,6334,0,TC,"[324.9996337890625, 682.9998779296875, 841.9999389648438, 725.9996337890625]",22230.886901780963,large,Q4,12.023331175799282,"[8,16)",0.7697018980979919,0.395949125289917,TC,P4,1,1,1,1,0.6633551120758057,0.395949125289917,0.7368005514144897,0.6633551120758057,P4,0.7368005514144897,0.6633551120758057,P4,1,0,1,1,1,final_tp
0900220012200311104538838HG_1295320200_483894600,6335,0,LP,"[533.9995727539062, 687.9999389648438, 593.9999389648438, 798.99951171875]",6660.015014491975,medium,Q3,1.8499815878402435,"[1,2)",0.9032257795333862,0.5890846848487854,LP,P3,1,1,1,1,0.8360629081726074,0.8360629081726074,0.8793962001800537,0.8360629081726074,P3,0.8793962001800537,0.8360629081726074,P3,1,1,1,1,1,final_tp
0900220012200311104538838HG_1295320200_483894600,6335,1,LP,"[492.00030517578125, 709.9996337890625, 513.9999389648438, 780.9995727539062]",1561.9726562723517,medium,Q2,3.227323674821469,"[2,4)",0.847657322883606,0.5748852491378784,LP,P3,1,1,1,1,0.6652103066444397,0.6652103066444397,0.8239901065826416,0.6652103066444397,P3,0.8239901065826416,0.6652103066444397,P3,1,1,1,1,1,final_tp
0900220012200311104538838HG_1295320200_483894600,6335,2,LC,"[304.9999694824219, 728.9999389648438, 431.00006103515625, 789.9995727539062]",7685.959442105144,medium,Q3,2.0655876720251185,"[2,4)",0.8566871881484985,0.0065192896872758865,LP,P3,1,1,1,1,0.20499296486377716,0.01759699359536171,0.4983067512512207,0.3237338960170746,P4,0.7856730818748474,0.012394765391945839,P3,1,1,0,0,1,final_tp
0900220012200311104538838HG_1295320200_483894600,6335,3,LP,"[15.000070571899414, 732.9996337890625, 237.0001983642578, 849.9999389648438]",25974.082031287253,large,Q4,1.8974319916241205,"[1,2)",0.8215182423591614,0.00013616858632303774,LC,P4,1,1,0,0,0.0006669339491054416,0.000487431330839172,0.2371700257062912,0.013576356694102287,P5,0.2371700257062912,0.013576356694102287,P5,0,0,0,0,0,confidence_filter_loss
0900220012200311104538838HG_1295320200_483894600,6335,4,TP,"[309.9996032714844, 680.9999389648438, 526.9995727539062, 695.99951171875]",3254.906829847023,medium,Q2,14.467076698961966,"[8,16)",0.8008069396018982,0.5355510115623474,TP,P3,1,1,1,1,0.5623980760574341,0.5355510115623474,0.704042375087738,0.5623980760574341,P3,0.7177159190177917,0.012289267964661121,P4,1,0,1,1,1,final_tp
0900220012200311104538838HG_1295320200_483894600,6335,5,TP,"[930.0004272460938, 777.9998779296875, 1024.0, 801.0]",2162.0016478970647,medium,Q2,4.08691625490269,"[4,8)",0.706421434879303,0.00048634278937242925,TC,P3,1,0,1,0,0.01063228864222765,0.0,0.5476268529891968,0.01063228864222765,P3,0.5476268529891968,0.01063228864222765,P3,1,0,0,0,1,final_tp
0900220012200311104538838HG_1295320200_483894600,6335,6,MC,"[1.9998749494552612, 721.9999389648438, 76.99968719482422, 746.9996948242188]",1874.976921128109,medium,Q2,3.0000216676920672,"[2,4)",0.9143095016479492,0.05608178675174713,MC,P3,1,1,1,1,0.9283074140548706,0.9283074140548706,0.8824045062065125,0.9283074140548706,P3,0.8824045062065125,0.9283074140548706,P3,1,1,1,1,1,final_tp
0900220012200311104538838HG_1295320200_483894600,6335,7,LC,"[1.0004425048828125, 607.9999389648438, 424.00048828125, 835.9998168945312]",96443.96228026599,large,Q4,1.8552644188941387,"[1,2)",0.9874985218048096,0.000992321060039103,LC,P5,1,1,1,1,0.9661216139793396,0.9661216139793396,0.9678710103034973,0.9661216139793396,P5,0.9678710103034973,0.9661216139793396,P5,1,1,1,1,1,final_tp
0900220012200311104556305HG_1295321100_483870900,6336,0,TP,"[288.0, 773.9996337890625, 462.99957275390625, 794.9999389648438]",3675.044433463365,medium,Q2,8.33319188883625,"[8,16)",0.6755139827728271,0.03012600541114807,TP,P3,1,0,1,0,0.5524442195892334,0.0,0.6068554520606995,0.5524442195892334,P3,0.6068554520606995,0.5524442195892334,P3,1,0,1,1,1,final_tp
0900220012200311104556305HG_1295321100_483870900,6336,1,TP,"[384.00048828125, 710.9996337890625, 553.00048828125, 719.9994506835938]",1520.9690551757812,medium,Q2,18.778159820417354,"[16,inf)",0.6472539305686951,0.016789447516202927,TP,P3,1,0,1,0,0.06917955726385117,0.0,0.16509169340133667,0.43633487820625305,P4,0.603318452835083,0.010330984368920326,P3,1,0,0,0,1,final_tp
0900220012200311104556305HG_1295321100_483870900,6336,2,LP,"[270.0006408691406, 692.0003662109375, 379.0003662109375, 783.0000610351562]",9918.941742027178,large,Q3,1.1978031965090457,"[1,2)",0.8812201619148254,0.1759745180606842,LP,P4,1,1,1,1,0.9095984697341919,0.9095984697341919,0.8729888796806335,0.9095984697341919,P4,0.8729888796806335,0.9095984697341919,P4,1,1,1,1,1,final_tp
0900220012200311104556305HG_1295321100_483870900,6336,3,LP,"[491.99981689453125, 650.9998779296875, 525.9996948242188, 668.0003051757812]",578.0124511197209,small,Q1,1.9999425565907336,"[1,2)",0.6606172919273376,0.17701685428619385,LP,P3,1,0,1,0,0.17701685428619385,0.0,0.6606172919273376,0.17701685428619385,P3,0.6606172919273376,0.17701685428619385,P3,1,0,0,0,1,final_tp
0900220012200311104556305HG_1295321100_483870900,6336,4,LP,"[510.0001525878906, 611.9998168945312, 531.0004272460938, 633.9994506835938]",461.9983519501984,small,Q1,1.0475879076404844,"[1,2)",0.8356348276138306,0.33903151750564575,LP,P3,1,1,1,1,0.5609907507896423,0.5609907507896423,0.8237330317497253,0.5609907507896423,P3,0.8237330317497253,0.5609907507896423,P3,1,1,1,1,1,final_tp
0900220012200311104556305HG_1295321100_483870900,6336,5,LC,"[47.00006103515625, 653.9996337890625, 368.9999694824219, 840.0]",59892.10089107975,large,Q4,1.7311788950033307,"[1,2)",0.9229366183280945,0.01164808589965105,LP,P5,1,1,1,1,0.2630549371242523,0.2630549371242523,0.8087021708488464,0.2630549371242523,P5,0.8087021708488464,0.2630549371242523,P5,1,1,1,1,1,final_tp
0900220012200311104556305HG_1295321100_483870900,6336,6,TC,"[991.0001220703125, 821.99951171875, 1024.0, 842.9998168945312]",693.0075072869658,small,Q1,1.5713999226899256,"[1,2)",0.7322813868522644,0.3073340654373169,TC,P4,1,0,1,0,0.4108082056045532,0.0,0.6148878931999207,0.4108082056045532,P3,0.6148878931999207,0.4108082056045532,P3,1,0,1,1,1,final_tp
0900220012200311104556305HG_1295321100_483870900,6336,7,LC,"[712.9994506835938, 708.0001831054688, 774.9995727539062, 759.9999389648438]",3223.9912109076977,medium,Q2,1.192315637749952,"[1,2)",0.8277459144592285,0.0005246213404461741,LC,P3,1,1,0,0,0.0005246213404461741,0.0005246213404461741,0.3184542953968048,0.0010391119867563248,P3,0.0,0.2630549371242523,P5,0,0,0,0,0,confidence_filter_loss
0900220012200311104556305HG_1295321100_483870900,6336,8,MC,"[68.00025177001953, 718.9995727539062, 137.9998779296875, 743.99951171875]",1749.9863815535791,medium,Q2,2.7999918823044,"[2,4)",0.6970492005348206,0.0006250702426768839,MC,P3,1,0,1,0,0.0022763414308428764,0.0,0.35203519463539124,0.004004762042313814,P3,0.6781737804412842,0.0012927367351949215,P3,1,0,0,0,1,final_tp
0900220012200311105522986HJ_1296764700_483684100,6556,0,TP,"[11.99969482421875, 639.9999389648438, 945.9994506835938, 750.99951171875]",103673.57385264337,large,Q4,8.414444602684348,"[8,16)",0.9793498516082764,0.5856196284294128,TP,P5,1,1,1,1,0.8240922689437866,0.8240922689437866,0.9546851515769958,0.8240922689437866,P5,0.9546851515769958,0.8240922689437866,P5,1,1,1,1,1,final_tp
0900220012200311105522986HJ_1296764700_483684100,6556,1,MC,"[633.9999389648438, 660.9996948242188, 685.9996337890625, 672.9999389648438]",624.0090331286192,small,Q1,4.333219742436881,"[4,8)",0.9313639998435974,0.8032970428466797,MC,P3,1,1,1,1,0.8448073863983154,0.8448073863983154,0.9157094955444336,0.8448073863983154,P3,0.9157094955444336,0.8448073863983154,P3,1,1,1,1,1,final_tp
0900220012200311110009260HG_1295329400_483734300,6337,0,LP,"[501.99957275390625, 562.9998168945312, 519.0, 813.0001831054688]",4250.113037265837,medium,Q2,14.705534313461504,"[8,16)",0.8413455486297607,0.7904495596885681,LP,P5,1,1,1,1,0.7904495596885681,0.7904495596885681,0.8413455486297607,0.7904495596885681,P5,0.8413455486297607,0.7904495596885681,P5,1,1,1,1,1,final_tp
0900220012200311110019701HG_1295328300_483754600,6338,0,LP,"[264.9999694824219, 636.9996948242188, 339.00030517578125, 693.99951171875]",4218.00558465533,medium,Q2,1.2982556738784754,"[1,2)",0.9852155447006226,0.49676451086997986,LP,P4,1,1,1,1,0.8842920064926147,0.8842920064926147,0.9717265963554382,0.8842920064926147,P3,0.9717265963554382,0.8842920064926147,P3,1,1,1,1,1,final_tp
0900220012200311110019701HG_1295328300_483754600,6338,1,LP,"[0.9999542236328125, 724.9996337890625, 269.0002136230469, 829.9996337890625]",28140.025634765625,large,Q4,2.5523832775297617,"[2,4)",0.9780395030975342,0.00982546154409647,LP,P4,1,1,1,1,0.9351915121078491,0.9351915121078491,0.9394227266311646,0.9351915121078491,P5,0.9394227266311646,0.9351915121078491,P5,1,1,1,1,1,final_tp
0900220012200311110019701HG_1295328300_483754600,6338,2,P,"[478.0000915527344, 745.9999389648438, 496.0, 751.9994506835938]",107.99066166579723,small,Q1,3.000228900463905,"[2,4)",0.6349532008171082,0.2879617512226105,P,P3,1,0,1,0,0.2879617512226105,0.0,0.6349532008171082,0.2879617512226105,P3,0.6349532008171082,0.2879617512226105,P3,1,0,1,1,1,final_tp
0900220012200311110019701HG_1295328300_483754600,6338,3,P,"[488.00048828125, 704.0000610351562, 503.00006103515625, 707.9998168945312]",59.99462901055813,small,Q1,3.7501220777635353,"[2,4)",0.3717237412929535,0.02087288722395897,P,P3,0,0,0,0,0.0,0.0,0.3717237412929535,0.02087288722395897,P3,0.3717237412929535,0.02087288722395897,P3,0,0,0,0,0,raw_geometry_failure
0900220012200311110019701HG_1295328300_483754600,6338,4,P,"[813.0001831054688, 792.00048828125, 832.9999389648438, 799.9999389648438]",159.98706068098545,small,Q1,2.5001411534910694,"[2,4)",0.6634678244590759,0.00818790215998888,MC,P3,1,0,1,0,0.00818790215998888,0.0,0.6634678244590759,0.00818790215998888,P3,0.6634678244590759,0.00818790215998888,P3,1,0,0,0,1,final_tp
0900220012200311110039967HG_1295326100_483795800,6339,0,LP,"[637.9996337890625, 712.0, 706.9998168945312, 802.0003051757812]",6210.037536676973,medium,Q3,1.3043487875707984,"[1,2)",0.9580675363540649,0.0029303324408829212,LP,P3,1,1,1,1,0.912172257900238,0.912172257900238,0.900682270526886,0.912172257900238,P4,0.900682270526886,0.912172257900238,P4,1,1,1,1,1,final_tp
0900220012200311110039967HG_1295326100_483795800,6339,1,LP,"[286.9994812011719, 703.9994506835938, 389.9996032714844, 801.0]",9991.068420477211,large,Q3,1.0618509152390079,"[1,2)",0.9675519466400146,0.0002667781081981957,LP,P4,1,1,1,1,0.9272608160972595,0.9272608160972595,0.882594883441925,0.9272608160972595,P4,0.882594883441925,0.9272608160972595,P4,1,1,1,1,1,final_tp
0900220012200311110039967HG_1295326100_483795800,6339,2,MC,"[679.0001220703125, 629.000732421875, 704.0000610351562, 635.0003051757812]",149.98895266279578,small,Q1,4.166953213221157,"[4,8)",0.7747710943222046,0.4308805763721466,MC,P3,1,1,1,1,0.4308805763721466,0.4308805763721466,0.7747710943222046,0.4308805763721466,P3,0.7747710943222046,0.4308805763721466,P3,1,1,1,1,1,final_tp
0900220012200311110039967HG_1295326100_483795800,6339,3,LP,"[851.0001831054688, 688.9994506835938, 968.00048828125, 741.9996337890625]",6201.037597712129,medium,Q3,2.2075453011729076,"[2,4)",0.9603756666183472,0.1267818957567215,LP,P3,1,1,1,1,0.2792538106441498,0.2792538106441498,0.9104430675506592,0.2792538106441498,P3,0.9104430675506592,0.2792538106441498,P3,1,1,1,1,1,final_tp
0900220012200311110039967HG_1295326100_483795800,6339,4,LP,"[911.9994506835938, 681.0004272460938, 1019.9996948242188, 711.0006103515625]",3240.0270996540785,medium,Q2,3.599986165449023,"[2,4)",0.8818395137786865,0.008654636330902576,LP,P3,1,1,1,1,0.42838892340660095,0.42838892340660095,0.7759833335876465,0.42838892340660095,P3,0.7759833335876465,0.42838892340660095,P3,1,1,1,1,1,final_tp
0900220012200311110039967HG_1295326100_483795800,6339,5,LP,"[939.9996948242188, 673.0, 1023.9994506835938, 703.9994506835938]",2603.9462891966105,medium,Q2,2.709717559731834,"[2,4)",0.719964325428009,0.13902108371257782,LP,P3,1,0,1,0,0.42838892340660095,0.0,0.719964325428009,0.13902108371257782,P3,0.6681573987007141,0.01780853420495987,P3,1,0,0,1,1,final_tp
0900220012200311110039967HG_1295326100_483795800,6339,6,TC,"[6.000128269195557, 748.9996948242188, 82.99980926513672, 773.000244140625]",1848.0346067575738,medium,Q2,3.208246550956831,"[2,4)",0.7499555945396423,0.00931567046791315,TC,P3,1,0,1,0,0.1151735931634903,0.0,0.6424050331115723,0.1151735931634903,P4,0.6495469212532043,0.024087782949209213,P4,1,0,0,0,1,final_tp
0900220012200311110039967HG_1295326100_483795800,6339,7,TC,"[161.9999237060547, 673.00048828125, 1022.0001220703125, 712.9999389648438]",34399.53491200879,large,Q4,21.500299839322743,"[16,inf)",0.8159095644950867,0.00040288447053171694,TP,P5,1,1,1,0,0.009830092079937458,0.00040288447053171694,0.10005846619606018,0.014907714910805225,P3,0.6847285032272339,0.0012047452619299293,P4,1,0,0,0,1,final_tp
09002200122003111145007067C_1295557400_482018900,6989,0,TC,"[881.0004272460938, 826.0004272460938, 1024.0, 894.0]",9723.909851256758,large,Q3,2.1029481063275006,"[2,4)",0.9529421329498291,0.0020008389838039875,TC,P4,1,1,1,1,0.9644734263420105,0.9644734263420105,0.9353299736976624,0.9644734263420105,P4,0.9353299736976624,0.9644734263420105,P4,1,1,1,1,1,final_tp
09002200122003111228021506G_1295235400_481364600,6990,0,TC,"[321.9999084472656, 697.9999389648438, 1022.9996337890625, 781.9996948242188]",58883.80834966898,large,Q4,8.34525944376466,"[8,16)",0.892088770866394,0.1848885715007782,TC,P5,1,1,1,1,0.36538147926330566,0.24875645339488983,0.5777670741081238,0.36538147926330566,P5,0.8506571054458618,0.24875645339488983,P5,1,1,1,1,1,final_tp
09002200122003111228021506G_1295235400_481364600,6990,1,MC,"[150.9995574951172, 729.9999389648438, 237.99961853027344, 760.9993896484375]",2696.9541015289724,medium,Q2,2.806503312692584,"[2,4)",0.9313229322433472,0.00031990092247724533,MC,P3,1,1,1,1,0.8929921984672546,0.8929921984672546,0.8461036682128906,0.8929921984672546,P3,0.8461036682128906,0.8929921984672546,P3,1,1,1,1,1,final_tp
09002200122003111228021506G_1295235400_481364600,6990,2,TC,"[226.9998016357422, 769.0004272460938, 505.9999084472656, 816.0]",13112.886535592377,large,Q3,5.936226772340693,"[4,8)",0.6838682889938354,0.0028183413669466972,TC,P3,1,0,1,0,0.00419213529676199,0.0,0.2970271408557892,0.01169959083199501,P3,0.6838682889938354,0.0028183413669466972,P3,1,0,0,0,1,final_tp
0900220012200311123013955HJ_1296656500_484110600,6557,0,MC,"[75.99974822998047, 589.9996337890625, 109.99962615966797, 598.9994506835938]",305.99267580360174,small,Q1,3.7778410747831512,"[2,4)",0.8304478526115417,0.24487510323524475,MC,P3,1,1,1,1,0.24487510323524475,0.24487510323524475,0.8304478526115417,0.24487510323524475,P3,0.8304478526115417,0.24487510323524475,P3,1,1,0,0,1,final_tp
0900220012200311123013955HJ_1296656500_484110600,6557,1,LC,"[403.0003356933594, 655.0001220703125, 566.0006713867188, 774.0001220703125]",19397.039947509766,large,Q3,1.3697507201122636,"[1,2)",0.915903627872467,0.3094370365142822,LC,P4,1,1,1,1,0.702089786529541,0.702089786529541,0.9054006338119507,0.702089786529541,P4,0.9054006338119507,0.702089786529541,P4,1,1,1,1,1,final_tp
0900220012200311123013955HJ_1296656500_484110600,6557,2,MC,"[132.9996795654297, 640.9994506835938, 184.9994659423828, 654.99951171875]",728.0001830924302,small,Q1,3.7142542626331325,"[2,4)",0.9242466688156128,0.7378945350646973,MC,P3,1,1,1,1,0.8273576498031616,0.8273576498031616,0.8766883015632629,0.8273576498031616,P3,0.8766883015632629,0.8273576498031616,P3,1,1,1,1,1,final_tp
0900220012200311123421746HJ_1296577400_484202700,6558,0,LC,"[286.99957275390625, 568.0, 471.9994812011719, 758.99951171875]",35334.89218144119,large,Q4,1.032430304003067,"[1,2)",0.9273092150688171,0.0022651376202702522,LC,P4,1,1,1,1,0.9460715055465698,0.9460715055465698,0.9126242399215698,0.9460715055465698,P5,0.9126242399215698,0.9460715055465698,P5,1,1,1,1,1,final_tp
0900220012200311123421746HJ_1296577400_484202700,6558,1,MC,"[474.99981689453125, 644.9996948242188, 521.999267578125, 653.9995727539062]",422.9893189147115,small,Q1,5.222232018120906,"[4,8)",0.7140401601791382,0.7313749194145203,MC,P3,1,0,1,0,0.8472582101821899,0.0,0.6842723488807678,0.8472582101821899,P3,0.6842723488807678,0.8472582101821899,P3,1,0,1,1,1,final_tp
0900220012200311123421746HJ_1296577400_484202700,6558,2,MC,"[183.0000457763672, 659.9996948242188, 239.00059509277344, 673.9998779296875]",784.0179444365203,small,Q1,3.9999869212090036,"[2,4)",0.7634940147399902,0.5622673034667969,MC,P3,1,1,1,1,0.891980767250061,0.5622673034667969,0.7463638186454773,0.891980767250061,P3,0.7463638186454773,0.891980767250061,P3,1,0,1,1,1,final_tp
0900220012200311123430997HJ_1296564300_484202600,6559,0,LC,"[293.9996643066406, 588.9996948242188, 467.99981689453125, 766.99951171875]",30971.99530026503,large,Q4,1.0229865563170717,"[1,2)",0.9685695171356201,0.022864045575261116,LC,P4,1,1,1,1,0.8943008184432983,0.8943008184432983,0.8804757595062256,0.8943008184432983,P4,0.8804757595062256,0.8943008184432983,P4,1,1,1,1,1,final_tp
0900220012200311123430997HJ_1296564300_484202600,6559,1,MC,"[126.0001220703125, 599.0005493164062, 158.00013732910156, 605.000244140625]",191.99032592307776,small,Q1,5.333607157753385,"[4,8)",0.5017015933990479,0.0027495890390127897,MC,P3,1,0,1,0,0.0027495890390127897,0.0,0.46733641624450684,0.06499273329973221,P3,0.4732261598110199,0.002773568034172058,P3,0,0,0,0,0,nms_or_maxdet_loss
0900220012200311123608695HJ_1296539500_484214400,6560,0,LC,"[430.0005798339844, 610.9998168945312, 493.0001525878906, 708.9996948242188]",6173.950439505279,medium,Q3,1.555564167276215,"[1,2)",0.9089622497558594,0.0030407102312892675,LC,P3,1,1,1,1,0.734001100063324,0.734001100063324,0.8794806599617004,0.734001100063324,P3,0.8794806599617004,0.734001100063324,P3,1,1,1,1,1,final_tp
0900220012200311123608695HJ_1296539500_484214400,6560,1,LC,"[784.00048828125, 662.0006713867188, 864.00048828125, 702.0001220703125]",3199.9560546875,medium,Q2,2.0000274661975035,"[2,4)",0.9514402151107788,0.01386514026671648,LC,P3,1,1,1,1,0.43075641989707947,0.43075641989707947,0.753720223903656,0.43075641989707947,P3,0.8534888029098511,0.0639413371682167,P3,1,1,1,1,1,final_tp
0900220012200311123608695HJ_1296539500_484214400,6560,2,LC,"[0.9999634027481079, 619.9996948242188, 276.0002746582031, 717.0001831054688]",26675.163879543543,large,Q4,2.835040421429902,"[2,4)",0.8422970175743103,0.0008743798243813217,LC,P5,1,1,1,0,0.7664981484413147,0.0008743798243813217,0.7294415831565857,0.7664981484413147,P4,0.7294415831565857,0.7664981484413147,P4,1,0,1,1,1,final_tp
0900220012200311123608695HJ_1296539500_484214400,6560,3,MC,"[915.0004272460938, 707.999755859375, 976.0, 725.9996337890625]",1097.984863333404,medium,Q1,3.3888881353633313,"[2,4)",0.9723703861236572,0.86678147315979,MC,P3,1,1,1,1,0.86678147315979,0.86678147315979,0.9723703861236572,0.86678147315979,P3,0.9723703861236572,0.86678147315979,P3,1,1,1,1,1,final_tp
0900220012200311123608695HJ_1296539500_484214400,6560,4,TC,"[375.99957275390625, 702.9995727539062, 858.9998168945312, 730.9998168945312]",13524.12475591898,large,Q3,17.249858312479837,"[16,inf)",0.9683541059494019,0.2567576467990875,TC,P5,1,1,1,1,0.2611633539199829,0.2611633539199829,0.15527461469173431,0.27824723720550537,P3,0.930679440498352,0.2611633539199829,P5,1,1,1,1,1,final_tp
0900220012200311123618696HJ_1296534500_484228400,6561,0,AC,"[1.00042724609375, 573.000244140625, 417.0004577636719, 863.0001220703125]",120639.95806884393,large,Q4,1.4344834676738734,"[1,2)",0.839980959892273,0.0009005814208649099,AC,P5,1,1,1,1,0.8097336292266846,0.8097336292266846,0.7651645541191101,0.8097336292266846,P5,0.7651645541191101,0.8097336292266846,P5,1,1,1,1,1,final_tp
0900220012200311123631260HJ_1296527100_484246900,6562,0,LC,"[405.9996643066406, 592.9999389648438, 473.0, 680.0]",5829.0332946982235,medium,Q2,1.298501867711972,"[1,2)",0.8548335433006287,0.029773615300655365,LC,P3,1,1,1,1,0.30908632278442383,0.07461794465780258,0.6987950801849365,0.30908632278442383,P4,0.8171181082725525,0.005238016601651907,P3,1,1,1,1,1,final_tp
0900220012200311123631260HJ_1296527100_484246900,6562,1,AC,"[1.0004425048828125, 615.00048828125, 293.0002136230469, 731.000244140625]",33871.900390684605,large,Q4,2.5172445725951573,"[2,4)",0.955119252204895,0.012533619999885559,LC,P4,1,1,1,1,0.4798649847507477,0.4798649847507477,0.9437726140022278,0.4798649847507477,P5,0.9437726140022278,0.4798649847507477,P5,1,1,1,1,1,final_tp
0900220012200311123631260HJ_1296527100_484246900,6562,2,TC,"[1.000451683998108, 799.99951171875, 58.0003776550293, 825.9999389648438]",1482.022468535928,medium,Q2,2.1922688800937107,"[2,4)",0.959234893321991,0.014826159924268723,TC,P3,1,1,1,1,0.04232051223516464,0.04232051223516464,0.8747003674507141,0.04232051223516464,P3,0.8747003674507141,0.04232051223516464,P3,1,1,0,0,1,final_tp
0900220012200311123631260HJ_1296527100_484246900,6562,3,TC,"[237.9996337890625, 643.000244140625, 939.9998168945312, 671.00048828125]",19656.17651371658,large,Q3,25.071216507250043,"[16,inf)",0.7567331194877625,0.040625493973493576,TC,P5,1,1,1,1,0.16216108202934265,0.040625493973493576,0.4643738567829132,0.2201264351606369,P4,0.7567331194877625,0.040625493973493576,P5,1,1,0,0,1,final_tp
0900220012200311123655106HJ_1296512800_484287000,6563,0,TC,"[76.99959564208984, 651.0003662109375, 912.9994506835938, 724.0001831054688]",61027.838012717664,large,Q4,11.45208184751373,"[8,16)",0.9148998856544495,0.4880119860172272,TC,P5,1,1,1,1,0.8068380355834961,0.8068380355834961,0.9031654000282288,0.8068380355834961,P5,0.9031654000282288,0.8068380355834961,P5,1,1,1,1,1,final_tp
0900220012200311123905106HJ_1296517800_484474800,6564,0,AC,"[291.00030517578125, 615.9994506835938, 704.0000610351562, 771.9996948242188]",64428.06274408102,large,Q4,2.647430189193038,"[2,4)",0.9448386430740356,0.8544918298721313,AC,P5,1,1,1,1,0.8544918298721313,0.8544918298721313,0.9448386430740356,0.8544918298721313,P5,0.9448386430740356,0.8544918298721313,P5,1,1,1,1,1,final_tp
0900220012200311124749318HJ_1296524400_484490000,6565,0,AC,"[0.9998840689659119, 615.0001220703125, 1023.9994506835938, 782.0001220703125]",170840.92864990234,large,Q4,6.125745944634169,"[4,8)",0.9707779884338379,0.030157936736941338,AC,P5,1,1,1,1,0.8289752006530762,0.8289752006530762,0.8925272822380066,0.8289752006530762,P5,0.8925272822380066,0.8289752006530762,P5,1,1,1,1,1,final_tp
0900220012200311124941487HJ_1296602300_484487800,6566,0,AC,"[0.9999451041221619, 622.0001831054688, 788.0003051757812, 839.0001220703125]",170779.03143308312,large,Q4,3.6267308182904134,"[2,4)",0.8817086815834045,0.001889695879071951,AC,P5,1,1,1,1,0.005402603652328253,0.005402603652328253,0.36769959330558777,0.6775656342506409,P5,0.8498514890670776,0.005402603652328253,P5,1,1,0,0,1,final_tp
0900220012200311125018538HJ_1296646300_484491500,6567,0,AC,"[305.9998474121094, 623.9999389648438, 629.0001831054688, 773.000244140625]",48127.148590190336,large,Q4,2.1677830479092224,"[2,4)",0.6875577569007874,0.004051093012094498,AC,P5,1,0,1,0,0.46217605471611023,0.0,0.5280793905258179,0.46217605471611023,P5,0.6865172386169434,0.0010846959194168448,P5,1,0,1,1,1,final_tp
0900220012200311125919257HJ_1297309900_484467100,6568,0,LC,"[215.99954223632812, 638.0006713867188, 360.9999694824219, 715.0003051757812]",11164.979797206819,large,Q3,1.8831313879143474,"[1,2)",0.7781293392181396,0.26528307795524597,LC,P4,1,1,1,1,0.4276975691318512,0.2705376148223877,0.7477017641067505,0.4276975691318512,P4,0.7477017641067505,0.4276975691318512,P4,1,0,1,1,1,final_tp
0900220012200311125919257HJ_1297309900_484467100,6568,1,LC,"[895.0001220703125, 767.0000610351562, 1024.0, 815.0]",6191.986267097294,medium,Q3,2.687500874202568,"[2,4)",0.900523841381073,0.0006144772050902247,LC,P3,1,1,1,1,0.09515213966369629,0.06471966952085495,0.5804827809333801,0.09515213966369629,P4,0.8141370415687561,0.06471966952085495,P3,1,1,0,0,1,final_tp
0900220012200311125919257HJ_1297309900_484467100,6568,2,TC,"[592.0001220703125, 738.9996948242188, 755.999755859375, 758.0000610351562]",3116.053100451827,medium,Q2,8.63139330939088,"[8,16)",0.7467576861381531,0.008218425326049328,TC,P3,1,0,1,0,0.2704677879810333,0.0,0.4957122802734375,0.28460046648979187,P3,0.6784907579421997,0.07468432188034058,P4,1,0,0,1,1,final_tp
0900220012200311130031593HJ_1297283500_484412100,6569,0,LP,"[531.9996948242188, 629.0001831054688, 556.0003051757812, 764.9996948242188]",3264.071288764477,medium,Q2,5.6665022150112145,"[4,8)",0.9199826121330261,0.8601418137550354,LP,P3,1,1,1,1,0.8601418137550354,0.8601418137550354,0.9199826121330261,0.8601418137550354,P3,0.9199826121330261,0.8601418137550354,P3,1,1,1,1,1,final_tp
0900220012200311130031593HJ_1297283500_484412100,6569,1,LC,"[807.9996337890625, 665.0004272460938, 1024.0, 745.0004272460938]",17280.029296875,large,Q3,2.7000045776367188,"[2,4)",0.8646604418754578,9.430457430426031e-05,LC,P4,1,1,0,0,0.00036178642767481506,9.430457430426031e-05,0.22000658512115479,0.0004588164738379419,P5,0.0,0.0916617289185524,P4,0,0,0,0,0,confidence_filter_loss
0900220012200311130128745HJ_1297230600_484310800,6570,0,AC,"[564.000244140625, 644.9996948242188, 1024.0, 792.9994506835938]",68079.8515625596,large,Q4,3.108111585646487,"[2,4)",0.9295618534088135,0.0010571812745183706,AC,P5,1,1,1,1,0.8755303025245667,0.01569502055644989,0.5358992218971252,0.8755303025245667,P5,0.873145580291748,0.01569502055644989,P5,1,1,1,1,1,final_tp
0900220012200311130246769HJ_1297196800_484246200,6571,0,AC,"[1.000457763671875, 638.9995727539062, 378.0003967285156, 826.9998168945312]",70876.08056639135,large,Q4,2.0053162201366406,"[2,4)",0.9412974715232849,0.0006747912266291678,AC,P5,1,1,1,0,0.8818747997283936,0.0006747912266291678,0.6322329640388489,0.8818747997283936,P5,0.6322329640388489,0.8818747997283936,P5,1,0,1,1,1,final_tp
0900220012200311130246769HJ_1297196800_484246200,6571,1,LP,"[404.0002136230469, 718.9995727539062, 495.00006103515625, 768.9994506835938]",4549.981262225658,medium,Q2,1.82000139160496,"[1,2)",0.9074495434761047,0.0047314101830124855,LC,P3,1,1,1,1,0.0047314101830124855,0.0047314101830124855,0.9074495434761047,0.0047314101830124855,P3,0.9074495434761047,0.0047314101830124855,P3,1,1,0,0,1,final_tp
0900220012200311130301849HJ_1297182700_484218700,6572,0,AC,"[0.999432384967804, 602.0004272460938, 714.9998168945312, 833.00048828125]",164934.12817385048,large,Q4,3.0909098595531224,"[2,4)",0.9778703451156616,0.00019889579562004656,TC,P5,1,1,1,1,0.8805561661720276,0.77071213722229,0.7049990892410278,0.8805561661720276,P5,0.9175342321395874,0.054871056228876114,P5,1,1,1,1,1,final_tp
0900220012200311130301849HJ_1297182700_484218700,6572,1,LC,"[960.9998168945312, 759.9999389648438, 1023.9993286132812, 804.9996337890625]",2834.958801418543,medium,Q2,1.3999986436539962,"[1,2)",0.7705982327461243,0.0002891746407840401,LC,P3,1,1,0,0,0.0005917864618822932,0.0002891746407840401,0.7003271579742432,0.0005917864618822932,P3,0.0,0.0037956598680466413,P3,0,0,0,0,0,confidence_filter_loss
0900220012200311130343947HJ_1297140500_484137500,6573,0,AC,"[1.000457763671875, 610.9998168945312, 328.9999694824219, 836.0001831054688]",73800.01025372744,large,Q4,1.4577732349610977,"[1,2)",0.8913092017173767,0.00046970127732492983,LP,P5,1,1,1,1,0.8406119346618652,0.8406119346618652,0.8353990316390991,0.8406119346618652,P5,0.8353990316390991,0.8406119346618652,P5,1,1,1,1,1,final_tp
0900220012200311130415138HJ_1297100000_484086800,6574,0,AC,"[0.9999451041221619, 601.9998168945312, 550.9995727539062, 831.0]",125950.01684563607,large,Q4,2.401743205313306,"[2,4)",0.972900390625,0.00017177188419736922,MC,P5,1,1,1,1,0.9510014653205872,0.9510014653205872,0.9375391006469727,0.9510014653205872,P5,0.9375391006469727,0.9510014653205872,P5,1,1,1,1,1,final_tp
0900220012200311130440391HJ_1297069300_484050800,6575,0,AC,"[0.9999451041221619, 653.000244140625, 511.99951171875, 836.0001831054688]",93512.89062502608,large,Q4,2.7923483234170625,"[2,4)",0.9112802147865295,0.00027850718470290303,AC,P5,1,1,1,1,0.7530965209007263,0.7530965209007263,0.7511563897132874,0.7530965209007263,P5,0.7511563897132874,0.7530965209007263,P5,1,1,1,1,1,final_tp
0900220012200311130440391HJ_1297069300_484050800,6575,1,AC,"[760.00048828125, 659.0003662109375, 1024.0, 808.0006103515625]",39335.99169909954,large,Q4,1.7718059003285243,"[1,2)",0.8999087810516357,0.0007228432805277407,AC,P5,1,1,0,0,0.0007228432805277407,0.0007228432805277407,0.3004547953605652,0.003908701706677675,P5,0.3404688835144043,0.001173961441963911,P4,0,0,0,0,0,confidence_filter_loss
0900220012200311130455471HJ_1297050000_484028300,6576,0,LC,"[524.0003051757812, 615.0001220703125, 531.9996948242188, 764.999755859375]",1199.9055178016424,medium,Q1,18.751384840762388,"[16,inf)",0.8664370179176331,0.2900155484676361,LC,P4,1,1,1,1,0.7252070307731628,0.7252070307731628,0.8079162836074829,0.7252070307731628,P4,0.8079162836074829,0.7252070307731628,P4,1,1,1,1,1,final_tp
0900220012200311130455471HJ_1297050000_484028300,6576,1,LC,"[739.0003051757812, 587.0003051757812, 1023.00048828125, 653.0001831054688]",18743.977416969836,large,Q3,4.303041036045951,"[4,8)",0.8170108199119568,0.002291570184752345,LC,P4,1,1,1,1,0.006006088573485613,0.002291570184752345,0.18192274868488312,0.030300943180918694,P3,0.7273247838020325,0.0016346555203199387,P4,1,0,0,0,1,final_tp
0900220012200311130536329HJ_1297029300_484005600,6577,0,LC,"[531.0003051757812, 621.9995727539062, 552.9999389648438, 768.9999389648438]",3233.954223498702,medium,Q2,6.681946055121212,"[4,8)",0.9269095063209534,0.7527179718017578,LC,P4,1,1,1,1,0.815679132938385,0.815679132938385,0.917079508304596,0.815679132938385,P4,0.917079508304596,0.815679132938385,P4,1,1,1,1,1,final_tp
0900220012200311130556456HJ_1297009200_483983500,6578,0,AC,"[487.0000915527344, 634.0004272460938, 789.9995727539062, 769.00048828125]",40904.94845577888,large,Q4,2.244439586751489,"[2,4)",0.8619139790534973,0.0028086595702916384,AC,P5,1,1,1,1,0.35363176465034485,0.35363176465034485,0.7853292226791382,0.35363176465034485,P5,0.7853292226791382,0.35363176465034485,P5,1,1,1,1,1,final_tp
0900220012200311130556456HJ_1297009200_483983500,6578,1,MC,"[798.0001220703125, 659.999755859375, 847.9999389648438, 674.9993286132812]",749.9758911915123,small,Q1,3.3334160722351305,"[2,4)",0.8102424144744873,0.020367277786135674,MC,P3,1,1,1,1,0.7387266755104065,0.03874709829688072,0.6970073580741882,0.7387266755104065,P3,0.6970073580741882,0.7387266755104065,P3,1,0,1,1,1,final_tp
0900220012200311130610380HJ_1296994500_483966900,6579,0,LC,"[828.0001831054688, 667.9996948242188, 1024.0, 736.9999389648438]",13524.035217240453,large,Q3,2.8405670057496684,"[2,4)",0.9449542164802551,0.001744413748383522,LC,P4,1,1,1,1,0.1494721919298172,0.1494721919298172,0.855410099029541,0.1494721919298172,P4,0.855410099029541,0.1494721919298172,P4,1,1,0,0,1,final_tp
0900220012200311130610380HJ_1296994500_483966900,6579,1,LC,"[521.999267578125, 560.9999389648438, 588.9996948242188, 761.9999389648438]",13467.085876464844,large,Q3,2.999980869699882,"[2,4)",0.9656072854995728,0.6493228077888489,LC,P4,1,1,1,1,0.9116024971008301,0.9116024971008301,0.9198373556137085,0.9116024971008301,P4,0.9198373556137085,0.9116024971008301,P4,1,1,1,1,1,final_tp
0900220012200311130659072HJ_1296931200_483890300,6580,0,AC,"[0.9999451041221619, 589.9996337890625, 486.0000915527344, 783.9995727539062]",94089.99999999069,large,Q4,2.500001573071532,"[2,4)",0.9416959881782532,0.5122634768486023,AC,P5,1,1,1,1,0.6990436911582947,0.6990436911582947,0.8897316455841064,0.6990436911582947,P5,0.8897316455841064,0.6990436911582947,P5,1,1,1,1,1,final_tp
0900220012200311130659072HJ_1296931200_483890300,6580,1,AC,"[533.9996337890625, 595.0004272460938, 1024.0, 830.0001220703125]",115149.93652332574,large,Q4,2.0851106490902502,"[2,4)",0.9244934320449829,0.719778835773468,AC,P5,1,1,1,1,0.8306711316108704,0.8306711316108704,0.9234288930892944,0.8306711316108704,P5,0.9234288930892944,0.8306711316108704,P5,1,1,1,1,1,final_tp
0900220012200311130720653HJ_1296905600_483853800,6581,0,LC,"[418.0003356933594, 556.9996337890625, 516.0001831054688, 766.0001220703125]",20482.015960618854,large,Q3,2.132661364281112,"[2,4)",0.9945080280303955,0.17091673612594604,LC,P4,1,1,1,1,0.9422845244407654,0.9422845244407654,0.9902572631835938,0.9422845244407654,P4,0.9902572631835938,0.9422845244407654,P4,1,1,1,1,1,final_tp
0900220012200311130729341HJ_1296895400_483839000,6582,0,LP,"[468.000244140625, 561.00048828125, 516.000244140625, 767.0005493164062]",9888.0029296875,large,Q3,4.291667938232422,"[4,8)",0.9389946460723877,0.8296420574188232,LP,P4,1,1,1,1,0.9125624299049377,0.9125624299049377,0.9156249761581421,0.9125624299049377,P4,0.9156249761581421,0.9125624299049377,P4,1,1,1,1,1,final_tp
0900220012200311130741389HJ_1296881700_483819800,6583,0,LC,"[487.0000915527344, 565.9996337890625, 526.0001220703125, 768.9994506835938]",7916.99905394949,medium,Q3,5.2051194370998,"[4,8)",0.9254582524299622,0.7616676688194275,LC,P4,1,1,1,1,0.7756909132003784,0.7756909132003784,0.9041344523429871,0.7756909132003784,P4,0.9041344523429871,0.7756909132003784,P4,1,1,1,1,1,final_tp
0900220012200311130741389HJ_1296881700_483819800,6583,1,TC,"[448.9999694824219, 628.0007934570312, 642.0004272460938, 636.000244140625]",1543.8976437915117,medium,Q2,24.126713870428723,"[16,inf)",0.7636176943778992,0.028394000604748726,TC,P3,1,1,1,1,0.028394000604748726,0.028394000604748726,0.7636176943778992,0.028394000604748726,P3,0.7636176943778992,0.028394000604748726,P3,1,1,0,0,1,final_tp
0900220012200311130749484HJ_1296871700_483807600,6584,0,LC,"[512.00048828125, 591.0006103515625, 582.0001220703125, 766.0001831054688]",12249.906006015837,large,Q3,2.5000069754829215,"[2,4)",0.8615415096282959,0.000993371824733913,LC,P4,1,1,1,1,0.7565227746963501,0.01585262082517147,0.6159152388572693,0.7565227746963501,P4,0.7072758674621582,0.007911129854619503,P5,1,0,1,1,1,final_tp
0900220012200311130749484HJ_1296871700_483807600,6584,1,LC,"[512.0006103515625, 567.0001220703125, 525.000244140625, 766.0001220703125]",2586.9271240234375,medium,Q2,15.308123538636343,"[8,16)",0.9641676545143127,0.04276787489652634,LC,P3,1,1,1,1,0.6340628266334534,0.6340628266334534,0.4795123040676117,0.6851546764373779,P4,0.8623139262199402,0.6340628266334534,P4,1,1,1,1,1,final_tp
0900220012200311130757485HJ_1296861100_483794800,6585,0,LC,"[519.9994506835938, 559.0000610351562, 526.9995727539062, 763.999755859375]",1435.0228881463408,medium,Q2,29.285159996512338,"[16,inf)",0.9552047252655029,0.5235102772712708,LC,P4,1,1,1,1,0.7107036113739014,0.7107036113739014,0.8725391626358032,0.7107036113739014,P4,0.8725391626358032,0.7107036113739014,P4,1,1,1,1,1,final_tp
0900220012200311130805564HJ_1296850500_483782100,6586,0,LC,"[496.0, 563.0004272460938, 520.00048828125, 769.0004272460938]",4944.1005859375,medium,Q2,8.583158708522369,"[8,16)",0.9495236873626709,0.7900317907333374,LC,P5,1,1,1,1,0.8245961666107178,0.8245961666107178,0.8955882787704468,0.8245961666107178,P4,0.8955882787704468,0.8245961666107178,P4,1,1,1,1,1,final_tp
0900220012200311130823410HJ_1296832000_483759700,6587,0,LC,"[553.9999389648438, 609.9994506835938, 569.9998779296875, 685.9995727539062]",1215.9973144456744,medium,Q1,4.750025749304768,"[4,8)",0.7856851816177368,0.14578676223754883,LC,P3,1,1,1,1,0.444611132144928,0.38397014141082764,0.7496994137763977,0.444611132144928,P3,0.7496994137763977,0.444611132144928,P3,1,0,1,1,1,final_tp
0900220012200311130854225HJ_1296818600_483743800,6588,0,LP,"[428.9996643066406, 575.0000610351562, 510.99957275390625, 768.00048828125]",15826.017364462838,large,Q3,2.3536663747644653,"[2,4)",0.9728254079818726,0.00038642538129352033,LC,P4,1,1,1,1,0.0010619628010317683,0.0010619628010317683,0.9593080282211304,0.0010619628010317683,P4,0.9593080282211304,0.0010619628010317683,P4,1,1,0,0,1,final_tp
0900220012200311130902320HJ_1296809400_483732700,6589,0,LC,"[440.00054931640625, 575.0000610351562, 508.00030517578125, 765.9995727539062]",12987.920166134834,large,Q3,2.8088264333439845,"[2,4)",0.9426103830337524,0.13615676760673523,LC,P4,1,1,1,1,0.9164473414421082,0.9164473414421082,0.9279069900512695,0.9164473414421082,P4,0.9279069900512695,0.9164473414421082,P4,1,1,1,1,1,final_tp
0900220012200311130910336HJ_1296799600_483720900,6590,0,LC,"[442.99932861328125, 594.00048828125, 507.9997253417969, 767.0000610351562]",11245.040862867609,large,Q3,2.6615156439193157,"[2,4)",0.9641726016998291,0.9133361577987671,LC,P4,1,1,1,1,0.9137141108512878,0.9137141108512878,0.9567976593971252,0.9137141108512878,P4,0.9567976593971252,0.9137141108512878,P4,1,1,1,1,1,final_tp
0900220012200311130918353HJ_1296790700_483710200,6591,0,MC,"[500.00030517578125, 642.999755859375, 541.0001831054688, 655.0]",492.0085448920727,small,Q1,3.4165869835004985,"[2,4)",0.5291509032249451,0.019830310717225075,MC,P3,1,0,1,0,0.019830310717225075,0.0,0.5291509032249451,0.019830310717225075,P3,0.5291509032249451,0.019830310717225075,P3,1,0,0,0,1,final_tp
0900220012200311130918353HJ_1296790700_483710200,6591,1,LC,"[453.99957275390625, 598.0, 503.9994201660156, 763.999755859375]",8299.96246341616,medium,Q3,3.3200052490394563,"[2,4)",0.940545916557312,0.009662611410021782,LC,P3,1,1,1,1,0.8948699235916138,0.8948699235916138,0.900883138179779,0.8948699235916138,P4,0.900883138179779,0.8948699235916138,P4,1,1,1,1,1,final_tp
0900220012200311130926369HJ_1296782300_483700000,6592,0,LC,"[466.99981689453125, 596.000244140625, 511.0, 768.9999389648438]",7612.018249455839,medium,Q3,3.9317948838880343,"[2,4)",0.9385371208190918,0.7606117725372314,LC,P4,1,1,1,1,0.8529762625694275,0.8529762625694275,0.9043654799461365,0.8529762625694275,P4,0.9043654799461365,0.8529762625694275,P4,1,1,1,1,1,final_tp
0900220012200311131030550HJ_1296769800_483684900,6593,0,TC,"[0.9999451041221619, 736.00048828125, 187.999755859375, 784.0004272460938]",8975.979797374457,medium,Q3,3.8958344724457707,"[2,4)",0.9690281748771667,0.17324763536453247,TC,P5,1,1,1,1,0.788530707359314,0.788530707359314,0.9521946310997009,0.788530707359314,P4,0.9521946310997009,0.788530707359314,P4,1,1,1,1,1,final_tp
0900220012200311131030550HJ_1296769800_483684900,6593,1,LC,"[525.9996337890625, 576.9999389648438, 537.9998779296875, 660.0003051757812]",996.024658292532,small,Q1,6.916556466543242,"[4,8)",0.8765832185745239,0.5449546575546265,LC,P3,1,1,1,1,0.6952101588249207,0.6952101588249207,0.8712220191955566,0.6952101588249207,P3,0.8712220191955566,0.6952101588249207,P3,1,1,1,1,1,final_tp
0900220012200311131147824HJ_1296711400_483614800,6594,0,LC,"[541.9996337890625, 583.0001220703125, 610.9998168945312, 760.9999389648438]",12282.019958462566,large,Q3,2.5797006454671787,"[2,4)",0.9325743913650513,0.7693416476249695,LC,P4,1,1,1,1,0.9070255160331726,0.9070255160331726,0.9073073267936707,0.9070255160331726,P4,0.9073073267936707,0.9070255160331726,P4,1,1,1,1,1,final_tp
0900220012200311131208889HJ_1296685800_483584200,6595,0,LP,"[531.0003051757812, 571.0001831054688, 602.999755859375, 768.9999389648438]",14255.873657360673,large,Q3,2.750017590127149,"[2,4)",0.9419135451316833,0.8548441529273987,LP,P4,1,1,1,1,0.8720705509185791,0.8720705509185791,0.9258529543876648,0.8720705509185791,P4,0.9258529543876648,0.8720705509185791,P4,1,1,1,1,1,final_tp
0900220012200311131217952HJ_1296674900_483571200,6596,0,LP,"[531.9996948242188, 589.0006713867188, 592.9994506835938, 764.000244140625]",10674.931213483214,large,Q3,2.8688569370234736,"[2,4)",0.9153563976287842,0.001265867380425334,LP,P4,1,1,1,1,0.8974854350090027,0.8974854350090027,0.9125896692276001,0.8974854350090027,P4,0.9125896692276001,0.8974854350090027,P4,1,1,1,1,1,final_tp
0900220012200311131217952HJ_1296674900_483571200,6596,1,LP,"[556.0003051757812, 623.99951171875, 570.9998168945312, 649.9999389648438]",389.99371317029,small,Q1,1.7334182427813405,"[1,2)",0.5332915186882019,0.001352696679532528,LP,P3,1,0,1,0,0.001352696679532528,0.0,0.5332915186882019,0.001352696679532528,P3,0.5332915186882019,0.001352696679532528,P3,1,0,0,0,1,final_tp
0900220012200311131217952HJ_1296674900_483571200,6596,2,LP,"[544.0, 588.0003051757812, 551.9994506835938, 602.9998168945312]",119.98785427212715,small,Q1,1.875067715526121,"[1,2)",0.3004026412963867,0.0005792141309939325,LP,P3,0,0,0,0,0.0,0.0,0.3004026412963867,0.0005792141309939325,P3,0.011692577041685581,0.8974854350090027,P4,0,0,0,0,0,raw_geometry_failure
0900220012200311131225969HJ_1296665300_483559600,6597,0,LP,"[519.9999389648438, 612.999755859375, 546.9998168945312, 767.9994506835938]",4184.972839392722,medium,Q2,5.740755392593464,"[4,8)",0.8652952313423157,0.3394670784473419,LP,P4,1,1,1,1,0.7628730535507202,0.7628730535507202,0.785212516784668,0.7628730535507202,P3,0.785212516784668,0.7628730535507202,P3,1,1,1,1,1,final_tp
0900220012200311131342514HJ_1296563400_483438500,6598,0,LC,"[506.0003967285156, 600.0006103515625, 524.0001831054688, 764.000244140625]",2951.9583741016686,medium,Q2,9.11119889728509,"[8,16)",0.8792685270309448,0.011459441855549812,LC,P3,1,1,1,1,0.7408267259597778,0.7408267259597778,0.7786197066307068,0.7408267259597778,P3,0.8333977460861206,0.008004454895853996,P3,1,1,1,1,1,final_tp
0900220012200311131342514HJ_1296563400_483438500,6598,1,TP,"[83.00032043457031, 725.000244140625, 268.0002136230469, 761.0000610351562]",6659.962280292995,medium,Q3,5.138912059760504,"[4,8)",0.9294958114624023,0.7222670912742615,TP,P4,1,1,1,1,0.7594941258430481,0.7594941258430481,0.8899738192558289,0.7594941258430481,P4,0.8899738192558289,0.7594941258430481,P4,1,1,1,1,1,final_tp
0900220012200311131350218HJ_1296555100_483428700,6599,0,LP,"[501.0002136230469, 582.0001220703125, 519.0, 765.0003051757812]",3293.964202841744,medium,Q2,10.166797498207071,"[8,16)",0.8836576342582703,0.14046716690063477,LP,P5,1,1,1,1,0.5373833179473877,0.5373833179473877,0.7924787998199463,0.5373833179473877,P3,0.7924787998199463,0.5373833179473877,P3,1,1,1,1,1,final_tp
0900220012200311131358594HJ_1296545300_483417100,6600,0,LP,"[529.00048828125, 598.0006103515625, 544.0, 766.0001220703125]",2519.9106447696686,medium,Q2,11.20033204205866,"[8,16)",0.9291361570358276,0.6824725270271301,LP,P3,1,1,1,1,0.83994460105896,0.83994460105896,0.9210451245307922,0.83994460105896,P3,0.9210451245307922,0.83994460105896,P3,1,1,1,1,1,final_tp
0900220012200311131406392HJ_1296536200_483406300,6601,0,LP,"[525.000244140625, 627.9996948242188, 544.9999389648438, 769.9999389648438]",2839.9615477770567,medium,Q2,7.100120546272984,"[4,8)",0.9002812504768372,0.0021311002783477306,LP,P3,1,1,1,1,0.3354809582233429,0.0021311002783477306,0.5352340936660767,0.3354809582233429,P3,0.7459057569503784,0.0033061376307159662,P3,1,0,1,1,1,final_tp
0900220012200311131417237HJ_1296526700_483395200,6602,0,LP,"[538.0004272460938, 658.9998168945312, 553.0, 767.9994506835938]",1634.947937168181,medium,Q2,7.266849234800796,"[4,8)",0.7381094098091125,0.004510439001023769,LC,P3,1,0,1,0,0.1754465103149414,0.0,0.6827396750450134,0.1754465103149414,P3,0.6827396750450134,0.1754465103149414,P3,1,0,0,0,1,final_tp
0900220012200311131640815HJ_1296480900_483341500,6603,0,LC,"[583.0001220703125, 627.0004272460938, 675.9996948242188, 748.0001831054688]",11252.92559824884,large,Q3,1.3010786208616498,"[1,2)",0.8657498359680176,0.010336676612496376,LC,P4,1,1,1,1,0.08191582560539246,0.08191582560539246,0.7706810235977173,0.08191582560539246,P4,0.7706810235977173,0.08191582560539246,P4,1,1,0,0,1,final_tp
0900220012200311131640815HJ_1296480900_483341500,6603,1,TP,"[9.999896049499512, 693.000244140625, 1010.9998168945312, 764.9996948242188]",72071.44573977962,large,Q4,13.902883000646808,"[8,16)",0.9196757078170776,0.05544169992208481,TC,P5,1,1,1,1,0.44297167658805847,0.1348421573638916,0.67237788438797,0.44297167658805847,P5,0.865818440914154,0.034532029181718826,P5,1,1,1,1,1,final_tp
0900220012200311132021307HJ_1296454300_483319100,6604,0,LC,"[870.0001220703125, 632.00048828125, 1024.0, 668.0003051757812]",5543.967407248914,medium,Q2,4.277796144932107,"[4,8)",0.8979827165603638,0.004713832400739193,LP,P4,1,1,1,1,0.04283042624592781,0.004713832400739193,0.6769005656242371,0.04283042624592781,P3,0.8979827165603638,0.004713832400739193,P4,1,1,0,0,1,final_tp
0900220012200311132021307HJ_1296454300_483319100,6604,1,TP,"[659.000244140625, 707.0003662109375, 904.9999389648438, 746.9998168945312]",9839.85266130045,large,Q3,6.150076829058016,"[4,8)",0.8665614128112793,0.7226755023002625,TP,P4,1,1,1,1,0.768029510974884,0.768029510974884,0.853336751461029,0.768029510974884,P4,0.853336751461029,0.768029510974884,P4,1,1,1,1,1,final_tp
0900220012200311132021307HJ_1296454300_483319100,6604,2,TP,"[31.999494552612305, 671.9994506835938, 694.9995727539062, 737.0]",43095.36816409603,large,Q4,10.19991473930227,"[8,16)",0.951498806476593,0.7053017020225525,TP,P5,1,1,1,1,0.7164952754974365,0.7164952754974365,0.9504039883613586,0.7164952754974365,P5,0.9504039883613586,0.7164952754974365,P5,1,1,1,1,1,final_tp
0900220012200311132103515HJ_1296502800_483364900,6605,0,LP,"[551.0001220703125, 596.999755859375, 664.9999389648438, 776.99951171875]",20519.93920902908,large,Q3,1.5789477629240813,"[1,2)",0.9296898245811462,0.0011922596022486687,LP,P4,1,1,1,1,0.7674242854118347,0.7674242854118347,0.8669863343238831,0.7674242854118347,P4,0.8669863343238831,0.7674242854118347,P4,1,1,1,1,1,final_tp
0900220012200311132111266HJ_1296511700_483375300,6606,0,LP,"[550.0001831054688, 591.9994506835938, 644.000244140625, 770.9998168945312]",16826.045349143445,large,Q3,1.9042579785558962,"[1,2)",0.8738740682601929,0.6448904275894165,LP,P4,1,1,1,1,0.7047077417373657,0.7047077417373657,0.8587905764579773,0.7047077417373657,P4,0.8587905764579773,0.7047077417373657,P4,1,1,1,1,1,final_tp
0900220012200311132142394HJ_1296521200_483386600,6607,0,LP,"[569.0004272460938, 617.9999389648438, 671.0, 768.9999389648438]",15401.935485839844,large,Q3,1.480398357788388,"[1,2)",0.9043195247650146,9.621254139347002e-05,LP,P4,1,1,1,1,0.9033561944961548,0.9033561944961548,0.8093435764312744,0.9033561944961548,P4,0.8093435764312744,0.9033561944961548,P4,1,1,1,1,1,final_tp
0900220012200311132142394HJ_1296521200_483386600,6607,1,LP,"[52.00025177001953, 570.0004272460938, 469.000732421875, 819.0004272460938]",103833.12158203125,large,Q4,1.6747007561495983,"[1,2)",0.9580913186073303,0.0010165509302169085,LP,P5,1,1,1,1,0.9800854325294495,0.9800854325294495,0.9303465485572815,0.9800854325294495,P5,0.9303465485572815,0.9800854325294495,P5,1,1,1,1,1,final_tp
0900220012200311132150879HJ_1296529600_483396400,6608,0,LP,"[568.9994506835938, 612.9996948242188, 644.999755859375, 738.9998168945312]",9576.04772952944,large,Q3,1.6578896858227947,"[1,2)",0.7101230025291443,0.00025964397354982793,LP,P3,1,0,1,0,0.766411304473877,0.0,0.4809378981590271,0.785176694393158,P4,0.4809378981590271,0.785176694393158,P4,0,0,0,1,0,nms_or_maxdet_loss
0900220012200311132150879HJ_1296529600_483396400,6608,1,LP,"[31.000049591064453, 688.00048828125, 288.99993896484375, 818.0004272460938]",33539.96838379651,large,Q4,1.9846153773922859,"[1,2)",0.899242103099823,0.00015879314742051065,LP,P4,1,1,1,1,0.8535366654396057,0.8535366654396057,0.7941632270812988,0.8535366654396057,P5,0.7941632270812988,0.8535366654396057,P5,1,1,1,1,1,final_tp
0900220012200311132201990HJ_1296542600_483411800,6609,0,LP,"[568.9999389648438, 591.99951171875, 704.0000610351562, 774.9995727539062]",24705.030578620732,large,Q4,1.355554781941929,"[1,2)",0.9625612497329712,0.7341293692588806,LP,P4,1,1,1,1,0.9345337748527527,0.9345337748527527,0.9381614923477173,0.9345337748527527,P4,0.9381614923477173,0.9345337748527527,P4,1,1,1,1,1,final_tp
0900220012200311132210022HJ_1296551800_483422700,6610,0,LP,"[456.9999694824219, 653.9995727539062, 506.0004577636719, 712.0]",2842.04925557971,medium,Q2,1.1836703935109065,"[1,2)",0.9076778888702393,0.0016503455117344856,LP,P3,1,1,1,1,0.6697167754173279,0.6618962287902832,0.4947068989276886,0.7873601317405701,P4,0.8898413181304932,0.6618962287902832,P3,1,1,1,1,1,final_tp
0900220012200311132210022HJ_1296551800_483422700,6610,1,LP,"[970.9998168945312, 714.0004272460938, 1013.9996337890625, 824.00048828125]",4729.98248289898,medium,Q2,2.558151847598824,"[2,4)",0.6905377507209778,0.0005678323796018958,LP,P3,1,0,1,0,0.020527414977550507,0.0,0.5387902855873108,0.020527414977550507,P4,0.5885094404220581,0.0012870082864537835,P3,1,0,0,0,1,final_tp
0900220012200311132210022HJ_1296551800_483422700,6610,2,LP,"[574.99951171875, 588.9996948242188, 695.9995727539062, 770.9993286132812]",22021.96679685265,large,Q4,1.5041284461516344,"[1,2)",0.9200816750526428,0.0003328780294395983,LP,P4,1,1,1,1,0.9162923693656921,0.9162923693656921,0.8423027992248535,0.9162923693656921,P4,0.8423027992248535,0.9162923693656921,P4,1,1,1,1,1,final_tp
0900220012200311132218679HJ_1296561800_483434100,6611,0,LP,"[580.0001831054688, 616.9993896484375, 635.0003662109375, 681.9999389648438]",3575.0421143583953,medium,Q2,1.1818242348713772,"[1,2)",0.8057469129562378,0.003138880943879485,LP,P3,1,1,1,1,0.34121978282928467,0.003138880943879485,0.4621414542198181,0.39962971210479736,P4,0.8057469129562378,0.003138880943879485,P3,1,1,0,1,1,final_tp
0900220012200311132226274HJ_1296570700_483444700,6612,0,LP,"[594.9998168945312, 616.0, 760.0, 774.0001220703125]",26070.049072287977,large,Q4,1.0443041495375625,"[1,2)",0.9586097002029419,0.009218776598572731,LP,P4,1,1,1,1,0.958725094795227,0.958725094795227,0.8891567587852478,0.958725094795227,P4,0.8891567587852478,0.958725094795227,P4,1,1,1,1,1,final_tp
0900220012200311132235743HJ_1296583900_483460300,6613,0,LP,"[629.0001831054688, 596.000244140625, 896.0, 736.9999389648438]",37646.89270025119,large,Q4,1.8936198211449613,"[1,2)",0.9921985864639282,0.8258799314498901,LP,P5,1,1,1,1,0.8258799314498901,0.8258799314498901,0.9921985864639282,0.8258799314498901,P5,0.9921985864639282,0.8258799314498901,P5,1,1,1,1,1,final_tp
0900220012200311132235743HJ_1296583900_483460300,6613,1,TP,"[925.9996948242188, 751.99951171875, 1023.9996337890625, 799.99951171875]",4703.9970703125,medium,Q2,2.0416653951009116,"[2,4)",0.9821645021438599,0.6479977369308472,TP,P3,1,1,1,1,0.8640592098236084,0.8640592098236084,0.9702911376953125,0.8640592098236084,P4,0.9702911376953125,0.8640592098236084,P4,1,1,1,1,1,final_tp
0900220012200311132235743HJ_1296583900_483460300,6613,2,TP,"[896.0, 780.0001831054688, 917.9996337890625, 790.0006103515625]",220.0057371482253,small,Q1,2.1998693903458713,"[2,4)",0.5393891334533691,0.028917871415615082,TP,P3,1,0,1,0,0.028917871415615082,0.0,0.16806378960609436,0.14235329627990723,P4,0.5393891334533691,0.028917871415615082,P3,1,0,0,0,1,final_tp
0900220012200311132235743HJ_1296583900_483460300,6613,3,LP,"[905.0004272460938, 755.0003051757812, 971.0004272460938, 776.0005493164062]",1386.01611328125,medium,Q1,3.1428206052291987,"[2,4)",0.6618611812591553,0.00017950247274711728,TP,P3,1,0,0,0,0.00017950247274711728,0.0,0.19037817418575287,0.005100809969007969,P4,0.26486730575561523,0.0014051675098016858,P3,0,0,0,0,0,classification_mismatch
0900220012200311132339730HJ_1296668200_483560600,6614,0,LC,"[553.9993286132812, 599.0000610351562, 666.999755859375, 769.0004272460938]",19210.114013828337,large,Q3,1.5044223314369296,"[1,2)",0.9271882772445679,0.00046736368676647544,LC,P4,1,1,1,1,0.9416718482971191,0.9416718482971191,0.8891513347625732,0.9416718482971191,P4,0.8891513347625732,0.9416718482971191,P4,1,1,1,1,1,final_tp
0900220012200311132348731HJ_1296679300_483573800,6615,0,LC,"[533.9996337890625, 612.999755859375, 576.9993896484375, 767.0001220703125]",6621.9781493246555,medium,Q3,3.5814241995832554,"[2,4)",0.9097477197647095,0.00041043004603125155,AC,P5,1,1,1,1,0.16236057877540588,0.16236057877540588,0.8275893926620483,0.16236057877540588,P4,0.8275893926620483,0.16236057877540588,P4,1,1,0,0,1,final_tp
09002200122003111331352816G_1296856200_482036400,6740,0,LC,"[0.9999451041221619, 589.000244140625, 372.000244140625, 769.0]",66779.96435539424,large,Q4,2.0611156020990697,"[2,4)",0.9678592085838318,0.0805680900812149,LC,P5,1,1,1,1,0.4820360839366913,0.4378340542316437,0.7419760227203369,0.4820360839366913,P5,0.8838739395141602,0.0034088757820427418,P5,1,1,1,1,1,final_tp
09002200122003111331352816G_1296856200_482036400,6740,1,MC,"[305.9998474121094, 592.9999389648438, 344.9999694824219, 601.9998168945312]",350.99633787572384,small,Q1,4.333405672277456,"[4,8)",0.7909963726997375,0.15602678060531616,MC,P3,1,1,1,1,0.321749210357666,0.15602678060531616,0.5918211936950684,0.321749210357666,P3,0.7909963726997375,0.15602678060531616,P3,1,1,1,1,1,final_tp
09002200122003111331352816G_1296856200_482036400,6740,2,MC,"[367.99951171875, 657.9999389648438, 425.9999084472656, 675.0004272460938]",986.0350648909807,small,Q1,3.4116900508372345,"[2,4)",0.8702557682991028,0.8400166630744934,MC,P3,1,1,1,1,0.8400166630744934,0.8400166630744934,0.8702557682991028,0.8400166630744934,P3,0.8702557682991028,0.8400166630744934,P3,1,1,1,1,1,final_tp
0900220012200311133141312HJ_1296748700_483657300,6616,0,LP,"[215.0005645751953, 671.9999389648438, 317.0002136230469, 750.99951171875]",8057.928695828654,medium,Q3,1.2911417807991632,"[1,2)",0.9764152765274048,0.04674902558326721,LP,P3,1,1,1,1,0.9357384443283081,0.9357384443283081,0.9622455835342407,0.9357384443283081,P4,0.9622455835342407,0.9357384443283081,P4,1,1,1,1,1,final_tp
0900220012200311133908626HJ_1296789400_483706300,6617,0,LP,"[396.00030517578125, 629.0001831054688, 484.00079345703125, 657.0004272460938]",2464.0351563692093,medium,Q2,3.14284717802056,"[2,4)",0.7461162209510803,0.0013296878896653652,LP,P4,1,0,1,0,0.5081145763397217,0.0,0.5882911682128906,0.5081145763397217,P4,0.7049102783203125,0.34842339158058167,P3,1,0,1,1,1,final_tp
0900220012200311133944255HJ_1296832500_483758200,6618,0,LC,"[554.9998168945312, 594.9996948242188, 668.9996948242188, 767.0000610351562]",19608.02075190842,large,Q3,1.5087767577876123,"[1,2)",0.9513084888458252,0.05723945051431656,LC,P4,1,1,1,1,0.9476282596588135,0.9476282596588135,0.9462321400642395,0.9476282596588135,P4,0.9462321400642395,0.9476282596588135,P4,1,1,1,1,1,final_tp
0900220012200311133944255HJ_1296832500_483758200,6618,1,TP,"[258.99981689453125, 665.9999389648438, 342.0000915527344, 692.0003051757812]",2158.0375367216766,medium,Q2,3.1922732928003006,"[2,4)",0.9612042307853699,0.489644318819046,TP,P3,1,1,1,1,0.8847252130508423,0.8847252130508423,0.9079170823097229,0.8847252130508423,P3,0.9079170823097229,0.8847252130508423,P3,1,1,1,1,1,final_tp
0900220012200311133944255HJ_1296832500_483758200,6618,2,LP,"[309.9996032714844, 620.9996948242188, 437.9996032714844, 762.9998168945312]",18176.015625,large,Q3,1.1093759536743164,"[1,2)",0.951443076133728,4.206405719742179e-05,LP,P4,1,1,1,1,0.9115369915962219,0.9115369915962219,0.9474515318870544,0.9115369915962219,P4,0.9474515318870544,0.9115369915962219,P4,1,1,1,1,1,final_tp
0900220012200311133952319HJ_1296842400_483769900,6619,0,TP,"[364.000244140625, 644.9996948242188, 406.0006408691406, 671.99951171875]",1134.0030211675912,medium,Q1,1.5555807986617387,"[1,2)",0.8372944593429565,0.00014939685934223235,LP,P3,1,1,1,0,0.0950496718287468,0.00014939685934223235,0.3727461099624634,0.23410232365131378,P3,0.5841454267501831,0.022322559729218483,P3,1,0,0,0,1,final_tp
0900220012200311133952319HJ_1296842400_483769900,6619,1,TP,"[390.0000915527344, 648.0, 452.9997253417969, 656.9998779296875]",566.9890137165785,small,Q1,7.000054254208092,"[4,8)",0.5583630204200745,0.20531457662582397,TP,P3,1,0,1,0,0.4710540771484375,0.0,0.4463576078414917,0.6366192102432251,P4,0.4854942262172699,0.014045391231775284,P3,0,0,0,1,0,nms_or_maxdet_loss
0900220012200311133952319HJ_1296842400_483769900,6619,2,LC,"[544.0, 585.0, 622.9995727539062, 762.9998779296875]",14061.914306692779,large,Q3,2.2531751973416343,"[2,4)",0.9706348180770874,0.0006667629932053387,LC,P4,1,1,1,1,0.9460590481758118,0.9460590481758118,0.9381611347198486,0.9460590481758118,P4,0.9381611347198486,0.9460590481758118,P4,1,1,1,1,1,final_tp
0900220012200311135302616HJ_1296888100_483825800,6620,0,TP,"[111.00007629394531, 666.9998779296875, 237.99961853027344, 723.0003051757812]",7112.0286252927035,medium,Q3,2.2678316663233464,"[2,4)",0.9805805087089539,0.016055935993790627,TP,P3,1,1,1,1,0.8985679149627686,0.8985679149627686,0.9217116832733154,0.8985679149627686,P4,0.9217116832733154,0.8985679149627686,P4,1,1,1,1,1,final_tp
0900220012200311135408992HJ_1296965000_483929000,6621,0,LP,"[531.9998168945312, 557.99951171875, 560.0, 672.9999389648438]",3220.0330200977623,medium,Q2,4.107131257424987,"[4,8)",0.9613268971443176,0.04135045409202576,LP,P3,1,1,1,1,0.8796070218086243,0.8796070218086243,0.8753764629364014,0.8796070218086243,P3,0.8753764629364014,0.8796070218086243,P3,1,1,1,1,1,final_tp
0900220012200311135408992HJ_1296965000_483929000,6621,1,LP,"[0.9999451041221619, 686.0001831054688, 258.99981689453125, 789.000244140625]",26574.003173820674,large,Q4,2.50485169947255,"[2,4)",0.9256933927536011,0.00013052699796389788,AC,P5,1,1,1,1,0.960198163986206,0.960198163986206,0.7919495701789856,0.960198163986206,P4,0.7919495701789856,0.960198163986206,P4,1,1,1,1,1,final_tp
0900220012200311135709388HJ_1297123300_484111600,6622,0,LP,"[118.99956512451172, 638.0000610351562, 287.99951171875, 684.9996337890625]",7942.9249267838895,medium,Q3,3.5957760690664524,"[2,4)",0.9076164960861206,0.936957836151123,LP,P4,1,1,1,1,0.936957836151123,0.936957836151123,0.9076164960861206,0.936957836151123,P4,0.9076164960861206,0.936957836151123,P4,1,1,1,1,1,final_tp
0900220012200312094333611HJ_1297717500_483050300,6623,0,TP,"[149.99961853027344, 679.0000610351562, 871.99951171875, 728.0005493164062]",35378.34655755758,large,Q4,14.73454455771128,"[8,16)",0.8624187111854553,0.30899694561958313,TP,P5,1,1,1,1,0.7151470184326172,0.7151470184326172,0.8117874264717102,0.7151470184326172,P5,0.8117874264717102,0.7151470184326172,P5,1,1,1,1,1,final_tp
09002200122003120947171827C_1296579800_482579000,6741,0,LC,"[683.9998168945312, 614.99951171875, 856.99951171875, 754.9998168945312]",24220.01007070765,large,Q4,1.2357094122545247,"[1,2)",0.8204848766326904,4.690320565714501e-05,AC,P4,1,1,1,0,0.015892619267106056,4.690320565714501e-05,0.558415949344635,0.015892619267106056,P4,0.564568042755127,0.001776491291821003,P4,1,0,0,0,1,final_tp
09002200122003120947171827C_1296579800_482579000,6741,1,LP,"[635.9998168945312, 577.0, 683.9996948242188, 614.0001831054688]",1776.0042724385858,medium,Q2,1.2972875780874975,"[1,2)",0.8032134771347046,0.1486690491437912,LP,P3,1,1,1,1,0.576732873916626,0.2149861454963684,0.6793581247329712,0.576732873916626,P3,0.7637991905212402,0.0030261282809078693,P4,1,1,1,1,1,final_tp
09002200122003120947448447C_1296530200_482579300,6742,0,LP,"[476.000244140625, 635.0003662109375, 536.00048828125, 761.00048828125]",7560.038085967302,medium,Q3,2.0999934896098242,"[2,4)",0.9524629712104797,0.004778609145432711,LP,P3,1,1,1,1,0.807383120059967,0.807383120059967,0.8767641186714172,0.807383120059967,P4,0.8767641186714172,0.807383120059967,P4,1,1,1,1,1,final_tp
09002200122003120947448447C_1296530200_482579300,6742,1,LP,"[280.00054931640625, 707.9996948242188, 355.0003662109375, 757.0001831054688]",3675.0276488363743,medium,Q2,1.5305932558070012,"[1,2)",0.9228866696357727,7.121756789274514e-05,LC,P3,1,1,1,1,0.01469810213893652,0.01469810213893652,0.7850658297538757,0.01469810213893652,P3,0.7850658297538757,0.01469810213893652,P3,1,1,0,0,1,final_tp
09002200122003120951481147C_1296450700_482580200,6743,0,LP,"[654.99951171875, 615.0000610351562, 693.9996337890625, 657.9998168945312]",1676.9957275092602,medium,Q2,1.1025543915439968,"[1,2)",0.8654111623764038,0.15551652014255524,LP,P3,1,1,1,1,0.3208237886428833,0.3208237886428833,0.7925595045089722,0.3208237886428833,P3,0.8081433176994324,0.003632500534877181,P3,1,1,1,1,1,final_tp
0900220012200312095909911HJ_1296915600_482963200,6624,0,LP,"[638.0000610351562, 650.0004272460938, 737.00048828125, 757.0001831054688]",10593.021545305848,large,Q3,1.080800950418089,"[1,2)",0.9531632661819458,0.012737102806568146,LP,P4,1,1,1,1,0.9397112727165222,0.9397112727165222,0.8988049626350403,0.9397112727165222,P4,0.8988049626350403,0.9397112727165222,P4,1,1,1,1,1,final_tp
0900220012200312095909911HJ_1296915600_482963200,6624,1,LP,"[683.0004272460938, 609.9999389648438, 898.0004272460938, 698.0003662109375]",18920.091857910156,large,Q3,2.4431699564224973,"[2,4)",0.8744878172874451,0.013359849341213703,LP,P4,1,1,1,1,0.04600166529417038,0.04600166529417038,0.3819940686225891,0.27330657839775085,P5,0.80409836769104,0.04600166529417038,P4,1,1,0,0,1,final_tp
0900220012200312095909911HJ_1296915600_482963200,6624,2,TC,"[883.0003051757812, 736.0, 1021.0006713867188, 771.999755859375]",4967.979492098093,medium,Q2,3.833369502560103,"[2,4)",0.8761231899261475,0.007855714298784733,TC,P3,1,1,1,1,0.33461451530456543,0.33461451530456543,0.816611111164093,0.33461451530456543,P4,0.816611111164093,0.33461451530456543,P4,1,1,1,1,1,final_tp
0900220012200312102523842HJ_1296544500_482945700,6625,0,LP,"[612.9996337890625, 655.9999389648438, 678.9995727539062, 744.9999389648438]",5873.994567871094,medium,Q3,1.3484860955312052,"[1,2)",0.8109298348426819,0.0006866761250421405,LP,P3,1,1,1,1,0.13043147325515747,0.13043147325515747,0.7992873191833496,0.13043147325515747,P4,0.7992873191833496,0.13043147325515747,P4,1,1,0,0,1,final_tp
0900220012200312103209500HJ_1296473600_482945600,6626,0,LP,"[928.9998168945312, 686.0001220703125, 1023.9993286132812, 714.0004272460938]",2660.015319675207,medium,Q2,3.392802725625985,"[2,4)",0.927359938621521,0.04323714226484299,LP,P3,1,1,1,1,0.8944793343544006,0.8944793343544006,0.8420790433883667,0.8944793343544006,P4,0.8420790433883667,0.8944793343544006,P4,1,1,1,1,1,final_tp
0900220012200312111901799HJ_1294801500_482931600,6340,0,LP,"[569.0, 575.0000610351562, 693.000244140625, 747.999755859375]",21452.004394456744,large,Q4,1.3951560823382325,"[1,2)",0.947207510471344,0.0001419877662556246,LP,P4,1,1,1,1,0.9546420574188232,0.9546420574188232,0.932534396648407,0.9546420574188232,P4,0.932534396648407,0.9546420574188232,P4,1,1,1,1,1,final_tp
0900220012200312111901799HJ_1294801500_482931600,6340,1,TC,"[874.0004272460938, 703.9999389648438, 1024.0, 736.0]",4799.9954833723605,medium,Q2,4.687477707905373,"[4,8)",0.9674397706985474,0.007296858821064234,TP,P4,1,1,1,1,0.049675483256578445,0.049675483256578445,0.9163053631782532,0.049675483256578445,P4,0.9163053631782532,0.049675483256578445,P4,1,1,0,0,1,final_tp
0900220012200312111901799HJ_1294801500_482931600,6340,2,TC,"[441.0003967285156, 695.0001220703125, 834.0004272460938, 716.999755859375]",8645.856750477105,medium,Q3,17.86393511300015,"[16,inf)",0.7249340415000916,0.004460284020751715,TP,P4,1,0,1,0,0.01421929057687521,0.0,0.4215576946735382,0.031175686046481133,P4,0.7249340415000916,0.004460284020751715,P4,1,0,0,0,1,final_tp
0900220012200312111901799HJ_1294801500_482931600,6340,3,LC,"[576.9999389648438, 668.9996948242188, 589.000244140625, 707.999755859375]",468.0126342959702,small,Q1,3.249922436461475,"[2,4)",0.5622726678848267,0.0003692129685077816,LP,P3,1,0,0,0,0.0003692129685077816,0.0,0.42381033301353455,0.0006545150536112487,P3,0.02111078053712845,0.006422602105885744,P4,0,0,0,0,0,classification_mismatch
0900220012200312111901799HJ_1294801500_482931600,6340,4,MC,"[368.0, 633.0005493164062, 410.0003967285156, 642.0004272460938]",377.99844355508685,small,Q1,4.666774044786849,"[4,8)",0.8058596849441528,0.14623530209064484,MC,P3,1,1,1,1,0.4332980215549469,0.14623530209064484,0.7285076975822449,0.4332980215549469,P3,0.7285076975822449,0.4332980215549469,P3,1,0,1,1,1,final_tp
0900220012200312111928743HJ_1294756600_482932100,6341,0,LP,"[464.9999694824219, 604.9996337890625, 523.999755859375, 750.0001220703125]",8554.997833147645,medium,Q3,2.4576442930629154,"[2,4)",0.9706394076347351,0.6561024188995361,LP,P4,1,1,1,1,0.9016356468200684,0.9016356468200684,0.9356632828712463,0.9016356468200684,P4,0.9356632828712463,0.9016356468200684,P4,1,1,1,1,1,final_tp
0900220012200312111928743HJ_1294756600_482932100,6341,1,LP,"[307.9997253417969, 639.9999389648438, 439.9994812011719, 736.0]",12671.984619125724,large,Q3,1.3749965826692057,"[1,2)",0.6146249771118164,0.15459062159061432,LP,P4,1,0,1,0,0.2670948803424835,0.0,0.6065689921379089,0.2670948803424835,P4,0.6065689921379089,0.2670948803424835,P4,1,0,1,1,1,final_tp
0900220012200312111928743HJ_1294756600_482932100,6341,2,LP,"[962.0003051757812, 680.9999389648438, 1024.0, 695.99951171875]",929.9689332358539,small,Q1,4.133430721089875,"[4,8)",0.8904304504394531,0.25095510482788086,LP,P3,1,1,1,1,0.25095510482788086,0.25095510482788086,0.8904304504394531,0.25095510482788086,P3,0.8904304504394531,0.25095510482788086,P3,1,1,1,1,1,final_tp
0900220012200312111928743HJ_1294756600_482932100,6341,3,TP,"[290.0003967285156, 677.000732421875, 551.0006103515625, 708.0001831054688]",8090.863250615075,medium,Q3,8.4195109225332,"[8,16)",0.7363349199295044,0.06293623894453049,TP,P3,1,0,1,0,0.10459886491298676,0.0,0.45143288373947144,0.11089432239532471,P5,0.7175474762916565,0.10321824997663498,P3,1,0,0,0,1,final_tp
0900220012200312111928743HJ_1294756600_482932100,6341,4,LP,"[287.00006103515625, 651.9996948242188, 345.9998474121094, 678.9995727539062]",1592.987030055374,medium,Q2,2.1851871527196938,"[2,4)",0.7628688216209412,0.0005949986516498029,TP,P3,1,1,1,0,0.03985787555575371,0.0005949986516498029,0.22278663516044617,0.05623892694711685,P3,0.5974506735801697,0.01033659279346466,P3,1,0,0,0,1,final_tp
0900220012200312111928743HJ_1294756600_482932100,6341,5,LP,"[459.00030517578125, 588.9996948242188, 504.0, 631.0001220703125]",1890.006408561021,medium,Q2,1.0714104063882814,"[1,2)",0.6921610832214355,0.10350055247545242,LP,P4,1,0,1,0,0.42869046330451965,0.0,0.5867477059364319,0.42869046330451965,P3,0.5992826223373413,0.006791217718273401,P3,1,0,1,1,1,final_tp
0900220012200312112056234HJ_1294678100_482933800,6342,0,LP,"[539.999755859375, 627.9998168945312, 577.9994506835938, 745.9994506835938]",4483.950073353946,medium,Q2,3.105278459074796,"[2,4)",0.7560437917709351,0.6239182949066162,LP,P3,1,1,1,1,0.6757796406745911,0.6239182949066162,0.6950083374977112,0.6757796406745911,P3,0.6950083374977112,0.6757796406745911,P3,1,0,1,1,1,final_tp
0900220012200312112056234HJ_1294678100_482933800,6342,1,LP,"[415.99951171875, 601.9999389648438, 505.9999084472656, 763.0004272460938]",14490.10781879723,large,Q3,1.7888864286554726,"[1,2)",0.8173404932022095,0.00020740574109368026,LP,P4,1,1,1,0,0.8877518773078918,0.0006406133179552853,0.6053613424301147,0.8877518773078918,P4,0.6551993489265442,0.0015528269577771425,P3,1,0,1,1,1,final_tp
0900220012200312112537730HJ_1294513800_482936800,6343,0,LP,"[563.999755859375, 619.0004272460938, 599.0000610351562, 742.0001220703125]",4305.026855375618,medium,Q2,3.514246353181212,"[2,4)",0.9586055278778076,0.27347585558891296,LP,P3,1,1,1,1,0.7669219374656677,0.7076393365859985,0.7422590851783752,0.7669219374656677,P4,0.7422590851783752,0.7669219374656677,P4,1,0,1,1,1,final_tp
0900220012200312112537730HJ_1294513800_482936800,6343,1,LP,"[512.9994506835938, 621.000244140625, 537.0, 743.0006103515625]",2928.075805865228,medium,Q2,5.083232246169496,"[4,8)",0.9184919595718384,0.6002844572067261,LP,P3,1,1,1,1,0.9119306206703186,0.9119306206703186,0.8941465020179749,0.9119306206703186,P3,0.8941465020179749,0.9119306206703186,P3,1,1,1,1,1,final_tp
0900220012200312112537730HJ_1294513800_482936800,6343,2,LP,"[578.9998779296875, 618.9998779296875, 626.9998168945312, 743.9994506835938]",5999.971862819046,medium,Q3,2.6041610770684267,"[2,4)",0.8572667837142944,0.17661403119564056,LP,P3,1,1,1,1,0.6498134136199951,0.38729873299598694,0.7105441689491272,0.6498134136199951,P4,0.7814409136772156,0.08358898758888245,P3,1,1,1,1,1,final_tp
0900220012200312114427307HJ_1294667000_482932500,6344,0,LP,"[591.0, 633.9999389648438, 624.0005493164062, 710.0001220703125]",2508.0477906279266,medium,Q2,2.302997516095443,"[2,4)",0.9535766243934631,0.06876936554908752,LP,P3,1,1,1,1,0.8347994089126587,0.8347994089126587,0.9498908519744873,0.8347994089126587,P3,0.9498908519744873,0.8347994089126587,P3,1,1,1,1,1,final_tp
0900220012200312114427307HJ_1294667000_482932500,6344,1,TC,"[163.99969482421875, 659.0003662109375, 946.9991455078125, 730.9998168945312]",56375.530334774405,large,Q4,10.8750753408458,"[8,16)",0.6057236790657043,0.0006318932282738388,TC,P5,1,0,1,0,0.0052479044534265995,0.0,0.23128843307495117,0.2942785322666168,P4,0.5081125497817993,0.0032886830158531666,P4,1,0,0,0,1,final_tp
0900220012200312114427307HJ_1294667000_482932500,6344,2,LP,"[510.99957275390625, 606.0000610351562, 520.9999389648438, 634.999755859375]",290.0075682476163,small,Q1,2.8998632862566067,"[2,4)",0.6852629780769348,0.8547868728637695,LP,P3,1,0,1,0,0.8547868728637695,0.0,0.6852629780769348,0.8547868728637695,P3,0.6852629780769348,0.8547868728637695,P3,1,0,1,1,1,final_tp
0900220012200312114427307HJ_1294667000_482932500,6344,3,LP,"[692.0003051757812, 613.9996948242188, 1024.0, 723.9998779296875]",36520.02722162381,large,Q4,3.018174019818637,"[2,4)",0.9850727319717407,0.06843649595975876,LP,P4,1,1,1,1,0.7792460322380066,0.7792460322380066,0.9576976299285889,0.7792460322380066,P5,0.9576976299285889,0.7792460322380066,P5,1,1,1,1,1,final_tp
0900220012200312114427307HJ_1294667000_482932500,6344,4,MC,"[416.0004577636719, 624.0005493164062, 454.0000915527344, 630.0001220703125]",227.9815675392747,small,Q1,6.333723307934118,"[4,8)",0.5079547166824341,0.07125581800937653,MC,P3,1,0,1,0,0.07125581800937653,0.0,0.4134347438812256,0.14136092364788055,P3,0.4676423966884613,0.022869328036904335,P3,0,0,0,0,0,nms_or_maxdet_loss
0900220012200312114427307HJ_1294667000_482932500,6344,5,LP,"[949.9996337890625, 737.9999389648438, 1024.0, 766.99951171875]",2145.979003749788,medium,Q2,2.5517743602263807,"[2,4)",0.9048457741737366,0.04343845695257187,LP,P3,1,1,1,1,0.060902513563632965,0.04654010012745857,0.5953159332275391,0.060902513563632965,P4,0.9048457741737366,0.04343845695257187,P3,1,1,0,0,1,final_tp
0900220012200312114427307HJ_1294667000_482932500,6344,6,TP,"[938.0004272460938, 762.0003662109375, 1024.0, 784.0]",1891.9591066017747,medium,Q2,3.9091365601123065,"[2,4)",0.5817722082138062,0.0007354263216257095,LP,P3,1,0,1,0,0.025813601911067963,0.0,0.26095715165138245,0.026116114109754562,P3,0.531765878200531,0.025813601911067963,P3,1,0,0,0,1,final_tp
0900220012200312123119200HJ_1296485000_482944400,6627,0,LC,"[601.00048828125, 609.0004272460938, 724.0001831054688, 741.000244140625]",16235.937194880098,large,Q3,1.0731719056959836,"[1,2)",0.9152728319168091,0.0019571809098124504,LC,P4,1,1,1,1,0.8678081035614014,0.8678081035614014,0.8195632100105286,0.8678081035614014,P4,0.8195632100105286,0.8678081035614014,P4,1,1,1,1,1,final_tp
0900220012200312125154046HJ_1297128700_483042800,6628,0,LC,"[599.9999389648438, 610.999755859375, 740.0001831054688, 751.0000610351562]",19600.07690437138,large,Q3,1.0000004359646415,"[1,2)",0.978459358215332,0.00028578349156305194,AC,P4,1,1,1,1,0.8648061752319336,0.8648061752319336,0.9436772465705872,0.8648061752319336,P4,0.9436772465705872,0.8648061752319336,P4,1,1,1,1,1,final_tp
09002200122003121254407867C_1296330500_482581500,6744,0,LC,"[891.0003051757812, 697.9999389648438, 1024.0, 749.000244140625]",6783.02502432093,medium,Q3,2.6078215486321623,"[2,4)",0.9357141852378845,0.07130856066942215,LP,P4,1,1,1,1,0.41296011209487915,0.41296011209487915,0.8973469138145447,0.41296011209487915,P4,0.8973469138145447,0.41296011209487915,P4,1,1,1,1,1,final_tp
09002200122003121256231127C_1296518600_482577900,6745,0,LP,"[287.00006103515625, 609.00048828125, 459.00030517578125, 666.0004272460938]",9804.003417953849,large,Q3,3.017551373988502,"[2,4)",0.9034653306007385,0.001362420036457479,LP,P3,1,1,1,1,0.8227187395095825,0.8227187395095825,0.8270803093910217,0.8227187395095825,P4,0.8270803093910217,0.8227187395095825,P4,1,1,1,1,1,final_tp
0900220012200312125703700HJ_1297466900_483061400,6629,0,LP,"[523.0003662109375, 624.0, 546.00048828125, 730.0004272460938]",2438.0227661654353,medium,Q2,4.608689767908416,"[4,8)",0.8712818622589111,0.0028974118176847696,LP,P3,1,1,1,1,0.7935478091239929,0.09227249026298523,0.5827020406723022,0.7935478091239929,P3,0.8379340767860413,0.09227249026298523,P3,1,1,1,1,1,final_tp
0900220012200312150309223HJ_1294673300_482935500,6345,0,TC,"[89.9998550415039, 688.0000610351562, 767.0000610351562, 762.9998168945312]",50774.84844966233,large,Q4,9.02669849185707,"[8,16)",0.8984981179237366,0.8214461207389832,TC,P5,1,1,1,1,0.8214461207389832,0.8214461207389832,0.8984981179237366,0.8214461207389832,P5,0.8984981179237366,0.8214461207389832,P5,1,1,1,1,1,final_tp
0900220012200312150309223HJ_1294673300_482935500,6345,1,LC,"[541.000244140625, 577.9999389648438, 560.9999389648438, 762.0003662109375]",3679.95239244774,medium,Q2,9.200161745632105,"[8,16)",0.8945043087005615,0.592064619064331,LC,P4,1,1,1,1,0.8377703428268433,0.8377703428268433,0.7885424494743347,0.8377703428268433,P4,0.8482328057289124,0.003695225575938821,P3,1,1,1,1,1,final_tp
0900220012200312165835440HJ_1297469700_483065900,6630,0,LC,"[189.0001983642578, 681.9999389648438, 276.0002746582031, 733.000244140625]",4437.030441307463,medium,Q2,1.7058736412279243,"[1,2)",0.9004120230674744,0.4158223867416382,LC,P3,1,1,1,1,0.4158223867416382,0.4158223867416382,0.9004120230674744,0.4158223867416382,P3,0.9004120230674744,0.4158223867416382,P3,1,1,1,1,1,final_tp
0900220012200312165835440HJ_1297469700_483065900,6630,1,TC,"[134.00010681152344, 657.9998779296875, 1024.0, 700.9996337890625]",38269.777465850115,large,Q4,20.697789095368684,"[16,inf)",0.8670871257781982,0.7177557945251465,TC,P5,1,1,1,1,0.7395910620689392,0.7395910620689392,0.8644770979881287,0.7395910620689392,P5,0.8644770979881287,0.7395910620689392,P5,1,1,1,1,1,final_tp
0900220012200312170629411HJ_1297349400_483068400,6631,0,TC,"[554.0004272460938, 641.9999389648438, 760.00048828125, 652.0003051757812]",2060.0760498270392,medium,Q2,20.599251736386606,"[16,inf)",0.8456697463989258,0.1994287073612213,TC,P3,1,1,1,1,0.48130813241004944,0.4318521022796631,0.6422812938690186,0.48130813241004944,P3,0.7528444528579712,0.03680510073900223,P3,1,1,1,1,1,final_tp
0900220012200312170629411HJ_1297349400_483068400,6631,1,MC,"[592.0, 622.99951171875, 634.0004272460938, 629.9995727539062]",294.0055542252958,small,Q1,6.00000871923201,"[4,8)",0.5700082778930664,0.0011632456444203854,AC,P3,1,0,1,0,0.003204072592779994,0.0,0.5035552978515625,0.003204072592779994,P3,0.5035552978515625,0.003204072592779994,P3,1,0,0,0,1,final_tp
0900220012200312170629411HJ_1297349400_483068400,6631,2,AC,"[376.9999694824219, 618.999755859375, 561.0004272460938, 750.0001220703125]",24104.127350021154,large,Q4,1.4045797205436308,"[1,2)",0.919995903968811,0.003822006518021226,AC,P4,1,1,1,1,0.7571082711219788,0.7571082711219788,0.8838380575180054,0.7571082711219788,P4,0.8838380575180054,0.7571082711219788,P4,1,1,1,1,1,final_tp
0900220012200312170629411HJ_1297349400_483068400,6631,3,MC,"[794.0, 607.0000610351562, 820.9996948242188, 612.000244140625]",135.00341791287065,small,Q1,5.399741220414292,"[4,8)",0.43612009286880493,0.00012417360267136246,MC,P3,0,0,0,0,0.0,0.0,0.43612009286880493,0.00012417360267136246,P3,0.0,0.011192834936082363,P3,0,0,0,0,0,raw_geometry_failure
0900220012200313091400998HG_1297275500_482367300,6632,0,LC,"[656.0005493164062, 731.999755859375, 708.0003051757812, 801.9994506835938]",3639.967041090131,medium,Q2,1.3461542975994292,"[1,2)",0.8363656401634216,0.006287726573646069,LC,P3,1,1,1,1,0.4955100119113922,0.006287726573646069,0.540427029132843,0.4955100119113922,P3,0.7328552603721619,0.0194252859801054,P3,1,0,1,1,1,final_tp
0900220012200313092436165HG_1296881900_482365700,6633,0,LC,"[560.9999389648438, 592.0, 879.99951171875, 791.99951171875]",63799.758789271116,large,Q4,1.5950017578167917,"[1,2)",0.9003049731254578,0.0023044035769999027,LC,P5,1,1,1,1,0.8562899231910706,0.33630892634391785,0.722793459892273,0.8562899231910706,P5,0.722793459892273,0.8562899231910706,P5,1,0,1,1,1,final_tp
0900220012200313093818799HG_1296804700_482363800,6634,0,TP,"[342.0001525878906, 663.0000610351562, 667.9996948242188, 680.00048828125]",5542.131500048563,medium,Q2,19.175961728328577,"[16,inf)",0.7823562622070312,0.013574223965406418,TP,P4,1,1,1,1,0.37167054414749146,0.37167054414749146,0.7578108310699463,0.37167054414749146,P5,0.7578108310699463,0.37167054414749146,P5,1,1,1,1,1,final_tp
0900220012200313093818799HG_1296804700_482363800,6634,1,LP,"[668.000244140625, 679.0001220703125, 877.0007934570312, 771.9996948242188]",19436.961791757494,large,Q3,2.2473280589090407,"[2,4)",0.8503561019897461,0.00028869861853308976,LP,P4,1,1,1,1,0.2111574411392212,0.024321917444467545,0.4421977996826172,0.69534832239151,P4,0.8342512845993042,0.024321917444467545,P4,1,1,0,0,1,final_tp
0900220012200313093818799HG_1296804700_482363800,6634,2,MC,"[606.0001220703125, 631.0000610351562, 641.9999389648438, 638.0001831054688]",252.003112770617,small,Q1,5.142741302641904,"[4,8)",0.7753959894180298,0.8463267683982849,MC,P3,1,1,1,1,0.8463267683982849,0.8463267683982849,0.7753959894180298,0.8463267683982849,P3,0.7753959894180298,0.8463267683982849,P3,1,1,1,1,1,final_tp
0900220012200313093818799HG_1296804700_482363800,6634,3,LP,"[917.9996337890625, 790.9994506835938, 1024.0, 859.9998168945312]",7314.064087048173,medium,Q3,1.5362290380733514,"[1,2)",0.8952841758728027,0.002246915828436613,LP,P4,1,1,1,1,0.003067745128646493,0.003067745128646493,0.8445612192153931,0.003067745128646493,P4,0.8445612192153931,0.003067745128646493,P4,1,1,0,0,1,final_tp
0900220012200313093818799HG_1296804700_482363800,6634,4,TP,"[680.00048828125, 662.0001220703125, 737.0004272460938, 674.999755859375]",740.978332541883,small,Q1,4.384734207882208,"[4,8)",0.5672557950019836,0.08393268287181854,TP,P3,1,0,1,0,0.13418985903263092,0.0,0.5106831192970276,0.13418985903263092,P3,0.5435771346092224,0.01459331251680851,P3,1,0,0,0,1,final_tp
0900220012200313093841960HG_1296755400_482362900,6635,0,LP,"[583.0006103515625, 639.0, 781.0001831054688, 800.9999389648438]",32075.918701197952,large,Q4,1.2222200453845538,"[1,2)",0.9334832429885864,0.001376789528876543,LP,P4,1,1,1,1,0.9205878376960754,0.9205878376960754,0.9101817607879639,0.9205878376960754,P4,0.9101817607879639,0.9205878376960754,P4,1,1,1,1,1,final_tp
0900220012200313093841960HG_1296755400_482362900,6635,1,LP,"[753.0004272460938, 627.0003051757812, 1024.0, 730.9998168945312]",28183.823242396116,large,Q4,2.6057773567897233,"[2,4)",0.9684357047080994,0.827596127986908,LP,P4,1,1,1,1,0.9134901165962219,0.9134901165962219,0.9550266265869141,0.9134901165962219,P4,0.9550266265869141,0.9134901165962219,P4,1,1,1,1,1,final_tp
0900220012200313093841960HG_1296755400_482362900,6635,2,MC,"[272.9999694824219, 746.0003662109375, 360.0, 778.0003662109375]",2784.0009765625,medium,Q2,2.7187509536743164,"[2,4)",0.9069862365722656,0.21716271340847015,MC,P3,1,1,1,1,0.8903107047080994,0.8903107047080994,0.840455949306488,0.8903107047080994,P3,0.840455949306488,0.8903107047080994,P3,1,1,1,1,1,final_tp
0900220012200313093841960HG_1296755400_482362900,6635,3,LP,"[566.0001220703125, 593.9999389648438, 610.999755859375, 625.9999389648438]",1439.98828125,medium,Q2,1.4062385559082031,"[1,2)",0.6977381706237793,0.004971683491021395,LP,P4,1,0,1,0,0.04203666001558304,0.0,0.29497382044792175,0.2518562972545624,P3,0.6977381706237793,0.004971683491021395,P4,1,0,0,0,1,final_tp
0900220012200313093841960HG_1296755400_482362900,6635,4,TP,"[396.00030517578125, 609.9998779296875, 787.0004272460938, 634.0004272460938]",9384.217712469399,large,Q3,16.291298874690064,"[16,inf)",0.704557478427887,0.0004419549077283591,TP,P5,1,0,0,0,0.0004419549077283591,0.0,0.10984919965267181,0.021483704447746277,P3,0.14604848623275757,0.0012130499817430973,P4,0,0,0,0,0,final_localization_or_assignment
0900220012200313093901649HG_1296717500_482361800,6636,0,TP,"[910.0001220703125, 665.0004272460938, 1023.9999389648438, 703.0]",4331.944336015731,medium,Q2,3.000028911714866,"[2,4)",0.7855851650238037,0.4810914695262909,TP,P4,1,1,1,1,0.5390118956565857,0.5390118956565857,0.7740543484687805,0.5390118956565857,P4,0.7740543484687805,0.5390118956565857,P4,1,1,1,1,1,final_tp
0900220012200313093901649HG_1296717500_482361800,6636,1,TP,"[132.0002899169922, 710.9995727539062, 624.00048828125, 740.9996948242188]",14760.065551780164,large,Q3,16.399939371991486,"[16,inf)",0.9484042525291443,0.6917953491210938,TP,P5,1,1,1,1,0.6917953491210938,0.6917953491210938,0.9484042525291443,0.6917953491210938,P5,0.9484042525291443,0.6917953491210938,P5,1,1,1,1,1,final_tp
0900220012200313093901649HG_1296717500_482361800,6636,2,LP,"[439.00006103515625, 596.000244140625, 488.00054931640625, 672.9999389648438]",3773.022643893957,medium,Q2,1.5714066844040537,"[1,2)",0.9154464602470398,0.5426415205001831,LP,P4,1,1,1,1,0.8648669123649597,0.8648669123649597,0.9063740968704224,0.8648669123649597,P3,0.9063740968704224,0.8648669123649597,P3,1,1,1,1,1,final_tp
0900220012200313093901649HG_1296717500_482361800,6636,3,TP,"[658.0004272460938, 716.0001831054688, 749.0001831054688, 730.0003662109375]",1274.0132445842028,medium,Q1,6.499897549470527,"[4,8)",0.8747047781944275,0.11356332153081894,TP,P3,1,1,1,1,0.11594907939434052,0.11594907939434052,0.8159433603286743,0.11594907939434052,P3,0.8159433603286743,0.11594907939434052,P3,1,1,0,0,1,final_tp
0900220012200313094502383HG_1296642000_482362400,6637,0,LP,"[470.0000915527344, 684.000244140625, 514.0004272460938, 797.0006713867188]",4972.056732321158,medium,Q2,2.568171934723398,"[2,4)",0.9260125160217285,0.0002896533696912229,LP,P4,1,1,1,1,0.7925758957862854,0.7925758957862854,0.7797223329544067,0.7925758957862854,P4,0.7797223329544067,0.7925758957862854,P4,1,1,1,1,1,final_tp
0900220012200313094502383HG_1296642000_482362400,6637,1,TP,"[650.999755859375, 655.9999389648438, 960.9994506835938, 709.9996337890625]",16739.888916108757,large,Q3,5.740767532730287,"[4,8)",0.9319764375686646,0.0935291275382042,TP,P4,1,1,1,1,0.6822802424430847,0.6822802424430847,0.8612671494483948,0.6822802424430847,P4,0.8612671494483948,0.6822802424430847,P4,1,1,1,1,1,final_tp
0900220012200313094502383HG_1296642000_482362400,6637,2,MC,"[546.9993286132812, 674.9998168945312, 602.999755859375, 690.999755859375]",896.003417942673,small,Q1,3.5000400544740846,"[2,4)",0.8832623958587646,0.9009876847267151,MC,P3,1,1,1,1,0.9424667358398438,0.9424667358398438,0.8598430752754211,0.9424667358398438,P3,0.8598430752754211,0.9424667358398438,P3,1,1,1,1,1,final_tp
0900220012200313094502383HG_1296642000_482362400,6637,3,LP,"[763.999755859375, 620.9996948242188, 961.99951171875, 656.99951171875]",7127.954956099391,medium,Q3,5.5000211928703795,"[4,8)",0.7022318243980408,0.0005520294071175158,LP,P4,1,0,1,0,0.001000279444269836,0.0,0.31093141436576843,0.05591721087694168,P4,0.5576968789100647,0.001000279444269836,P4,1,0,0,0,1,final_tp
0900220012200313103120087HG_1295021900_482314200,6751,0,TP,"[528.9999389648438, 630.0006103515625, 687.0001220703125, 638.0000610351562]",1263.9146727509797,medium,Q1,19.751379107757337,"[16,inf)",0.8047536611557007,0.0282101109623909,TP,P3,1,1,1,1,0.536733865737915,0.4936297535896301,0.7069874405860901,0.536733865737915,P3,0.7069874405860901,0.536733865737915,P3,1,0,1,1,1,final_tp
0900220012200313103120087HG_1295021900_482314200,6751,1,LP,"[477.0002136230469, 606.9995727539062, 507.999755859375, 688.9994506835938]",2541.958679255098,medium,Q2,2.6451964130487213,"[2,4)",0.8998100161552429,0.004466329235583544,LP,P3,1,1,1,1,0.702305793762207,0.702305793762207,0.8364400863647461,0.702305793762207,P4,0.8364400863647461,0.702305793762207,P4,1,1,1,1,1,final_tp
0900220012200313103120087HG_1295021900_482314200,6751,2,LP,"[497.0004577636719, 721.9999389648438, 533.0001831054688, 832.0]",3959.9719848465174,medium,Q2,3.055580563206201,"[2,4)",0.9473907947540283,0.5954268574714661,LP,P3,1,1,1,1,0.9279826879501343,0.9279826879501343,0.9462120532989502,0.9279826879501343,P3,0.9462120532989502,0.9279826879501343,P3,1,1,1,1,1,final_tp
0900220012200313103120087HG_1295021900_482314200,6751,3,TP,"[60.0002326965332, 709.99951171875, 465.9999084472656, 744.9999389648438]",14210.16171250306,large,Q3,11.599848809044254,"[8,16)",0.9450151920318604,0.1242683082818985,TP,P4,1,1,1,1,0.8494359254837036,0.8494359254837036,0.9225268959999084,0.8494359254837036,P5,0.9225268959999084,0.8494359254837036,P5,1,1,1,1,1,final_tp
0900220012200313103120087HG_1295021900_482314200,6751,4,TP,"[380.9997253417969, 718.0001220703125, 469.0002136230469, 728.0004272460938]",880.0317384302616,small,Q1,8.799780280142818,"[8,16)",0.5951534509658813,0.023316679522395134,TP,P3,1,0,1,0,0.063868947327137,0.0,0.38141676783561707,0.07189773768186569,P3,0.5918558239936829,0.063868947327137,P3,1,0,0,0,1,final_tp
0900220012200313103134147HG_1294997800_482312500,6752,0,LP,"[576.9999389648438, 606.9995727539062, 596.000244140625, 631.9994506835938]",475.00531002134085,small,Q1,1.315761915316687,"[1,2)",0.9222769141197205,0.3402676582336426,LP,P3,1,1,1,1,0.3402676582336426,0.3402676582336426,0.9222769141197205,0.3402676582336426,P3,0.9222769141197205,0.3402676582336426,P3,1,1,1,1,1,final_tp
0900220012200313103134147HG_1294997800_482312500,6752,1,TP,"[366.0000915527344, 601.0004272460938, 437.0002136230469, 607.0]",425.9703978970647,small,Q1,11.834196364080288,"[8,16)",0.5213992595672607,0.35239264369010925,TP,P3,1,0,1,0,0.35239264369010925,0.0,0.4603773355484009,0.5503385663032532,P3,0.4603773355484009,0.5503385663032532,P3,0,0,0,1,0,nms_or_maxdet_loss
0900220012200313103134147HG_1294997800_482312500,6752,2,TP,"[134.0001678466797, 698.9998168945312, 356.000244140625, 723.9996948242188]",5549.974807729945,medium,Q2,8.88004641135943,"[8,16)",0.9073723554611206,0.12358567118644714,TP,P4,1,1,1,1,0.5721707344055176,0.5721707344055176,0.8745629191398621,0.5721707344055176,P4,0.8745629191398621,0.5721707344055176,P4,1,1,1,1,1,final_tp
0900220012200313103134147HG_1294997800_482312500,6752,3,LP,"[463.00006103515625, 611.0004272460938, 479.00006103515625, 636.0001831054688]",399.99609375,small,Q1,1.5624847412109375,"[1,2)",0.8767966628074646,0.7623128294944763,LP,P3,1,1,1,1,0.7623128294944763,0.7623128294944763,0.8767966628074646,0.7623128294944763,P3,0.8767966628074646,0.7623128294944763,P3,1,1,1,1,1,final_tp
0900220012200313103134147HG_1294997800_482312500,6752,4,TP,"[349.9996032714844, 720.0000610351562, 681.9999389648438, 748.9996337890625]",9627.867889260873,large,Q3,11.448456103500313,"[8,16)",0.9498003721237183,0.6632927060127258,TP,P4,1,1,1,1,0.6632927060127258,0.6632927060127258,0.9498003721237183,0.6632927060127258,P4,0.9498003721237183,0.6632927060127258,P4,1,1,1,1,1,final_tp
0900220012200313103134147HG_1294997800_482312500,6752,5,LP,"[422.99957275390625, 742.0006103515625, 480.9999694824219, 842.0004272460938]",5800.029052661732,medium,Q2,1.724122980789316,"[1,2)",0.9586665630340576,0.008451670408248901,LP,P4,1,1,1,1,0.9090322852134705,0.9090322852134705,0.7967193126678467,0.9090322852134705,P3,0.7967193126678467,0.9090322852134705,P3,1,1,1,1,1,final_tp
0900220012200313103134147HG_1294997800_482312500,6752,6,LP,"[614.0001831054688, 624.0, 655.0, 663.0001220703125]",1598.9978637471795,medium,Q2,1.0512740657737825,"[1,2)",0.9575570225715637,0.4965825378894806,LP,P3,1,1,1,1,0.7352391481399536,0.7352391481399536,0.9171618223190308,0.7352391481399536,P4,0.9171618223190308,0.7352391481399536,P4,1,1,1,1,1,final_tp
0900220012200313103134147HG_1294997800_482312500,6752,7,TP,"[703.0001220703125, 679.0000610351562, 811.9996948242188, 718.99951171875]",4359.923034902662,medium,Q2,2.725026741395069,"[2,4)",0.9283627271652222,0.29317814111709595,TP,P3,1,1,1,1,0.5981324911117554,0.5981324911117554,0.7565427422523499,0.5981324911117554,P4,0.7565427422523499,0.5981324911117554,P4,1,1,1,1,1,final_tp
0900220012200313103312325HG_1294970100_482305300,6753,0,TP,"[296.0, 607.0000610351562, 489.9999084472656, 623.0]",3103.9866943415254,medium,Q2,12.125040531313061,"[8,16)",0.8002465963363647,0.03177545219659805,TP,P3,1,1,1,1,0.15295422077178955,0.03177545219659805,0.4837509095668793,0.17063887417316437,P3,0.8002465963363647,0.03177545219659805,P3,1,1,0,0,1,final_tp
0900220012200313103312325HG_1294970100_482305300,6753,1,LP,"[447.00006103515625, 622.0006103515625, 459.999755859375, 642.0004272460938]",259.9915161691606,small,Q1,1.5384835694197299,"[1,2)",0.7445853352546692,0.017050446942448616,LP,P3,1,0,1,0,0.017050446942448616,0.0,0.272942453622818,0.01805894449353218,P3,0.7445853352546692,0.017050446942448616,P3,1,0,0,0,1,final_tp
0900220012200313103312325HG_1294970100_482305300,6753,2,TP,"[368.0005187988281, 654.0001831054688, 498.0003967285156, 664.9999389648438]",1429.9669189751148,medium,Q2,11.818433026301188,"[8,16)",0.8117069005966187,0.46132463216781616,TP,P3,1,1,1,1,0.46132463216781616,0.46132463216781616,0.8117069005966187,0.46132463216781616,P3,0.8117069005966187,0.46132463216781616,P3,1,1,1,1,1,final_tp
0900220012200313103312325HG_1294970100_482305300,6753,3,P,"[109.00019836425781, 777.9994506835938, 171.00030517578125, 802.0]",1488.0366211524233,medium,Q2,2.5832786572572957,"[2,4)",0.89106684923172,0.04343375936150551,P,P3,1,1,1,1,0.06977176666259766,0.06977176666259766,0.883658230304718,0.06977176666259766,P3,0.883658230304718,0.06977176666259766,P3,1,1,0,0,1,final_tp
0900220012200313103312325HG_1294970100_482305300,6753,4,LP,"[487.00054931640625, 669.9996337890625, 596.0001831054688, 841.9999389648438]",18747.970275767148,large,Q3,1.5779897527787887,"[1,2)",0.9367728233337402,0.8338977694511414,LP,P4,1,1,1,1,0.9560729265213013,0.9560729265213013,0.9282835721969604,0.9560729265213013,P4,0.9282835721969604,0.9560729265213013,P4,1,1,1,1,1,final_tp
0900220012200313103334602HG_1294940500_482290500,6754,0,TP,"[959.0001220703125, 864.0006103515625, 1024.0, 905.0004272460938]",2664.9830932840705,medium,Q2,1.5853699565755255,"[1,2)",0.9839822053909302,0.019641345366835594,TP,P3,1,1,1,1,0.8379158973693848,0.8379158973693848,0.9364176392555237,0.8379158973693848,P3,0.9364176392555237,0.8379158973693848,P3,1,1,1,1,1,final_tp
0900220012200313103334602HG_1294940500_482290500,6754,1,TP,"[463.0, 659.9998168945312, 841.0004272460938, 684.9996337890625]",9449.941467206925,large,Q3,15.120127832967526,"[8,16)",0.8834198713302612,0.65360426902771,TP,P4,1,1,1,1,0.6754996180534363,0.6754996180534363,0.862287700176239,0.6754996180534363,P4,0.862287700176239,0.6754996180534363,P4,1,1,1,1,1,final_tp
0900220012200313103334602HG_1294940500_482290500,6754,2,LP,"[524.0003051757812, 747.0004272460938, 552.00048828125, 841.9999389648438]",2660.0037230551243,medium,Q2,3.392817516975292,"[2,4)",0.9306761622428894,0.0010621146066114306,LP,P3,1,1,1,1,0.8453446626663208,0.8453446626663208,0.8687800765037537,0.8453446626663208,P3,0.8687800765037537,0.8453446626663208,P3,1,1,1,1,1,final_tp
0900220012200313103344182HG_1294923000_482280700,6755,0,LP,"[745.9999389648438, 649.9994506835938, 832.9999389648438, 691.9998168945312]",3654.0318603515625,medium,Q2,2.071410510162265,"[2,4)",0.9232243895530701,0.0016859871102496982,LP,P3,1,1,1,1,0.7340576648712158,0.040755823254585266,0.702355682849884,0.7340576648712158,P4,0.7270104289054871,0.022710463032126427,P3,1,0,1,1,1,final_tp
0900220012200313103344182HG_1294923000_482280700,6755,1,TP,"[118.0006332397461, 689.0, 382.0001525878906, 729.9998779296875]",10823.947753965855,large,Q3,6.439031652033072,"[4,8)",0.8006239533424377,0.005305164959281683,TP,P4,1,1,1,1,0.3971231281757355,0.005305164959281683,0.6043508052825928,0.3971231281757355,P4,0.7876930236816406,0.0023011588491499424,P5,1,1,1,1,1,final_tp
0900220012200313103344182HG_1294923000_482280700,6755,2,TP,"[429.0002136230469, 729.9999389648438, 790.0001831054688, 774.0000610351562]",15884.04272460565,large,Q3,8.204521998951307,"[8,16)",0.9645527005195618,0.009515696205198765,TP,P5,1,1,1,1,0.8015931248664856,0.8015931248664856,0.8278952240943909,0.8015931248664856,P4,0.8278952240943909,0.8015931248664856,P4,1,1,1,1,1,final_tp
0900220012200313103401259HG_1294888500_482263900,6756,0,MC,"[623.0001220703125, 607.0006103515625, 674.0004272460938, 618.0003662109375]",560.990905687213,small,Q1,4.636494284763067,"[4,8)",0.8690471053123474,0.11493570357561111,MC,P3,1,1,1,1,0.12090709805488586,0.12090709805488586,0.8083328008651733,0.12090709805488586,P3,0.8083328008651733,0.12090709805488586,P3,1,1,0,0,1,final_tp
0900220012200313103401259HG_1294888500_482263900,6756,1,TP,"[293.00018310546875, 618.0004272460938, 456.9999694824219, 629.0001831054688]",1803.9576111361384,medium,Q2,14.909402397070247,"[8,16)",0.886192798614502,0.2817229628562927,TP,P4,1,1,1,1,0.3031158149242401,0.2817229628562927,0.6732991337776184,0.3031158149242401,P3,0.8488216400146484,0.05911753699183464,P4,1,1,1,1,1,final_tp
0900220012200313103401259HG_1294888500_482263900,6756,2,LC,"[762.9998168945312, 824.9993286132812, 851.0001831054688, 889.9999389648438]",5720.077514871955,medium,Q2,1.3538390752791158,"[1,2)",0.9045416116714478,0.004142099060118198,LP,P4,1,1,1,1,0.015550239011645317,0.015550239011645317,0.8569312691688538,0.015550239011645317,P3,0.8569312691688538,0.015550239011645317,P3,1,1,0,0,1,final_tp
0900220012200313103401259HG_1294888500_482263900,6756,3,LP,"[408.9999694824219, 620.000244140625, 455.9994812011719, 701.0006713867188]",3806.98052957654,medium,Q2,1.7234312503246585,"[1,2)",0.9283078908920288,0.02969701588153839,LP,P3,1,1,1,1,0.9515899419784546,0.9515899419784546,0.8964998126029968,0.9515899419784546,P3,0.8964998126029968,0.9515899419784546,P3,1,1,1,1,1,final_tp
0900220012200313103401259HG_1294888500_482263900,6756,4,TP,"[543.0006713867188, 616.00048828125, 586.0004272460938, 627.000244140625]",472.98681646585464,small,Q1,3.9091554766396626,"[2,4)",0.48628684878349304,0.0008182247402146459,TP,P3,0,0,0,0,0.0,0.0,0.4407864212989807,0.0008680306491442025,P3,0.047423798590898514,0.0017283757915720344,P3,0,0,0,0,0,raw_geometry_failure
0900220012200313141159729HG_1296379300_482365400,6006,0,LC,"[550.0001220703125, 648.9999389648438, 644.9995727539062, 787.9996948242188]",13204.900451794267,large,Q3,1.4631637852552344,"[1,2)",0.8320313096046448,6.114134885137901e-05,LC,P3,1,1,1,0,0.8473867177963257,0.0005832281894981861,0.6730198264122009,0.8473867177963257,P4,0.6730198264122009,0.8473867177963257,P4,1,0,1,1,1,final_tp
0900220012200313142223268HG_1296643600_482360600,6638,0,LC,"[560.0004272460938, 594.9998168945312, 697.00048828125, 806.9996337890625]",29043.98785399273,large,Q4,1.5474432295335179,"[1,2)",0.941577136516571,0.008285907097160816,LC,P4,1,1,1,1,0.9437355995178223,0.9437355995178223,0.8629090189933777,0.9437355995178223,P4,0.8629090189933777,0.9437355995178223,P4,1,1,1,1,1,final_tp
0900220012200313143056145HG_1296744900_482360900,6639,0,MC,"[358.0000915527344, 622.0006103515625, 384.00048828125, 628.000244140625]",155.99285874143243,small,Q1,4.333663960609575,"[4,8)",0.5661616921424866,0.2676864266395569,MC,P3,1,0,1,0,0.2925017178058624,0.0,0.5294458866119385,0.2925017178058624,P3,0.5294458866119385,0.2925017178058624,P3,1,0,1,1,1,final_tp
0900220012200313143056145HG_1296744900_482360900,6639,1,LC,"[514.00048828125, 634.9998779296875, 555.0003662109375, 787.0003051757812]",6231.99896235019,medium,Q3,3.7073385317577285,"[2,4)",0.8724991083145142,0.009295676834881306,LC,P3,1,1,1,1,0.8363801836967468,0.8363801836967468,0.7661145329475403,0.8363801836967468,P4,0.7661145329475403,0.8363801836967468,P4,1,1,1,1,1,final_tp
0900220012200313143321273HJ_1298265200_482585700,6640,0,TC,"[464.00048828125, 704.9999389648438, 793.0004272460938, 738.0004272460938]",10857.158630341291,large,Q3,9.969547606717468,"[8,16)",0.7636843919754028,0.0014543384313583374,TC,P4,1,1,1,1,0.00580542953684926,0.00580542953684926,0.21018484234809875,0.42065027356147766,P3,0.7634994387626648,0.00580542953684926,P4,1,1,0,0,1,final_tp
0900220012200313143321273HJ_1298265200_482585700,6640,1,AC,"[286.0001220703125, 584.9999389648438, 485.0002136230469, 787.9996948242188]",40396.97000119835,large,Q4,1.0200988063645224,"[1,2)",0.8369167447090149,0.00047878356417641044,TP,P5,1,1,1,1,0.2970693111419678,0.0019648221787065268,0.6219213604927063,0.2970693111419678,P5,0.6774782538414001,0.0013571808813139796,P5,1,0,1,1,1,final_tp
0900220012200313143909066HG_1296994100_482363900,6641,0,LC,"[836.9996948242188, 655.0, 1023.9994506835938, 717.0001831054688]",11594.019103959203,large,Q3,3.016116186967851,"[2,4)",0.9275148510932922,0.00030008371686562896,LC,P3,1,1,1,1,0.9177047610282898,0.9177047610282898,0.9006577730178833,0.9177047610282898,P4,0.9006577730178833,0.9177047610282898,P4,1,1,1,1,1,final_tp
0900220012200313144107689HG_1297210100_482364400,6642,0,LC,"[606.99951171875, 696.0006103515625, 652.9996948242188, 789.0001831054688]",4277.99737541005,medium,Q2,2.0217217949041153,"[2,4)",0.7251747250556946,0.13809475302696228,LC,P3,1,0,1,0,0.5449967384338379,0.0,0.6537865400314331,0.5449967384338379,P4,0.6724165081977844,0.003967034164816141,P3,1,0,1,1,1,final_tp
0900220012200313144535390HG_1297248500_482363800,6643,0,LC,"[488.0005798339844, 673.9998779296875, 581.0001831054688, 801.9999389648438]",11903.954894995317,large,Q3,1.3763506136848622,"[1,2)",0.9517541527748108,0.0003396276733838022,LC,P3,1,1,1,1,0.9133361577987671,0.9133361577987671,0.8512498736381531,0.9133361577987671,P4,0.8512498736381531,0.9133361577987671,P4,1,1,1,1,1,final_tp
0900220012200313144722535HG_1297336800_482361500,6644,0,LC,"[460.9996032714844, 625.9999389648438, 496.9993591308594, 796.9996337890625]",6155.947265699506,medium,Q3,4.750023736055067,"[4,8)",0.8543664813041687,0.001243230071850121,LC,P4,1,1,1,1,0.8086627721786499,0.06122300773859024,0.663769006729126,0.8086627721786499,P4,0.663769006729126,0.8086627721786499,P4,1,0,1,1,1,final_tp
0900220012200313144722535HG_1297336800_482361500,6644,1,TC,"[208.0000457763672, 717.0001831054688, 478.99957275390625, 754.999755859375]",10297.86566182971,large,Q3,7.131646281230675,"[4,8)",0.8376931548118591,0.006387697532773018,TC,P4,1,1,1,1,0.01284289825707674,0.01284289825707674,0.22914202511310577,0.031368691474199295,P3,0.8106433153152466,0.01284289825707674,P4,1,1,0,0,1,final_tp
0900220012200313144722535HG_1297336800_482361500,6644,2,TC,"[325.0002136230469, 661.0001831054688, 474.0003967285156, 675.000244140625]",2086.0116577260196,medium,Q2,10.642823822789556,"[8,16)",0.8064761161804199,0.0016818685689941049,TC,P3,1,1,1,1,0.0030786769930273294,0.0026451335288584232,0.4111454486846924,0.0042672655545175076,P3,0.7535120248794556,0.0026451335288584232,P3,1,1,0,0,1,final_tp
0900220012200313145327008HG_1297812000_482357900,6645,0,MC,"[451.999755859375, 600.9994506835938, 476.000244140625, 605.9996337890625]",120.00683602690697,small,Q1,4.7999218778609185,"[4,8)",0.6363497376441956,0.03067117929458618,MC,P3,1,0,1,0,0.13946491479873657,0.0,0.629934549331665,0.13946491479873657,P3,0.629934549331665,0.13946491479873657,P3,1,0,0,0,1,final_tp
0900220012200313145327008HG_1297812000_482357900,6645,1,LC,"[647.9995727539062, 638.9995727539062, 1024.0, 776.9999389648438]",51888.1966554299,large,Q4,2.7246335467789002,"[2,4)",0.926967978477478,0.0003611263819038868,LC,P5,1,1,1,1,0.8847422003746033,0.8847422003746033,0.8865392804145813,0.8847422003746033,P5,0.8865392804145813,0.8847422003746033,P5,1,1,1,1,1,final_tp
0900220012200313145327008HG_1297812000_482357900,6645,2,MC,"[530.9998168945312, 681.9999389648438, 589.000244140625, 694.9995727539062]",753.9843138083816,small,Q1,4.461697012949208,"[4,8)",0.9188066124916077,0.8590301275253296,MC,P3,1,1,1,1,0.8690148591995239,0.8690148591995239,0.8755407929420471,0.8690148591995239,P3,0.8755407929420471,0.8690148591995239,P3,1,1,1,1,1,final_tp
0900220012200313145327008HG_1297812000_482357900,6645,3,LC,"[747.9996948242188, 648.9999389648438, 976.9999389648438, 716.000244140625]",15343.086242750287,large,Q3,3.417898523593624,"[2,4)",0.8335987329483032,0.00027765691629610956,LC,P3,1,1,1,0,0.0010897429892793298,0.0003310083702672273,0.10322890430688858,0.07976657897233963,P3,0.6961153745651245,0.0010897429892793298,P4,1,0,0,0,1,final_tp
09002200122003141051355607C_1296749300_482581700,6746,0,LP,"[614.0000610351562, 606.0006103515625, 683.9996948242188, 676.0003051757812]",4899.953003041446,medium,Q2,1.0000008719353652,"[1,2)",0.8980702757835388,0.0006101063336245716,LP,P3,1,1,1,1,0.13200260698795319,0.07794893532991409,0.4266187846660614,0.13658510148525238,P3,0.7673195600509644,0.07794893532991409,P4,1,1,0,0,1,final_tp
09002200122003141055496447C_1296539500_482581900,6747,0,MC,"[376.9999694824219, 650.9998779296875, 416.0, 661.0001831054688]",390.0122070405632,small,Q1,3.899884036742043,"[2,4)",0.7875407934188843,0.43368959426879883,MC,P3,1,1,1,1,0.43368959426879883,0.43368959426879883,0.7875407934188843,0.43368959426879883,P3,0.7875407934188843,0.43368959426879883,P3,1,1,1,1,1,final_tp
09002200122003141055496447C_1296539500_482581900,6747,1,LC,"[456.9999694824219, 665.9998168945312, 496.9994812011719, 735.0000610351562]",2759.9760740995407,medium,Q2,1.725027160976086,"[1,2)",0.968787431716919,0.016892394050955772,LC,P3,1,1,1,1,0.8261624574661255,0.8261624574661255,0.8944531083106995,0.8261624574661255,P4,0.8944531083106995,0.8261624574661255,P4,1,1,1,1,1,final_tp
09002200122003141100169937C_1296348400_482584100,6748,0,TC,"[774.0001220703125, 803.9998168945312, 1024.0, 860.0001831054688]",14000.084716752172,large,Q3,4.464254340552147,"[4,8)",0.8976128697395325,0.0002396564814262092,TP,P4,1,1,1,1,0.21813631057739258,0.06925986707210541,0.7331224679946899,0.21813631057739258,P4,0.7331224679946899,0.21813631057739258,P4,1,0,0,0,1,final_tp
09002200122003141100169937C_1296348400_482584100,6748,1,LP,"[607.0, 601.00048828125, 786.999755859375, 859.0003051757812]",46439.90405277908,large,Q4,1.433334260164741,"[1,2)",0.9479799866676331,0.00035897677298635244,TP,P5,1,1,1,1,0.9320656657218933,0.9320656657218933,0.7803827524185181,0.9320656657218933,P4,0.7803827524185181,0.9320656657218933,P4,1,1,1,1,1,final_tp
09002200122003141100169937C_1296348400_482584100,6748,2,MC,"[744.9999389648438, 687.0001220703125, 794.0004272460938, 699.0003662109375]",588.0178223848343,small,Q1,4.083290948670478,"[4,8)",0.9024966955184937,0.8011046051979065,MC,P3,1,1,1,1,0.8447842001914978,0.8447842001914978,0.8709484338760376,0.8447842001914978,P3,0.8709484338760376,0.8447842001914978,P3,1,1,1,1,1,final_tp
09002200122003141100169937C_1296348400_482584100,6748,3,TP,"[296.9999694824219, 848.0, 378.0003356933594, 862.0]",1134.005126953125,medium,Q1,5.785740443638393,"[4,8)",0.6414872407913208,0.0039453827776014805,TC,P3,1,0,1,0,0.058431725949048996,0.0,0.6300660967826843,0.058431725949048996,P4,0.6300660967826843,0.058431725949048996,P4,1,0,0,0,1,final_tp
09002200122003141105214507C_1296239500_482654800,6749,0,LP,"[450.99981689453125, 647.0005493164062, 498.99981689453125, 681.0004272460938]",1631.994140625,medium,Q2,1.4117697745640458,"[1,2)",0.7281568050384521,0.17366662621498108,LP,P3,1,0,1,0,0.3795735538005829,0.0,0.17354874312877655,0.4517877995967865,P4,0.6595115661621094,0.3795735538005829,P3,1,0,1,1,1,final_tp
09002200122003141105214507C_1296239500_482654800,6749,1,TP,"[376.99945068359375, 630.0001220703125, 555.999755859375, 642.0004272460938]",2148.058288667351,medium,Q2,14.916312756531868,"[8,16)",0.7604955434799194,0.20564915239810944,TP,P3,1,1,1,1,0.20599257946014404,0.20564915239810944,0.6278669238090515,0.20599257946014404,P3,0.6675577163696289,0.17224974930286407,P3,1,0,0,0,1,final_tp
09002200122003141118424516G_1294886700_481463000,6991,0,TC,"[145.99986267089844, 724.9996948242188, 376.99993896484375, 758.9995727539062]",7853.97439574264,medium,Q3,6.794144284037095,"[4,8)",0.8834864497184753,0.0004967882996425033,TC,P3,1,1,1,1,0.512267529964447,0.0017884090775623918,0.5504688620567322,0.512267529964447,P4,0.8042135834693909,0.0017884090775623918,P3,1,1,1,1,1,final_tp
09002200122003141118424516G_1294886700_481463000,6991,1,TC,"[259.0003662109375, 693.0001831054688, 582.0006103515625, 717.0006713867188]",7752.163574337959,medium,Q3,13.458069700730373,"[8,16)",0.6427105069160461,0.00015894796524662524,TP,P4,1,0,0,0,0.0006144549697637558,0.0,0.15592436492443085,0.04649718478322029,P3,0.4534282088279724,0.002157473238185048,P4,0,0,0,0,0,final_localization_or_assignment
0900220012200314114513859HJ_1297889000_483361900,6646,0,LC,"[757.000732421875, 657.9998168945312, 916.0003051757812, 743.0000610351562]",13515.002502337098,large,Q3,1.8705778361160497,"[1,2)",0.872484028339386,0.0001361894974252209,LC,P3,1,1,1,1,0.36112600564956665,0.2810821235179901,0.5982773303985596,0.36112600564956665,P4,0.716156542301178,0.29176780581474304,P4,1,0,1,1,1,final_tp
0900220012200314114513859HJ_1297889000_483361900,6646,1,TC,"[919.0006103515625, 722.9998168945312, 1021.0001831054688, 742.9995727539062]",2039.9665528386831,medium,Q2,5.100040894053882,"[4,8)",0.5162801146507263,0.00014503209968097508,TC,P3,1,0,0,0,0.00014503209968097508,0.0,0.4314458668231964,0.01737361215054989,P3,0.4314458668231964,0.01737361215054989,P3,0,0,0,0,0,final_localization_or_assignment
0900220012200314114630818HJ_1297891400_483275900,6647,0,TC,"[514.0004272460938, 641.00048828125, 744.0, 652.000244140625]",2529.939148053527,medium,Q2,20.909516146931526,"[16,inf)",0.7251878976821899,0.292436808347702,TC,P3,1,0,1,0,0.46227842569351196,0.0,0.7033700942993164,0.46227842569351196,P3,0.7033700942993164,0.46227842569351196,P3,1,0,1,1,1,final_tp
0900220012200314114630818HJ_1297891400_483275900,6647,1,AC,"[337.9998474121094, 590.9995727539062, 526.0001220703125, 792.9999389648438]",37976.124328713864,large,Q4,1.0744684632944683,"[1,2)",0.9645311236381531,0.018691372126340866,AC,P4,1,1,1,1,0.843718945980072,0.843718945980072,0.9469809532165527,0.843718945980072,P5,0.9469809532165527,0.843718945980072,P5,1,1,1,1,1,final_tp
0900220012200314121323382HJ_1297129600_484088200,6648,0,TC,"[452.9996032714844, 734.0001220703125, 759.9999389648438, 766.0001220703125]",9824.0107421875,large,Q3,9.59376049041748,"[8,16)",0.7478574514389038,0.04405801743268967,TC,P4,1,0,1,0,0.07187999039888382,0.0,0.13116265833377838,0.09446456283330917,P3,0.7356055378913879,0.021680977195501328,P4,1,0,0,0,1,final_tp
0900220012200314121323382HJ_1297129600_484088200,6648,1,AC,"[0.9998993277549744, 555.0004272460938, 507.000244140625, 852.0001831054688]",150281.97616568953,large,Q4,1.7037062344689033,"[1,2)",0.9873295426368713,0.4070601761341095,AC,P5,1,1,1,1,0.9344403147697449,0.9344403147697449,0.9705488681793213,0.9344403147697449,P5,0.9705488681793213,0.9344403147697449,P5,1,1,1,1,1,final_tp
0900220012200314121323382HJ_1297129600_484088200,6648,2,LC,"[541.000244140625, 551.0001220703125, 749.0001831054688, 803.0004272460938]",52416.0480956845,large,Q4,1.2115402842419798,"[1,2)",0.9105870127677917,0.5091659426689148,LC,P5,1,1,1,1,0.9434834122657776,0.9434834122657776,0.8694407939910889,0.9434834122657776,P5,0.8694407939910889,0.9434834122657776,P5,1,1,1,1,1,final_tp
0900220012200314121323382HJ_1297129600_484088200,6648,3,MC,"[336.9999694824219, 712.0, 431.00006103515625, 742.0001220703125]",2820.014221202582,medium,Q2,3.133323635564634,"[2,4)",0.9278343319892883,0.001201968058012426,MC,P3,1,1,1,1,0.9389243125915527,0.9389243125915527,0.91552734375,0.9389243125915527,P3,0.91552734375,0.9389243125915527,P3,1,1,1,1,1,final_tp
0900220012200314121323382HJ_1297129600_484088200,6648,4,LC,"[686.0001220703125, 755.0004272460938, 728.0004272460938, 802.0]",1973.996398795396,medium,Q2,1.1190293155538247,"[1,2)",0.8413940072059631,0.16445663571357727,LC,P3,1,1,1,1,0.16445663571357727,0.16445663571357727,0.8413940072059631,0.16445663571357727,P3,0.8413940072059631,0.16445663571357727,P3,1,1,0,0,1,final_tp
09002200122003141225329437C_1296736800_482576300,6750,0,LC,"[685.0001831054688, 626.999267578125, 978.9998168945312, 803.9998168945312]",52038.096679486334,large,Q4,1.661009725249545,"[1,2)",0.9435526132583618,0.06419796496629715,LC,P4,1,1,1,1,0.9042345881462097,0.9042345881462097,0.8135990500450134,0.9042345881462097,P5,0.8135990500450134,0.9042345881462097,P5,1,1,1,1,1,final_tp
09002200122003141225329437C_1296736800_482576300,6750,1,LC,"[488.9994812011719, 617.9999389648438, 546.9998168945312, 744.0]",7308.045837422833,medium,Q3,2.172402271967925,"[2,4)",0.94818514585495,0.12644754350185394,LC,P4,1,1,1,1,0.758950412273407,0.758950412273407,0.8675093054771423,0.758950412273407,P4,0.8675093054771423,0.758950412273407,P4,1,1,1,1,1,final_tp
0900220012200314122712807HJ_1296632200_483395000,6649,0,LC,"[312.0, 548.000244140625, 484.999755859375, 788.000244140625]",41519.94140625,large,Q4,1.387285194755344,"[1,2)",0.9697521328926086,0.000422975339461118,LC,P5,1,1,1,1,0.8261314630508423,0.8261314630508423,0.926837146282196,0.8261314630508423,P5,0.926837146282196,0.8261314630508423,P5,1,1,1,1,1,final_tp
09002200122003141228346936G_1294531300_482018400,6992,0,LP,"[449.9999694824219, 636.0001831054688, 524.0003051757812, 778.0003662109375]",10508.061218323186,large,Q3,1.9189126883678655,"[1,2)",0.9704127907752991,0.9270012974739075,LP,P4,1,1,1,1,0.9640112519264221,0.9640112519264221,0.935774028301239,0.9640112519264221,P4,0.935774028301239,0.9640112519264221,P4,1,1,1,1,1,final_tp
09002200122003141228346936G_1294531300_482018400,6992,1,LP,"[313.00048828125, 765.99951171875, 354.00042724609375, 820.9996948242188]",2255.004150379449,medium,Q2,1.3414698776168863,"[1,2)",0.9334413409233093,0.8458324074745178,LP,P3,1,1,1,1,0.8458324074745178,0.8458324074745178,0.9334413409233093,0.8458324074745178,P3,0.9334413409233093,0.8458324074745178,P3,1,1,1,1,1,final_tp
09002200122003141228346936G_1294531300_482018400,6992,2,TP,"[854.99951171875, 762.0003662109375, 1023.99951171875, 794.0004272460938]",5408.010314941406,medium,Q2,5.281239926834246,"[4,8)",0.957317054271698,0.00023490478633902967,LP,P3,1,1,1,1,0.1886000782251358,0.0686689019203186,0.6993894577026367,0.1886000782251358,P4,0.827341616153717,0.005090495105832815,P3,1,1,0,0,1,final_tp
09002200122003141228346936G_1294531300_482018400,6992,3,LP,"[726.9995727539062, 631.0005493164062, 856.0, 772.000244140625]",18189.020873893052,large,Q3,1.0930172700531762,"[1,2)",0.9102655053138733,0.0003658138448372483,LP,P4,1,1,1,1,0.8349080085754395,0.8349080085754395,0.8361806273460388,0.8349080085754395,P4,0.8361806273460388,0.8349080085754395,P4,1,1,1,1,1,final_tp
09002200122003141228346936G_1294531300_482018400,6992,4,TP,"[1.0004913806915283, 703.99951171875, 1011.0004272460938, 790.9995727539062]",87870.0563354455,large,Q4,11.609186556279637,"[8,16)",0.9555984139442444,0.5627688765525818,TP,P5,1,1,1,1,0.588251531124115,0.588251531124115,0.947499692440033,0.588251531124115,P5,0.947499692440033,0.588251531124115,P5,1,1,1,1,1,final_tp
0900220012200314124139288HJ_1296501500_483235500,6650,0,LC,"[192.00051879882812, 598.0001220703125, 436.00030517578125, 802.9998168945312]",50019.88174444996,large,Q4,1.1902446322477496,"[1,2)",0.4477999210357666,0.00038789099198766053,LC,P4,0,0,0,0,0.0,0.0,0.23175905644893646,0.9395703673362732,P4,0.42173126339912415,0.004412306006997824,P4,0,0,0,0,0,raw_geometry_failure
0900220012200314132406125HJ_1296721200_483490500,6651,0,TP,"[218.999267578125, 688.0000610351562, 699.9996948242188, 737.9998779296875]",24049.933288495988,large,Q4,9.62004377457437,"[8,16)",0.9230324625968933,0.0012690664734691381,TP,P4,1,1,1,1,0.6958221197128296,0.5412607192993164,0.6414464116096497,0.6958221197128296,P5,0.7240421175956726,0.0021068037021905184,P4,1,0,1,1,1,final_tp
0900220012200314132406125HJ_1296721200_483490500,6651,1,LP,"[0.999432384967804, 646.0001831054688, 355.999755859375, 772.0003051757812]",44730.0856323652,large,Q4,2.8174602521040155,"[2,4)",0.958990752696991,0.00133141886908561,LP,P4,1,1,1,1,0.8904668092727661,0.8904668092727661,0.776715874671936,0.8904668092727661,P5,0.8545489311218262,0.005937077105045319,P4,1,1,1,1,1,final_tp
0900220012200314132406125HJ_1296721200_483490500,6651,2,P,"[618.999755859375, 702.0001831054688, 633.9993286132812, 709.000244140625]",104.99792477861047,small,Q1,2.1427774241644797,"[2,4)",0.5365563035011292,0.003981352783739567,MC,P3,1,0,1,0,0.003981352783739567,0.0,0.5365563035011292,0.003981352783739567,P3,0.5365563035011292,0.003981352783739567,P3,1,0,0,0,1,final_tp
0900220012200314140107934HJ_1296929200_483846900,6652,0,LP,"[349.0002136230469, 571.999755859375, 432.9999694824219, 633.9999389648438]",5208.0002440959215,medium,Q2,1.354830770684704,"[1,2)",0.9208250045776367,0.029767310246825218,LP,P3,1,1,1,1,0.7883238792419434,0.7883238792419434,0.8322960138320923,0.7883238792419434,P3,0.8322960138320923,0.7883238792419434,P3,1,1,1,1,1,final_tp
0900220012200314151951258HJ_1297870500_483283300,6653,0,LC,"[655.0001220703125, 693.0001831054688, 756.0003051757812, 803.9996948242188]",11210.971008211374,large,Q3,1.099003074111653,"[1,2)",0.938612163066864,4.7112687752814963e-05,LC,P3,1,1,1,1,0.5674542188644409,0.5674542188644409,0.9166644811630249,0.5674542188644409,P4,0.9166644811630249,0.5674542188644409,P4,1,1,1,1,1,final_tp
0900220012200314151951258HJ_1297870500_483283300,6653,1,P,"[277.9996032714844, 756.9996948242188, 302.9995422363281, 768.9999389648438]",300.00537107884884,small,Q1,2.083285862510935,"[2,4)",0.8497260212898254,0.12543605268001556,P,P3,1,1,1,1,0.618411660194397,0.12543605268001556,0.664533257484436,0.618411660194397,P3,0.8497260212898254,0.12543605268001556,P3,1,1,1,1,1,final_tp
0900220012200315093433431HJ_1296785900_482235200,6654,0,LP,"[606.9996337890625, 600.0, 663.0000610351562, 633.9999389648438]",1904.0111083723605,medium,Q2,1.6470743463392303,"[1,2)",0.9548747539520264,0.030107688158750534,LP,P3,1,1,1,1,0.8553352355957031,0.8553352355957031,0.9179485440254211,0.8553352355957031,P3,0.9179485440254211,0.8553352355957031,P3,1,1,1,1,1,final_tp
0900220012200315093433431HJ_1296785900_482235200,6654,1,TP,"[0.9999298453330994, 737.9999389648438, 365.9996337890625, 787.0004272460938]",17885.163268893957,large,Q3,7.448899136049745,"[4,8)",0.9643945693969727,0.7152912020683289,TP,P5,1,1,1,1,0.8458153605461121,0.8458153605461121,0.9474359750747681,0.8458153605461121,P5,0.9474359750747681,0.8458153605461121,P5,1,1,1,1,1,final_tp
0900220012200315093433431HJ_1296785900_482235200,6654,2,MC,"[944.9999389648438, 736.9994506835938, 1017.9999389648438, 760.9999389648438]",1752.03564453125,medium,Q2,3.041604785058898,"[2,4)",0.9687308669090271,0.7195029854774475,MC,P3,1,1,1,1,0.7914770245552063,0.7914770245552063,0.9166771769523621,0.7914770245552063,P3,0.9166771769523621,0.7914770245552063,P3,1,1,1,1,1,final_tp
09002200122003151055458416G_1295850200_481749800,6993,0,LC,"[624.9999389648438, 600.0, 978.0004272460938, 925.9996337890625]",115078.02990704775,large,Q4,1.0828248000721938,"[1,2)",0.9658871293067932,0.0010973921744152904,LC,P5,1,1,1,1,0.9634878635406494,0.9634878635406494,0.950650155544281,0.9634878635406494,P5,0.950650155544281,0.9634878635406494,P5,1,1,1,1,1,final_tp
09002200122003151235277596G_1295845200_481745700,6994,0,LC,"[340.99969482421875, 609.0000610351562, 555.9996948242188, 870.9996337890625]",56329.908142089844,large,Q4,1.218602663971657,"[1,2)",0.965677797794342,0.8371862769126892,LC,P5,1,1,1,1,0.9419099688529968,0.9419099688529968,0.9355318546295166,0.9419099688529968,P5,0.9355318546295166,0.9419099688529968,P5,1,1,1,1,1,final_tp
09002200122003151235277596G_1295845200_481745700,6994,1,LC,"[757.0001831054688, 697.0, 1024.0, 853.9996337890625]",41918.87347418815,large,Q4,1.7006397432318852,"[1,2)",0.6752331256866455,0.00012731747119687498,LP,P4,1,0,0,0,0.0003306693397462368,0.0,0.1022799089550972,0.0005134049570187926,P3,0.0,0.9419099688529968,P5,0,0,0,0,0,final_localization_or_assignment
0900220012200315141340888HG_1296531200_483154500,6655,0,LC,"[526.9995727539062, 589.000244140625, 632.9999389648438, 769.0]",19080.040038973093,large,Q3,1.6981050376861997,"[1,2)",0.9771453142166138,0.006618821993470192,LC,P4,1,1,1,1,0.9490309357643127,0.9490309357643127,0.9474297761917114,0.9490309357643127,P4,0.9474297761917114,0.9490309357643127,P4,1,1,1,1,1,final_tp
0900220012200315143107720HG_1296530700_482928000,6656,0,TP,"[470.0000915527344, 650.0004272460938, 546.0004272460938, 657.00048828125]",532.0069885458797,small,Q1,10.857096146971374,"[8,16)",0.4168476462364197,0.12411987781524658,TP,P4,0,0,0,0,0.0,0.0,0.4168476462364197,0.12411987781524658,P4,0.4168476462364197,0.12411987781524658,P4,0,0,0,0,0,raw_geometry_failure
0900220012200315143107720HG_1296530700_482928000,6656,1,TP,"[499.0003356933594, 694.0006713867188, 598.0006713867188, 702.0001220703125]",791.9483030382544,small,Q1,12.375891746717228,"[8,16)",0.9142041206359863,0.4499902129173279,TP,P3,1,1,1,1,0.5627252459526062,0.5627252459526062,0.8491982817649841,0.5627252459526062,P3,0.8491982817649841,0.5627252459526062,P3,1,1,1,1,1,final_tp
0900220012200315143107720HG_1296530700_482928000,6656,2,TP,"[53.9996223449707, 705.9998779296875, 305.9998779296875, 755.9996948242188]",12599.96682734508,large,Q3,5.040023645106122,"[4,8)",0.8556777238845825,0.022714825347065926,TP,P4,1,1,1,1,0.4818156957626343,0.022714825347065926,0.5499230027198792,0.4818156957626343,P4,0.8556777238845825,0.022714825347065926,P4,1,1,1,1,1,final_tp
0900220012200315143107720HG_1296530700_482928000,6656,3,LC,"[569.9999389648438, 651.0003662109375, 653.0003051757812, 777.00048828125]",10458.056274458766,large,Q3,1.5180670618981997,"[1,2)",0.9370142817497253,0.569618821144104,LC,P4,1,1,1,1,0.6808276176452637,0.6808276176452637,0.9252421259880066,0.6808276176452637,P4,0.9252421259880066,0.6808276176452637,P4,1,1,1,1,1,final_tp
0900220012200315143107720HG_1296530700_482928000,6656,4,TP,"[495.0000915527344, 697.9993896484375, 763.0003051757812, 721.9999389648438]",6432.152343867347,medium,Q3,11.16641998855617,"[8,16)",0.8056803941726685,7.154927880037576e-05,TC,P3,1,1,0,0,7.154927880037576e-05,7.154927880037576e-05,0.1745959371328354,0.03231293335556984,P3,0.30798739194869995,0.004892297554761171,P3,0,0,0,0,0,confidence_filter_loss
0900220012200315143107720HG_1296530700_482928000,6656,5,LP,"[453.0002136230469, 635.0003662109375, 471.0, 655.0001220703125]",359.99133305996656,small,Q1,1.111110734346416,"[1,2)",0.7079632878303528,0.001018580049276352,TP,P3,1,0,1,0,0.001018580049276352,0.0,0.7079632878303528,0.001018580049276352,P3,0.7079632878303528,0.001018580049276352,P3,1,0,0,0,1,final_tp
0900220012200315143107720HG_1296530700_482928000,6656,6,MC,"[853.0001831054688, 598.0001220703125, 881.0004272460938, 603.0004272460938]",140.0097656995058,small,Q1,5.599707049130302,"[4,8)",0.5590658783912659,0.015465252101421356,MC,P3,1,0,1,0,0.015465252101421356,0.0,0.5590658783912659,0.015465252101421356,P3,0.5590658783912659,0.015465252101421356,P3,1,0,0,0,1,final_tp
0900220012200315144856644HG_1296528900_482432600,6657,0,LP,"[506.0003967285156, 684.0003051757812, 528.0, 773.000244140625]",1957.9633484128863,medium,Q2,4.045524724539211,"[4,8)",0.8728549480438232,0.34683722257614136,LP,P3,1,1,1,1,0.7667900919914246,0.7667900919914246,0.8398925065994263,0.7667900919914246,P4,0.8398925065994263,0.7667900919914246,P4,1,1,1,1,1,final_tp
0900220012200315144856644HG_1296528900_482432600,6657,1,TP,"[519.0001220703125, 670.0001831054688, 643.9996948242188, 680.00048828125]",1250.0338743813336,medium,Q1,12.49957581860905,"[8,16)",0.8687077760696411,0.2088989019393921,TP,P3,1,1,1,1,0.21464334428310394,0.21464334428310394,0.8213885426521301,0.21464334428310394,P3,0.8213885426521301,0.21464334428310394,P3,1,1,0,0,1,final_tp
0900220012200315144856644HG_1296528900_482432600,6657,2,MC,"[699.9996948242188, 615.0000610351562, 733.0001831054688, 622.0001831054688]",231.00744634866714,small,Q1,4.714273258348592,"[4,8)",0.6072788834571838,0.00019634640193544328,MC,P3,1,0,0,0,0.00019634640193544328,0.0,0.3784325420856476,0.0002471393090672791,P3,0.0,0.002346289111301303,P3,0,0,0,0,0,final_localization_or_assignment
0900220012200315150232315HJ_1296975400_482047300,6658,0,AC,"[287.0000915527344, 593.00048828125, 740.9996948242188, 799.0006103515625]",93523.97369379923,large,Q4,2.2038802633161745,"[2,4)",0.9217987656593323,0.00030324270483106375,TC,P5,1,1,1,1,0.9227194786071777,0.9227194786071777,0.8877105116844177,0.9227194786071777,P5,0.8877105116844177,0.9227194786071777,P5,1,1,1,1,1,final_tp
0900220012200315150232315HJ_1296975400_482047300,6658,1,TC,"[645.0001831054688, 649.0004272460938, 819.9996337890625, 683.0003662109375]",5949.970642123371,medium,Q3,5.147051906903268,"[4,8)",0.8815366625785828,0.07617250084877014,TC,P4,1,1,1,1,0.12763945758342743,0.12763945758342743,0.7668426632881165,0.12763945758342743,P4,0.7668426632881165,0.12763945758342743,P4,1,1,0,0,1,final_tp
0900220012200315151539425HJ_1296659100_482044700,6659,0,MC,"[808.0001220703125, 640.0, 848.9999389648438, 650.0004272460938]",410.01568595692515,small,Q1,4.099806526820753,"[4,8)",0.7793349027633667,0.6626632809638977,MC,P3,1,1,1,1,0.6626632809638977,0.6626632809638977,0.7793349027633667,0.6626632809638977,P3,0.7793349027633667,0.6626632809638977,P3,1,1,1,1,1,final_tp
0900220012200315151539425HJ_1296659100_482044700,6659,1,LP,"[0.9999634027481079, 603.999755859375, 411.999755859375, 808.9994506835938]",84254.83078009449,large,Q4,2.0048799913061988,"[2,4)",0.9237146973609924,0.00021023780573159456,LP,P5,1,1,1,1,0.9449318647384644,0.9449318647384644,0.8820071816444397,0.9449318647384644,P5,0.8820071816444397,0.9449318647384644,P5,1,1,1,1,1,final_tp
0900220012200315151539425HJ_1296659100_482044700,6659,2,MC,"[662.99951171875, 609.9998779296875, 696.9994506835938, 616.9999389648438]",238.00164794549346,small,Q1,4.85709178735537,"[4,8)",0.449144572019577,0.2945002019405365,MC,P3,0,0,0,0,0.0,0.0,0.38271456956863403,0.3386354446411133,P3,0.449144572019577,0.2945002019405365,P3,0,0,0,0,0,raw_geometry_failure
0900220012200315151539425HJ_1296659100_482044700,6659,3,MC,"[358.0006103515625, 604.9996948242188, 380.000244140625, 608.99951171875]",87.99450690299273,small,Q1,5.500160224619657,"[4,8)",0.3115703761577606,0.0019865778740495443,MC,P3,0,0,0,0,0.0,0.0,0.3115703761577606,0.0019865778740495443,P3,0.3115703761577606,0.0019865778740495443,P3,0,0,0,0,0,raw_geometry_failure
0900220012200315154038595HJ_1296568800_482042800,6660,0,LP,"[429.0002136230469, 646.0001220703125, 498.0003967285156, 797.0001831054688]",10419.031860362738,large,Q3,2.188400874304179,"[2,4)",0.9158535003662109,0.015954336151480675,LP,P4,1,1,1,1,0.2337217479944229,0.015954336151480675,0.4606478214263916,0.8543623685836792,P4,0.9158535003662109,0.015954336151480675,P4,1,1,0,0,1,final_tp
0900220012200315154720073HG_1294851400_482002800,6757,0,TP,"[807.0, 809.9999389648438, 1023.0006103515625, 886.0001220703125]",16416.08593761176,large,Q3,2.8421064466622283,"[2,4)",0.9741633534431458,0.8334397673606873,TP,P4,1,1,1,1,0.9186837673187256,0.9186837673187256,0.9613847136497498,0.9186837673187256,P4,0.9613847136497498,0.9186837673187256,P4,1,1,1,1,1,final_tp
0900220012200315154720073HG_1294851400_482002800,6757,1,LP,"[629.9995727539062, 772.9996948242188, 665.9993896484375, 838.9996337890625]",2375.9857177846134,medium,Q2,1.83334096276667,"[1,2)",0.71311354637146,0.002217018511146307,LP,P3,1,0,1,0,0.4161117970943451,0.0,0.6009284257888794,0.4161117970943451,P3,0.71311354637146,0.002217018511146307,P3,1,0,1,1,1,final_tp
0900220012200315161117226HJ_1296881600_482040100,6661,0,TP,"[507.0003356933594, 664.9999389648438, 772.000244140625, 679.99951171875]",3974.885406533256,medium,Q2,17.66716377826517,"[16,inf)",0.7651427984237671,0.009390145540237427,TP,P3,1,1,1,1,0.21561022102832794,0.0491848848760128,0.6422078013420105,0.21561022102832794,P4,0.7020348906517029,0.004551215562969446,P3,1,0,0,0,1,final_tp
0900220012200315161117226HJ_1296881600_482040100,6661,1,LP,"[351.0000915527344, 664.9999389648438, 480.00048828125, 743.99951171875]",10190.97622663714,large,Q3,1.632925245436052,"[1,2)",0.9315616488456726,0.0022981499787420034,LP,P4,1,1,1,1,0.8579151034355164,0.8579151034355164,0.8588135242462158,0.8579151034355164,P4,0.8588135242462158,0.8579151034355164,P4,1,1,1,1,1,final_tp
0900220012200315161117226HJ_1296881600_482040100,6661,2,TP,"[126.99956512451172, 750.0001220703125, 282.99981689453125, 792.00048828125]",6552.067382901907,medium,Q3,3.71425914138816,"[2,4)",0.9306623339653015,0.015811273828148842,TP,P4,1,1,1,1,0.1660459041595459,0.1660459041595459,0.8654071688652039,0.1660459041595459,P4,0.8654071688652039,0.1660459041595459,P4,1,1,0,0,1,final_tp
0900220012200315162223937HJ_1297328400_482030800,6662,0,AC,"[488.00048828125, 621.000244140625, 727.0, 801.0]",43019.853759884834,large,Q4,1.3277768660167997,"[1,2)",0.9434689879417419,0.0011902772821485996,AC,P4,1,1,1,1,0.8850750923156738,0.8850750923156738,0.9152472615242004,0.8850750923156738,P5,0.9152472615242004,0.8850750923156738,P5,1,1,1,1,1,final_tp
0900220012200315162328572HJ_1297400000_482025700,6663,0,AC,"[502.99957275390625, 637.9996337890625, 749.9996948242188, 795.9996948242188]",39026.03436280042,large,Q4,1.5632913079404003,"[1,2)",0.9321152567863464,0.042798884212970734,AC,P4,1,1,1,1,0.9022762775421143,0.9022762775421143,0.8752074241638184,0.9022762775421143,P5,0.8752074241638184,0.9022762775421143,P5,1,1,1,1,1,final_tp
0900220012200316084211511HJ_1298004400_481663100,6664,0,LC,"[465.9999084472656, 659.9996948242188, 504.9999084472656, 798.99951171875]",5420.992858886719,medium,Q2,3.5640978690905447,"[2,4)",0.7640020847320557,0.15765711665153503,LC,P4,1,1,1,1,0.6546148657798767,0.3850178122520447,0.7260849475860596,0.6546148657798767,P4,0.7260849475860596,0.6546148657798767,P4,1,0,1,1,1,final_tp
0900220012200316084343107HJ_1297933100_481702700,6665,0,LC,"[671.9994506835938, 710.0001220703125, 747.999755859375, 790.0000610351562]",6080.019775371999,medium,Q3,1.05262654906203,"[1,2)",0.8922706842422485,0.00048499563126824796,LC,P3,1,1,1,1,0.4154202938079834,0.4154202938079834,0.8339688777923584,0.4154202938079834,P3,0.8339688777923584,0.4154202938079834,P3,1,1,1,1,1,final_tp
0900220012200316084601730HJ_1297722500_481673600,6666,0,LC,"[403.00030517578125, 595.9998168945312, 467.00030517578125, 645.9996948242188]",3199.9921875,medium,Q2,1.2800031250076294,"[1,2)",0.9291565418243408,0.4332420825958252,LC,P3,1,1,1,1,0.553480327129364,0.4332420825958252,0.6948580741882324,0.553480327129364,P4,0.879280686378479,0.41031038761138916,P3,1,1,1,1,1,final_tp
0900220012200316084601730HJ_1297722500_481673600,6666,1,LC,"[0.9999634027481079, 626.9998168945312, 280.0, 696.0]",19251.05319214426,large,Q3,4.043467972992457,"[4,8)",0.8808591961860657,0.0022223503328859806,LC,P4,1,1,1,1,0.6666341423988342,0.6666341423988342,0.7682424783706665,0.6666341423988342,P5,0.8467583060264587,0.025602838024497032,P4,1,1,1,1,1,final_tp
0900220012200316084601730HJ_1297722500_481673600,6666,2,LC,"[551.0000610351562, 653.9996337890625, 618.9998779296875, 793.9999389648438]",9519.99511713162,large,Q3,2.058833561168611,"[2,4)",0.9328184127807617,0.0014509492320939898,LC,P4,1,1,1,1,0.693104088306427,0.06701241433620453,0.5400876998901367,0.693104088306427,P4,0.8377704620361328,0.06701241433620453,P4,1,1,1,1,1,final_tp
0900220012200316090612549HJ_1297293200_481785000,6667,0,AC,"[0.9998840689659119, 583.0000610351562, 1023.9994506835938, 810.0004272460938]",232221.27764876932,large,Q4,4.506598777040279,"[4,8)",0.7773927450180054,0.0003162710345350206,AC,P5,1,1,1,0,0.8609411120414734,0.00046286312863230705,0.7057644128799438,0.8609411120414734,P5,0.7057644128799438,0.8609411120414734,P5,1,0,1,1,1,final_tp
09002200122003161001101646G_1296050900_481062900,6995,0,AC,"[255.99951171875, 671.99951171875, 580.9996337890625, 900.9996948242188]",74425.08746340126,large,Q4,1.4192133720724138,"[1,2)",0.8243345618247986,0.0006180506316013634,LC,P5,1,1,1,1,0.0030259413179010153,0.0015345548745244741,0.2469957321882248,0.010504032485187054,P4,0.7591837048530579,0.0015345548745244741,P5,1,1,0,0,1,final_tp
09002200122003161001101646G_1296050900_481062900,6995,1,P,"[638.0000610351562, 662.0001220703125, 662.0006713867188, 674.0004272460938]",288.0146486237645,small,Q1,2.0,"[2,4)",0.6827875375747681,0.036303356289863586,P,P3,1,0,1,0,0.7698227763175964,0.0,0.6683787107467651,0.7698227763175964,P3,0.6683787107467651,0.7698227763175964,P3,1,0,1,1,1,final_tp
09002200122003161001101646G_1296050900_481062900,6995,2,P,"[632.9998779296875, 696.0, 703.9999389648438, 726.9994506835938]",2200.9628905914724,medium,Q2,2.290365134525837,"[2,4)",0.95273756980896,0.00708896666765213,P,P3,1,1,1,1,0.8516230583190918,0.8516230583190918,0.9460169672966003,0.8516230583190918,P3,0.9460169672966003,0.8516230583190918,P3,1,1,1,1,1,final_tp
09002200122003161001101646G_1296050900_481062900,6995,3,AC,"[671.0001220703125, 725.000244140625, 1024.0, 924.9996948242188]",70599.78167731315,large,Q4,1.765004237377361,"[1,2)",0.9611794352531433,0.0031345749739557505,AC,P5,1,1,1,1,0.010430390015244484,0.005189234856516123,0.5234498977661133,0.010430390015244484,P4,0.8729012608528137,0.005189234856516123,P5,1,1,0,0,1,final_tp
0900220012200316101158973HJ_1294210800_482438700,6346,0,TP,"[442.99981689453125, 691.9996948242188, 687.9999389648438, 702.0001220703125]",2450.105896048248,medium,Q2,24.498965498300244,"[16,inf)",0.9506737589836121,0.0017251562094315886,TC,P3,1,1,1,1,0.12918956577777863,0.12524722516536713,0.6606887578964233,0.12918956577777863,P3,0.7299947738647461,0.046384070068597794,P4,1,0,0,0,1,final_tp
0900220012200316101158973HJ_1294210800_482438700,6346,1,TP,"[416.0, 774.0000610351562, 465.9999084472656, 797.0001831054688]",1150.0039977915585,medium,Q1,2.173897525170234,"[2,4)",0.7726046442985535,0.0003132136771455407,LC,P3,1,1,1,0,0.002057657577097416,0.0004900700878351927,0.6926698088645935,0.002057657577097416,P4,0.6926698088645935,0.002057657577097416,P4,1,0,0,0,1,final_tp
0900220012200316101430746HJ_1294210500_482551900,6347,0,TP,"[381.0002746582031, 640.9999389648438, 664.0, 653.9995727539062]",3678.8927918486297,medium,Q2,21.769822899157692,"[16,inf)",0.6481541991233826,0.003265991108492017,TC,P3,1,0,1,0,0.006597201339900494,0.0,0.48022904992103577,0.009407740086317062,P3,0.6481541991233826,0.003265991108492017,P3,1,0,0,0,1,final_tp
0900220012200316101430746HJ_1294210500_482551900,6347,1,LP,"[265.0004577636719, 600.0, 431.00006103515625, 708.9996948242188]",18093.90609753318,large,Q3,1.5229364039889106,"[1,2)",0.7821213006973267,0.0001580280950292945,LC,P4,1,1,1,0,0.45226481556892395,0.00030260506900958717,0.6714769601821899,0.45226481556892395,P4,0.6714769601821899,0.45226481556892395,P4,1,0,1,1,1,final_tp
0900220012200316101430746HJ_1294210500_482551900,6347,2,MC,"[147.0003204345703, 632.99951171875, 193.0004425048828, 644.999755859375]",552.0126953423023,small,Q1,3.8332655178727646,"[2,4)",0.6963794231414795,0.001214449992403388,MC,P3,1,0,1,0,0.001396102481521666,0.0,0.6621727347373962,0.001396102481521666,P3,0.6621727347373962,0.001396102481521666,P3,1,0,0,0,1,final_tp
0900220012200316104656952HJ_1294137800_483062700,6348,0,LC,"[773.9996337890625, 723.0003051757812, 947.9998168945312, 797.0006713867188]",12876.077270574868,large,Q3,2.3513421894356914,"[2,4)",0.9121874570846558,0.30714651942253113,LC,P4,1,1,1,1,0.4425911009311676,0.4425911009311676,0.8959997892379761,0.4425911009311676,P4,0.8959997892379761,0.4425911009311676,P4,1,1,1,1,1,final_tp
0900220012200316104656952HJ_1294137800_483062700,6348,1,AC,"[315.0003356933594, 663.0000610351562, 729.9999389648438, 801.0003051757812]",57270.04656972736,large,Q4,3.0072381817570664,"[2,4)",0.8396636843681335,0.00010872550046769902,TC,P4,1,1,1,0,0.6025279760360718,0.0008082838612608612,0.6707789897918701,0.6025279760360718,P5,0.6707789897918701,0.6025279760360718,P5,1,0,1,1,1,final_tp
0900220012200316105228994HJ_1294110100_483361500,6349,0,LC,"[398.99957275390625, 666.0004272460938, 487.9994812011719, 837.0001831054688]",15218.962615989149,large,Q3,1.9213475479100752,"[1,2)",0.945866584777832,0.0018597346497699618,LC,P4,1,1,1,1,0.9357307553291321,0.9357307553291321,0.9070417284965515,0.9357307553291321,P4,0.9070417284965515,0.9357307553291321,P4,1,1,1,1,1,final_tp
0900220012200316105228994HJ_1294110100_483361500,6349,1,LC,"[469.0002136230469, 804.0001831054688, 479.0005798339844, 834.0004272460938]",300.01342782378197,small,Q1,2.9999145539103793,"[2,4)",0.6247912645339966,0.024999497458338737,LC,P3,1,0,1,0,0.22417981922626495,0.0,0.5567543506622314,0.22417981922626495,P3,0.6091259717941284,0.028675170615315437,P3,1,0,0,0,1,final_tp
0900220012200316105228994HJ_1294110100_483361500,6349,2,LC,"[327.9994812011719, 725.9996337890625, 348.9996337890625, 753.9999389648438]",588.0106811989099,small,Q1,1.333338177358156,"[1,2)",0.5882176160812378,0.0005090638296678662,LC,P3,1,0,0,0,0.0006229390855878592,0.0,0.5031293630599976,0.0006229390855878592,P3,0.0,0.9357307553291321,P4,0,0,0,0,0,final_localization_or_assignment
0900220012200316105228994HJ_1294110100_483361500,6349,3,TC,"[567.0001220703125, 737.0004272460938, 688.0000610351562, 744.9999389648438]",967.9404297173023,small,Q1,15.125915583226515,"[8,16)",0.5430557131767273,0.08730101585388184,TC,P3,1,0,1,0,0.09513300657272339,0.0,0.4599524140357971,0.2441866099834442,P3,0.494293212890625,0.12295742332935333,P3,0,0,0,0,0,nms_or_maxdet_loss
0900220012200316105304192HJ_1294095000_483407800,6350,0,LC,"[260.0002136230469, 690.9993286132812, 354.0003356933594, 796.9996948242188]",9964.047363325953,large,Q3,1.1276620059242983,"[1,2)",0.9311608076095581,0.00023608202172908932,LC,P3,1,1,1,1,0.8725950717926025,0.8725950717926025,0.8568181991577148,0.8725950717926025,P4,0.8568181991577148,0.8725950717926025,P4,1,1,1,1,1,final_tp
0900220012200316105441775HJ_1294075000_483471700,6351,0,LC,"[598.9994506835938, 713.00048828125, 632.0, 793.0004272460938]",2640.041931118816,medium,Q2,2.4242002215724243,"[2,4)",0.828561544418335,0.004458161070942879,LC,P4,1,1,1,1,0.7295224070549011,0.011713868007063866,0.6219868659973145,0.7295224070549011,P4,0.7143675684928894,0.010858451947569847,P3,1,0,1,1,1,final_tp
0900220012200316105441775HJ_1294075000_483471700,6351,1,LC,"[280.0004577636719, 619.0003662109375, 455.00006103515625, 788.000244140625]",29574.9115906246,large,Q4,1.0355013590263837,"[1,2)",0.943337619304657,0.00047790666576474905,LC,P5,1,1,1,1,0.02980433590710163,0.019899871200323105,0.7160220742225647,0.02980433590710163,P4,0.838278591632843,0.0019945132080465555,P5,1,1,0,0,1,final_tp
0900220012200316112612725HJ_1294134200_483080700,6352,0,TC,"[337.99993896484375, 661.0001831054688, 814.0001220703125, 700.0003051757812]",18564.065246604383,large,Q3,12.205094698096023,"[8,16)",0.904000461101532,0.02650008723139763,TC,P5,1,1,1,1,0.640322744846344,0.4103728234767914,0.6517619490623474,0.640322744846344,P4,0.8123518824577332,0.4103728234767914,P5,1,1,1,1,1,final_tp
0900220012200316112612725HJ_1294134200_483080700,6352,1,AC,"[417.9993591308594, 660.0003051757812, 610.9998168945312, 786.999755859375]",24510.952117668465,large,Q4,1.519695216985725,"[1,2)",0.7278846502304077,0.0006558885215781629,LC,P4,1,0,1,0,0.0010674267541617155,0.0,0.19346247613430023,0.009324955753982067,P5,0.6809945106506348,0.0010674267541617155,P5,1,0,0,0,1,final_tp
0900220012200316112612725HJ_1294134200_483080700,6352,2,AC,"[639.0001220703125, 694.0001220703125, 1024.0, 838.0001220703125]",55439.982421875,large,Q4,2.6736102634006076,"[2,4)",0.7170455455780029,0.0008861657697707415,AC,P5,1,0,1,0,0.002166028833016753,0.0,0.16483920812606812,0.14688050746917725,P4,0.567643404006958,0.001244899700395763,P5,1,0,0,0,1,final_tp
0900220012200316112739689HJ_1294136100_483024400,6353,0,LC,"[613.0001831054688, 671.0005493164062, 733.0006713867188, 785.0004272460938]",13680.041015565395,large,Q3,1.0526369892717213,"[1,2)",0.859885573387146,3.19845239573624e-05,LC,P3,1,1,1,0,0.8046488761901855,0.0002927508903667331,0.5374369025230408,0.8046488761901855,P4,0.6724568009376526,0.00868198275566101,P4,1,0,1,1,1,final_tp
0900220012200316112739689HJ_1294136100_483024400,6353,1,TC,"[753.0004272460938, 769.9999389648438, 949.0001220703125, 819.0004272460938]",9604.080749362707,large,Q3,3.9999539126882104,"[2,4)",0.6311243772506714,0.0002466007717885077,TC,P3,1,0,0,0,0.0007718921406194568,0.0,0.31678298115730286,0.875593900680542,P4,0.31678298115730286,0.875593900680542,P4,0,0,0,0,0,final_localization_or_assignment
0900220012200316112739689HJ_1294136100_483024400,6353,2,TC,"[928.0, 733.0001831054688, 1024.0, 770.0004272460938]",3552.0234375,medium,Q2,2.5945774745468584,"[2,4)",0.9005196690559387,0.00017536610539536923,TC,P3,1,1,0,0,0.0005787080735899508,0.0005100524867884815,0.11750330775976181,0.0006319474196061492,P5,0.1879468560218811,0.875593900680542,P4,0,0,0,0,0,confidence_filter_loss
0900220012200316112739689HJ_1294136100_483024400,6353,3,TC,"[140.9996795654297, 805.0001831054688, 183.0000762939453, 819.0001831054688]",588.0055541992188,small,Q1,3.000028337751116,"[2,4)",0.6929181218147278,0.028530772775411606,TC,P4,1,0,1,0,0.10065433382987976,0.0,0.6314941048622131,0.10065433382987976,P3,0.6314941048622131,0.10065433382987976,P3,1,0,0,0,1,final_tp
0900220012200316112739689HJ_1294136100_483024400,6353,4,MC,"[439.9994812011719, 603.0003051757812, 471.9994812011719, 608.00048828125]",160.005859375,small,Q1,6.399765633582755,"[4,8)",0.5644683241844177,0.46914592385292053,MC,P3,1,0,1,0,0.46914592385292053,0.0,0.5644683241844177,0.46914592385292053,P3,0.5644683241844177,0.46914592385292053,P3,1,0,1,1,1,final_tp
0900220012200316112756688HJ_1294153300_483006900,6354,0,LC,"[638.0001831054688, 683.9998168945312, 709.000244140625, 795.9999389648438]",7952.015502937138,medium,Q3,1.5774651519645138,"[1,2)",0.8523593544960022,0.003899240866303444,LC,P4,1,1,1,1,0.4538429379463196,0.12361418455839157,0.7397475242614746,0.4538429379463196,P4,0.7722659111022949,0.045262016355991364,P3,1,1,1,1,1,final_tp
0900220012200316112756688HJ_1294153300_483006900,6354,1,LC,"[521.0004272460938, 669.000244140625, 544.0006103515625, 788.0003051757812]",2737.023193370551,medium,Q2,5.173874507410405,"[4,8)",0.8327751159667969,0.07242819666862488,LC,P4,1,1,1,1,0.676948606967926,0.5208585858345032,0.6953393220901489,0.676948606967926,P3,0.7112126350402832,0.029140548780560493,P3,1,0,1,1,1,final_tp
0900220012200316112756688HJ_1294153300_483006900,6354,2,TC,"[379.99981689453125, 648.9999389648438, 765.9996948242188, 666.0004272460938]",6562.186401307583,medium,Q3,22.705223023235774,"[16,inf)",0.8288258910179138,0.3122371733188629,TC,P4,1,1,1,1,0.3122371733188629,0.3122371733188629,0.462209016084671,0.4538615047931671,P3,0.8288258910179138,0.3122371733188629,P4,1,1,1,1,1,final_tp
0900220012200316112756688HJ_1294153300_483006900,6354,3,P,"[748.9996948242188, 778.0004272460938, 773.000244140625, 785.00048828125]",168.00531009212136,small,Q1,3.42862000714977,"[2,4)",0.2595207989215851,0.06232796236872673,P,P3,0,0,0,0,0.0,0.0,0.2595207989215851,0.06232796236872673,P3,0.2595207989215851,0.06232796236872673,P3,0,0,0,0,0,raw_geometry_failure
0900220012200316112847121HJ_1294204400_482950000,6355,0,TC,"[200.0000457763672, 730.9998168945312, 1012.0001831054688, 809.0]",63336.15820314735,large,Q4,10.410233537174626,"[8,16)",0.9799824953079224,0.7249343991279602,TC,P5,1,1,1,1,0.8331100344657898,0.8331100344657898,0.9151550531387329,0.8331100344657898,P5,0.9151550531387329,0.8331100344657898,P5,1,1,1,1,1,final_tp
0900220012200316112847121HJ_1294204400_482950000,6355,1,LC,"[847.99951171875, 773.000244140625, 1023.99951171875, 858.0004272460938]",14960.0322265625,large,Q3,2.0705837748798506,"[2,4)",0.9510517120361328,0.12085606902837753,LC,P4,1,1,1,1,0.8362330794334412,0.8362330794334412,0.9095863699913025,0.8362330794334412,P4,0.9095863699913025,0.8362330794334412,P4,1,1,1,1,1,final_tp
09002200122003161237150426G_1296175000_480946800,6996,0,LC,"[464.0005798339844, 614.0001220703125, 541.000244140625, 747.0004272460938]",10240.978851215914,large,Q3,1.7272842209561556,"[1,2)",0.8943414092063904,0.024101048707962036,LC,P4,1,1,1,1,0.6538704037666321,0.6538704037666321,0.75492924451828,0.6538704037666321,P4,0.7875617146492004,0.14615905284881592,P4,1,1,1,1,1,final_tp
09002200122003161237150426G_1296175000_480946800,6996,1,TC,"[1.000457763671875, 733.9995727539062, 407.00006103515625, 866.9998168945312]",53998.046356104314,large,Q4,3.0526229924977377,"[2,4)",0.9795582890510559,0.22605149447917938,TC,P5,1,1,1,1,0.959778904914856,0.959778904914856,0.9617679119110107,0.959778904914856,P5,0.9617679119110107,0.959778904914856,P5,1,1,1,1,1,final_tp
09002200122003161237150426G_1296175000_480946800,6996,2,TC,"[861.9996337890625, 842.0004272460938, 1023.9996337890625, 870.0006103515625]",4536.0296630859375,medium,Q2,5.785676450392911,"[4,8)",0.9549413323402405,0.008846242912113667,TC,P3,1,1,1,1,0.7318094372749329,0.7318094372749329,0.9016335606575012,0.7318094372749329,P4,0.9016335606575012,0.7318094372749329,P4,1,1,1,1,1,final_tp
0900220012200316141710218HJ_1294209200_482431500,6356,0,LP,"[633.0005493164062, 636.9996948242188, 664.0, 661.0001831054688]",744.0019528567791,small,Q1,1.2916175004577544,"[1,2)",0.7436376810073853,0.009425290860235691,LP,P3,1,0,1,0,0.10206012427806854,0.0,0.5529378652572632,0.10206012427806854,P3,0.7436376810073853,0.009425290860235691,P3,1,0,0,0,1,final_tp
0900220012200316141710218HJ_1294209200_482431500,6356,1,LP,"[673.9998168945312, 678.0000610351562, 823.0001220703125, 704.00048828125]",3874.0715943686664,medium,Q2,5.730686798547387,"[4,8)",0.7802335023880005,0.02657131664454937,TP,P3,1,1,1,1,0.03307952731847763,0.02657131664454937,0.30877751111984253,0.06702607125043869,P4,0.7337377667427063,0.01637776382267475,P3,1,0,0,0,1,final_tp
0900220012200316141710218HJ_1294209200_482431500,6356,2,TP,"[939.9996948242188, 695.00048828125, 1023.9994506835938, 715.000244140625]",1679.9746094346046,medium,Q2,4.200039062976843,"[4,8)",0.9153184294700623,0.014264317229390144,TP,P3,1,1,1,1,0.34946638345718384,0.34946638345718384,0.8715566396713257,0.34946638345718384,P4,0.8715566396713257,0.34946638345718384,P4,1,1,1,1,1,final_tp
0900220012200316141710218HJ_1294209200_482431500,6356,3,LP,"[751.99951171875, 715.9998168945312, 813.9996337890625, 756.9996948242188]",2541.9974365085363,medium,Q2,1.5122026015940644,"[1,2)",0.891003429889679,0.013401509262621403,TP,P3,1,1,1,1,0.8579177856445312,0.8579177856445312,0.8675044178962708,0.8579177856445312,P3,0.8675044178962708,0.8579177856445312,P3,1,1,1,1,1,final_tp
0900220012200316141710218HJ_1294209200_482431500,6356,4,TP,"[656.9999389648438, 634.0004272460938, 793.9999389648438, 648.9999389648438]",2054.93310546875,medium,Q2,9.133630652039454,"[8,16)",0.7551901936531067,0.0028363235760480165,TP,P3,1,1,1,1,0.5515739321708679,0.0028363235760480165,0.7055202722549438,0.5515739321708679,P3,0.7551901936531067,0.0028363235760480165,P3,1,1,1,1,1,final_tp
0900220012200316141710218HJ_1294209200_482431500,6356,5,MC,"[823.0006103515625, 709.0001831054688, 889.0004272460938, 730.0004272460938]",1386.0122680217028,medium,Q1,3.1428118860225305,"[2,4)",0.9258422255516052,0.8028385639190674,MC,P3,1,1,1,1,0.9097645878791809,0.9097645878791809,0.8542730808258057,0.9097645878791809,P3,0.8542730808258057,0.9097645878791809,P3,1,1,1,1,1,final_tp
0900220012200316141710218HJ_1294209200_482431500,6356,6,MC,"[583.9994506835938, 667.0003662109375, 636.9996948242188, 680.0]",688.9837645590305,small,Q1,4.077056707952635,"[4,8)",0.8049095273017883,0.8477546572685242,MC,P3,1,1,1,1,0.8873973488807678,0.8873973488807678,0.7677793502807617,0.8873973488807678,P3,0.7677793502807617,0.8873973488807678,P3,1,1,1,1,1,final_tp
0900220012200316141710218HJ_1294209200_482431500,6356,7,TP,"[752.9994506835938, 695.99951171875, 883.9999389648438, 716.999755859375]",2751.0422364473343,medium,Q2,6.238045967657556,"[4,8)",0.7406507730484009,0.020729437470436096,TP,P3,1,0,1,0,0.020729437470436096,0.0,0.13379940390586853,0.03185932710766792,P4,0.7406507730484009,0.020729437470436096,P3,1,0,0,0,1,final_tp
0900220012200316141802160HJ_1294208700_482469500,6357,0,LP,"[702.0001831054688, 710.0001220703125, 776.9999389648438, 761.00048828125]",3825.0150145590305,medium,Q2,1.4705728886176235,"[1,2)",0.8695821762084961,0.00032150797778740525,LP,P3,1,1,1,1,0.009604066610336304,0.0030529641080647707,0.32744044065475464,0.8812770247459412,P4,0.722033679485321,0.009604066610336304,P3,1,0,0,0,1,final_tp
0900220012200316141802160HJ_1294208700_482469500,6357,1,LP,"[767.0000610351562, 766.0001220703125, 839.9999389648438, 808.00048828125]",3066.021606400609,medium,Q2,1.7380771768289316,"[1,2)",0.8322727084159851,0.00010347175702918321,LP,P3,1,1,1,1,0.11495548486709595,0.0031691454350948334,0.6535204648971558,0.11495548486709595,P3,0.6535204648971558,0.11495548486709595,P3,1,0,0,0,1,final_tp
0900220012200316141802160HJ_1294208700_482469500,6357,2,LP,"[569.00048828125, 663.0006103515625, 632.0, 740.0001831054688]",4850.93548604846,medium,Q2,1.2222249133875356,"[1,2)",0.9795522689819336,0.1189577728509903,LP,P3,1,1,1,1,0.8927343487739563,0.8927343487739563,0.9730733633041382,0.8927343487739563,P3,0.9730733633041382,0.8927343487739563,P3,1,1,1,1,1,final_tp
0900220012200316141802160HJ_1294208700_482469500,6357,3,LP,"[575.0000610351562, 628.0003662109375, 608.9999389648438, 669.0001831054688]",1393.9887695536017,medium,Q1,1.2058812969658237,"[1,2)",0.7078643441200256,0.23368313908576965,LP,P3,1,0,1,0,0.8661046624183655,0.0,0.63568514585495,0.8661046624183655,P3,0.63568514585495,0.8661046624183655,P3,1,0,1,1,1,final_tp
0900220012200316141802160HJ_1294208700_482469500,6357,4,LP,"[552.0, 621.000244140625, 564.000244140625, 640.9999389648438]",240.0012206286192,small,Q1,1.666607328138669,"[1,2)",0.6338749527931213,0.14326892793178558,LP,P3,1,0,1,0,0.14326892793178558,0.0,0.6338749527931213,0.14326892793178558,P3,0.6338749527931213,0.14326892793178558,P3,1,0,0,0,1,final_tp
0900220012200316141802160HJ_1294208700_482469500,6357,5,LP,"[575.0000610351562, 592.9999389648438, 587.9996948242188, 605.000244140625]",155.99957264214754,small,Q1,1.0832752666405578,"[1,2)",0.6121648550033569,0.0037175770848989487,LP,P3,1,0,1,0,0.0037175770848989487,0.0,0.13928095996379852,0.0042853341437876225,P3,0.6121648550033569,0.0037175770848989487,P3,1,0,0,0,1,final_tp
0900220012200316141802160HJ_1294208700_482469500,6357,6,TP,"[208.99998474121094, 664.9999389648438, 925.0001831054688, 704.9994506835938]",28639.657714754343,large,Q4,17.900223086219313,"[16,inf)",0.9259613752365112,0.18812260031700134,TP,P5,1,1,1,1,0.3992634415626526,0.27951139211654663,0.6827409267425537,0.3992634415626526,P4,0.923897922039032,0.27951139211654663,P5,1,1,1,1,1,final_tp
0900220012200316141814737HJ_1294208600_482488900,6358,0,LP,"[578.9993896484375, 637.000244140625, 666.999755859375, 798.0006713867188]",14168.09655777365,large,Q3,1.829542695994862,"[1,2)",0.8685388565063477,0.004589705262333155,LP,P4,1,1,1,1,0.7833420634269714,0.004589705262333155,0.5307988524436951,0.7833420634269714,P4,0.8685388565063477,0.004589705262333155,P4,1,1,1,1,1,final_tp
0900220012200316141814737HJ_1294208600_482488900,6358,1,LP,"[621.0006713867188, 679.0000610351562, 771.0003662109375, 800.0]",18149.953918475658,large,Q3,1.2396675246902464,"[1,2)",0.9498424530029297,0.1404765546321869,LP,P4,1,1,1,1,0.960812509059906,0.960812509059906,0.923114001750946,0.960812509059906,P4,0.923114001750946,0.960812509059906,P4,1,1,1,1,1,final_tp
0900220012200316141814737HJ_1294208600_482488900,6358,2,LP,"[719.0000610351562, 695.0006103515625, 863.0001220703125, 804.0001831054688]",15695.945129368454,large,Q3,1.3211066557138929,"[1,2)",0.9331719279289246,0.6557354927062988,LP,P4,1,1,1,1,0.7028259038925171,0.7028259038925171,0.9310346841812134,0.7028259038925171,P4,0.9310346841812134,0.7028259038925171,P4,1,1,1,1,1,final_tp
0900220012200316141814737HJ_1294208600_482488900,6358,3,TP,"[766.0001220703125, 679.00048828125, 1004.99951171875, 731.000244140625]",12427.909912258387,large,Q3,4.596163687667554,"[4,8)",0.9490751028060913,0.00040045034256763756,TP,P3,1,1,1,1,0.4721859395503998,0.4721859395503998,0.760952889919281,0.4721859395503998,P5,0.760952889919281,0.4721859395503998,P5,1,1,1,1,1,final_tp
0900220012200316141814737HJ_1294208600_482488900,6358,4,TP,"[599.0000610351562, 654.0000610351562, 904.9999389648438, 682.9998168945312]",8873.92175295949,medium,Q3,10.551808760512868,"[8,16)",0.8798592686653137,0.006006163079291582,TP,P4,1,1,1,1,0.7642667889595032,0.7642667889595032,0.7816916108131409,0.7642667889595032,P4,0.7816916108131409,0.7642667889595032,P4,1,1,1,1,1,final_tp
0900220012200316141814737HJ_1294208600_482488900,6358,5,LP,"[656.0000610351562, 595.9996948242188, 663.9994506835938, 616.9999389648438]",167.9891355931759,small,Q1,2.625230806793731,"[2,4)",0.6761801242828369,0.6871774792671204,LP,P3,1,0,1,0,0.6871774792671204,0.0,0.6761801242828369,0.6871774792671204,P3,0.6761801242828369,0.6871774792671204,P3,1,0,1,1,1,final_tp
0900220012200316141814737HJ_1294208600_482488900,6358,6,TP,"[656.0005493164062, 610.00048828125, 751.0000610351562, 619.0003662109375]",854.9840088486671,small,Q1,10.555644472174373,"[8,16)",0.6815971732139587,0.22245770692825317,TP,P3,1,0,1,0,0.22245770692825317,0.0,0.6815971732139587,0.22245770692825317,P3,0.6815971732139587,0.22245770692825317,P3,1,0,0,0,1,final_tp
0900220012200316143303621HJ_1294208400_482685700,6359,0,TP,"[417.00048828125, 680.0, 816.0, 706.9998168945312]",10772.913757413626,large,Q3,14.777859912063567,"[8,16)",0.915408194065094,0.13030551373958588,TP,P4,1,1,1,1,0.38355064392089844,0.2887845039367676,0.7235764861106873,0.38355064392089844,P4,0.915408194065094,0.13030551373958588,P4,1,1,1,1,1,final_tp
0900220012200316143303621HJ_1294208400_482685700,6359,1,MC,"[480.9999694824219, 684.9996337890625, 546.00048828125, 702.0001220703125]",1105.0405581146479,medium,Q1,3.823450110578166,"[2,4)",0.7665389180183411,0.26520010828971863,MC,P3,1,1,1,1,0.81434565782547,0.582690954208374,0.7064445614814758,0.81434565782547,P3,0.7064445614814758,0.81434565782547,P3,1,0,1,1,1,final_tp
0900220012200316143303621HJ_1294208400_482685700,6359,2,MC,"[308.9996337890625, 696.0005493164062, 367.9994812011719, 711.0000610351562]",884.9689026623964,small,Q1,3.933451202838634,"[2,4)",0.8987860679626465,0.17680813372135162,MC,P3,1,1,1,1,0.8300211429595947,0.8300211429595947,0.8351410627365112,0.8300211429595947,P3,0.8351410627365112,0.8300211429595947,P3,1,1,1,1,1,final_tp
0900220012200316143303621HJ_1294208400_482685700,6359,3,LC,"[616.9999389648438, 586.9998168945312, 645.99951171875, 629.0001831054688]",1217.9926756247878,medium,Q1,1.4483098274363384,"[1,2)",0.9139764308929443,0.002138311043381691,LC,P3,1,1,1,1,0.041294559836387634,0.041294559836387634,0.8907508254051208,0.041294559836387634,P3,0.8907508254051208,0.041294559836387634,P3,1,1,0,0,1,final_tp
0900220012200316143303621HJ_1294208400_482685700,6359,4,TC,"[644.9995727539062, 615.0005493164062, 813.9996337890625, 628.0001831054688]",2196.938903786242,medium,Q2,13.00037091639826,"[8,16)",0.9330920577049255,0.0025762682780623436,TP,P4,1,1,1,1,0.01852167770266533,0.0025762682780623436,0.5579146146774292,0.01852167770266533,P3,0.9330920577049255,0.0025762682780623436,P4,1,1,0,0,1,final_tp
0900220012200316143505378HJ_1294208800_482750900,6360,0,TP,"[191.99951171875, 660.0003051757812, 882.9998168945312, 697.9999389648438]",26257.758544810116,large,Q4,18.18439380262325,"[16,inf)",0.9702355861663818,0.7401924133300781,TP,P5,1,1,1,1,0.7722135782241821,0.7722135782241821,0.9684410691261292,0.7722135782241821,P5,0.9684410691261292,0.7722135782241821,P5,1,1,1,1,1,final_tp
0900220012200316143833772HJ_1294208900_482794800,6361,0,MC,"[349.0002136230469, 699.0003051757812, 418.0003967285156, 718.0006713867188]",1311.028747625649,medium,Q1,3.6315185896653412,"[2,4)",0.930052638053894,0.9094107151031494,MC,P3,1,1,1,1,0.9094107151031494,0.9094107151031494,0.930052638053894,0.9094107151031494,P3,0.930052638053894,0.9094107151031494,P3,1,1,1,1,1,final_tp
0900220012200316143833772HJ_1294208900_482794800,6361,1,MC,"[785.9998168945312, 749.99951171875, 874.9996948242188, 783.0000610351562]",2937.0448607727885,medium,Q2,2.6969211050508526,"[2,4)",0.9223670363426208,0.0016974369063973427,MC,P3,1,1,1,1,0.8583208322525024,0.8583208322525024,0.9105181097984314,0.8583208322525024,P3,0.9105181097984314,0.8583208322525024,P3,1,1,1,1,1,final_tp
0900220012200316143833772HJ_1294208900_482794800,6361,2,LP,"[384.0004577636719, 733.9995727539062, 432.00054931640625, 784.9999389648438]",2448.0222473479807,medium,Q2,1.0625056028259223,"[1,2)",0.9463872909545898,0.05938873067498207,LP,P4,1,1,1,1,0.8904198408126831,0.8904198408126831,0.9037589430809021,0.8904198408126831,P3,0.9037589430809021,0.8904198408126831,P3,1,1,1,1,1,final_tp
0900220012200316143833772HJ_1294208900_482794800,6361,3,TP,"[269.9996337890625, 712.0005493164062, 434.99981689453125, 737.0004272460938]",4124.9844360128045,medium,Q2,6.60003955097437,"[4,8)",0.791681706905365,0.01990935578942299,TP,P4,1,1,1,1,0.12257624417543411,0.01990935578942299,0.6384394764900208,0.12257624417543411,P4,0.7588813900947571,0.005992042366415262,P4,1,1,0,0,1,final_tp
0900220012200316143833772HJ_1294208900_482794800,6361,4,TP,"[168.0005340576172, 673.9994506835938, 328.0005187988281, 699.9998168945312]",4160.058197015896,medium,Q2,6.153758891053781,"[4,8)",0.8518000245094299,0.03681350126862526,TP,P4,1,1,1,1,0.506618082523346,0.40524715185165405,0.6934843063354492,0.506618082523346,P3,0.8518000245094299,0.03681350126862526,P4,1,1,1,1,1,final_tp
0900220012200316143833772HJ_1294208900_482794800,6361,5,TP,"[372.99969482421875, 610.999755859375, 534.99951171875, 616.9994506835938]",971.9494629465044,small,Q1,27.001342841737962,"[16,inf)",0.4019123911857605,0.00014623244351241738,TC,P3,0,0,0,0,0.0,0.0,0.20702417194843292,0.001397966523654759,P3,0.20702417194843292,0.001397966523654759,P3,0,0,0,0,0,raw_geometry_failure
0900220012200316144610386HJ_1294202500_482964900,6362,0,LP,"[578.0003662109375, 604.0003662109375, 868.0001831054688, 810.9998168945312]",60029.80279551074,large,Q4,1.4009690167623035,"[1,2)",0.9417239427566528,0.7539590001106262,LP,P5,1,1,1,1,0.8630951046943665,0.8630951046943665,0.8867087960243225,0.8630951046943665,P5,0.8867087960243225,0.8630951046943665,P5,1,1,1,1,1,final_tp
0900220012200316144610386HJ_1294202500_482964900,6362,1,LP,"[526.9995727539062, 616.00048828125, 572.9996948242188, 695.0000610351562]",3633.989990182221,medium,Q2,1.7173774589805033,"[1,2)",0.8619281649589539,0.4332897663116455,LP,P3,1,1,1,1,0.9223334789276123,0.9223334789276123,0.832676887512207,0.9223334789276123,P3,0.832676887512207,0.9223334789276123,P3,1,1,1,1,1,final_tp
0900220012200316144610386HJ_1294202500_482964900,6362,2,LP,"[581.0001831054688, 741.000244140625, 605.0006713867188, 797.0006713867188]",1344.0375978648663,medium,Q1,2.3333036640693345,"[2,4)",0.6796247959136963,0.006676870863884687,LP,P3,1,0,1,0,0.13005121052265167,0.0,0.3826310634613037,0.5945163369178772,P4,0.6756196618080139,0.05796540528535843,P3,1,0,0,0,1,final_tp
0900220012200316144610386HJ_1294202500_482964900,6362,3,LP,"[339.999755859375, 600.9999389648438, 460.000244140625, 792.9999389648438]",23040.09375,large,Q4,1.5999934896098242,"[1,2)",0.8904379606246948,0.0005191103555262089,LP,P4,1,1,1,1,0.9476855993270874,0.9476855993270874,0.8379709720611572,0.9476855993270874,P4,0.8379709720611572,0.9476855993270874,P4,1,1,1,1,1,final_tp
0900220012200316144610386HJ_1294202500_482964900,6362,4,LP,"[343.99951171875, 687.9999389648438, 368.0, 712.9999389648438]",600.01220703125,small,Q1,1.041645474335239,"[1,2)",0.8423059582710266,0.31360942125320435,LP,P3,1,1,1,1,0.33591118454933167,0.31360942125320435,0.6546933054924011,0.33591118454933167,P3,0.6546933054924011,0.33591118454933167,P3,1,0,1,1,1,final_tp
0900220012200316144610386HJ_1294202500_482964900,6362,5,MC,"[760.0005493164062, 637.0001831054688, 803.0003051757812, 649.0004272460938]",516.0075682997704,small,Q1,3.583240087075051,"[2,4)",0.8543402552604675,0.19783857464790344,MC,P3,1,1,1,1,0.19783857464790344,0.19783857464790344,0.335067480802536,0.26195991039276123,P3,0.8543402552604675,0.19783857464790344,P3,1,1,0,0,1,final_tp
0900220012200316144810520HJ_1294137100_483068600,6363,0,LP,"[600.9999389648438, 644.000244140625, 732.000244140625, 809.00048828125]",21615.082336500287,large,Q4,1.2595409141926908,"[1,2)",0.9894024729728699,0.9082081913948059,LP,P4,1,1,1,1,0.9414513111114502,0.9414513111114502,0.9884587526321411,0.9414513111114502,P4,0.9884587526321411,0.9414513111114502,P4,1,1,1,1,1,final_tp
0900220012200316144810520HJ_1294137100_483068600,6363,1,LP,"[496.9994201660156, 600.0006103515625, 517.9996337890625, 807.0]",4347.0314024575055,medium,Q2,9.857013522055992,"[8,16)",0.8916488885879517,0.0018237673211842775,LP,P4,1,1,1,1,0.671323299407959,0.671323299407959,0.8274281620979309,0.671323299407959,P5,0.8274281620979309,0.671323299407959,P5,1,1,1,1,1,final_tp
0900220012200316144810520HJ_1294137100_483068600,6363,2,LP,"[573.0001831054688, 577.00048828125, 606.0006713867188, 616.0006103515625]",1287.0230713486671,medium,Q1,1.1818043944662278,"[1,2)",0.8395576477050781,0.43858182430267334,LP,P3,1,1,1,1,0.578441858291626,0.578441858291626,0.7964792847633362,0.578441858291626,P3,0.7964792847633362,0.578441858291626,P3,1,1,1,1,1,final_tp
0900220012200316145549848HJ_1294145700_483136300,6364,0,LP,"[532.000244140625, 629.0001831054688, 544.0005493164062, 671.0006103515625]",504.01794446632266,small,Q1,3.4999465955964255,"[2,4)",0.8616067171096802,0.22958022356033325,LP,P3,1,1,1,1,0.381619393825531,0.381619393825531,0.807923436164856,0.381619393825531,P3,0.807923436164856,0.381619393825531,P3,1,1,1,1,1,final_tp
0900220012200316145802693HJ_1294185900_482977800,6365,0,LC,"[385.9998474121094, 595.999755859375, 488.9999084472656, 677.0001831054688]",8343.04895022139,medium,Q3,1.271598984561201,"[1,2)",0.6796665191650391,0.0005480825784616172,LP,P4,1,0,0,0,0.0007688485202379525,0.0,0.39768198132514954,0.049416083842515945,P4,0.47850489616394043,0.0010936507023870945,P3,0,0,0,0,0,classification_mismatch
0900220012200316145802693HJ_1294185900_482977800,6365,1,MC,"[813.0001831054688, 682.0004272460938, 864.0006103515625, 696.9999389648438]",764.98150613904,small,Q1,3.4001391646863506,"[2,4)",0.9225366711616516,0.09652678668498993,MC,P3,1,1,1,1,0.8731040358543396,0.8731040358543396,0.7705984115600586,0.8731040358543396,P3,0.7705984115600586,0.8731040358543396,P3,1,1,1,1,1,final_tp
0900220012200316145802693HJ_1294185900_482977800,6365,2,MC,"[571.0003051757812, 611.9996948242188, 608.9999389648438, 618.999755859375]",265.99975583702326,small,Q1,5.4284717802056,"[4,8)",0.6085518598556519,0.04125267267227173,MC,P3,1,0,1,0,0.43965548276901245,0.0,0.5656325817108154,0.43965548276901245,P3,0.5656325817108154,0.43965548276901245,P3,1,0,1,1,1,final_tp
0900220012200316145802693HJ_1294185900_482977800,6365,3,LC,"[550.0001831054688, 609.9998779296875, 573.0003051757812, 648.9999389648438]",897.0061645582318,small,Q1,1.695645828136527,"[1,2)",0.865022599697113,0.006501524709165096,LP,P3,1,1,1,1,0.23755624890327454,0.012696614488959312,0.5541787147521973,0.23755624890327454,P3,0.8121191263198853,0.012696614488959312,P3,1,1,0,0,1,final_tp
0900220012200316145839483HJ_1294206100_482912900,6366,0,LC,"[542.9995727539062, 634.999755859375, 567.9994506835938, 773.0001831054688]",3449.9938353970647,medium,Q2,5.5200440431838045,"[4,8)",0.752619743347168,0.6668426394462585,LC,P4,1,1,1,1,0.737758994102478,0.6668426394462585,0.7368065714836121,0.737758994102478,P4,0.7368065714836121,0.737758994102478,P4,1,0,1,1,1,final_tp
0900220012200316145839483HJ_1294206100_482912900,6366,1,LC,"[350.0001525878906, 692.0003051757812, 403.999755859375, 768.9999389648438]",4157.949676658958,medium,Q2,1.4259296202963732,"[1,2)",0.8662627339363098,0.01889694854617119,LC,P3,1,1,1,1,0.676310122013092,0.6486462950706482,0.7483508586883545,0.676310122013092,P4,0.7483508586883545,0.676310122013092,P4,1,0,1,1,1,final_tp
0900220012200316150325440HJ_1294206100_482864200,6367,0,TC,"[592.9994506835938, 739.9996948242188, 730.9996948242188, 750.0001220703125]",1380.0614014714956,medium,Q1,13.799434838599424,"[8,16)",0.5598060488700867,0.03459079936146736,TC,P3,1,0,1,0,0.03459079936146736,0.0,0.4750837981700897,0.15883299708366394,P3,0.4750837981700897,0.15883299708366394,P3,0,0,0,0,0,nms_or_maxdet_loss
0900220012200316150325440HJ_1294206100_482864200,6367,1,TC,"[90.00038146972656, 689.0004272460938, 424.9999694824219, 743.0000610351562]",18089.854248203337,large,Q3,6.203737863528986,"[4,8)",0.8362006545066833,0.6489731669425964,TC,P5,1,1,1,1,0.8561145067214966,0.8561145067214966,0.8249441385269165,0.8561145067214966,P5,0.8249441385269165,0.8561145067214966,P5,1,1,1,1,1,final_tp
0900220012200316150325440HJ_1294206100_482864200,6367,2,MC,"[447.00006103515625, 745.00048828125, 537.0004272460938, 772.0003051757812]",2429.99340813607,medium,Q2,3.333369502560103,"[2,4)",0.9725365042686462,0.5131176114082336,MC,P3,1,1,1,1,0.893445611000061,0.893445611000061,0.911823034286499,0.893445611000061,P3,0.911823034286499,0.893445611000061,P3,1,1,1,1,1,final_tp
0900220012200316150700432HJ_1294206800_482727100,6368,0,P,"[40.99993896484375, 766.0001831054688, 58.00038528442383, 773.000244140625]",119.00416186195798,small,Q1,2.4286140126777633,"[2,4)",0.6819074749946594,0.20129799842834473,P,P3,1,0,1,0,0.20129799842834473,0.0,0.6819074749946594,0.20129799842834473,P3,0.6819074749946594,0.20129799842834473,P3,1,0,0,0,1,final_tp
0900220012200316150700432HJ_1294206800_482727100,6368,1,LC,"[569.0, 676.0001831054688, 618.0004272460938, 798.0006103515625]",5978.0730592645705,medium,Q3,2.489782928491087,"[2,4)",0.8423535823822021,3.357052992214449e-05,LP,P3,1,1,1,1,0.004393081180751324,0.001067554927431047,0.4117264151573181,0.5405212640762329,P4,0.7361319065093994,0.004393081180751324,P3,1,0,0,0,1,final_tp
0900220012200316153415974HJ_1294207100_482043500,6758,0,AC,"[0.9998840689659119, 582.9999389648438, 1023.9994506835938, 881.9999389648438]",305876.87225341797,large,Q4,3.421403253357546,"[2,4)",0.9395319223403931,0.0005693921120837331,AC,P5,1,1,1,1,0.9629396200180054,0.9629396200180054,0.9285168051719666,0.9629396200180054,P5,0.9285168051719666,0.9629396200180054,P5,1,1,1,1,1,final_tp
0900220012200316174811914HJ_1297428900_481650200,6668,0,TP,"[80.00052642822266, 751.99951171875, 441.0004577636719, 795.9998168945312]",15884.10748289153,large,Q3,8.204487162592367,"[8,16)",0.7484679818153381,0.005665224511176348,TP,P4,1,0,1,0,0.34814146161079407,0.0,0.1996365636587143,0.3621094226837158,P4,0.7484679818153381,0.005665224511176348,P4,1,0,1,1,1,final_tp
0900220012200317104454359HJ_1294653000_482426800,6369,0,LP,"[1.0004425048828125, 697.9999389648438, 314.0003356933594, 866.9998168945312]",52896.941162124276,large,Q4,1.852071621376622,"[1,2)",0.9368140697479248,0.033814944326877594,LP,P5,1,1,1,1,0.843743622303009,0.843743622303009,0.8903687000274658,0.843743622303009,P5,0.8903687000274658,0.843743622303009,P5,1,1,1,1,1,final_tp
0900220012200317104454359HJ_1294653000_482426800,6369,1,TP,"[179.0002899169922, 674.0004272460938, 310.0006103515625, 690.0004272460938]",2096.005126953125,medium,Q2,8.187520027160645,"[8,16)",0.8100208044052124,0.19373376667499542,TP,P3,1,1,1,1,0.4010411500930786,0.19373376667499542,0.6349524855613708,0.4010411500930786,P3,0.7256825566291809,0.1946207582950592,P3,1,0,1,1,1,final_tp
0900220012200317104454359HJ_1294653000_482426800,6369,2,MC,"[224.9999542236328, 661.0001831054688, 280.0, 675.000244140625]",770.0039978055283,small,Q1,3.9285575711601424,"[2,4)",0.8687737584114075,0.0017956593073904514,TP,P3,1,1,1,1,0.0017956593073904514,0.0017956593073904514,0.49960070848464966,0.0031906976364552975,P3,0.8687737584114075,0.0017956593073904514,P3,1,1,0,0,1,final_tp
0900220012200317104454359HJ_1294653000_482426800,6369,3,MC,"[651.0003662109375, 658.0004272460938, 703.0001220703125, 671.0001220703125]",675.9809571057558,small,Q1,4.0000751219558,"[4,8)",0.8322604298591614,0.20839248597621918,MC,P3,1,1,1,1,0.834639847278595,0.834639847278595,0.7860715389251709,0.834639847278595,P3,0.7860715389251709,0.834639847278595,P3,1,1,1,1,1,final_tp
0900220012200317104513120HJ_1294619200_482427300,6370,0,LP,"[538.0004272460938, 717.9996337890625, 585.0, 793.9999389648438]",3571.9818724282086,medium,Q2,1.6170424691672263,"[1,2)",0.9419520497322083,0.0010303594172000885,LP,P3,1,1,1,1,0.6494218707084656,0.006422781385481358,0.572536826133728,0.6494218707084656,P3,0.9419520497322083,0.0010303594172000885,P3,1,1,1,1,1,final_tp
0900220012200317104525821HJ_1294597100_482427100,6371,0,LP,"[444.00030517578125, 645.0001831054688, 483.0003356933594, 673.9999389648438]",1130.99136351794,medium,Q1,1.344839960263674,"[1,2)",0.9100080728530884,0.1830751597881317,LP,P3,1,1,1,1,0.8408549427986145,0.8408549427986145,0.8029780387878418,0.8408549427986145,P3,0.8029780387878418,0.8408549427986145,P3,1,1,1,1,1,final_tp
0900220012200317104525821HJ_1294597100_482427100,6371,1,MC,"[734.99951171875, 716.9996337890625, 812.9996948242188, 737.9998779296875]",1638.0228882282972,medium,Q2,3.714251252659358,"[2,4)",0.9645707011222839,0.730049729347229,MC,P3,1,1,1,1,0.7353583574295044,0.7353583574295044,0.8613046407699585,0.7353583574295044,P3,0.8613046407699585,0.7353583574295044,P3,1,1,1,1,1,final_tp
0900220012200317104525821HJ_1294597100_482427100,6371,2,MC,"[831.0001220703125, 650.9998779296875, 875.0003051757812, 661.9996337890625]",483.99127192795277,small,Q1,4.000105426700699,"[4,8)",0.7342575788497925,0.18934859335422516,MC,P3,1,0,1,0,0.5002377033233643,0.0,0.6822715997695923,0.5002377033233643,P3,0.6822715997695923,0.5002377033233643,P3,1,0,1,1,1,final_tp
0900220012200317104525821HJ_1294597100_482427100,6371,3,MC,"[694.0001220703125, 631.0000610351562, 724.9996337890625, 638.0001831054688]",217.00036615133286,small,Q1,4.428424448513384,"[4,8)",0.8088951110839844,0.32150763273239136,MC,P3,1,1,1,1,0.32150763273239136,0.32150763273239136,0.8088951110839844,0.32150763273239136,P3,0.8088951110839844,0.32150763273239136,P3,1,1,1,1,1,final_tp
0900220012200317104812230HJ_1294399000_482429900,6372,0,TP,"[563.0003051757812, 688.0005493164062, 634.999755859375, 697.0004272460938]",647.986267156899,small,Q1,8.000047472432081,"[8,16)",0.8408885598182678,0.2914143204689026,TP,P3,1,1,1,1,0.4335528314113617,0.4335528314113617,0.7731115221977234,0.4335528314113617,P3,0.7731115221977234,0.4335528314113617,P3,1,1,1,1,1,final_tp
0900220012200317104812230HJ_1294399000_482429900,6372,1,LP,"[620.000244140625, 731.9996948242188, 652.000244140625, 797.0001831054688]",2080.015625,medium,Q2,2.0312652587890625,"[2,4)",0.8606739044189453,0.5381710529327393,LP,P3,1,1,1,1,0.7833226919174194,0.7833226919174194,0.8403315544128418,0.7833226919174194,P4,0.8403315544128418,0.7833226919174194,P4,1,1,1,1,1,final_tp
0900220012200317104812230HJ_1294399000_482429900,6372,2,LP,"[661.0003051757812, 576.0005493164062, 1024.0, 646.0001220703125]",25409.823547493666,large,Q4,5.185741577315012,"[4,8)",0.7114776968955994,7.505342364311218e-05,AC,P4,1,0,0,0,0.00035111478064209223,0.0,0.13051535189151764,0.08740844577550888,P3,0.37647271156311035,0.0016193558694794774,P4,0,0,0,0,0,final_localization_or_assignment
09002200122003171152385637C_1295432700_482008900,6997,0,LC,"[640.9999389648438, 636.9996337890625, 749.000244140625, 885.9996337890625]",26892.07598876953,large,Q4,2.3055490407617616,"[2,4)",0.9391381740570068,0.0008306365343742073,LP,P4,1,1,0,0,0.0008306365343742073,0.0008306365343742073,0.22116389870643616,0.002018545987084508,P3,0.22116389870643616,0.002018545987084508,P3,0,0,0,0,0,confidence_filter_loss
09002200122003171152385637C_1295432700_482008900,6997,1,TC,"[722.9998168945312, 793.0005493164062, 888.0, 820.0001831054688]",4454.9445189759135,medium,Q2,6.111200781260597,"[4,8)",0.8039780855178833,0.0003541649493854493,TP,P3,1,1,1,1,0.002999716205522418,0.002999716205522418,0.3186239004135132,0.01394279021769762,P4,0.7605468034744263,0.002999716205522418,P3,1,1,0,0,1,final_tp
09002200122003171152385637C_1295432700_482008900,6997,2,TC,"[939.9996948242188, 772.9996948242188, 1023.9994506835938, 795.9998168945312]",1932.0046386420727,medium,Q2,3.6521439148272186,"[2,4)",0.8677754998207092,0.0001924070093082264,TP,P3,1,1,1,1,0.17719192802906036,0.028158221393823624,0.5442435145378113,0.17719192802906036,P3,0.7912793159484863,0.028158221393823624,P3,1,1,0,0,1,final_tp
09002200122003171152385637C_1295432700_482008900,6997,3,LP,"[1.00042724609375, 703.0, 389.0002136230469, 832.9999389648438]",50439.94854737632,large,Q4,2.984615142641575,"[2,4)",0.9738561511039734,0.0008688945090398192,LP,P5,1,1,1,1,0.7436050772666931,0.7436050772666931,0.9388454556465149,0.7436050772666931,P5,0.9388454556465149,0.7436050772666931,P5,1,1,1,1,1,final_tp
09002200122003171152385637C_1295432700_482008900,6997,4,LP,"[640.9999389648438, 748.0001831054688, 678.0001831054688, 886.0006103515625]",5106.049499616027,medium,Q2,3.729716666776639,"[2,4)",0.8672317862510681,0.0043096477165818214,LP,P3,1,1,1,1,0.2357490360736847,0.03000090830028057,0.17581914365291595,0.8494453430175781,P4,0.7064108848571777,0.18699882924556732,P4,1,0,0,0,1,final_tp
09002200122003171152385637C_1295432700_482008900,6997,5,TP,"[530.0003662109375, 712.9999389648438, 823.0006103515625, 730.0004272460938]",4981.147216916084,medium,Q2,17.23481345319815,"[16,inf)",0.8269504308700562,0.47376564145088196,TP,P5,1,1,1,1,0.47376564145088196,0.47376564145088196,0.8269504308700562,0.47376564145088196,P5,0.8269504308700562,0.47376564145088196,P5,1,1,1,1,1,final_tp
09002200122003171152385637C_1295432700_482008900,6997,6,LP,"[650.0004272460938, 637.0001831054688, 668.000244140625, 706.0004272460938]",1241.9917602092028,medium,Q1,3.8333858919192023,"[2,4)",0.5379056930541992,0.0013085503596812487,LP,P3,1,0,1,0,0.0013085503596812487,0.0,0.4731583297252655,0.042467325925827026,P3,0.5379056930541992,0.0013085503596812487,P3,1,0,0,0,1,final_tp
09002200122003171152385637C_1295432700_482008900,6997,7,LP,"[1.0004364252090454, 707.0003662109375, 229.0001983642578, 753.00048828125]",10488.016601532698,large,Q3,4.956503278640671,"[4,8)",0.9232418537139893,0.6846631765365601,LP,P4,1,1,1,1,0.847540020942688,0.847540020942688,0.8677746653556824,0.847540020942688,P4,0.8677746653556824,0.847540020942688,P4,1,1,1,1,1,final_tp
09002200122003171153332867C_1295495200_482022400,6998,0,LP,"[204.9997100830078, 708.0003051757812, 385.9998474121094, 770.999755859375]",11402.90922538843,large,Q3,2.8730431037907036,"[2,4)",0.9744958281517029,0.877281129360199,LP,P4,1,1,1,1,0.9191228151321411,0.9191228151321411,0.9744800925254822,0.9191228151321411,P4,0.9744800925254822,0.9191228151321411,P4,1,1,1,1,1,final_tp
09002200122003171153332867C_1295495200_482022400,6998,1,MC,"[464.9994201660156, 851.9998168945312, 595.999755859375, 891.9992065429688]",5239.9334714747965,medium,Q2,3.275058365758755,"[2,4)",0.9530831575393677,5.7959248806582764e-05,TC,P4,1,1,1,1,0.8523253202438354,0.8523253202438354,0.8914279937744141,0.8523253202438354,P3,0.8914279937744141,0.8523253202438354,P3,1,1,1,1,1,final_tp
09002200122003171154015047C_1295537700_482028300,6999,0,LP,"[0.9994171261787415, 732.999755859375, 245.9996337890625, 789.0001831054688]",13720.116638274863,large,Q3,4.374970436321744,"[4,8)",0.963116466999054,0.019740957766771317,LP,P4,1,1,1,1,0.9319340586662292,0.9319340586662292,0.9469879269599915,0.9319340586662292,P4,0.9469879269599915,0.9319340586662292,P4,1,1,1,1,1,final_tp
09002200122003171154015047C_1295537700_482028300,6999,1,LP,"[553.0004272460938, 813.9996337890625, 573.0001831054688, 889.9999389648438]",1519.9875487536192,medium,Q2,3.8000616462603305,"[2,4)",0.9105533361434937,0.00517271738499403,LP,P3,1,1,1,1,0.25667640566825867,0.00517271738499403,0.3293011486530304,0.6058231592178345,P4,0.9105533361434937,0.00517271738499403,P3,1,1,0,1,1,final_tp
09002200122003171154015047C_1295537700_482028300,6999,2,MC,"[471.00006103515625, 704.0000610351562, 517.9996337890625, 714.9998168945312]",516.9838257879019,small,Q1,4.272783264898457,"[4,8)",0.8200858235359192,0.680267870426178,MC,P3,1,1,1,1,0.680267870426178,0.680267870426178,0.8200858235359192,0.680267870426178,P3,0.8200858235359192,0.680267870426178,P3,1,1,1,1,1,final_tp
09002200122003171154015047C_1295537700_482028300,6999,3,LP,"[69.00020599365234, 743.0000610351562, 335.0005798339844, 899.0003051757812]",41496.12207040191,large,Q4,1.7051278841022446,"[1,2)",0.9701336026191711,0.0021663999650627375,LP,P4,1,1,1,1,0.9689937829971313,0.9689937829971313,0.9242110848426819,0.9689937829971313,P5,0.9242110848426819,0.9689937829971313,P5,1,1,1,1,1,final_tp
09002200122003171154015047C_1295537700_482028300,6999,4,TP,"[192.00003051757812, 703.9994506835938, 664.9999389648438, 769.0]",30745.25387568213,large,Q4,7.27686017151673,"[4,8)",0.7621654272079468,0.03553994372487068,TP,P5,1,1,1,1,0.8559302687644958,0.1619129627943039,0.6434540152549744,0.8559302687644958,P4,0.6478657126426697,0.002235487336292863,P5,1,0,1,1,1,final_tp
09002200122003171155203197C_1295577800_482033100,7000,0,LP,"[0.9994263052940369, 866.9996948242188, 106.99980926513672, 896.9998168945312]",3180.024383591488,medium,Q2,3.5333316718275074,"[2,4)",0.910705029964447,0.2451779842376709,LP,P4,1,1,1,1,0.8327518105506897,0.8327518105506897,0.8901575803756714,0.8327518105506897,P4,0.8901575803756714,0.8327518105506897,P4,1,1,1,1,1,final_tp
09002200122003171155203197C_1295577800_482033100,7000,1,LP,"[511.0, 682.9998779296875, 527.0, 700.0003051757812]",272.0068359375,small,Q1,1.0625267028808594,"[1,2)",0.5598362684249878,0.6173610687255859,LP,P3,1,0,1,0,0.6173610687255859,0.0,0.5598362684249878,0.6173610687255859,P3,0.5598362684249878,0.6173610687255859,P3,1,0,1,1,1,final_tp
09002200122003171155203197C_1295577800_482033100,7000,2,TP,"[63.00006103515625, 833.0004272460938, 384.00048828125, 911.9999389648438]",25358.87701395154,large,Q4,4.063321661897139,"[4,8)",0.9369483590126038,0.0001503932144260034,TP,P4,1,1,1,1,0.9364449977874756,0.9364449977874756,0.9025455117225647,0.9364449977874756,P5,0.9025455117225647,0.9364449977874756,P5,1,1,1,1,1,final_tp
09002200122003171155203197C_1295577800_482033100,7000,3,MC,"[777.0004272460938, 667.0003662109375, 815.0, 676.0001831054688]",341.98919685557485,small,Q1,4.222260652546913,"[4,8)",0.7113592028617859,0.07651772350072861,MC,P3,1,0,1,0,0.3300594389438629,0.0,0.6134108901023865,0.3300594389438629,P3,0.6134108901023865,0.3300594389438629,P3,1,0,1,1,1,final_tp
09002200122003171155203197C_1295577800_482033100,7000,4,LP,"[411.99981689453125, 714.0004272460938, 488.00006103515625, 789.0001831054688]",5699.99975579977,medium,Q2,1.013339887174112,"[1,2)",0.8745197653770447,0.0042208656668663025,LP,P3,1,1,1,1,0.9707291126251221,0.0042208656668663025,0.6391573548316956,0.9707291126251221,P3,0.8745197653770447,0.0042208656668663025,P3,1,1,1,1,1,final_tp
09002200122003171155203197C_1295577800_482033100,7000,5,MC,"[259.0003356933594, 823.0001220703125, 369.0004577636719, 862.99951171875]",4399.937744066119,medium,Q2,2.7500450141145953,"[2,4)",0.9511179327964783,0.743740439414978,MC,P3,1,1,1,1,0.7995730042457581,0.7995730042457581,0.9428004026412964,0.7995730042457581,P3,0.9428004026412964,0.7995730042457581,P3,1,1,1,1,1,final_tp
09002200122003171155203197C_1295577800_482033100,7000,6,LP,"[630.99951171875, 683.0003051757812, 699.9996948242188, 862.0006713867188]",12351.058044500649,large,Q3,2.594201321717224,"[2,4)",0.9649047255516052,0.0011858738726004958,LP,P3,1,1,1,1,0.8218752145767212,0.8218752145767212,0.8324524164199829,0.8218752145767212,P4,0.8324524164199829,0.8218752145767212,P4,1,1,1,1,1,final_tp
09002200122003171155203197C_1295577800_482033100,7000,7,LP,"[683.9996948242188, 646.99951171875, 1023.99951171875, 907.9998168945312]",88740.0559691824,large,Q4,1.3026797676176838,"[1,2)",0.9498932361602783,0.00030466701718978584,LP,P5,1,1,1,1,0.8161031007766724,0.26171770691871643,0.5652588605880737,0.8161031007766724,P5,0.843659520149231,0.26171770691871643,P5,1,1,1,1,1,final_tp
0900220012200317134545389HJ_1294284900_482418200,6373,0,TC,"[330.99981689453125, 702.9995727539062, 960.0, 744.9999389648438]",26418.23803717643,large,Q4,14.976064254927092,"[8,16)",0.8461711406707764,0.8170616030693054,TC,P5,1,1,1,1,0.8977128863334656,0.8977128863334656,0.7860411405563354,0.8977128863334656,P5,0.7860411405563354,0.8977128863334656,P5,1,1,1,1,1,final_tp
0900220012200317170003365HJ_1294887300_480891900,6759,0,AC,"[1.00042724609375, 661.0001831054688, 282.0003662109375, 807.0]",41025.939636241645,large,Q4,1.9246595300036244,"[1,2)",0.9507556557655334,0.0012698149075731635,AC,P5,1,1,1,1,0.6723491549491882,0.655074417591095,0.7090809941291809,0.6723491549491882,P5,0.8757364749908447,0.0019376873970031738,P5,1,1,1,1,1,final_tp
0900220012200317170003365HJ_1294887300_480891900,6759,1,LC,"[773.0001831054688, 827.9996948242188, 809.0, 864.9999389648438]",1332.0020141154528,medium,Q1,1.0277897870709927,"[1,2)",0.8913296461105347,0.020961863920092583,LC,P3,1,1,1,1,0.24311645328998566,0.24311645328998566,0.832878828048706,0.24311645328998566,P3,0.832878828048706,0.24311645328998566,P3,1,1,0,0,1,final_tp
0900220012200317170003365HJ_1294887300_480891900,6759,2,TC,"[835.0004272460938, 729.00048828125, 1020.0001831054688, 824.0]",17574.886474728584,large,Q3,1.947375860278887,"[1,2)",0.9141049981117249,0.06671424955129623,TC,P4,1,1,1,1,0.6938515305519104,0.06671424955129623,0.5008193254470825,0.6938515305519104,P5,0.8190076947212219,0.009025625884532928,P4,1,1,1,1,1,final_tp
0900220012200317170003365HJ_1294887300_480891900,6759,3,TC,"[37.00019454956055, 796.9996948242188, 179.999755859375, 878.99951171875]",11725.937530598603,large,Q3,1.743900936742874,"[1,2)",0.8363678455352783,0.0006495780544355512,LC,P4,1,1,1,1,0.017823729664087296,0.004502892028540373,0.7366845607757568,0.017823729664087296,P4,0.7366845607757568,0.017823729664087296,P4,1,0,0,0,1,final_tp
0900220012200317170512829HJ_1294879300_481298200,6760,0,AC,"[0.9998840689659119, 604.9996948242188, 838.0001220703125, 903.0001220703125]",249426.43035899103,large,Q4,2.808721624581485,"[2,4)",0.8983067274093628,0.00016231535119004548,TC,P5,1,1,1,1,0.8726006150245667,0.8726006150245667,0.817891538143158,0.8726006150245667,P5,0.817891538143158,0.8726006150245667,P5,1,1,1,1,1,final_tp
0900220012200317172006628HJ_1294877000_481277900,6761,0,AC,"[143.0000457763672, 711.0001220703125, 756.000244140625, 878.0001220703125]",102371.03057861328,large,Q4,3.670659779074663,"[2,4)",0.9082234501838684,0.0009290007292293012,AC,P5,1,1,1,1,0.0032977170776575804,0.0019261663546785712,0.22979670763015747,0.026983290910720825,P5,0.8328257203102112,0.0019261663546785712,P5,1,1,0,0,1,final_tp
0900220012200317172006628HJ_1294877000_481277900,6761,1,MC,"[703.0006103515625, 645.9996337890625, 746.0003662109375, 655.9999389648438]",430.01068107783794,small,Q1,4.299844365101163,"[4,8)",0.7710245847702026,0.0051792217418551445,MC,P3,1,1,1,1,0.01573912613093853,0.005734356120228767,0.6407267451286316,0.01573912613093853,P3,0.6407267451286316,0.01573912613093853,P3,1,0,0,0,1,final_tp
0900220012200317172006628HJ_1294877000_481277900,6761,2,MC,"[966.0006103515625, 638.0006713867188, 1013.0001831054688, 651.0003051757812]",610.9772340431809,small,Q1,3.615453597889063,"[2,4)",0.7817754745483398,0.016591224819421768,MC,P3,1,1,1,1,0.7271060347557068,0.36618658900260925,0.6324422955513,0.7271060347557068,P3,0.7817754745483398,0.016591224819421768,P3,1,1,1,1,1,final_tp
0900220012200317172254786HJ_1294879600_481141100,6762,0,LC,"[583.0005493164062, 609.9993286132812, 596.0001831054688, 628.9996948242188]",246.99780260026455,small,Q1,1.461607805207854,"[1,2)",0.6403257250785828,0.013231547549366951,LC,P3,1,0,1,0,0.013231547549366951,0.0,0.4992022216320038,0.1447112113237381,P3,0.6403257250785828,0.013231547549366951,P3,1,0,0,0,1,final_tp
0900220012200317172254786HJ_1294879600_481141100,6762,1,TC,"[300.9997253417969, 689.9994506835938, 986.9998168945312, 747.999755859375]",39788.216430701315,large,Q4,11.827526079237948,"[8,16)",0.9813388586044312,0.8245720267295837,TC,P5,1,1,1,1,0.8426235318183899,0.8426235318183899,0.9698857069015503,0.8426235318183899,P5,0.9698857069015503,0.8426235318183899,P5,1,1,1,1,1,final_tp
0900220012200317172439762HJ_1294885700_480996300,6763,0,TC,"[271.0000915527344, 677.9996337890625, 955.0004272460938, 752.0]",50616.277588024735,large,Q4,9.243202449312204,"[8,16)",0.9050426483154297,0.6247311234474182,TC,P5,1,1,1,1,0.8641220927238464,0.8641220927238464,0.9048035740852356,0.8641220927238464,P5,0.9048035740852356,0.8641220927238464,P5,1,1,1,1,1,final_tp
0900220012200317172610898HJ_1294885600_480894800,6764,0,TC,"[367.0005798339844, 652.000244140625, 837.0003051757812, 676.0007934570312]",11280.251586763188,large,Q3,19.58287367283362,"[16,inf)",0.8441213369369507,0.0016582546522840858,AC,P4,1,1,1,1,0.7169982194900513,0.5020131468772888,0.7250401377677917,0.7169982194900513,P5,0.8441213369369507,0.0016582546522840858,P4,1,1,1,1,1,final_tp
0900220012200317172901493HJ_1294913200_480812100,6765,0,TC,"[165.00018310546875, 649.9999389648438, 897.0004272460938, 701.9996337890625]",38063.78930656612,large,Q4,14.077010386601296,"[8,16)",0.8197476267814636,0.8061018586158752,TC,P5,1,1,1,1,0.8420498967170715,0.8420498967170715,0.7998579740524292,0.8420498967170715,P5,0.7998579740524292,0.8420498967170715,P5,1,1,1,1,1,final_tp
0900220012200318090455168HJ_1294974600_480927800,6766,0,AC,"[455.0000915527344, 563.999755859375, 1024.0, 904.9999389648438]",194029.0625610128,large,Q4,1.6686204469095554,"[1,2)",0.9523682594299316,0.8964368104934692,AC,P5,1,1,1,1,0.9221754670143127,0.9221754670143127,0.9492058753967285,0.9221754670143127,P5,0.9492058753967285,0.9221754670143127,P5,1,1,1,1,1,final_tp
0900220012200318101331312HJ_1294581400_482815900,6374,0,TP,"[186.9998016357422, 689.9998779296875, 684.9996948242188, 718.0001220703125]",13944.118164032698,large,Q3,17.78555484832896,"[16,inf)",0.8681473135948181,0.7557153105735779,TP,P5,1,1,1,1,0.7750363349914551,0.7750363349914551,0.8546988368034363,0.7750363349914551,P5,0.8546988368034363,0.7750363349914551,P5,1,1,1,1,1,final_tp
0900220012200318101628842HJ_1294702700_482811600,6375,0,TP,"[189.9995880126953, 696.0005493164062, 671.0, 732.0003051757812]",17315.897949114442,large,Q3,13.361213590586958,"[8,16)",0.9399903416633606,0.6789999604225159,TP,P5,1,1,1,1,0.7011736631393433,0.7011736631393433,0.9291498064994812,0.7011736631393433,P5,0.9291498064994812,0.7011736631393433,P5,1,1,1,1,1,final_tp
0900220012200318102119318HJ_1295035900_482796000,6376,0,TP,"[32.00000762939453, 721.9998779296875, 611.0003051757812, 782.0001220703125]",34740.159668043256,large,Q4,9.649965820451577,"[8,16)",0.9502608776092529,0.694495439529419,TP,P5,1,1,1,1,0.694495439529419,0.694495439529419,0.16369374096393585,0.7379183769226074,P4,0.9502608776092529,0.694495439529419,P5,1,1,1,1,1,final_tp
0900220012200318102119318HJ_1295035900_482796000,6376,1,LP,"[511.99951171875, 592.9999389648438, 523.999755859375, 623.9994506835938]",372.0017088651657,small,Q1,2.583240087075051,"[2,4)",0.7762411832809448,0.3374989926815033,LP,P3,1,1,1,1,0.8403838872909546,0.3374989926815033,0.7408422231674194,0.8403838872909546,P3,0.7408422231674194,0.8403838872909546,P3,1,0,1,1,1,final_tp
0900220012200318102119318HJ_1295035900_482796000,6376,2,LP,"[410.99981689453125, 623.99951171875, 442.99981689453125, 660.9996948242188]",1184.005859375,medium,Q1,1.1562557220458984,"[1,2)",0.9426836371421814,0.49779510498046875,LP,P3,1,1,1,1,0.7912200093269348,0.7912200093269348,0.8749972581863403,0.7912200093269348,P3,0.8749972581863403,0.7912200093269348,P3,1,1,1,1,1,final_tp
0900220012200318102119318HJ_1295035900_482796000,6376,3,LP,"[469.0002136230469, 593.00048828125, 479.0005798339844, 600.9999389648438]",79.99743632227182,small,Q1,1.250131616093024,"[1,2)",0.34097594022750854,0.01112767867743969,TP,P3,0,0,0,0,0.0,0.0,0.20652727782726288,0.01468091644346714,P3,0.34097594022750854,0.01112767867743969,P3,0,0,0,0,0,raw_geometry_failure
0900220012200318102119318HJ_1295035900_482796000,6376,4,LP,"[498.999267578125, 557.99951171875, 515.9996948242188, 580.9996948242188]",391.0129395313561,small,Q1,1.3529179456800762,"[1,2)",0.5295550227165222,0.0014586617471650243,LP,P3,1,0,1,0,0.0014586617471650243,0.0,0.4666806757450104,0.010283268056809902,P3,0.5295550227165222,0.0014586617471650243,P3,1,0,0,0,1,final_tp
0900220012200318102119318HJ_1295035900_482796000,6376,5,LC,"[569.9998779296875, 576.0, 781.0003051757812, 785.00048828125]",44099.19232198596,large,Q4,1.0095690636002363,"[1,2)",0.8797813057899475,0.00485232612118125,LC,P5,1,1,1,1,0.8623279929161072,0.8623279929161072,0.8257603049278259,0.8623279929161072,P5,0.8257603049278259,0.8623279929161072,P5,1,1,1,1,1,final_tp
0900220012200318102119318HJ_1295035900_482796000,6376,6,TP,"[378.0003356933594, 598.0001220703125, 567.0000610351562, 603.999755859375]",1133.9291382841766,medium,Q1,31.501876945614356,"[16,inf)",0.4848458766937256,0.019972696900367737,TP,P3,0,0,0,0,0.0,0.0,0.3943547010421753,0.044772833585739136,P3,0.45713692903518677,0.009362331591546535,P3,0,0,0,0,0,raw_geometry_failure
0900220012200318102128710HJ_1295053000_482794600,6377,0,LP,"[461.000244140625, 684.0003051757812, 480.9999694824219, 730.9998779296875]",939.9785462599248,small,Q1,2.3500109101840083,"[2,4)",0.9446536302566528,0.6495582461357117,LP,P3,1,1,1,1,0.7104000449180603,0.7104000449180603,0.8920723795890808,0.7104000449180603,P3,0.8920723795890808,0.7104000449180603,P3,1,1,1,1,1,final_tp
0900220012200318102128710HJ_1295053000_482794600,6377,1,LP,"[417.0004577636719, 620.000244140625, 449.0004577636719, 644.0007934570312]",768.017578125,small,Q1,1.3333028164536842,"[1,2)",0.5887107253074646,0.1875326782464981,LP,P3,1,0,1,0,0.5848953127861023,0.0,0.47206106781959534,0.6372184157371521,P3,0.5217220187187195,0.2543776035308838,P3,1,0,1,1,1,final_tp
0900220012200318102128710HJ_1295053000_482794600,6377,2,TP,"[463.0005798339844, 589.0001831054688, 517.0001831054688, 594.0003662109375]",270.0079039800912,small,Q1,10.799525163873394,"[8,16)",0.31748977303504944,0.025193477049469948,TP,P3,0,0,0,0,0.0,0.0,0.2929556965827942,0.08967241644859314,P3,0.31748977303504944,0.025193477049469948,P3,0,0,0,0,0,raw_geometry_failure
0900220012200318102128710HJ_1295053000_482794600,6377,3,LP,"[416.0, 562.9998168945312, 469.9996032714844, 593.999267578125]",1673.9580385480076,medium,Q2,1.7419535533919412,"[1,2)",0.815279483795166,0.014796254225075245,LP,P3,1,1,1,1,0.04149901494383812,0.014796254225075245,0.17707112431526184,0.07576306164264679,P3,0.815279483795166,0.014796254225075245,P3,1,1,0,0,1,final_tp
0900220012200318102138367HJ_1295071700_482793100,6378,0,LP,"[505.9999084472656, 616.9998779296875, 557.0003051757812, 705.9999389648438]",4539.038421655074,medium,Q2,1.7450856609786731,"[1,2)",0.9061494469642639,0.09446188062429428,LP,P4,1,1,1,1,0.8444722294807434,0.8444722294807434,0.885789692401886,0.8444722294807434,P4,0.885789692401886,0.8444722294807434,P4,1,1,1,1,1,final_tp
0900220012200318102138367HJ_1295071700_482793100,6378,1,LP,"[463.00006103515625, 569.9993286132812, 511.00006103515625, 586.999755859375]",816.0205078125,small,Q1,2.8234584522591417,"[2,4)",0.7299686670303345,0.021120667457580566,LP,P3,1,0,1,0,0.0878889337182045,0.0,0.42462602257728577,0.09142447263002396,P3,0.6588461995124817,0.0878889337182045,P3,1,0,0,0,1,final_tp
0900220012200318102138367HJ_1295071700_482793100,6378,2,TP,"[212.9997100830078, 662.99951171875, 416.9999694824219, 689.0]",5304.1063538864255,medium,Q2,7.846016474487784,"[4,8)",0.9431606531143188,0.08473347872495651,TP,P5,1,1,1,1,0.7958733439445496,0.7958733439445496,0.8516097664833069,0.7958733439445496,P4,0.8516097664833069,0.7958733439445496,P4,1,1,1,1,1,final_tp
0900220012200318102138367HJ_1295071700_482793100,6378,3,TP,"[401.9998474121094, 587.0004272460938, 515.9996948242188, 600.0000610351562]",1481.9562683664262,medium,Q2,8.769466068192276,"[8,16)",0.8589058518409729,0.05585091933608055,TP,P3,1,1,1,1,0.6726856231689453,0.05585091933608055,0.5685624480247498,0.6726856231689453,P3,0.8589058518409729,0.05585091933608055,P3,1,1,1,1,1,final_tp
0900220012200318102156505HJ_1295105500_482790800,6379,0,LP,"[410.99981689453125, 627.0004272460938, 506.99981689453125, 730.0003662109375]",9887.994140625,large,Q3,1.072916030883789,"[1,2)",0.9651814699172974,0.005114087834954262,LP,P3,1,1,1,1,0.9448174238204956,0.9448174238204956,0.9236028790473938,0.9448174238204956,P4,0.9236028790473938,0.9448174238204956,P4,1,1,1,1,1,final_tp
0900220012200318102156505HJ_1295105500_482790800,6379,1,TP,"[164.9997100830078, 715.0004272460938, 400.9999694824219, 774.0001220703125]",13923.943283001892,large,Q3,4.000025086613473,"[4,8)",0.9521194100379944,0.5119658708572388,TP,P4,1,1,1,1,0.889502763748169,0.889502763748169,0.9265543818473816,0.889502763748169,P4,0.9265543818473816,0.889502763748169,P4,1,1,1,1,1,final_tp
0900220012200318102156505HJ_1295105500_482790800,6379,2,TP,"[380.9996032714844, 606.9995727539062, 640.9994506835938, 616.9999389648438]",2600.0936889089644,medium,Q2,25.99903262819965,"[16,inf)",0.8466007113456726,0.05666942521929741,TP,P3,1,1,1,1,0.4234994649887085,0.06885586678981781,0.5744745135307312,0.4234994649887085,P3,0.7226736545562744,0.08931185305118561,P3,1,0,1,1,1,final_tp
0900220012200318102156505HJ_1295105500_482790800,6379,3,LP,"[567.0001220703125, 584.0005493164062, 574.9995727539062, 613.0003051757812]",231.9821168333292,small,Q1,3.6252184064152355,"[2,4)",0.5928525328636169,0.6816458702087402,LP,P3,1,0,1,0,0.6816458702087402,0.0,0.5928525328636169,0.6816458702087402,P3,0.5928525328636169,0.6816458702087402,P3,1,0,1,1,1,final_tp
0900220012200318102156505HJ_1295105500_482790800,6379,4,LP,"[569.9999389648438, 563.0003051757812, 585.9999389648438, 584.9999389648438]",351.994140625,small,Q1,1.3749771118164062,"[1,2)",0.7667174935340881,0.3226914703845978,LP,P3,1,1,1,1,0.3226914703845978,0.3226914703845978,0.7667174935340881,0.3226914703845978,P3,0.7667174935340881,0.3226914703845978,P3,1,1,1,1,1,final_tp
0900220012200318102156505HJ_1295105500_482790800,6379,5,TC,"[517.0001831054688, 687.9999389648438, 815.0006103515625, 709.000244140625]",6258.099914681166,medium,Q3,14.19029031967425,"[8,16)",0.8023179769515991,0.0044817738234996796,TC,P3,1,1,1,1,0.054104894399642944,0.006578612606972456,0.6959691047668457,0.054104894399642944,P4,0.7773940563201904,0.0012939716689288616,P3,1,1,0,0,1,final_tp
0900220012200318102156505HJ_1295105500_482790800,6379,6,TC,"[521.0, 640.9994506835938, 951.99951171875, 675.999755859375]",15085.114440768957,large,Q3,12.314164392400317,"[8,16)",0.44714248180389404,0.01142851635813713,TC,P4,0,0,0,0,0.0,0.0,0.2302212417125702,0.15155091881752014,P3,0.44714248180389404,0.01142851635813713,P4,0,0,0,0,0,raw_geometry_failure
0900220012200318102156505HJ_1295105500_482790800,6379,7,LC,"[753.9999389648438, 658.9998779296875, 814.0001220703125, 689.0]",1800.0128174051642,medium,Q2,1.99999796550307,"[1,2)",0.9579532146453857,0.06901375204324722,LC,P3,1,1,1,1,0.08366254717111588,0.08366254717111588,0.9149152636528015,0.08366254717111588,P3,0.9149152636528015,0.08366254717111588,P3,1,1,0,0,1,final_tp
0900220012200318103603332HJ_1295067600_482794800,6380,0,TP,"[153.99989318847656, 677.9996337890625, 827.9998168945312, 730.9998779296875]",35722.16131590307,large,Q4,12.716921400900091,"[8,16)",0.703905463218689,0.007942505180835724,TP,P5,1,0,1,0,0.16537271440029144,0.0,0.36572444438934326,0.490791380405426,P5,0.703905463218689,0.007942505180835724,P5,1,0,0,0,1,final_tp
0900220012200318103603332HJ_1295067600_482794800,6380,1,LP,"[507.0003967285156, 726.9995727539062, 520.0000610351562, 770.9998168945312]",571.9884032383561,small,Q1,3.3847215668598714,"[2,4)",0.7672656774520874,0.1719970405101776,LP,P3,1,1,1,1,0.3058653473854065,0.1719970405101776,0.6830768585205078,0.3058653473854065,P3,0.6830768585205078,0.3058653473854065,P3,1,0,1,1,1,final_tp
0900220012200318103603332HJ_1295067600_482794800,6380,2,LP,"[600.00048828125, 653.9995727539062, 636.0003051757812, 704.9999389648438]",1836.0038451477885,medium,Q2,1.4166840448203777,"[1,2)",0.9250028729438782,0.21832185983657837,LP,P3,1,1,1,1,0.7976685762405396,0.7976685762405396,0.8715952634811401,0.7976685762405396,P3,0.8715952634811401,0.7976685762405396,P3,1,1,1,1,1,final_tp
0900220012200318103603332HJ_1295067600_482794800,6380,3,LP,"[590.0000610351562, 608.9999389648438, 618.999755859375, 639.0001220703125]",869.9961547292769,small,Q1,1.0344999589586872,"[1,2)",0.8292737603187561,0.18790842592716217,LP,P3,1,1,1,1,0.33229705691337585,0.21933817863464355,0.7463630437850952,0.33229705691337585,P3,0.7463630437850952,0.33229705691337585,P3,1,0,1,1,1,final_tp
0900220012200318103603332HJ_1295067600_482794800,6380,4,LP,"[521.00048828125, 607.9994506835938, 537.0004272460938, 658.9998168945312]",816.0027465596795,small,Q1,3.187535047664824,"[2,4)",0.6608623266220093,0.7970486879348755,LP,P3,1,0,1,0,0.7970486879348755,0.0,0.6608623266220093,0.7970486879348755,P3,0.6608623266220093,0.7970486879348755,P3,1,0,1,1,1,final_tp
0900220012200318103603332HJ_1295067600_482794800,6380,5,LP,"[157.99966430664062, 628.000244140625, 351.0000915527344, 704.0005493164062]",14668.091369759291,large,Q3,2.539469108705586,"[2,4)",0.8577538132667542,0.009456862695515156,LP,P4,1,1,1,1,0.13368971645832062,0.009456862695515156,0.41367506980895996,0.19393756985664368,P4,0.701481282711029,0.03437438979744911,P4,1,0,0,0,1,final_tp
0900220012200318103832173HJ_1294955000_482803700,6381,0,LP,"[533.9996337890625, 560.9999389648438, 547.9998168945312, 775.9999389648438]",3010.0393676757812,medium,Q2,15.356942004281125,"[8,16)",0.8308045268058777,0.6603091359138489,LP,P3,1,1,1,1,0.7154346704483032,0.7154346704483032,0.7940188646316528,0.7154346704483032,P3,0.7940188646316528,0.7154346704483032,P3,1,1,1,1,1,final_tp
0900220012200318111422680HG_1294848100_482958800,6382,0,LP,"[517.0001831054688, 625.00048828125, 591.0006103515625, 714.0004272460938]",6586.033508274704,medium,Q3,1.2026949340288002,"[1,2)",0.8238222002983093,0.0011312841670587659,LP,P3,1,1,1,1,0.010381512343883514,0.009327990934252739,0.3606945276260376,0.6082589030265808,P3,0.8197882175445557,0.0033946516923606396,P4,1,1,0,0,1,final_tp
0900220012200318111422680HG_1294848100_482958800,6382,1,LP,"[677.0001831054688, 691.000244140625, 848.0, 790.0006713867188]",16929.054931562394,large,Q3,1.7272634235149564,"[1,2)",0.9235103130340576,0.921136736869812,LP,P4,1,1,1,1,0.9426191449165344,0.9426191449165344,0.9129413366317749,0.9426191449165344,P4,0.9129413366317749,0.9426191449165344,P4,1,1,1,1,1,final_tp
0900220012200318111422680HG_1294848100_482958800,6382,2,MC,"[399.00006103515625, 619.0003051757812, 432.00054931640625, 624.9999389648438]",197.99084454774857,small,Q1,5.500417099025412,"[4,8)",0.6377018094062805,0.8279612064361572,MC,P3,1,0,1,0,0.8279612064361572,0.0,0.6377018094062805,0.8279612064361572,P3,0.6377018094062805,0.8279612064361572,P3,1,0,1,1,1,final_tp
0900220012200318111934545HG_1294817000_483423200,6383,0,TC,"[450.999755859375, 725.000244140625, 943.99951171875, 781.0006713867188]",27608.19696034491,large,Q4,8.803499903543392,"[8,16)",0.9321407675743103,0.009818797931075096,TP,P5,1,1,1,1,0.6866843104362488,0.6866843104362488,0.7674115896224976,0.6866843104362488,P5,0.7674115896224976,0.6866843104362488,P5,1,1,1,1,1,final_tp
0900220012200318111934545HG_1294817000_483423200,6383,1,LC,"[823.0, 763.999755859375, 944.0, 801.9994506835938]",4597.963073730469,medium,Q2,3.1842360987299765,"[2,4)",0.832069993019104,0.05686323344707489,LC,P4,1,1,1,1,0.5373154878616333,0.2908228933811188,0.6776735186576843,0.5373154878616333,P3,0.6937994360923767,0.0018682328518480062,P4,1,0,1,1,1,final_tp
0900220012200318111934545HG_1294817000_483423200,6383,2,MC,"[640.0, 673.9998779296875, 696.0004272460938, 684.9996337890625]",615.9910277277231,small,Q1,5.091060925535457,"[4,8)",0.7870495915412903,0.6938968896865845,MC,P3,1,1,1,1,0.7136686444282532,0.6938968896865845,0.7204780578613281,0.7136686444282532,P3,0.7204780578613281,0.7136686444282532,P3,1,0,1,1,1,final_tp
0900220012200318111934545HG_1294817000_483423200,6383,3,MC,"[400.0, 664.99951171875, 456.00048828125, 676.999755859375]",672.0195313692093,small,Q1,4.6666124142982115,"[4,8)",0.8129991292953491,0.5630879998207092,MC,P3,1,1,1,1,0.7692202925682068,0.7565379738807678,0.7310711741447449,0.7692202925682068,P3,0.7310711741447449,0.7692202925682068,P3,1,0,1,1,1,final_tp
0900220012200318111934545HG_1294817000_483423200,6383,4,MC,"[539.999267578125, 592.00048828125, 563.9998168945312, 594.0003662109375]",47.998168878257275,small,Q1,12.001007141549167,"[8,16)",0.16871672868728638,0.28349053859710693,MC,P3,0,0,0,0,0.0,0.0,0.16871672868728638,0.28349053859710693,P3,0.16871672868728638,0.28349053859710693,P3,0,0,0,0,0,raw_geometry_failure
0900220012200318112159649HG_1294809800_483474600,6384,0,LC,"[342.99957275390625, 630.0001220703125, 546.9998168945312, 756.9996337890625]",25907.931396365166,large,Q4,1.606307310790288,"[1,2)",0.9554217457771301,0.04392695054411888,LC,P5,1,1,1,1,0.8837043046951294,0.8837043046951294,0.943413496017456,0.8837043046951294,P4,0.943413496017456,0.8837043046951294,P4,1,1,1,1,1,final_tp
0900220012200318112159649HG_1294809800_483474600,6384,1,LC,"[807.0001220703125, 676.0001831054688, 963.0003051757812, 731.0004272460938]",8580.048156782985,medium,Q3,2.8363543752025246,"[2,4)",0.6771483421325684,0.09400588274002075,LC,P4,1,0,1,0,0.4361441433429718,0.0,0.5707933902740479,0.4361441433429718,P4,0.5927612781524658,0.013027121312916279,P4,1,0,1,1,1,final_tp
0900220012200318112310720HJ_1295012300_482795900,6385,0,LC,"[469.0002136230469, 639.0001220703125, 515.0003051757812, 772.0003051757812]",6118.020599381998,medium,Q3,2.891302573887222,"[2,4)",0.9162667393684387,0.13600951433181763,LC,P4,1,1,1,1,0.7900159955024719,0.7900159955024719,0.8844499588012695,0.7900159955024719,P4,0.8844499588012695,0.7900159955024719,P4,1,1,1,1,1,final_tp
0900220012200318115844545HG_1294746700_483555600,6386,0,LC,"[0.99993896484375, 759.0, 141.99961853027344, 847.0006103515625]",12408.057861132547,large,Q3,1.6022579730087765,"[1,2)",0.9137676954269409,0.0011815812904387712,AC,P4,1,1,1,1,0.3446715176105499,0.3446715176105499,0.8607794642448425,0.3446715176105499,P4,0.8607794642448425,0.3446715176105499,P4,1,1,1,1,1,final_tp
0900220012200318115844545HG_1294746700_483555600,6386,1,LC,"[885.0001831054688, 739.9996948242188, 1024.0, 817.9999389648438]",10842.019653275609,large,Q3,1.7820433567352867,"[1,2)",0.9474362730979919,0.2991115152835846,LC,P4,1,1,1,1,0.6236090660095215,0.6236090660095215,0.871091365814209,0.6236090660095215,P4,0.871091365814209,0.6236090660095215,P4,1,1,1,1,1,final_tp
0900220012200318120621331HJ_1294703000_482815500,6387,0,LC,"[517.9996337890625, 550.99951171875, 528.9993896484375, 772.9996948242188]",2441.9478148967028,medium,Q2,20.182282765508823,"[16,inf)",0.9163538217544556,0.08711741864681244,LC,P3,1,1,1,1,0.5644776225090027,0.5644776225090027,0.7933480739593506,0.5644776225090027,P4,0.7933480739593506,0.5644776225090027,P4,1,1,1,1,1,final_tp
0900220012200318120829766HG_1294739800_483573900,6388,0,LP,"[595.999755859375, 660.9996948242188, 631.0000610351562, 708.9996948242188]",1680.0146484375,medium,Q2,1.371416613624672,"[1,2)",0.617612361907959,3.619497874751687e-05,LC,P3,1,0,0,0,3.619497874751687e-05,0.0,0.10230590403079987,0.0004086412372998893,P4,0.0,0.0056518446654081345,P3,0,0,0,0,0,final_localization_or_assignment
0900220012200318120829766HG_1294739800_483573900,6388,1,TP,"[404.0002136230469, 663.0000610351562, 584.0, 680.00048828125]",3060.0732726138085,medium,Q2,10.587956630226003,"[8,16)",0.5961270928382874,0.09017577767372131,TP,P3,1,0,1,0,0.09017577767372131,0.0,0.18817584216594696,0.3770983815193176,P5,0.5370771288871765,0.04889310896396637,P3,1,0,0,0,1,final_tp
0900220012200318120829766HG_1294739800_483573900,6388,2,TC,"[634.9998779296875, 655.99951171875, 905.9993286132812, 685.9996337890625]",8130.016601495445,medium,Q3,9.033278266283096,"[8,16)",0.780763566493988,0.0021042018197476864,TC,P3,1,1,1,1,0.2053077220916748,0.0021042018197476864,0.40065836906433105,0.8158029317855835,P5,0.780763566493988,0.0021042018197476864,P3,1,1,0,0,1,final_tp
0900220012200318120829766HG_1294739800_483573900,6388,3,P,"[666.9998779296875, 696.0, 684.0003051757812, 701.9995727539062]",101.99530011042953,small,Q1,2.8336063155538826,"[2,4)",0.6483411192893982,0.12115448713302612,P,P3,1,0,1,0,0.12115448713302612,0.0,0.6483411192893982,0.12115448713302612,P3,0.6483411192893982,0.12115448713302612,P3,1,0,0,0,1,final_tp
0900220012200318120829766HG_1294739800_483573900,6388,4,P,"[742.9996337890625, 689.0, 758.9995727539062, 694.9995727539062]",95.99279787763953,small,Q1,2.666846394091376,"[2,4)",0.48255863785743713,0.15301238000392914,P,P3,0,0,0,0,0.0,0.0,0.48255863785743713,0.15301238000392914,P3,0.48255863785743713,0.15301238000392914,P3,0,0,0,0,0,raw_geometry_failure
0900220012200318120829766HG_1294739800_483573900,6388,5,TC,"[276.9997253417969, 752.0000610351562, 328.0, 759.99951171875]",407.974181978032,small,Q1,6.375472101203238,"[4,8)",0.5003090500831604,0.034073423594236374,TC,P3,1,0,1,0,0.034073423594236374,0.0,0.4858434796333313,0.05533510074019432,P3,0.4858434796333313,0.05533510074019432,P3,0,0,0,0,0,nms_or_maxdet_loss
0900220012200318120829766HG_1294739800_483573900,6388,6,TC,"[430.0000915527344, 722.0004272460938, 487.00006103515625, 731.0003051757812]",512.9927673377097,small,Q1,6.333415844941474,"[4,8)",0.4428163766860962,4.645725493901409e-05,LC,P3,0,0,0,0,0.0,0.0,0.1561366319656372,0.0001346509379800409,P3,0.009814470075070858,0.001389211043715477,P5,0,0,0,0,0,raw_geometry_failure
0900220012200318121514644HJ_1294418200_482822000,6389,0,LC,"[657.0, 697.9999389648438, 704.9999389648438, 767.9994506835938]",3359.972290068865,medium,Q2,1.4583250151634408,"[1,2)",0.8237073421478271,3.605934034567326e-05,LC,P3,1,1,1,1,0.0065567404963076115,0.001251886016689241,0.19151996076107025,0.8893032073974609,P4,0.6801942586898804,0.0012997419107705355,P3,1,0,0,0,1,final_tp
0900220012200318121514644HJ_1294418200_482822000,6389,1,LC,"[615.0000610351562, 598.0006713867188, 639.0006103515625, 677.0001831054688]",1896.0316769778728,medium,Q2,3.2915709835336004,"[2,4)",0.8286682963371277,0.0015194665174931288,LC,P3,1,1,1,1,0.06093759462237358,0.02668190188705921,0.734939455986023,0.06093759462237358,P3,0.734939455986023,0.06093759462237358,P3,1,0,0,0,1,final_tp
0900220012200318121514644HJ_1294418200_482822000,6389,2,MC,"[953.9999389648438, 666.999755859375, 1005.0001220703125, 681.9993286132812]",764.9809569530189,small,Q1,3.4001090525853193,"[2,4)",0.922235369682312,0.8041638135910034,MC,P3,1,1,1,1,0.8041638135910034,0.8041638135910034,0.922235369682312,0.8041638135910034,P3,0.922235369682312,0.8041638135910034,P3,1,1,1,1,1,final_tp
0900220012200318122300932HG_1294832300_483280900,6390,0,P,"[520.9999389648438, 699.9998168945312, 531.0003051757812, 705.9994506835938]",59.99853502213955,small,Q1,1.6668294370180472,"[1,2)",0.3381693363189697,0.17158333957195282,P,P3,0,0,0,0,0.0,0.0,0.27542829513549805,0.3099859058856964,P3,0.3381693363189697,0.17158333957195282,P3,0,0,0,0,0,raw_geometry_failure
0900220012200318122300932HG_1294832300_483280900,6390,1,LC,"[347.9997253417969, 654.0000610351562, 420.9996643066406, 732.9996337890625]",5766.9639892838895,medium,Q2,1.082186832949982,"[1,2)",0.7979800701141357,0.00021452270448207855,LC,P3,1,1,1,1,0.014440907165408134,0.007900359109044075,0.48199108242988586,0.02076101489365101,P4,0.7693330645561218,0.007900359109044075,P3,1,1,0,0,1,final_tp
0900220012200318122300932HG_1294832300_483280900,6390,2,AC,"[431.9994812011719, 627.0003051757812, 642.9998168945312, 794.9998168945312]",35447.95336897671,large,Q4,1.2559580294887855,"[1,2)",0.9510499238967896,0.0011656105052679777,AC,P5,1,1,1,1,0.002759011462330818,0.002759011462330818,0.32635241746902466,0.12636597454547882,P4,0.7917520403862,0.002759011462330818,P5,1,1,0,0,1,final_tp
0900220012200318122300932HG_1294832300_483280900,6390,3,LC,"[767.0001220703125, 736.0, 843.9998168945312, 785.0004272460938]",3773.0179442055523,medium,Q2,1.5714086417554056,"[1,2)",0.9722796678543091,0.07953499257564545,LC,P3,1,1,1,1,0.3403766453266144,0.3403766453266144,0.9492895007133484,0.3403766453266144,P3,0.9492895007133484,0.3403766453266144,P3,1,1,1,1,1,final_tp
0900220012200318122300932HG_1294832300_483280900,6390,4,P,"[617.9998168945312, 731.000244140625, 640.9999389648438, 743.00048828125]",276.0070801079273,small,Q1,1.916637845095925,"[1,2)",0.7084953188896179,0.7779672741889954,P,P3,1,0,1,0,0.7779672741889954,0.0,0.7084953188896179,0.7779672741889954,P3,0.7084953188896179,0.7779672741889954,P3,1,0,1,1,1,final_tp
0900220012200318122340914HG_1294835800_483212800,6391,0,LP,"[504.9999694824219, 565.0003662109375, 512.9994506835938, 590.0001220703125]",199.98507703095675,small,Q1,3.125172149377973,"[2,4)",0.5712562799453735,0.035187818109989166,LP,P3,1,0,1,0,0.035187818109989166,0.0,0.5712562799453735,0.035187818109989166,P3,0.5712562799453735,0.035187818109989166,P3,1,0,0,0,1,final_tp
0900220012200318122340914HG_1294835800_483212800,6391,1,LP,"[459.99981689453125, 591.0001831054688, 504.0, 632.0]",1803.9994506500661,medium,Q2,1.0731799905022918,"[1,2)",0.8697664737701416,0.04432274028658867,LP,P3,1,1,1,1,0.41731950640678406,0.41731950640678406,0.7674379348754883,0.41731950640678406,P3,0.8325278759002686,0.0272188950330019,P3,1,1,1,1,1,final_tp
0900220012200318122340914HG_1294835800_483212800,6391,2,LP,"[468.9997253417969, 649.9999389648438, 523.999755859375, 797.9996337890625]",8139.9877319242805,medium,Q3,2.6909020491710045,"[2,4)",0.796023428440094,0.0004569372395053506,LC,P4,1,1,1,0,0.11080192029476166,0.0004569372395053506,0.2724568545818329,0.1783553957939148,P3,0.6992174983024597,0.0012528694933280349,P4,1,0,0,0,1,final_tp
0900220012200318122340914HG_1294835800_483212800,6391,3,MC,"[560.9999389648438, 679.9995727539062, 626.00048828125, 693.9996337890625]",910.0116577483714,small,Q1,4.642876138409692,"[4,8)",0.8321611881256104,0.7837221622467041,MC,P3,1,1,1,1,0.7837221622467041,0.7837221622467041,0.8321611881256104,0.7837221622467041,P3,0.8321611881256104,0.7837221622467041,P3,1,1,1,1,1,final_tp
0900220012200318122340914HG_1294835800_483212800,6391,4,MC,"[411.0003967285156, 636.000244140625, 455.0005798339844, 643.0003051757812]",308.0039672963321,small,Q1,6.285685636809109,"[4,8)",0.6720004677772522,0.13042239844799042,MC,P3,1,0,1,0,0.5218999981880188,0.0,0.6223868131637573,0.5218999981880188,P3,0.6223868131637573,0.5218999981880188,P3,1,0,1,1,1,final_tp
0900220012200318122340914HG_1294835800_483212800,6391,5,LC,"[348.99969482421875, 611.9996948242188, 398.99951171875, 654.0000610351562]",2100.0106200501323,medium,Q2,1.1904614508220783,"[1,2)",0.8835616111755371,0.016002153977751732,LC,P3,1,1,1,1,0.05544722452759743,0.016002153977751732,0.4289046823978424,0.06051206216216087,P4,0.8264724612236023,0.007443093694746494,P3,1,1,0,0,1,final_tp
0900220012200318122340914HG_1294835800_483212800,6391,6,LC,"[498.0003967285156, 665.9999389648438, 504.0, 728.9993896484375]",377.9717104230076,small,Q1,10.50060276202345,"[8,16)",0.42955759167671204,0.1424429714679718,LC,P3,0,0,0,0,0.0,0.0,0.4063095152378082,0.18197910487651825,P3,0.4063095152378082,0.18197910487651825,P3,0,0,0,0,0,raw_geometry_failure
0900220012200318122340914HG_1294835800_483212800,6391,7,LC,"[632.0000610351562, 654.9995727539062, 719.0001220703125, 714.9998168945312]",5220.024902358651,medium,Q2,1.4499951172073682,"[1,2)",0.8932157158851624,0.007637329399585724,LC,P4,1,1,1,1,0.5092822313308716,0.2776569426059723,0.7312312722206116,0.5092822313308716,P3,0.7312312722206116,0.5092822313308716,P3,1,0,1,1,1,final_tp
0900220012200318122340914HG_1294835800_483212800,6391,8,TC,"[501.9996032714844, 715.0003051757812, 718.0001220703125, 731.000244140625]",3455.995117155835,medium,Q2,13.500083923659988,"[8,16)",0.9049662351608276,0.08392557501792908,TC,P4,1,1,1,1,0.21582230925559998,0.21582230925559998,0.80121910572052,0.21582230925559998,P4,0.80121910572052,0.21582230925559998,P4,1,1,0,0,1,final_tp
0900220012200318122340914HG_1294835800_483212800,6391,9,TC,"[502.0005798339844, 661.0001831054688, 645.0001831054688, 668.9996948242188]",1143.92700214684,medium,Q1,17.87604147592016,"[16,inf)",0.4171273112297058,0.0027386448346078396,TC,P3,0,0,0,0,0.0,0.0,0.2505020499229431,0.006774221546947956,P3,0.4171273112297058,0.0027386448346078396,P3,0,0,0,0,0,raw_geometry_failure
0900220012200318122340914HG_1294835800_483212800,6391,10,LC,"[535.0, 737.0, 545.0004272460938, 774.9995727539062]",380.0119627080858,small,Q1,3.7997949306365086,"[2,4)",0.3915874660015106,0.6687784790992737,LC,P3,0,0,0,0,0.0,0.0,0.3915874660015106,0.6687784790992737,P3,0.3915874660015106,0.6687784790992737,P3,0,0,0,0,0,raw_geometry_failure
0900220012200318122422167HG_1294839700_483138700,6392,0,TP,"[27.999731063842773, 684.0003051757812, 666.999267578125, 741.000244140625]",36422.93316653371,large,Q4,11.21052975359974,"[8,16)",0.9187196493148804,0.20954471826553345,TP,P5,1,1,1,1,0.7153506875038147,0.7153506875038147,0.8649480938911438,0.7153506875038147,P5,0.8649480938911438,0.7153506875038147,P5,1,1,1,1,1,final_tp
0900220012200318122422167HG_1294839700_483138700,6392,1,LC,"[0.9999420046806335, 750.9996337890625, 98.00038146972656, 807.9994506835938]",5529.0074614668265,medium,Q2,1.7017676159270145,"[1,2)",0.9311767220497131,0.05969350039958954,LC,P3,1,1,1,1,0.10294852405786514,0.10294852405786514,0.9235208034515381,0.10294852405786514,P3,0.9235208034515381,0.10294852405786514,P3,1,1,0,0,1,final_tp
0900220012200318122422167HG_1294839700_483138700,6392,2,TC,"[432.0, 658.0004272460938, 627.999755859375, 713.0005493164062]",10780.010498017073,large,Q3,3.563624015394142,"[2,4)",0.8466626405715942,0.0022529778070747852,AC,P4,1,1,1,1,0.014672951772809029,0.0022529778070747852,0.11555328965187073,0.042735278606414795,P5,0.8466626405715942,0.0022529778070747852,P4,1,1,0,0,1,final_tp
0900220012200318122422167HG_1294839700_483138700,6392,3,TC,"[669.0006713867188, 704.9994506835938, 851.0003051757812, 732.9996948242188]",5096.034179598093,medium,Q2,6.4999302461439195,"[4,8)",0.8745654821395874,0.0002322165237274021,TC,P3,1,1,1,1,0.0051863365806639194,0.0010206997394561768,0.13115569949150085,0.013498314656317234,P5,0.7131925821304321,0.0014183024177327752,P3,1,0,0,0,1,final_tp
0900220012200318122550290HG_1294841700_483021400,6393,0,LC,"[291.0003356933594, 619.9998168945312, 433.0004577636719, 731.999755859375]",15904.005004875362,large,Q3,1.2678589236989286,"[1,2)",0.9133719205856323,0.0002282630157424137,LC,P4,1,1,0,0,0.0006394583033397794,0.0006367098540067673,0.3493841290473938,0.9459584355354309,P5,0.3493841290473938,0.9459584355354309,P5,0,0,0,0,0,confidence_filter_loss
0900220012200318122550290HG_1294841700_483021400,6393,1,LP,"[171.0003204345703, 727.9999389648438, 294.0001220703125, 815.0001220703125]",10701.005264245905,large,Q3,1.4137878478558115,"[1,2)",0.7068033218383789,0.00012324945419095457,LC,P4,1,0,0,0,0.0002272426208946854,0.0,0.1615530550479889,0.04605865851044655,P5,0.1615530550479889,0.04605865851044655,P5,0,0,0,0,0,final_localization_or_assignment
0900220012200318123049063HJ_1293905100_482817700,6394,0,LC,"[545.9999389648438, 580.999755859375, 687.9999389648438, 767.9994506835938]",26553.956665039062,large,Q4,1.3168992593254842,"[1,2)",0.9232754707336426,0.0003592630091588944,TC,P5,1,1,1,0,0.8732844591140747,0.0007046567043289542,0.5660789012908936,0.8732844591140747,P4,0.5660789012908936,0.8732844591140747,P4,1,0,1,1,1,final_tp
0900220012200318123049063HJ_1293905100_482817700,6394,1,TC,"[68.99968719482422, 692.9996948242188, 372.9997253417969, 744.9994506835938]",15807.927368156612,large,Q3,5.846181880924546,"[4,8)",0.8547477126121521,0.08930385857820511,TC,P4,1,1,1,1,0.4658983647823334,0.3412833511829376,0.7031801342964172,0.4658983647823334,P4,0.7031801342964172,0.4658983647823334,P4,1,0,1,1,1,final_tp
0900220012200318123049063HJ_1293905100_482817700,6394,2,LP,"[442.99981689453125, 547.0003051757812, 467.00030517578125, 593.00048828125]",1104.026855558157,medium,Q1,1.9166353020161537,"[1,2)",0.7103750109672546,0.0002550153876654804,LC,P3,1,0,0,0,0.0002550153876654804,0.0,0.1489860564470291,0.011227259412407875,P4,0.24133877456188202,0.00631980923935771,P3,0,0,0,0,0,final_localization_or_assignment
0900220012200318123049063HJ_1293905100_482817700,6394,3,LP,"[418.99932861328125, 609.0004272460938, 442.99981689453125, 673.0004272460938]",1536.03125,medium,Q2,2.6666124142982115,"[2,4)",0.7970223426818848,0.00021046803158242255,LC,P3,1,1,1,0,0.031383879482746124,0.00021046803158242255,0.5421810746192932,0.031383879482746124,P3,0.7039125561714172,0.02193346805870533,P3,1,0,0,0,1,final_tp
0900220012200318123049063HJ_1293905100_482817700,6394,4,LC,"[1.0004364252090454, 755.999755859375, 126.0001220703125, 809.9994506835938]",6749.944961643312,medium,Q3,2.3148221041197834,"[2,4)",0.8741072416305542,0.007810754235833883,LC,P4,1,1,1,1,0.031816788017749786,0.031816788017749786,0.855932891368866,0.031816788017749786,P4,0.855932891368866,0.031816788017749786,P4,1,1,0,0,1,final_tp
0900220012200318123049063HJ_1293905100_482817700,6394,5,LC,"[347.9997253417969, 553.9994506835938, 502.00006103515625, 769.9999389648438]",33264.14770524204,large,Q4,1.4025975158349224,"[1,2)",0.9379905462265015,0.007879662327468395,LC,P4,1,1,1,1,0.10783126205205917,0.055959463119506836,0.16358396410942078,0.1753569394350052,P4,0.906476616859436,0.04307875782251358,P5,1,1,0,0,1,final_tp
0900220012200318123049063HJ_1293905100_482817700,6394,6,LC,"[536.9994506835938, 553.9993896484375, 754.999755859375, 780.9996948242188]",49486.13580331579,large,Q4,1.041284345876227,"[1,2)",0.7417520880699158,0.0002855217317119241,LC,P4,1,0,0,0,0.0005196442943997681,0.0,0.4069722890853882,0.0004698887059930712,P5,0.3586866557598114,0.8732844591140747,P4,0,0,0,0,0,final_localization_or_assignment
0900220012200318124758294HG_1294836900_482439200,6395,0,TC,"[243.00035095214844, 753.0004272460938, 623.0006103515625, 785.0004272460938]",12160.0078125,large,Q3,11.875007629394531,"[8,16)",0.8558003306388855,0.3872986435890198,TC,P5,1,1,1,1,0.4197554886341095,0.4197554886341095,0.8235280513763428,0.4197554886341095,P5,0.8235280513763428,0.4197554886341095,P5,1,1,1,1,1,final_tp
0900220012200318124758294HG_1294836900_482439200,6395,1,TC,"[528.0, 742.0001220703125, 762.9998168945312, 772.9996337890625]",7284.879577726126,medium,Q3,7.580758659253076,"[4,8)",0.6604588627815247,0.0033787135034799576,TC,P3,1,0,1,0,0.0037186157424002886,0.0,0.2786467671394348,0.005133205093443394,P4,0.6169435977935791,0.0037186157424002886,P3,1,0,0,0,1,final_tp
0900220012200318124758294HG_1294836900_482439200,6395,2,MC,"[441.0004577636719, 617.0, 475.0003356933594, 624.9994506835938]",271.9803467467427,small,Q1,4.250276584543311,"[4,8)",0.8172785043716431,0.42051708698272705,MC,P3,1,1,1,1,0.42051708698272705,0.42051708698272705,0.8172785043716431,0.42051708698272705,P3,0.8172785043716431,0.42051708698272705,P3,1,1,1,1,1,final_tp
0900220012200318124758294HG_1294836900_482439200,6395,3,MC,"[597.0003051757812, 606.0001220703125, 622.0000610351562, 613.0001831054688]",174.9998168796301,small,Q1,3.5713625543862095,"[2,4)",0.7263112664222717,0.06458266824483871,MC,P3,1,0,1,0,0.09252549707889557,0.0,0.5872378945350647,0.09252549707889557,P3,0.7263112664222717,0.06458266824483871,P3,1,0,0,0,1,final_tp
0900220012200318160956850HJ_1294796600_480789900,6767,0,LC,"[445.9996032714844, 598.0001220703125, 553.9998779296875, 841.00048828125]",26244.106292825192,large,Q4,2.249997668802044,"[2,4)",0.9833493232727051,0.00044038688065484166,LC,P4,1,1,1,1,0.780368447303772,0.780368447303772,0.92430180311203,0.780368447303772,P4,0.92430180311203,0.780368447303772,P4,1,1,1,1,1,final_tp
0900220012200319093738758HJ_1297988300_484832100,6669,0,LC,"[0.9994110465049744, 645.0001831054688, 227.99974060058594, 701.0006713867188]",12712.129638835788,large,Q3,4.05354207901368,"[4,8)",0.950741708278656,0.006316168699413538,LP,P4,1,1,1,1,0.008001108653843403,0.008001108653843403,0.4205962121486664,0.016306385397911072,P3,0.918634831905365,0.008001108653843403,P4,1,1,0,0,1,final_tp
0900220012200319093738758HJ_1297988300_484832100,6669,1,LC,"[1.000451683998108, 637.000244140625, 200.9999542236328, 674.9998168945312]",7599.895416474901,medium,Q3,5.263203819558775,"[4,8)",0.6963743567466736,0.0007816777215339243,LC,P3,1,0,0,0,0.0007816777215339243,0.0,0.4166613817214966,0.0023024356923997402,P3,0.43552252650260925,0.004272125195711851,P3,0,0,0,0,0,classification_mismatch
0900220012200319093738758HJ_1297988300_484832100,6669,2,TC,"[107.99974822998047, 677.0001831054688, 319.00006103515625, 737.9999389648438]",12870.967101976275,large,Q3,3.459035240439455,"[2,4)",0.8129955530166626,8.21071007521823e-05,TP,P3,1,1,1,0,0.005847887136042118,0.0005012454930692911,0.1311204433441162,0.01324498187750578,P4,0.6212819218635559,0.005847887136042118,P4,1,0,0,0,1,final_tp
0900220012200319093738758HJ_1297988300_484832100,6669,3,TC,"[391.00006103515625, 712.0, 764.999755859375, 763.0004272460938]",19074.144225943834,large,Q3,7.333265915980426,"[4,8)",0.6568269729614258,0.00046898433356545866,TC,P4,1,0,0,0,0.0004909479175694287,0.0,0.2783491909503937,0.0005113849183544517,P5,0.11016514152288437,0.0023875136394053698,P4,0,0,0,0,0,final_localization_or_assignment
0900220012200319093825169HJ_1297997500_484755300,6670,0,AC,"[549.000244140625, 657.0, 780.000244140625, 797.9996337890625]",32570.915405273438,large,Q4,1.6383021274053757,"[1,2)",0.8597796559333801,0.015132235363125801,AC,P5,1,1,1,1,0.15570303797721863,0.15570303797721863,0.3822142481803894,0.17197974026203156,P4,0.8015939593315125,0.15570303797721863,P5,1,1,0,0,1,final_tp
0900220012200319095234383HJ_1297983300_484866300,6671,0,TC,"[450.0003967285156, 639.0006103515625, 783.0001220703125, 650.0003662109375]",3662.915679998696,medium,Q2,30.273374209299746,"[16,inf)",0.938633382320404,0.0180257186293602,TC,P3,1,1,1,1,0.030449895188212395,0.0180257186293602,0.6209523677825928,0.030449895188212395,P3,0.938633382320404,0.0180257186293602,P3,1,1,0,0,1,final_tp
0900220012200319095234383HJ_1297983300_484866300,6671,1,TC,"[713.0005493164062, 758.9995727539062, 1024.0, 845.9996948242188]",27056.99017327279,large,Q4,3.5747013140078994,"[2,4)",0.913267195224762,0.00014297736925072968,TC,P4,1,1,1,1,0.7456328272819519,0.7456328272819519,0.8005334138870239,0.7456328272819519,P5,0.8005334138870239,0.7456328272819519,P5,1,1,1,1,1,final_tp
0900220012200319101414796HJ_1297941800_485034400,6672,0,LC,"[381.9996032714844, 570.9998168945312, 415.9994201660156, 677.0001831054688]",3603.9930419251323,medium,Q2,3.117674619829711,"[2,4)",0.8636294603347778,0.016676077619194984,LC,P3,1,1,1,1,0.15593725442886353,0.15593725442886353,0.23383520543575287,0.1619638204574585,P4,0.8353195786476135,0.15593725442886353,P3,1,1,0,0,1,final_tp
0900220012200319101414796HJ_1297941800_485034400,6672,1,TC,"[1.0004547834396362, 728.0005493164062, 133.00018310546875, 768.0]",5279.916504057124,medium,Q2,3.3000384526765045,"[2,4)",0.9113185405731201,0.020647473633289337,TC,P4,1,1,1,1,0.6630362272262573,0.6630362272262573,0.7600056529045105,0.6630362272262573,P4,0.7600056529045105,0.6630362272262573,P4,1,1,1,1,1,final_tp
0900220012200319101414796HJ_1297941800_485034400,6672,2,LC,"[494.0000915527344, 571.0004272460938, 1024.0, 793.9999389648438]",118189.71398931742,large,Q4,2.376686270946326,"[2,4)",0.788233757019043,0.00039159355219453573,LC,P5,1,1,1,1,0.8977342247962952,0.0010964793618768454,0.7253772616386414,0.8977342247962952,P5,0.7253772616386414,0.8977342247962952,P5,1,0,1,1,1,final_tp
0900220012200319101618757HJ_1297959500_485052500,6673,0,LC,"[332.9997253417969, 632.0000610351562, 368.0, 690.999755859375]",2065.0055235978216,medium,Q2,1.6856923381425752,"[1,2)",0.8103836178779602,2.6899255317403004e-05,AC,P3,1,1,0,0,3.902348180417903e-05,2.6899255317403004e-05,0.10039855539798737,0.0009238322381861508,P4,0.0,0.8528531193733215,P5,0,0,0,0,0,confidence_filter_loss
0900220012200319101618757HJ_1297959500_485052500,6673,1,LC,"[722.999755859375, 693.000244140625, 1023.9994506835938, 803.0003051757812]",33109.98480222747,large,Q4,2.7363593437281697,"[2,4)",0.9568057060241699,0.0003431733639445156,LC,P4,1,1,1,1,0.8528531193733215,0.8528531193733215,0.9260052442550659,0.8528531193733215,P5,0.9260052442550659,0.8528531193733215,P5,1,1,1,1,1,final_tp
0900220012200319112926198HJ_1297914700_485051300,6674,0,TC,"[425.9999084472656, 686.0001220703125, 591.0000610351562, 696.0004272460938]",1650.0518799293786,medium,Q2,16.499511733650706,"[16,inf)",0.7421239018440247,0.161713644862175,TC,P3,1,0,1,0,0.46520933508872986,0.0,0.5643324255943298,0.46520933508872986,P3,0.708243727684021,0.3236418068408966,P3,1,0,1,1,1,final_tp
0900220012200319112926198HJ_1297914700_485051300,6674,1,AC,"[540.9996337890625, 611.000244140625, 807.99951171875, 803.0003051757812]",51263.99285887927,large,Q4,1.390623922149683,"[1,2)",0.8435487151145935,0.00011579814599826932,AC,P4,1,1,1,1,0.9600881338119507,0.9600881338119507,0.7823823094367981,0.9600881338119507,P5,0.7823823094367981,0.9600881338119507,P5,1,1,1,1,1,final_tp
0900220012200319134016475HJ_1298027000_484678100,6675,0,TC,"[658.9998168945312, 732.999755859375, 792.0, 746.9998168945312]",1862.0106811635196,medium,Q2,9.499971662372426,"[8,16)",0.8102265000343323,0.0003007267077919096,TC,P3,1,1,0,0,0.0007453901343978941,0.0005755476304329932,0.6780821084976196,0.0007453901343978941,P3,0.03951742872595787,0.001291643944568932,P5,0,0,0,0,0,confidence_filter_loss
0900220012200319134016475HJ_1298027000_484678100,6675,1,TC,"[189.00022888183594, 710.9994506835938, 635.9998168945312, 779.9996948242188]",30843.079650774598,large,Q4,6.4782317558602385,"[4,8)",0.6513787508010864,0.0020698928274214268,TC,P5,1,0,1,0,0.010642164386808872,0.0,0.33796969056129456,0.5600996613502502,P4,0.5557449460029602,0.010642164386808872,P4,1,0,0,0,1,final_tp
0900220012200319134016475HJ_1298027000_484678100,6675,2,LC,"[617.9993896484375, 623.0, 677.9996337890625, 841.9996948242188]",13140.035156175494,large,Q3,3.6499800619300866,"[2,4)",0.9237568378448486,0.006598811596632004,LC,P4,1,1,1,1,0.8589012026786804,0.8589012026786804,0.9060194492340088,0.8589012026786804,P4,0.9060194492340088,0.8589012026786804,P4,1,1,1,1,1,final_tp
