class,score,kind,best_same_iou,best_any_iou,image,image_id,box_original,source_level
TC,0.7344748973846436,TP,0.7514925003051758,0.7514925003051758,01002200001307161252567115D_1297865600_483627000,6676,"[364.1950378417969, 643.0980834960938, 817.8162231445312, 670.9829711914062]",P4
TC,0.6331594586372375,TP,0.533324122428894,0.533324122428894,01002200001307170910441615F_1293075300_485317800,6396,"[0.8636718988418579, 674.34228515625, 639.4313354492188, 725.5256958007812]",P5
TC,0.5079906582832336,localization_error,0.29073989391326904,0.29073989391326904,01002200001307170910441615F_1293075300_485317800,6396,"[144.2238311767578, 690.08544921875, 649.2779541015625, 724.89306640625]",P4
TC,0.421407550573349,duplicate_prediction,0.8333172798156738,0.8333172798156738,01002200001307170910441615F_1293075300_485317800,6396,"[16.071874618530273, 653.0157470703125, 893.7634887695312, 725.0054931640625]",P5
TP,0.9275573492050171,TP,0.9531757831573486,0.9531757831573486,01002200001307170920130475F_1292908900_484816700,6397,"[1.653662085533142, 643.32958984375, 413.2768249511719, 732.0217895507812]",P5
LP,0.3473150432109833,background_false_positive,0.0,0.0,01002200001307170923095005F_1292777600_484665900,6398,"[552.5199584960938, 600.2667846679688, 595.8192749023438, 706.8108520507812]",P4
LP,0.9517546892166138,TP,0.9347277879714966,0.9347277879714966,01002200001307201421130095F_1294394600_482815900,6399,"[152.25308227539062, 694.0477905273438, 282.6310119628906, 819.0888061523438]",P4
TP,0.8165990114212036,TP,0.5759584903717041,0.5759584903717041,01002200001307201421130095F_1294394600_482815900,6399,"[21.880273818969727, 676.4474487304688, 851.9459228515625, 765.9464721679688]",P5
TP,0.7987223863601685,localization_error,0.11399818956851959,0.11399818956851959,01002200001307201421130095F_1294394600_482815900,6399,"[863.89501953125, 707.1448364257812, 1024.0, 753.0603637695312]",P4
LP,0.780889093875885,TP,0.735004723072052,0.735004723072052,01002200001307201421130095F_1294394600_482815900,6399,"[622.6036987304688, 530.2194213867188, 657.4096069335938, 558.825927734375]",P3
LP,0.3884657919406891,localization_error,0.31882718205451965,0.31882718205451965,01002200001307201421130095F_1294394600_482815900,6399,"[584.1363525390625, 523.7471313476562, 659.5712890625, 558.7355346679688]",P3
TP,0.28808075189590454,localization_error,0.2451210469007492,0.2451210469007492,01002200001307201421130095F_1294394600_482815900,6399,"[162.1142578125, 671.4252319335938, 728.4519653320312, 716.7724609375]",P4
MC,0.8755094408988953,TP,0.8992908000946045,0.8992908000946045,0100220000130720154628082J1_1296954700_482760900,6501,"[226.2864227294922, 710.3944702148438, 315.7072448730469, 743.8336791992188]",P3
LC,0.8534581065177917,TP,0.9300464391708374,0.9300464391708374,0100220000130720154628082J1_1296954700_482760900,6501,"[640.0430908203125, 586.2922973632812, 809.6051635742188, 796.54638671875]",P5
TC,0.6951448917388916,TP,0.7345513105392456,0.7345513105392456,01002200001307201723534115D_1297082700_483317700,6677,"[184.52099609375, 606.8038940429688, 668.75048828125, 624.7892456054688]",P5
LC,0.6030516028404236,background_false_positive,0.0,0.0,01002200001307201723534115D_1297082700_483317700,6677,"[319.86065673828125, 643.5074462890625, 397.350830078125, 766.8030395507812]",P4
LC,0.4660772681236267,background_false_positive,0.0,0.011037894524633884,01002200001307201723534115D_1297082700_483317700,6677,"[616.0045166015625, 615.68359375, 799.13525390625, 825.8654174804688]",P5
LC,0.4601798951625824,background_false_positive,0.0,0.0,01002200001307201723534115D_1297082700_483317700,6677,"[304.621826171875, 645.0665283203125, 396.98345947265625, 799.47216796875]",P4
AC,0.88155597448349,TP,0.7740512490272522,0.7740512490272522,0100220000130722113707160J2_1297933800_483399600,6502,"[291.5736389160156, 651.9801025390625, 564.3018798828125, 826.2106323242188]",P5
AC,0.6489546895027161,TP,0.5213699340820312,0.5213699340820312,0100220000130722113819787J2_1297979000_483415300,6503,"[1.0228271484375, 687.69140625, 199.40234375, 810.6752319335938]",P4
LC,0.8935643434524536,localization_error,0.43841129541397095,0.43841129541397095,0100220000130722114233557J2_1298116400_483498500,6504,"[249.623779296875, 728.0028686523438, 321.1791687011719, 820.4386596679688]",P4
LC,0.7473956346511841,TP,0.8937658071517944,0.8937658071517944,0100220000130722121801155J2_1298283000_483397000,6505,"[467.2726135253906, 621.5285034179688, 493.4957580566406, 824.0361328125]",P4
AC,0.799332857131958,TP,0.5567886233329773,0.5567886233329773,0100220000130722122333629J2_1298070200_483499000,6506,"[219.5491180419922, 620.3251953125, 449.6344909667969, 669.6168212890625]",P4
TC,0.477802574634552,localization_error,0.3217298090457916,0.3217298090457916,0100220000130722122333629J2_1298070200_483499000,6506,"[430.1480407714844, 642.1495971679688, 683.9021606445312, 658.7568359375]",P4
TC,0.3646346926689148,localization_error,0.49239566922187805,0.49239566922187805,0100220000130722122333629J2_1298070200_483499000,6506,"[363.13421630859375, 638.1754760742188, 689.0119018554688, 660.32568359375]",P4
TC,0.3227512836456299,TP,0.8633826971054077,0.8633826971054077,0100220000130722122333629J2_1298070200_483499000,6506,"[236.87100219726562, 632.2489624023438, 689.2831420898438, 660.6669311523438]",P4
LP,0.5782530903816223,background_false_positive,0.0,0.0,0100220000130723120108427J3_1293800600_482811400,6251,"[559.2362670898438, 549.8834228515625, 654.1493530273438, 636.53564453125]",P4
TP,0.3355383574962616,TP,0.5051596164703369,0.5051596164703369,0100220000130723120108427J3_1293800600_482811400,6251,"[211.50303649902344, 643.8973999023438, 606.0609741210938, 675.0499267578125]",P4
TP,0.28030940890312195,background_false_positive,0.0,0.2153998166322708,0100220000130723120108427J3_1293800600_482811400,6251,"[67.7203140258789, 603.5004272460938, 366.5152893066406, 643.0072631835938]",P4
LP,0.2735711634159088,background_false_positive,0.0,0.0,0100220000130723120108427J3_1293800600_482811400,6251,"[209.5076141357422, 714.5657348632812, 250.06192016601562, 746.1047973632812]",P3
MC,0.44816234707832336,background_false_positive,0.0,0.0,01002200001307231607446815S_1293803300_483588000,6400,"[612.4539794921875, 622.3617553710938, 654.4614868164062, 634.5386962890625]",P3
LC,0.2951168417930603,background_false_positive,0.0,0.17600147426128387,01002200001307231607446815S_1293803300_483588000,6400,"[544.8751831054688, 680.1532592773438, 572.6337890625, 739.1016845703125]",P3
AC,0.362479031085968,TP,0.7073565125465393,0.7073565125465393,0100220000130724084104327J2_1298284600_482948500,6507,"[255.2473602294922, 614.8190307617188, 435.3544921875, 815.6134033203125]",P5
AC,0.2703784108161926,duplicate_prediction,0.5876333117485046,0.5876333117485046,0100220000130724084104327J2_1298284600_482948500,6507,"[277.9571228027344, 671.1840209960938, 410.78106689453125, 816.0357666015625]",P4
LC,0.8672122359275818,TP,0.898882269859314,0.898882269859314,01002200001307240855313305B_1294527100_484286400,6401,"[571.45556640625, 574.4823608398438, 718.2108764648438, 811.7697143554688]",P5
TC,0.5153255462646484,TP,0.6454606652259827,0.6454606652259827,01002200001307240855313305B_1294527100_484286400,6401,"[335.6936340332031, 635.7316284179688, 631.3302001953125, 646.4404296875]",P3
TC,0.4542737901210785,duplicate_prediction,0.8233887553215027,0.8233887553215027,01002200001307240855313305B_1294527100_484286400,6401,"[308.9610900878906, 632.9032592773438, 623.836669921875, 646.1923217773438]",P3
LC,0.9189164042472839,TP,0.8500561714172363,0.8500561714172363,0100220000130724085905001J2_1298104600_483354700,6508,"[379.169189453125, 670.1956176757812, 455.86383056640625, 829.10302734375]",P4
LC,0.466146856546402,background_false_positive,0.0,0.0,0100220000130724085905001J2_1298104600_483354700,6508,"[65.4095687866211, 793.91015625, 131.14634704589844, 862.1043090820312]",P4
TC,0.6686153411865234,TP,0.6359864473342896,0.6359864473342896,01002200001307240906209065B_1294524600_484266300,6402,"[495.21533203125, 722.7677612304688, 966.78076171875, 774.5097045898438]",P4
TC,0.26179638504981995,background_false_positive,0.0,0.0,01002200001307240906209065B_1294524600_484266300,6402,"[567.0923461914062, 792.7208862304688, 697.4121704101562, 805.8630981445312]",P3
MC,0.5060095191001892,TP,0.8569486141204834,0.8569486141204834,0100220000130724115217624J2_1295573100_484464800,6252,"[641.5738525390625, 561.4274291992188, 678.5275268554688, 569.7047729492188]",P3
TP,0.43493351340293884,classification_error,0.0,0.8394008874893188,0100220000130724115217624J2_1295573100_484464800,6252,"[0.0, 635.6478881835938, 939.8707885742188, 705.7545776367188]",P5
TC,0.35563260316848755,TP,0.8382307887077332,0.8382307887077332,0100220000130724115217624J2_1295573100_484464800,6252,"[0.0, 636.3333740234375, 982.5877075195312, 704.6557006835938]",P5
AC,0.8222998380661011,background_false_positive,0.0,0.04081116244196892,01002200001307241220165335B_1294663600_484649100,6403,"[250.3339385986328, 609.5367431640625, 456.652587890625, 822.1716918945312]",P5
TC,0.8163076639175415,TP,0.8137547373771667,0.8137547373771667,01002200001307241220165335B_1294663600_484649100,6403,"[424.2879333496094, 662.89208984375, 755.1351318359375, 688.1680908203125]",P4
MC,0.7183700203895569,TP,0.9137396812438965,0.9137396812438965,01002200001307241220165335B_1294663600_484649100,6403,"[58.945526123046875, 658.1937866210938, 116.9883041381836, 675.1956176757812]",P3
TC,0.6094038486480713,TP,0.7119530439376831,0.7119530439376831,01002200001307241301302395B_1294531100_484825400,6404,"[335.9898376464844, 644.0450439453125, 728.1502075195312, 659.8610229492188]",P4
TP,0.7145313620567322,TP,0.6263854503631592,0.6263854503631592,01002200001307241430128435B_1293205300_484905400,6405,"[975.0447387695312, 839.7042236328125, 1023.8432006835938, 867.0098876953125]",P3
TC,0.5852438807487488,background_false_positive,0.0,0.4488207995891571,01002200001307241430128435B_1293205300_484905400,6405,"[474.4927673339844, 661.28076171875, 1014.8256225585938, 774.7081298828125]",P5
TC,0.36049267649650574,classification_error,0.0,0.8307434320449829,01002200001307241430128435B_1293205300_484905400,6405,"[21.748632431030273, 662.4218139648438, 1007.8820190429688, 768.7733154296875]",P5
LC,0.29994237422943115,background_false_positive,0.0,0.0052805268205702305,01002200001307241430128435B_1293205300_484905400,6405,"[0.73193359375, 529.9125366210938, 335.4313659667969, 676.1921997070312]",P5
TP,0.26909708976745605,TP,0.8860996961593628,0.8860996961593628,01002200001307241430128435B_1293205300_484905400,6405,"[12.828027725219727, 665.4703979492188, 986.8323364257812, 768.0906372070312]",P5
LC,0.8377137184143066,TP,0.9267975091934204,0.9267975091934204,01002200001307241432424565B_1293046600_484904000,6406,"[83.73912811279297, 630.9560546875, 351.52203369140625, 856.1039428710938]",P5
LC,0.6551199555397034,background_false_positive,0.08612198382616043,0.08612198382616043,01002200001307241432424565B_1293046600_484904000,6406,"[456.6329040527344, 592.5905151367188, 497.7259826660156, 635.7469482421875]",P3
TC,0.6326867341995239,TP,0.7408376932144165,0.7408376932144165,01002200001307241432424565B_1293046600_484904000,6406,"[161.324462890625, 611.0505981445312, 456.5979919433594, 636.2689819335938]",P4
TC,0.6243879199028015,TP,0.8524396419525146,0.8524396419525146,01002200001307241432424565B_1293046600_484904000,6406,"[25.392383575439453, 715.1295776367188, 832.5655517578125, 830.6661376953125]",P5
LP,0.5594736337661743,TP,0.6410409212112427,0.6410409212112427,01002200001307241432424565B_1293046600_484904000,6406,"[596.8569946289062, 551.7261352539062, 657.0717163085938, 611.689697265625]",P3
TC,0.3843049705028534,duplicate_prediction,0.5222346782684326,0.5222346782684326,01002200001307241432424565B_1293046600_484904000,6406,"[185.5913543701172, 606.62841796875, 507.48541259765625, 636.9706420898438]",P4
LC,0.25462087988853455,localization_error,0.4839135408401489,0.4839135408401489,01002200001307241432424565B_1293046600_484904000,6406,"[405.1788024902344, 647.9940185546875, 487.4674987792969, 789.4022827148438]",P4
LP,0.9433565139770508,TP,0.9291012287139893,0.9291012287139893,01002200001307241433450915B_1292973200_484903100,6407,"[291.9727478027344, 594.4845581054688, 461.7177429199219, 820.6804809570312]",P4
TP,0.8058446049690247,localization_error,0.3122030794620514,0.3122030794620514,01002200001307241433450915B_1292973200_484903100,6407,"[3.9390625953674316, 615.1207275390625, 453.3556213378906, 712.1095581054688]",P5
LP,0.6695654988288879,TP,0.7161910533905029,0.7161910533905029,01002200001307241433450915B_1292973200_484903100,6407,"[364.091552734375, 552.958740234375, 444.813720703125, 612.0834350585938]",P3
TP,0.8570963144302368,TP,0.8832058906555176,0.8832058906555176,01002200001307241435079925B_1292946200_484898200,6408,"[0.0, 675.4290161132812, 371.995849609375, 724.8010864257812]",P5
MC,0.6947929263114929,TP,0.7200059294700623,0.7200059294700623,01002200001307241435079925B_1292946200_484898200,6408,"[374.755615234375, 619.62158203125, 420.2892150878906, 633.0977783203125]",P3
MC,0.6145740747451782,TP,0.7908514142036438,0.7908514142036438,01002200001307241435079925B_1292946200_484898200,6408,"[592.6212158203125, 620.4547729492188, 642.2985229492188, 636.3556518554688]",P3
AC,0.2651474177837372,background_false_positive,0.0,0.04508441314101219,01002200001307241435079925B_1292946200_484898200,6408,"[404.23486328125, 603.1998901367188, 530.5975952148438, 665.1715698242188]",P4
LP,0.7916105389595032,TP,0.8699485063552856,0.8699485063552856,01002200001307241435289805B_1292967500_484900000,6409,"[540.368408203125, 584.6417846679688, 578.6036987304688, 626.5958862304688]",P3
LC,0.6298348307609558,classification_error,0.0,0.852437436580658,01002200001307241435289805B_1292967500_484900000,6409,"[430.2919921875, 640.0670776367188, 468.56427001953125, 832.4970703125]",P4
TP,0.4152239263057709,TP,0.7598224878311157,0.7598224878311157,01002200001307241435289805B_1292967500_484900000,6409,"[105.22295379638672, 619.9058837890625, 661.9310913085938, 658.2316284179688]",P4
LP,0.34065374732017517,TP,0.8395066261291504,0.8395066261291504,01002200001307241435289805B_1292967500_484900000,6409,"[524.7977294921875, 529.3709106445312, 535.8024291992188, 548.8377075195312]",P3
TP,0.9210278987884521,TP,0.5468187928199768,0.5468187928199768,01002200001307241436055235B_1293009700_484900500,6410,"[3.828662157058716, 622.0856323242188, 346.6513366699219, 681.11279296875]",P4
LP,0.8936425447463989,TP,0.9691877961158752,0.9691877961158752,01002200001307241436055235B_1293009700_484900500,6410,"[235.25967407226562, 532.1347045898438, 390.4326171875, 615.7409057617188]",P4
MC,0.8177528977394104,TP,0.9223715662956238,0.9223715662956238,01002200001307241436055235B_1293009700_484900500,6410,"[595.998046875, 679.2550048828125, 670.1581420898438, 703.3594970703125]",P3
LP,0.7400583028793335,TP,0.8669312596321106,0.8669312596321106,01002200001307241436055235B_1293009700_484900500,6410,"[6.562695503234863, 561.8107299804688, 258.6824645996094, 631.1124877929688]",P4
LP,0.709194004535675,TP,0.6788898706436157,0.6788898706436157,01002200001307241436055235B_1293009700_484900500,6410,"[344.5882873535156, 523.2819213867188, 438.32177734375, 610.4987182617188]",P4
LP,0.38520634174346924,duplicate_prediction,0.7272838950157166,0.7272838950157166,01002200001307241436055235B_1293009700_484900500,6410,"[344.5096130371094, 539.8043823242188, 409.84234619140625, 610.6442260742188]",P3
TP,0.8092985153198242,TP,0.9252399802207947,0.9252399802207947,01002200001307241436298455B_1293038700_484901000,6411,"[0.4969238340854645, 666.8932495117188, 342.3709411621094, 705.39501953125]",P4
LP,0.661811888217926,TP,0.7760010957717896,0.7760010957717896,01002200001307241436298455B_1293038700_484901000,6411,"[382.1923522949219, 539.7371215820312, 416.2339782714844, 576.7352905273438]",P3
TP,0.5190418362617493,TP,0.9094771146774292,0.9094771146774292,01002200001307241436298455B_1293038700_484901000,6411,"[74.58232879638672, 577.81640625, 419.205078125, 604.3380737304688]",P4
LP,0.8996630907058716,TP,0.9542765617370605,0.9542765617370605,01002200001307241438190045B_1293167600_484902000,6412,"[3.1459717750549316, 566.4345092773438, 231.5049591064453, 658.3040161132812]",P4
LP,0.4009372889995575,duplicate_prediction,0.6443870067596436,0.6443870067596436,01002200001307241438190045B_1293167600_484902000,6412,"[2.4624269008636475, 579.7686157226562, 183.2928466796875, 657.1143188476562]",P4
LP,0.9522072672843933,TP,0.9558635950088501,0.9558635950088501,01002200001307241439568985B_1293213600_484901800,6413,"[0.6405090689659119, 621.0167846679688, 166.1302947998047, 705.4089965820312]",P4
MC,0.6833711862564087,TP,0.7328713536262512,0.7328713536262512,01002200001307241440097315B_1293226000_484902000,6414,"[753.9127197265625, 610.4711303710938, 806.6119384765625, 624.5201416015625]",P3
TC,0.5335052609443665,TP,0.576744794845581,0.576744794845581,01002200001307241440097315B_1293226000_484902000,6414,"[265.8903503417969, 563.700927734375, 540.1581420898438, 578.579833984375]",P4
TC,0.37685152888298035,duplicate_prediction,0.6793564558029175,0.6793564558029175,01002200001307241440097315B_1293226000_484902000,6414,"[297.0689697265625, 568.0039672851562, 539.9072265625, 578.7804565429688]",P4
TP,0.9332577586174011,TP,0.8813161253929138,0.8813161253929138,01002200001307241440322205B_1293248500_484901600,6415,"[1.7738770246505737, 656.9134521484375, 290.47711181640625, 717.7347412109375]",P4
LP,0.8924481868743896,TP,0.8392302989959717,0.8392302989959717,01002200001307241440322205B_1293248500_484901600,6415,"[248.9561004638672, 590.9181518554688, 387.7989807128906, 716.4918212890625]",P4
LP,0.5224016308784485,TP,0.5331312417984009,0.5331312417984009,01002200001307241440322205B_1293248500_484901600,6415,"[0.992114245891571, 589.0223999023438, 279.3443298339844, 707.03662109375]",P4
LP,0.3853870928287506,TP,0.6916347742080688,0.6916347742080688,01002200001307241440322205B_1293248500_484901600,6415,"[350.3192443847656, 554.5585327148438, 391.8963317871094, 594.7648315429688]",P3
TP,0.3078993558883667,TP,0.6274279356002808,0.6274279356002808,01002200001307241440322205B_1293248500_484901600,6415,"[166.3854522705078, 585.6902465820312, 455.734619140625, 601.607421875]",P3
LP,0.9617888331413269,TP,0.8683611154556274,0.8683611154556274,01002200001307241442227155B_1293349200_484900300,6416,"[220.076171875, 629.8656616210938, 324.9548034667969, 717.6329345703125]",P4
LP,0.8169794678688049,TP,0.703000545501709,0.703000545501709,01002200001307241442227155B_1293349200_484900300,6416,"[586.0023803710938, 788.4719848632812, 604.267578125, 827.1415405273438]",P3
TP,0.6545058488845825,TP,0.816129744052887,0.816129744052887,01002200001307241442227155B_1293349200_484900300,6416,"[3.2440431118011475, 690.2604370117188, 921.5986328125, 785.232666015625]",P5
LP,0.5793290138244629,TP,0.7433603405952454,0.7433603405952454,01002200001307241442227155B_1293349200_484900300,6416,"[0.502490222454071, 572.4500122070312, 146.57568359375, 616.8671875]",P4
LP,0.48030585050582886,duplicate_prediction,0.734539806842804,0.734539806842804,01002200001307241442227155B_1293349200_484900300,6416,"[0.9762939810752869, 580.8992309570312, 169.15576171875, 620.4041137695312]",P4
LP,0.47447946667671204,TP,0.5752525925636292,0.5752525925636292,01002200001307241442227155B_1293349200_484900300,6416,"[421.841796875, 565.9153442382812, 444.8974609375, 631.35498046875]",P3
LP,0.3512832820415497,background_false_positive,0.0,0.0,01002200001307241442227155B_1293349200_484900300,6416,"[583.9915161132812, 547.0947265625, 737.99951171875, 662.4501953125]",P4
TP,0.34718191623687744,localization_error,0.4619998037815094,0.4619998037815094,01002200001307241442227155B_1293349200_484900300,6416,"[0.4918456971645355, 692.7380981445312, 534.4063110351562, 784.9275512695312]",P5
LP,0.2953055500984192,TP,0.9461323022842407,0.9461323022842407,01002200001307241442227155B_1293349200_484900300,6416,"[1.287841796875, 594.354736328125, 238.2213134765625, 677.7997436523438]",P4
LC,0.7672301530838013,TP,0.7788259387016296,0.7788259387016296,01002200001307241447391215B_1293605200_484894300,6417,"[379.7875061035156, 643.3922119140625, 467.1717834472656, 829.6869506835938]",P4
TC,0.8905813097953796,TP,0.7233484387397766,0.7233484387397766,01002200001307241451597565B_1293862100_484894600,6418,"[1.593115210533142, 677.9714965820312, 687.77978515625, 829.2047119140625]",P5
LC,0.6689385771751404,background_false_positive,0.0,0.0,01002200001307241453069905B_1293920400_484904500,6419,"[511.4718322753906, 634.4793090820312, 565.2357177734375, 830.1759643554688]",P4
TC,0.4937771260738373,TP,0.8120962381362915,0.8120962381362915,01002200001307241453069905B_1293920400_484904500,6419,"[1.2187012434005737, 702.3344116210938, 332.0370178222656, 768.3370971679688]",P5
MC,0.7776485085487366,background_false_positive,0.0,0.0,01002200001307241711370775B_1294021900_485093000,6420,"[15.084887504577637, 842.7338256835938, 156.731201171875, 874.0079956054688]",P3
TC,0.5876935124397278,TP,0.8475342392921448,0.8475342392921448,01002200001307241711370775B_1294021900_485093000,6420,"[202.54910278320312, 661.863037109375, 882.26611328125, 709.9178466796875]",P5
TC,0.5173280239105225,localization_error,0.4923703372478485,0.4923703372478485,01002200001307241711370775B_1294021900_485093000,6420,"[207.3909149169922, 676.74755859375, 780.2354736328125, 709.6007080078125]",P4
TC,0.74549400806427,TP,0.8732446432113647,0.8732446432113647,01002200001307241715574875B_1293983900_485078500,6421,"[133.8555145263672, 742.2554931640625, 632.5332641601562, 825.0787353515625]",P5
TC,0.3045785129070282,TP,0.8763735294342041,0.8763735294342041,01002200001307241715574875B_1293983900_485078500,6421,"[845.6488647460938, 767.6696166992188, 1023.916015625, 821.38623046875]",P4
MC,0.25337591767311096,background_false_positive,0.0,0.0,01002200001307241739073435B_1293976600_484955300,6422,"[806.4768676757812, 556.5159301757812, 839.1327514648438, 564.16259765625]",P3
LC,0.25025999546051025,TP,0.937652051448822,0.937652051448822,01002200001307241739073435B_1293976600_484955300,6422,"[627.80322265625, 723.5751342773438, 712.16015625, 833.0164184570312]",P4
LC,0.9662091135978699,TP,0.966728150844574,0.966728150844574,01002200001307241740344085B_1293990600_484959300,6423,"[0.4629882872104645, 603.2872314453125, 241.14309692382812, 795.4498901367188]",P5
LP,0.5793955326080322,classification_error,0.0,0.5387247800827026,01002200001307241800529365B_1293918000_485042000,6424,"[524.6461181640625, 577.31884765625, 559.1439819335938, 663.34130859375]",P3
TC,0.9111239314079285,TP,0.8977670073509216,0.8977670073509216,01002200001307251450271985B_1294704400_484698100,6425,"[1.09814453125, 695.7628784179688, 451.468994140625, 831.56591796875]",P5
MC,0.7816817164421082,TP,0.7257121801376343,0.7257121801376343,01002200001307251450271985B_1294704400_484698100,6425,"[330.2019958496094, 580.4171142578125, 373.501220703125, 589.3768920898438]",P3
LC,0.7420129776000977,TP,0.7979265451431274,0.7979265451431274,01002200001307251450271985B_1294704400_484698100,6425,"[578.0343627929688, 540.3448486328125, 749.895263671875, 776.5077514648438]",P5
LC,0.6694998741149902,TP,0.6144546270370483,0.6144546270370483,01002200001307251450271985B_1294704400_484698100,6425,"[438.662841796875, 705.6950073242188, 497.2773132324219, 753.7929077148438]",P3
MC,0.6280739903450012,TP,0.6136531829833984,0.6136531829833984,01002200001307251450271985B_1294704400_484698100,6425,"[40.65388107299805, 607.9258422851562, 80.42767333984375, 619.103271484375]",P3
LC,0.36146050691604614,localization_error,0.3270120322704315,0.3270120322704315,01002200001307251450271985B_1294704400_484698100,6425,"[421.2135314941406, 638.5443725585938, 600.9999389648438, 835.16845703125]",P4
LC,0.3353353440761566,localization_error,0.47877037525177,0.47877037525177,01002200001307251450271985B_1294704400_484698100,6425,"[407.4035339355469, 706.4066772460938, 594.7035522460938, 835.318359375]",P4
LC,0.3335774838924408,background_false_positive,0.0,0.0,01002200001307251450271985B_1294704400_484698100,6425,"[768.4306030273438, 566.0663452148438, 1021.6283569335938, 622.42822265625]",P4
LC,0.25242453813552856,localization_error,0.4212503731250763,0.4212503731250763,01002200001307251450271985B_1294704400_484698100,6425,"[430.72344970703125, 707.4005126953125, 496.8858337402344, 765.7568359375]",P3
P,0.9467776417732239,TP,0.8139545917510986,0.8139545917510986,0100220000130725153708047J2_1297023700_483568000,6509,"[314.0804138183594, 773.8751220703125, 371.1862487792969, 805.30517578125]",P3
TC,0.45631131529808044,TP,0.7033740282058716,0.7033740282058716,0100220000130725153708047J2_1297023700_483568000,6509,"[309.6429748535156, 644.1979370117188, 451.6405334472656, 653.9352416992188]",P3
P,0.41207122802734375,TP,0.5759696364402771,0.5759696364402771,0100220000130725153708047J2_1297023700_483568000,6509,"[362.97222900390625, 742.1432495117188, 385.814208984375, 762.2653198242188]",P3
LC,0.3442317843437195,TP,0.6677965521812439,0.6677965521812439,0100220000130725153708047J2_1297023700_483568000,6509,"[475.8280334472656, 626.06689453125, 498.7814636230469, 751.51904296875]",P3
AC,0.38737526535987854,localization_error,0.2621353566646576,0.2621353566646576,01002200001307281145221775B_1294089700_485376200,6426,"[354.67755126953125, 611.2272338867188, 719.3587036132812, 677.685302734375]",P4
LC,0.5634241700172424,TP,0.6608776450157166,0.6608776450157166,01002200001307281306328225B_1293762200_485360300,6427,"[442.8942565917969, 592.391357421875, 521.8186645507812, 743.3514404296875]",P4
AC,0.5572812557220459,background_false_positive,0.0,0.1498698592185974,01002200001307281306328225B_1293762200_485360300,6427,"[302.169921875, 589.3558959960938, 524.1315307617188, 826.0580444335938]",P5
AC,0.8629302382469177,TP,0.7412378787994385,0.7412378787994385,01002200001307281317242545B_1293684500_485215700,6428,"[303.3467712402344, 549.96484375, 733.9828491210938, 840.7174072265625]",P5
LC,0.8868579864501953,TP,0.95661860704422,0.95661860704422,01002200001307281327278505B_1293430300_485163900,6429,"[256.5538024902344, 586.3259887695312, 435.81689453125, 819.5330200195312]",P5
MC,0.6098802089691162,TP,0.7516723275184631,0.7516723275184631,01002200001307281327278505B_1293430300_485163900,6429,"[47.892799377441406, 584.7664184570312, 86.15813446044922, 595.2283325195312]",P3
TC,0.8722497224807739,TP,0.8200371265411377,0.8200371265411377,01002200001307281339536575B_1293472600_485053300,6430,"[8.24558162689209, 699.3355712890625, 775.02490234375, 757.1669921875]",P5
TC,0.8515365123748779,TP,0.9721210598945618,0.9721210598945618,01002200001307281341325335B_1293466300_484971700,6431,"[4.692968845367432, 596.2140502929688, 831.2911987304688, 687.6886596679688]",P5
MC,0.8480296730995178,TP,0.8695141077041626,0.8695141077041626,01002200001307281341325335B_1293466300_484971700,6431,"[862.1644897460938, 708.6613159179688, 946.9675903320312, 740.0287475585938]",P3
MC,0.7745920419692993,TP,0.8460642099380493,0.8460642099380493,01002200001307281350091495B_1293470400_484650900,6432,"[254.01206970214844, 616.8854370117188, 308.511474609375, 631.85498046875]",P3
LC,0.7439640760421753,localization_error,0.4840402603149414,0.4840402603149414,01002200001307281350091495B_1293470400_484650900,6432,"[513.93798828125, 484.6187438964844, 639.1657104492188, 834.2529296875]",P4
AC,0.7309761643409729,TP,0.6894801259040833,0.6894801259040833,01002200001307281350091495B_1293470400_484650900,6432,"[523.2984619140625, 599.0642700195312, 989.0828247070312, 862.9049072265625]",P5
TC,0.2647704780101776,background_false_positive,0.0,0.028009792789816856,01002200001307281350091495B_1293470400_484650900,6432,"[344.4025573730469, 593.8956909179688, 566.5206909179688, 606.5838012695312]",P4
LP,0.9663564562797546,TP,0.9104800820350647,0.9104800820350647,01002200001307281400348605B_1293469900_484920100,6433,"[315.3290100097656, 637.5993041992188, 399.42828369140625, 834.1458129882812]",P4
LP,0.9083958864212036,TP,0.8348307013511658,0.8348307013511658,01002200001307281400348605B_1293469900_484920100,6433,"[495.2821350097656, 584.4973754882812, 532.2733764648438, 658.91943359375]",P3
LP,0.8685964345932007,TP,0.8891766667366028,0.8891766667366028,01002200001307281400348605B_1293469900_484920100,6433,"[322.2477111816406, 607.8616333007812, 359.9010314941406, 672.0145874023438]",P3
LP,0.3224368095397949,TP,0.5364993214607239,0.5364993214607239,01002200001307281400348605B_1293469900_484920100,6433,"[282.4189147949219, 584.0372314453125, 327.7337341308594, 624.8405151367188]",P4
LP,0.9263179898262024,TP,0.8592728972434998,0.8592728972434998,01002200001307281403237125B_1293476000_485050900,6434,"[373.5057067871094, 622.9690551757812, 428.05450439453125, 841.7764892578125]",P4
LP,0.8654659986495972,TP,0.8976202011108398,0.8976202011108398,01002200001307281403237125B_1293476000_485050900,6434,"[522.8790893554688, 603.5458984375, 556.3310546875, 711.3463134765625]",P3
LP,0.6803968548774719,localization_error,0.10493865609169006,0.10493865609169006,01002200001307281403237125B_1293476000_485050900,6434,"[0.09511718899011612, 575.8612670898438, 312.8312683105469, 712.3729858398438]",P5
TP,0.5850027203559875,TP,0.502103328704834,0.502103328704834,01002200001307281403237125B_1293476000_485050900,6434,"[195.68882751464844, 593.8981323242188, 601.4146118164062, 624.4501342773438]",P4
TP,0.3503815531730652,duplicate_prediction,0.5285139083862305,0.5285139083862305,01002200001307281403237125B_1293476000_485050900,6434,"[39.41533279418945, 595.6300659179688, 594.6043090820312, 625.1978759765625]",P5
LP,0.33125776052474976,localization_error,0.1561572253704071,0.1561572253704071,01002200001307281403237125B_1293476000_485050900,6434,"[0.0, 606.8519897460938, 273.8048400878906, 711.419921875]",P4
TC,0.6934594511985779,TP,0.8336271643638611,0.8336271643638611,01002200001307281451563755B_1293503100_485105100,6435,"[6.104394435882568, 705.0260620117188, 1024.0, 831.6327514648438]",P5
TC,0.26807621121406555,duplicate_prediction,0.7438275218009949,0.7438275218009949,01002200001307281451563755B_1293503100_485105100,6435,"[2.517773389816284, 746.9236450195312, 998.9075317382812, 830.5113525390625]",P5
LC,0.9371609091758728,TP,0.8177616000175476,0.8177616000175476,01002200001307281508217275B_1293322800_485006900,6436,"[431.0802917480469, 539.6871948242188, 502.78009033203125, 828.7184448242188]",P4
LC,0.701012134552002,TP,0.8571353554725647,0.8571353554725647,01002200001307281510021695B_1293244700_484977300,6437,"[518.4899291992188, 628.5845947265625, 549.5856323242188, 830.9119262695312]",P4
TC,0.6124660968780518,background_false_positive,0.0,0.0,01002200001307281537158575B_1293088900_485607900,6438,"[0.5514160394668579, 632.7978515625, 203.5508270263672, 673.0280151367188]",P4
TC,0.5171393752098083,background_false_positive,0.0,0.03606446832418442,01002200001307281537158575B_1293088900_485607900,6438,"[504.51495361328125, 805.6427001953125, 628.2630004882812, 831.3397827148438]",P3
LC,0.4385451674461365,TP,0.5341123938560486,0.5341123938560486,01002200001307281537158575B_1293088900_485607900,6438,"[493.33624267578125, 605.8388671875, 516.4303588867188, 833.9625244140625]",P4
LC,0.2732875645160675,background_false_positive,0.0,0.0,01002200001307281537158575B_1293088900_485607900,6438,"[658.4174194335938, 636.5348510742188, 780.8374633789062, 744.0973510742188]",P4
LC,0.2614646852016449,background_false_positive,0.0,0.0,01002200001307281537158575B_1293088900_485607900,6438,"[889.0430908203125, 659.8781127929688, 1024.0, 720.2606811523438]",P4
TC,0.258073627948761,background_false_positive,0.0,0.04279673472046852,01002200001307281537158575B_1293088900_485607900,6438,"[506.0379943847656, 784.7022705078125, 630.47216796875, 833.25341796875]",P5
TC,0.7688055634498596,background_false_positive,0.0987059623003006,0.0987059623003006,01002200001307281551000855B_1293168800_484995300,6439,"[2.3651978969573975, 654.5468139648438, 177.9562225341797, 693.4591064453125]",P4
TC,0.5796002745628357,background_false_positive,0.09922648966312408,0.09922648966312408,01002200001307281551000855B_1293168800_484995300,6439,"[484.8936462402344, 715.1717529296875, 815.0499267578125, 736.2471313476562]",P4
TC,0.4292326271533966,localization_error,0.14177201688289642,0.14177201688289642,01002200001307281551000855B_1293168800_484995300,6439,"[2.7638916969299316, 654.3951416015625, 237.77615356445312, 696.1537475585938]",P4
TC,0.2566746771335602,background_false_positive,0.0,0.0,01002200001307281551000855B_1293168800_484995300,6439,"[2.0807130336761475, 754.3601684570312, 224.61328125, 839.9783325195312]",P4
TC,0.7881914377212524,TP,0.7034549713134766,0.7034549713134766,01002200001307281619339135B_1293107300_485383100,6440,"[253.3531494140625, 720.3339233398438, 1009.8572387695312, 809.16748046875]",P5
MC,0.7018439769744873,TP,0.8724491000175476,0.8724491000175476,01002200001307281619339135B_1293107300_485383100,6440,"[965.3271484375, 654.5694580078125, 1023.8115234375, 678.4971923828125]",P3
MC,0.6435253620147705,background_false_positive,0.0,0.0,01002200001307281619339135B_1293107300_485383100,6440,"[1.0705078840255737, 588.551513671875, 52.71943283081055, 602.0282592773438]",P3
TC,0.36874040961265564,localization_error,0.2619090974330902,0.2619090974330902,01002200001307281619339135B_1293107300_485383100,6440,"[271.7677917480469, 773.2864379882812, 689.6589965820312, 808.5748901367188]",P4
TC,0.3088793456554413,duplicate_prediction,0.8205562233924866,0.8205562233924866,01002200001307281619339135B_1293107300_485383100,6440,"[232.2526397705078, 741.6432495117188, 949.9991455078125, 809.6267700195312]",P5
TC,0.25971075892448425,duplicate_prediction,0.5318170785903931,0.5318170785903931,01002200001307281619339135B_1293107300_485383100,6440,"[221.85997009277344, 757.7669067382812, 799.7088012695312, 808.1946411132812]",P5
LC,0.8741416931152344,TP,0.8846823573112488,0.8846823573112488,01002200001307281653334535B_1293233400_485050400,6441,"[1.1553223133087158, 683.5651245117188, 257.04156494140625, 877.4737548828125]",P5
P,0.8478817343711853,background_false_positive,0.0,0.0,01002200001307281654398485B_1293270500_485074200,6442,"[802.5947265625, 677.25244140625, 850.6795043945312, 700.9013061523438]",P3
TC,0.6587852835655212,localization_error,0.422839492559433,0.422839492559433,01002200001307281713319395B_1293387100_484962800,6443,"[285.5431823730469, 688.3151245117188, 910.0131225585938, 733.33984375]",P5
MC,0.5476776957511902,background_false_positive,0.0,0.0,01002200001307281713319395B_1293387100_484962800,6443,"[126.8184814453125, 586.8116455078125, 176.4156036376953, 598.9348754882812]",P3
TC,0.3207196891307831,TP,0.7289405465126038,0.7289405465126038,01002200001307281713319395B_1293387100_484962800,6443,"[284.6514892578125, 684.4813842773438, 736.44873046875, 718.52099609375]",P4
TC,0.2825520634651184,TP,0.5448315143585205,0.5448315143585205,01002200001307281713319395B_1293387100_484962800,6443,"[401.6447448730469, 691.3305053710938, 894.7487182617188, 738.0445556640625]",P4
LC,0.9501804113388062,TP,0.8944399952888489,0.8944399952888489,01002200001307281749026355B_1293469300_484646600,6444,"[595.4190673828125, 641.1786499023438, 752.2296142578125, 827.6448364257812]",P4
LC,0.839929461479187,TP,0.8890735507011414,0.8890735507011414,01002200001307281749026355B_1293469300_484646600,6444,"[250.94517517089844, 627.9942626953125, 420.906982421875, 821.0450439453125]",P4
LC,0.920569658279419,TP,0.8106799721717834,0.8106799721717834,01002200001307281810060065B_1293698300_484683300,6445,"[525.7575073242188, 559.4786376953125, 588.5010986328125, 828.4572143554688]",P4
TC,0.647692859172821,background_false_positive,0.0,0.0,01002200001307281810060065B_1293698300_484683300,6445,"[0.44012451171875, 847.4848022460938, 56.27755355834961, 869.0746459960938]",P3
TC,0.3185913562774658,localization_error,0.3604172468185425,0.3604172468185425,01002200001307281810060065B_1293698300_484683300,6445,"[183.1946258544922, 632.7968139648438, 369.6862487792969, 650.5325317382812]",P3
AC,0.8429226875305176,classification_error,0.0,0.77245032787323,01002200001307301101044625S_1293890000_484335500,6446,"[274.19903564453125, 753.4054565429688, 830.5092163085938, 799.83544921875]",P5
TC,0.2784494161605835,TP,0.8810081481933594,0.8810081481933594,01002200001307301101044625S_1293890000_484335500,6446,"[289.1285400390625, 758.0113525390625, 822.8031616210938, 798.1754150390625]",P5
P,0.8660585284233093,TP,0.8346083760261536,0.8346083760261536,0100220000130730120027792J1_1297044800_482158000,6510,"[325.3636169433594, 636.1422729492188, 437.92242431640625, 678.73291015625]",P4
TC,0.3842683732509613,TP,0.8228482604026794,0.8228482604026794,0100220000130731092203334J2_1297649600_483684700,6511,"[189.841796875, 673.3654174804688, 802.4323120117188, 705.6630859375]",P4
TC,0.368405818939209,duplicate_prediction,0.63700270652771,0.63700270652771,0100220000130731092203334J2_1297649600_483684700,6511,"[203.38232421875, 681.0764770507812, 767.8987426757812, 705.9364624023438]",P4
TC,0.9366636872291565,TP,0.9536307454109192,0.9536307454109192,0100220000130731110749487J1_1296947800_482111700,6512,"[114.017578125, 733.197265625, 885.72705078125, 825.4913940429688]",P5
MC,0.8864532113075256,TP,0.9334306120872498,0.9334306120872498,0100220000130731110749487J1_1296947800_482111700,6512,"[476.41046142578125, 671.51611328125, 547.5585327148438, 695.4887084960938]",P3
LC,0.9148675203323364,TP,0.6658303141593933,0.6658303141593933,0100220000130731131506993J2_1296860300_483530500,6513,"[430.56622314453125, 540.2479858398438, 489.55303955078125, 748.9823608398438]",P4
TC,0.5903039574623108,TP,0.5684407353401184,0.5684407353401184,0100220000130731131506993J2_1296860300_483530500,6513,"[111.021240234375, 809.3930053710938, 203.4739227294922, 831.8761596679688]",P3
TC,0.4730466902256012,TP,0.8040295243263245,0.8040295243263245,0100220000130731131506993J2_1296860300_483530500,6513,"[337.30322265625, 632.7492065429688, 681.1073608398438, 644.2638549804688]",P3
LC,0.2586725652217865,background_false_positive,0.0,0.031679097563028336,0100220000130731131506993J2_1296860300_483530500,6513,"[511.36993408203125, 558.0753784179688, 536.5369262695312, 639.3131103515625]",P3
TC,0.25088465213775635,localization_error,0.4075532853603363,0.4075532853603363,0100220000130731131506993J2_1296860300_483530500,6513,"[339.40020751953125, 633.2843017578125, 517.4714965820312, 644.6640014648438]",P3
MC,0.7529891133308411,TP,0.8696827292442322,0.8696827292442322,0100220000130731132256352J2_1296883600_483525600,6514,"[334.970947265625, 663.2183837890625, 375.84771728515625, 679.5535278320312]",P3
MC,0.7446958422660828,TP,0.5789687037467957,0.5789687037467957,0100220000130731132256352J2_1296883600_483525600,6514,"[375.0946350097656, 617.0156860351562, 413.6845703125, 627.5253295898438]",P3
LC,0.6591991186141968,TP,0.7063863277435303,0.7063863277435303,0100220000130731132256352J2_1296883600_483525600,6514,"[413.5079040527344, 663.7763671875, 464.3995056152344, 825.1222534179688]",P4
TC,0.29695940017700195,TP,0.7250293493270874,0.7250293493270874,0100220000130804114810497J3_1294326600_483724100,6253,"[303.5745544433594, 729.607177734375, 881.7575073242188, 766.232177734375]",P4
TC,0.2532072961330414,localization_error,0.32667508721351624,0.32667508721351624,0100220000130804121851086J3_1293890200_483820200,6254,"[446.6195373535156, 736.468017578125, 718.6672973632812, 764.3739013671875]",P4
MC,0.514020562171936,classification_error,0.0,0.574307918548584,0100220000130804121913508J3_1293902200_483832200,6255,"[117.4328384399414, 814.6583862304688, 192.67971801757812, 843.1525268554688]",P3
LC,0.254196435213089,background_false_positive,0.0,0.0,0100220000130804121913508J3_1293902200_483832200,6255,"[437.7879333496094, 735.7652587890625, 469.51226806640625, 855.2601928710938]",P3
LP,0.8192653059959412,TP,0.9166767597198486,0.9166767597198486,0100220000130808134952724J5_1295484600_482931700,6126,"[65.9733657836914, 597.2865600585938, 367.0940856933594, 769.0908813476562]",P5
LP,0.6766478419303894,classification_error,0.07528702169656754,0.9711114764213562,0100220000130808134952724J5_1295484600_482931700,6126,"[331.6365966796875, 601.0953979492188, 455.9948425292969, 815.0932006835938]",P4
LC,0.5462148189544678,TP,0.9525370597839355,0.9525370597839355,0100220000130808134952724J5_1295484600_482931700,6126,"[330.8150329589844, 598.5992431640625, 457.08380126953125, 814.4521484375]",P4
MC,0.5313236117362976,TP,0.6735571026802063,0.6735571026802063,0100220000130808134952724J5_1295484600_482931700,6126,"[569.4415893554688, 610.2138671875, 603.7846069335938, 620.8048706054688]",P3
MC,0.40622758865356445,duplicate_prediction,0.5378499031066895,0.5378499031066895,0100220000130808134952724J5_1295484600_482931700,6126,"[569.86572265625, 607.9929809570312, 602.1911010742188, 618.5265502929688]",P3
LP,0.3478802740573883,TP,0.7120751142501831,0.7120751142501831,0100220000130808134952724J5_1295484600_482931700,6126,"[44.622962951660156, 594.6524047851562, 361.59033203125, 709.2525024414062]",P4
LP,0.9215080142021179,TP,0.9095932245254517,0.9095932245254517,0100220000130808144311783J5_1295636500_482941200,6127,"[114.3966064453125, 604.4755249023438, 318.5637512207031, 710.5302124023438]",P4
MC,0.8485304117202759,TP,0.7058240175247192,0.7058240175247192,0100220000130808144311783J5_1295636500_482941200,6127,"[480.2059631347656, 589.6188354492188, 519.2452392578125, 598.9478759765625]",P3
LP,0.6504978537559509,TP,0.907734215259552,0.907734215259552,0100220000130808144311783J5_1295636500_482941200,6127,"[0.336181640625, 614.1578369140625, 193.71849060058594, 674.75439453125]",P4
MC,0.6063973903656006,TP,0.6251398921012878,0.6251398921012878,0100220000130808144311783J5_1295636500_482941200,6127,"[502.1836853027344, 616.1686401367188, 547.9100952148438, 626.1211547851562]",P3
TP,0.3124101459980011,background_false_positive,0.0,0.022895287722349167,0100220000130808144311783J5_1295636500_482941200,6127,"[254.3462371826172, 698.7559204101562, 710.6102294921875, 749.422607421875]",P5
MC,0.2912819981575012,background_false_positive,0.0,0.0,0100220000130808144311783J5_1295636500_482941200,6127,"[738.7785034179688, 579.5009765625, 784.0971069335938, 588.8596801757812]",P3
MC,0.27473390102386475,background_false_positive,0.0,0.0,0100220000130808144311783J5_1295636500_482941200,6127,"[675.9191284179688, 586.4815673828125, 711.969482421875, 595.4796752929688]",P3
LC,0.8353656530380249,TP,0.9195166826248169,0.9195166826248169,0100220000130808165806528J2_1296287300_483105900,6001,"[585.4658203125, 591.4398803710938, 779.2642822265625, 817.9351806640625]",P5
MC,0.8174874186515808,TP,0.8537262678146362,0.8537262678146362,0100220000130808165806528J2_1296287300_483105900,6001,"[417.7250061035156, 667.5261840820312, 488.0960998535156, 686.8826293945312]",P3
MC,0.7848191261291504,TP,0.7635132074356079,0.7635132074356079,0100220000130808165806528J2_1296287300_483105900,6001,"[525.3443603515625, 599.6581420898438, 566.9176025390625, 608.950927734375]",P3
LC,0.2593279778957367,background_false_positive,0.0,0.0,0100220000130808165806528J2_1296287300_483105900,6001,"[791.6280517578125, 579.7742309570312, 1024.0, 658.6264038085938]",P4
MC,0.7812626957893372,background_false_positive,0.0,0.0,0100220000130809123456465J3_1294620400_483057300,6256,"[251.72021484375, 792.3013305664062, 347.7171936035156, 822.2947387695312]",P3
LC,0.42133161425590515,TP,0.7705929279327393,0.7705929279327393,0100220000130809123456465J3_1294620400_483057300,6256,"[526.1677856445312, 601.771484375, 534.1013793945312, 829.9535522460938]",P3
LC,0.36602655053138733,duplicate_prediction,0.7983787655830383,0.7983787655830383,0100220000130809123456465J3_1294620400_483057300,6256,"[524.2710571289062, 605.0768432617188, 535.5518188476562, 828.2838745117188]",P4
LC,0.8242462277412415,TP,0.7852930426597595,0.7852930426597595,0100220000130809144745953J1_1296406600_482713300,6515,"[825.2058715820312, 563.4347534179688, 952.1687622070312, 658.6055908203125]",P4
TC,0.7952669858932495,TP,0.9280788898468018,0.9280788898468018,0100220000130809144745953J1_1296406600_482713300,6515,"[272.06951904296875, 711.9735717773438, 1022.0660400390625, 773.1503295898438]",P5
LC,0.6550068259239197,TP,0.8823143243789673,0.8823143243789673,0100220000130809144745953J1_1296406600_482713300,6515,"[514.2516479492188, 575.2301635742188, 557.9700927734375, 617.6174926757812]",P4
TC,0.3921184837818146,TP,0.8384341597557068,0.8384341597557068,0100220000130809144745953J1_1296406600_482713300,6515,"[346.6492614746094, 652.5587158203125, 692.4157104492188, 682.0846557617188]",P4
LP,0.3334239423274994,classification_error,0.0,0.8824244141578674,0100220000130809144745953J1_1296406600_482713300,6515,"[513.58154296875, 577.1119995117188, 558.4844970703125, 616.6354370117188]",P3
TC,0.2725207507610321,TP,0.8445413112640381,0.8445413112640381,0100220000130809144745953J1_1296406600_482713300,6515,"[730.81201171875, 658.3157348632812, 948.1149291992188, 678.13427734375]",P3
TC,0.8838255405426025,localization_error,0.365629643201828,0.365629643201828,0100220000130814114426802J2_1296562900_483017800,6516,"[889.3330078125, 779.0164184570312, 1023.9974975585938, 831.4156494140625]",P4
MC,0.8435194492340088,TP,0.8749152421951294,0.8749152421951294,0100220000130814114426802J2_1296562900_483017800,6516,"[973.8807983398438, 633.4706420898438, 1016.3821411132812, 645.4716186523438]",P3
MC,0.7145782709121704,TP,0.8673133254051208,0.8673133254051208,0100220000130814114426802J2_1296562900_483017800,6516,"[997.6345825195312, 670.9039916992188, 1024.0, 687.1383666992188]",P3
LC,0.5168640613555908,TP,0.8326157927513123,0.8326157927513123,0100220000130814114426802J2_1296562900_483017800,6516,"[544.1847534179688, 678.8004760742188, 646.1007690429688, 809.0062866210938]",P4
LC,0.39272329211235046,localization_error,0.24227923154830933,0.24227923154830933,0100220000130814114426802J2_1296562900_483017800,6516,"[543.6952514648438, 678.8317260742188, 570.6353759765625, 784.5350952148438]",P4
LC,0.8984014391899109,TP,0.9468914270401001,0.9468914270401001,0100220000130817112634126J1_1296323200_482917700,6002,"[269.7342834472656, 575.0377197265625, 407.534423828125, 814.2989501953125]",P4
LP,0.8168308138847351,TP,0.5480608940124512,0.5480608940124512,0100220000130817151519871J3_1295229600_483712200,6257,"[0.5236877799034119, 595.8461303710938, 190.6554718017578, 711.0133666992188]",P4
LP,0.8051915764808655,TP,0.7667856216430664,0.7667856216430664,0100220000130817151519871J3_1295229600_483712200,6257,"[293.156005859375, 595.3568115234375, 330.99609375, 652.845947265625]",P3
LP,0.7719305157661438,background_false_positive,0.0,0.0,0100220000130817151519871J3_1295229600_483712200,6257,"[228.478759765625, 549.1876831054688, 296.346923828125, 583.2098388671875]",P3
LC,0.6580323576927185,TP,0.9628774523735046,0.9628774523735046,0100220000130817151519871J3_1295229600_483712200,6257,"[462.0905456542969, 561.3917846679688, 1021.6788940429688, 822.2365112304688]",P5
TP,0.3784128725528717,background_false_positive,0.0,0.03247777000069618,0100220000130817151519871J3_1295229600_483712200,6257,"[175.4264373779297, 589.7802734375, 332.2167663574219, 598.4404296875]",P3
MC,0.32603856921195984,localization_error,0.42731884121894836,0.42731884121894836,0100220000130817151519871J3_1295229600_483712200,6257,"[858.9840698242188, 543.9733276367188, 883.9215698242188, 552.2437744140625]",P3
P,0.6468790173530579,TP,0.6000868678092957,0.6000868678092957,01002200001308180949073915M_1296903500_484393800,6678,"[235.36074829101562, 706.4910278320312, 287.04376220703125, 743.5421142578125]",P3
AC,0.8708606362342834,TP,0.7479434609413147,0.7479434609413147,0100220000130818100952269J3_1294539700_483667500,6258,"[634.4326171875, 671.2103881835938, 845.6791381835938, 836.6295166015625]",P5
AC,0.7965390682220459,TP,0.6815561652183533,0.6815561652183533,0100220000130818100952269J3_1294539700_483667500,6258,"[389.7170104980469, 753.30859375, 509.95684814453125, 837.8720703125]",P4
P,0.554569661617279,TP,0.8394514322280884,0.8394514322280884,01002200001308181205324715M_1296604300_484549000,6679,"[72.53287506103516, 793.603515625, 114.53563690185547, 814.0148315429688]",P3
TC,0.5544968247413635,background_false_positive,0.0,0.0,01002200001308181205324715M_1296604300_484549000,6679,"[632.4835205078125, 748.4581909179688, 814.9861450195312, 774.8526611328125]",P4
LP,0.9580111503601074,TP,0.9768698811531067,0.9768698811531067,0100220000130819125335436J3_1295358300_483113800,6259,"[0.7166504263877869, 555.5206298828125, 428.2035827636719, 824.6544189453125]",P5
LC,0.8044021725654602,classification_error,0.0,0.5464327335357666,0100220000130819125335436J3_1295358300_483113800,6259,"[631.8162231445312, 600.2277221679688, 1024.0, 824.1417846679688]",P5
LC,0.9722056984901428,TP,0.9277176856994629,0.9277176856994629,01002200001308201014409525D_1298351300_483083900,6680,"[349.1446838378906, 638.1444702148438, 443.5839538574219, 831.7630004882812]",P4
LP,0.31947603821754456,classification_error,0.0,0.8223419189453125,01002200001308201014409525D_1298351300_483083900,6680,"[458.6307678222656, 551.0515747070312, 483.9632873535156, 584.1654663085938]",P3
LC,0.7958241701126099,TP,0.965692400932312,0.965692400932312,01002200001308201032507615M_1298365000_483513300,6681,"[328.6698913574219, 542.7937622070312, 458.5190124511719, 829.8030395507812]",P4
MC,0.9655020236968994,TP,0.8969541788101196,0.8969541788101196,0100220000130820114033694J3_1294349400_482426300,6260,"[634.9218139648438, 761.3742065429688, 767.9132690429688, 822.8930053710938]",P3
TP,0.26290032267570496,background_false_positive,0.0,0.2989817261695862,0100220000130820114033694J3_1294349400_482426300,6260,"[600.5216064453125, 557.88818359375, 889.3218994140625, 633.2737426757812]",P4
MC,0.951481819152832,TP,0.910145103931427,0.910145103931427,0100220000130823105703744J3_1294580200_482908600,6261,"[250.16612243652344, 695.35546875, 345.33038330078125, 727.8256225585938]",P3
LC,0.7131542563438416,TP,0.810867190361023,0.810867190361023,0100220000130823105703744J3_1294580200_482908600,6261,"[488.1880798339844, 669.3834838867188, 553.3715209960938, 822.5585327148438]",P4
LC,0.27437224984169006,duplicate_prediction,0.71021968126297,0.71021968126297,0100220000130823105703744J3_1294580200_482908600,6261,"[504.6631774902344, 696.4853515625, 554.2626342773438, 822.9057006835938]",P3
LC,0.5908928513526917,TP,0.7483324408531189,0.7483324408531189,0100220000130823105737647J3_1294567800_482915300,6262,"[500.9478454589844, 705.78515625, 512.9935913085938, 825.9735717773438]",P3
TC,0.48775866627693176,background_false_positive,0.0,0.0,0100220000130823105737647J3_1294567800_482915300,6262,"[460.9808654785156, 640.3428344726562, 571.6423950195312, 650.5335693359375]",P3
LC,0.3032066822052002,duplicate_prediction,0.6034207344055176,0.6034207344055176,0100220000130823105737647J3_1294567800_482915300,6262,"[498.570068359375, 700.83935546875, 514.9962768554688, 822.1405639648438]",P3
TC,0.2836705446243286,background_false_positive,0.0,0.0,0100220000130823105737647J3_1294567800_482915300,6262,"[468.2984924316406, 641.3041381835938, 578.1001586914062, 648.9490966796875]",P3
MC,0.9419471025466919,TP,0.8962671756744385,0.8962671756744385,0100220000130823121440959J3_1294794000_482885200,6263,"[336.6595153808594, 746.1351928710938, 455.2193908691406, 799.2060546875]",P3
AC,0.5605905055999756,TP,0.8249258399009705,0.8249258399009705,0100220000130823121440959J3_1294794000_482885200,6263,"[421.0550842285156, 613.10986328125, 528.6630859375, 711.4133911132812]",P4
LC,0.9228232502937317,classification_error,0.0,0.9382362961769104,01002200001308241549511245C_1296082600_482115100,6007,"[2.7791993618011475, 671.3131713867188, 193.3979949951172, 843.9987182617188]",P5
MC,0.9025149941444397,TP,0.8689810037612915,0.8689810037612915,01002200001308241549511245C_1296082600_482115100,6007,"[22.73809814453125, 647.1339721679688, 77.60588836669922, 662.5293579101562]",P3
MC,0.7580792903900146,TP,0.9011600017547607,0.9011600017547607,01002200001308241549511245C_1296082600_482115100,6007,"[943.5086059570312, 648.9408569335938, 995.3551025390625, 663.7935791015625]",P3
MC,0.7222814559936523,TP,0.7637954950332642,0.7637954950332642,01002200001308241549511245C_1296082600_482115100,6007,"[114.0123291015625, 604.5563354492188, 158.03640747070312, 614.5499267578125]",P3
MC,0.6147933602333069,TP,0.7146075963973999,0.7146075963973999,01002200001308241549511245C_1296082600_482115100,6007,"[375.8129577636719, 618.2317504882812, 418.30206298828125, 629.06298828125]",P3
TC,0.4326251149177551,TP,0.9438388347625732,0.9438388347625732,01002200001308241549511245C_1296082600_482115100,6007,"[1.5283997058868408, 670.07568359375, 191.83250427246094, 844.0797119140625]",P4
MC,0.3749118447303772,background_false_positive,0.0,0.0,01002200001308241549511245C_1296082600_482115100,6007,"[173.1702423095703, 607.4644165039062, 206.0269775390625, 615.5081787109375]",P3
MC,0.2993565797805786,TP,0.6254438757896423,0.6254438757896423,0100220000130825100227130J3_1294541600_483016200,6264,"[731.84130859375, 731.5513305664062, 787.7504272460938, 761.6551513671875]",P3
P,0.7848380208015442,TP,0.8852230906486511,0.8852230906486511,01002200001308251022236025D_1296511200_483350400,6682,"[219.8153839111328, 725.4094848632812, 390.7474060058594, 809.46728515625]",P4
TP,0.8992660045623779,TP,0.9511836171150208,0.9511836171150208,01002200001308251325411875D_1296983100_483924100,6683,"[2.067883253097534, 658.1041870117188, 177.72955322265625, 707.7405395507812]",P4
TP,0.8500672578811646,TP,0.9745626449584961,0.9745626449584961,01002200001308251325411875D_1296983100_483924100,6683,"[171.3839874267578, 693.12939453125, 1019.2902221679688, 786.2053833007812]",P5
TP,0.6181374788284302,TP,0.8923130035400391,0.8923130035400391,01002200001308251325411875D_1296983100_483924100,6683,"[945.8375854492188, 649.1749267578125, 1023.3303833007812, 675.1137084960938]",P3
LC,0.7038016319274902,TP,0.735775887966156,0.735775887966156,0100220000130825163751026J3_1294710000_483507800,6265,"[462.4857482910156, 683.9219970703125, 503.8193359375, 800.8721923828125]",P4
MC,0.4002087712287903,TP,0.6498579382896423,0.6498579382896423,0100220000130825163751026J3_1294710000_483507800,6265,"[477.2533264160156, 592.8790893554688, 527.8356323242188, 603.830078125]",P3
LC,0.42320847511291504,classification_error,0.0,0.5385837554931641,0100220000130825164202186J3_1294719500_483521000,6266,"[371.9884948730469, 757.5504760742188, 470.1392517089844, 823.7528686523438]",P4
LC,0.6883792281150818,classification_error,0.0,0.89961177110672,0100220000130826130526299J3_1294779500_482667400,6267,"[466.50439453125, 734.1423950195312, 489.0885925292969, 832.6785278320312]",P3
AC,0.813701868057251,TP,0.6057484149932861,0.6484092473983765,01002200001308261413307455K_1296048500_482456100,6008,"[230.5264129638672, 660.4249877929688, 333.9280700683594, 831.6002197265625]",P4
AC,0.7869090437889099,TP,0.8598875403404236,0.8598875403404236,01002200001308261413307455K_1296048500_482456100,6008,"[0.16886596381664276, 791.828369140625, 187.33474731445312, 863.1915893554688]",P4
MC,0.7247785925865173,TP,0.7931132912635803,0.7931132912635803,01002200001308261413307455K_1296048500_482456100,6008,"[421.9413146972656, 652.9602661132812, 496.8351745605469, 675.3655395507812]",P3
MC,0.6714484691619873,TP,0.7736436724662781,0.7736436724662781,01002200001308261413307455K_1296048500_482456100,6008,"[373.72247314453125, 585.3896484375, 412.7822265625, 595.3855590820312]",P3
MC,0.5351313948631287,background_false_positive,0.0,0.0,01002200001308261413307455K_1296048500_482456100,6008,"[574.27978515625, 614.122802734375, 617.72314453125, 626.0192260742188]",P3
TC,0.5240669250488281,localization_error,0.4505365490913391,0.4505365490913391,01002200001308261413307455K_1296048500_482456100,6008,"[755.4005126953125, 794.0857543945312, 884.8798217773438, 835.9564819335938]",P4
LC,0.39445093274116516,TP,0.6174373626708984,0.6174373626708984,01002200001308261413307455K_1296048500_482456100,6008,"[232.1914520263672, 657.71142578125, 327.49176025390625, 830.4120483398438]",P4
MC,0.38898494839668274,background_false_positive,0.0,0.0,01002200001308261413307455K_1296048500_482456100,6008,"[508.6803894042969, 610.0648803710938, 545.5651245117188, 625.3080444335938]",P3
TC,0.34003210067749023,TP,0.6831268668174744,0.6831268668174744,01002200001308261413307455K_1296048500_482456100,6008,"[986.3181762695312, 833.677734375, 1024.0, 864.2359619140625]",P4
MC,0.2615736424922943,duplicate_prediction,0.5831700563430786,0.5831700563430786,01002200001308261413307455K_1296048500_482456100,6008,"[373.8746643066406, 582.3829345703125, 416.67730712890625, 595.0850830078125]",P3
LC,0.8220362663269043,classification_error,0.0,0.8031293749809265,0100220000130830085914977J3_1294964200_483371100,6268,"[787.6004028320312, 730.96240234375, 934.1773681640625, 826.5548095703125]",P4
LC,0.8949053287506104,TP,0.7938900589942932,0.7938900589942932,0100220000130830091049153J3_1294974800_483388100,6269,"[250.5457000732422, 622.9718627929688, 481.6441955566406, 805.2443237304688]",P5
TC,0.6497683525085449,localization_error,0.3801017701625824,0.3801017701625824,0100220000130830091049153J3_1294974800_483388100,6269,"[53.50674057006836, 748.4892578125, 353.0988464355469, 816.5901489257812]",P4
TC,0.36694520711898804,TP,0.7428562045097351,0.7428562045097351,0100220000130830091049153J3_1294974800_483388100,6269,"[841.3829956054688, 806.1976928710938, 963.7697143554688, 825.6535034179688]",P3
MC,0.9268658757209778,TP,0.8710240721702576,0.8710240721702576,0100220000130830094232992J3_1294923100_483335500,6270,"[938.1023559570312, 736.7611694335938, 1019.537109375, 769.1572265625]",P3
LC,0.8938800096511841,TP,0.9173564314842224,0.9173564314842224,0100220000130830094232992J3_1294923100_483335500,6270,"[235.27403259277344, 594.078125, 410.857421875, 821.3211059570312]",P5
LC,0.7732109427452087,TP,0.5639224648475647,0.5639224648475647,0100220000130830094232992J3_1294923100_483335500,6270,"[99.43120574951172, 608.9006958007812, 334.4938659667969, 818.849609375]",P5
MC,0.7477105855941772,TP,0.8058668971061707,0.8058668971061707,0100220000130830094232992J3_1294923100_483335500,6270,"[429.6745300292969, 602.044921875, 479.38507080078125, 613.1158447265625]",P3
MC,0.39790573716163635,background_false_positive,0.0,0.0,0100220000130830094232992J3_1294923100_483335500,6270,"[885.4595947265625, 795.1240234375, 1004.9345703125, 842.0924072265625]",P3
LC,0.9225037693977356,TP,0.7357179522514343,0.7357179522514343,0100220000130830123737150J3_1295080000_483353300,6271,"[316.3870544433594, 572.6124267578125, 431.9871520996094, 816.6840209960938]",P4
MC,0.25093215703964233,background_false_positive,0.0,0.0,0100220000130830123737150J3_1295080000_483353300,6271,"[416.83184814453125, 543.4168090820312, 444.08380126953125, 549.3461303710938]",P3
MC,0.8163169026374817,TP,0.7727615833282471,0.7727615833282471,0100220000130830124823457J3_1295022000_483290700,6272,"[680.5474853515625, 678.3306274414062, 745.7687377929688, 701.8004760742188]",P3
TC,0.6648004651069641,TP,0.9343245029449463,0.9343245029449463,0100220000130830124823457J3_1295022000_483290700,6272,"[217.5768280029297, 736.0660400390625, 620.9505004882812, 765.7697143554688]",P4
P,0.6528626084327698,TP,0.6867514252662659,0.6867514252662659,0100220000130901111350607J3_1295276500_483492700,6273,"[533.945068359375, 642.5119018554688, 547.4258422851562, 658.1064453125]",P3
TC,0.6090728640556335,TP,0.6104565262794495,0.6104565262794495,0100220000130901111350607J3_1295276500_483492700,6273,"[596.8026123046875, 738.4947509765625, 759.968994140625, 751.3741455078125]",P3
P,0.4892020523548126,localization_error,0.4039345681667328,0.4039345681667328,0100220000130901111350607J3_1295276500_483492700,6273,"[533.5520629882812, 643.505615234375, 548.5901489257812, 667.6671752929688]",P3
TC,0.5991906523704529,TP,0.8107218146324158,0.8107218146324158,0100220000130901142851455J3_1294965700_483488700,6274,"[383.5171813964844, 604.1861572265625, 645.5955200195312, 614.4861450195312]",P3
LC,0.573302149772644,background_false_positive,0.031233372166752815,0.031233372166752815,0100220000130901142851455J3_1294965700_483488700,6274,"[551.5077514648438, 608.4591064453125, 628.0968017578125, 819.0348510742188]",P4
TC,0.5602514743804932,duplicate_prediction,0.5731800198554993,0.5731800198554993,0100220000130901142851455J3_1294965700_483488700,6274,"[393.2067565917969, 601.9221801757812, 655.3007202148438, 613.5498046875]",P3
LC,0.37628617882728577,localization_error,0.17682531476020813,0.17682531476020813,0100220000130901142851455J3_1294965700_483488700,6274,"[520.0227661132812, 520.91845703125, 628.65576171875, 817.6552734375]",P4
MC,0.26992693543434143,TP,0.5889719724655151,0.5889719724655151,0100220000130901142851455J3_1294965700_483488700,6274,"[456.2585144042969, 548.7110595703125, 481.9013671875, 556.8414916992188]",P3
TC,0.7463220953941345,TP,0.7405054569244385,0.7405054569244385,0100220000130902123614896J3_1294819400_483486000,6275,"[103.99922180175781, 626.4257202148438, 677.6599731445312, 658.9163208007812]",P4
LC,0.5372931957244873,TP,0.7671805620193481,0.7671805620193481,0100220000130902123614896J3_1294819400_483486000,6275,"[458.52587890625, 669.7459106445312, 492.51885986328125, 842.3004150390625]",P4
LC,0.5968884825706482,TP,0.9642549157142639,0.9642549157142639,0100220000130902124106781J3_1294833200_483508000,6276,"[323.99981689453125, 697.1316528320312, 400.8828125, 844.6090698242188]",P4
MC,0.2718164920806885,TP,0.7870461344718933,0.7870461344718933,0100220000130902124106781J3_1294833200_483508000,6276,"[402.98126220703125, 610.5191650390625, 459.5275573730469, 628.3820190429688]",P3
LC,0.2616681456565857,background_false_positive,0.0,0.0,0100220000130902124106781J3_1294833200_483508000,6276,"[445.42852783203125, 506.1670837402344, 484.5627136230469, 611.0092163085938]",P4
MC,0.26119014620780945,background_false_positive,0.0,0.0,0100220000130902124106781J3_1294833200_483508000,6276,"[193.18212890625, 616.5731811523438, 261.3421936035156, 630.9218139648438]",P3
MC,0.9385331869125366,TP,0.9139085412025452,0.9139085412025452,0100220000130902124127299J3_1294834400_483496600,6277,"[469.2702331542969, 671.6923217773438, 551.0394897460938, 699.3397827148438]",P3
LC,0.8979294896125793,localization_error,0.46947288513183594,0.46947288513183594,0100220000130902124127299J3_1294834400_483496600,6277,"[363.5009460449219, 550.3141479492188, 484.4125061035156, 843.1935424804688]",P5
MC,0.2905293107032776,TP,0.8778828382492065,0.8778828382492065,0100220000130902124127299J3_1294834400_483496600,6277,"[221.18138122558594, 608.2734375, 277.0127868652344, 621.4945678710938]",P3
TC,0.9213899970054626,TP,0.8949601650238037,0.8949601650238037,0100220000130902124206864J3_1294848000_483487100,6278,"[326.8462829589844, 714.8230590820312, 1024.0, 793.4132690429688]",P5
TC,0.3875907063484192,TP,0.5377064347267151,0.5377064347267151,0100220000130902124206864J3_1294848000_483487100,6278,"[579.0099487304688, 596.0966186523438, 871.2058715820312, 613.8228149414062]",P4
AC,0.9626192450523376,TP,0.7744951844215393,0.7744951844215393,0100220000130902124224992J3_1294849300_483476200,6279,"[574.0608520507812, 543.6083984375, 1021.8905639648438, 865.3355712890625]",P5
MC,0.7159128189086914,TP,0.8435454368591309,0.8435454368591309,0100220000130902124224992J3_1294849300_483476200,6279,"[455.8263854980469, 580.9225463867188, 494.572265625, 590.2230834960938]",P3
MC,0.3832142651081085,TP,0.8171651363372803,0.8171651363372803,0100220000130902124224992J3_1294849300_483476200,6279,"[154.01243591308594, 574.2479248046875, 191.56008911132812, 582.6118774414062]",P3
TC,0.48700258135795593,background_false_positive,0.0,0.16608479619026184,0100220000130902130944582J3_1294923700_483471000,6280,"[124.9766616821289, 652.0953369140625, 875.7716064453125, 691.1596069335938]",P5
MC,0.8592383861541748,TP,0.878411591053009,0.878411591053009,0100220000130902133831847J3_1294903400_483481600,6281,"[858.650390625, 647.3165893554688, 932.9301147460938, 673.1982421875]",P3
LC,0.3908706307411194,TP,0.5663135647773743,0.5663135647773743,0100220000130902133831847J3_1294903400_483481600,6281,"[479.8805236816406, 561.7052612304688, 500.1500549316406, 845.3117065429688]",P4
MC,0.7796342968940735,TP,0.9059463739395142,0.9059463739395142,0100220000130902133936778J3_1294859000_483479000,6282,"[467.9725036621094, 702.070556640625, 542.323974609375, 729.0792846679688]",P3
TC,0.45199325680732727,localization_error,0.40864449739456177,0.40864449739456177,0100220000130902133936778J3_1294859000_483479000,6282,"[151.01422119140625, 701.8490600585938, 446.0234069824219, 736.0125122070312]",P4
TC,0.2858537435531616,localization_error,0.2361839860677719,0.2361839860677719,0100220000130902133936778J3_1294859000_483479000,6282,"[416.2071228027344, 721.2484741210938, 698.7615356445312, 746.6703491210938]",P4
MC,0.276210755109787,background_false_positive,0.0,0.0,0100220000130902133936778J3_1294859000_483479000,6282,"[201.5823211669922, 556.6685791015625, 239.58975219726562, 566.5245971679688]",P3
MC,0.8751382827758789,TP,0.9109887480735779,0.9109887480735779,0100220000130902152214476J3_1294917100_483601100,6283,"[0.47541505098342896, 778.0894775390625, 60.66335678100586, 829.1199340820312]",P3
LP,0.8299500942230225,TP,0.9457602500915527,0.9457602500915527,0100220000130902152214476J3_1294917100_483601100,6283,"[248.3522491455078, 603.8385620117188, 614.1122436523438, 742.5260620117188]",P5
MC,0.7702302932739258,background_false_positive,0.0,0.0,0100220000130902152214476J3_1294917100_483601100,6283,"[241.58836364746094, 586.4567260742188, 293.8956298828125, 600.7157592773438]",P3
LP,0.7192286252975464,TP,0.6758922338485718,0.6758922338485718,0100220000130902152214476J3_1294917100_483601100,6283,"[29.00835609436035, 603.8129272460938, 170.4661102294922, 686.1470947265625]",P4
LC,0.46112149953842163,classification_error,0.0,0.9203135371208191,0100220000130902152214476J3_1294917100_483601100,6283,"[247.40444946289062, 602.5782470703125, 612.3031616210938, 746.1823120117188]",P5
MC,0.2888168394565582,background_false_positive,0.0,0.0,0100220000130902152214476J3_1294917100_483601100,6283,"[895.099609375, 572.0990600585938, 927.818359375, 582.4076538085938]",P3
MC,0.7509549856185913,TP,0.941102147102356,0.941102147102356,01002200001309200917368155F_1295005800_483984000,6447,"[433.2189636230469, 576.9680786132812, 481.1465759277344, 588.3408203125]",P3
TC,0.543492317199707,TP,0.6037511229515076,0.6037511229515076,01002200001309200917368155F_1295005800_483984000,6447,"[336.7113952636719, 777.188232421875, 636.368896484375, 831.6163940429688]",P4
TC,0.2949078679084778,TP,0.658619225025177,0.658619225025177,01002200001309200917368155F_1295005800_483984000,6447,"[487.3848571777344, 774.9249267578125, 639.7864379882812, 806.06005859375]",P4
AC,0.2905614674091339,localization_error,0.48727279901504517,0.48727279901504517,01002200001309200917368155F_1295005800_483984000,6447,"[372.6445007324219, 649.6260986328125, 466.479248046875, 703.41064453125]",P4
TC,0.5142130851745605,TP,0.6064042448997498,0.6064042448997498,01002200001309200918395485P_1295201600_483200000,6448,"[811.21923828125, 804.7650756835938, 933.15185546875, 842.6705322265625]",P4
MC,0.8506370186805725,TP,0.934302806854248,0.934302806854248,01002200001309200953493775F_1295054600_484039800,6449,"[520.1493530273438, 691.9498291015625, 609.9703979492188, 724.0971069335938]",P3
TC,0.7493817806243896,TP,0.7731179594993591,0.7731179594993591,01002200001309200953493775F_1295054600_484039800,6449,"[77.4490737915039, 688.6135864257812, 477.8903503417969, 737.8250122070312]",P4
LC,0.7336943745613098,TP,0.8736083507537842,0.8736083507537842,01002200001309200953493775F_1295054600_484039800,6449,"[456.01708984375, 672.9541625976562, 468.5153503417969, 754.7500610351562]",P3
LC,0.602226734161377,TP,0.7389187812805176,0.7389187812805176,01002200001309200953493775F_1295054600_484039800,6449,"[634.185546875, 668.7067260742188, 693.4174194335938, 752.6046142578125]",P3
TP,0.5876200795173645,TP,0.8235114216804504,0.8235114216804504,01002200001309201318419855A_1293017800_485035300,6450,"[213.7047882080078, 687.1210327148438, 442.42041015625, 706.5471801757812]",P4
TP,0.74864661693573,TP,0.6083071827888489,0.6083071827888489,01002200001309201349262275Q_1294659500_484114200,6451,"[330.3252258300781, 699.9749755859375, 838.7413940429688, 776.3336791992188]",P5
MC,0.8025959134101868,TP,0.6960196495056152,0.6960196495056152,01002200001309201508327435F_1294562800_483565600,6452,"[414.37188720703125, 543.8516845703125, 445.28692626953125, 551.1340942382812]",P3
TC,0.766410768032074,TP,0.8173762559890747,0.8173762559890747,01002200001309201508327435F_1294562800_483565600,6452,"[16.850341796875, 792.1412353515625, 792.2109985351562, 848.8580322265625]",P5
TC,0.3584713339805603,localization_error,0.4450186491012573,0.4450186491012573,01002200001309201508327435F_1294562800_483565600,6452,"[250.283203125, 801.9164428710938, 785.15966796875, 846.6793212890625]",P4
LC,0.9236445426940918,TP,0.845528781414032,0.845528781414032,01002200001309211122399765L_1295241400_483065600,6128,"[515.4835205078125, 573.1357421875, 588.5284423828125, 835.3861694335938]",P4
MC,0.8249422907829285,TP,0.7906820774078369,0.7906820774078369,01002200001404291200171516Z_1294971200_484293100,6453,"[277.232177734375, 690.16552734375, 334.1393127441406, 706.68212890625]",P3
MC,0.7765895128250122,TP,0.7513101696968079,0.7513101696968079,01002200001404291200171516Z_1294971200_484293100,6453,"[222.51260375976562, 651.5587768554688, 266.2666931152344, 664.0208740234375]",P3
MC,0.8318191766738892,TP,0.8743847012519836,0.8743847012519836,01002200001405021347262626Z_1295238700_483870500,6454,"[319.6384582519531, 683.0940551757812, 379.1429443359375, 702.1060791015625]",P3
TC,0.7490341067314148,TP,0.6784133315086365,0.6784133315086365,01002200001405021347262626Z_1295238700_483870500,6454,"[378.0757141113281, 705.9431762695312, 695.35107421875, 728.62548828125]",P5
MC,0.7318326234817505,TP,0.7711427807807922,0.7711427807807922,01002200001405021347262626Z_1295238700_483870500,6454,"[971.583984375, 664.0192260742188, 1023.4535522460938, 679.4730834960938]",P3
MC,0.39714673161506653,background_false_positive,0.0,0.0,01002200001405021347262626Z_1295238700_483870500,6454,"[600.9576416015625, 582.191162109375, 626.7564697265625, 587.9210815429688]",P3
TC,0.7494611740112305,TP,0.8638293147087097,0.8638293147087097,01002200001405091020099456Z_1295186900_483313600,6455,"[340.5951843261719, 756.9457397460938, 668.5684814453125, 780.5162353515625]",P5
MC,0.28892672061920166,background_false_positive,0.0,0.0,01002200001405091020099456Z_1295186900_483313600,6455,"[350.2366638183594, 604.4358520507812, 382.4661865234375, 613.8880004882812]",P3
LC,0.2723234295845032,TP,0.6447092890739441,0.6447092890739441,01002200001405091226059896Z_1295267800_483649200,6456,"[320.9380798339844, 714.0463256835938, 397.79296875, 855.5333862304688]",P4
LC,0.9443534016609192,TP,0.8207665681838989,0.8207665681838989,01002200001405091230029746Z_1295249000_483682800,6457,"[211.01768493652344, 571.9269409179688, 481.1533203125, 927.0885009765625]",P5
TC,0.6937033534049988,TP,0.8313612937927246,0.8313612937927246,01002200001405091230029746Z_1295249000_483682800,6457,"[29.359350204467773, 701.0427856445312, 778.0402221679688, 785.6135864257812]",P5
TC,0.4770702123641968,background_false_positive,0.0,0.00896026473492384,01002200001405091230029746Z_1295249000_483682800,6457,"[302.4482116699219, 591.4330444335938, 544.5449829101562, 603.8226928710938]",P3
TC,0.34249818325042725,duplicate_prediction,0.6790688633918762,0.6790688633918762,01002200001405091230029746Z_1295249000_483682800,6457,"[5.192236423492432, 694.8345947265625, 550.1724243164062, 782.1005859375]",P5
TC,0.3130834996700287,TP,0.6767393946647644,0.6767393946647644,01002200001405091230029746Z_1295249000_483682800,6457,"[199.1623077392578, 629.8052978515625, 546.06640625, 647.5033569335938]",P3
TC,0.2881542146205902,localization_error,0.3283784091472626,0.3283784091472626,01002200001405091230029746Z_1295249000_483682800,6457,"[360.69586181640625, 638.5183715820312, 663.5192260742188, 648.1842041015625]",P3
LC,0.26539134979248047,TP,0.8652610778808594,0.8652610778808594,01002200001405091230029746Z_1295249000_483682800,6457,"[83.34297180175781, 931.5949096679688, 154.70286560058594, 986.0070190429688]",P4
TC,0.8353163003921509,TP,0.905501663684845,0.905501663684845,01002200001405091230376676Z_1295238500_483682200,6458,"[0.62158203125, 727.2542114257812, 878.8679809570312, 825.6096801757812]",P5
TC,0.48320239782333374,duplicate_prediction,0.7060635685920715,0.7060635685920715,01002200001405091230376676Z_1295238500_483682200,6458,"[5.39453125, 756.876953125, 860.9441528320312, 827.3861694335938]",P5
MC,0.2885085940361023,background_false_positive,0.0,0.0,01002200001405091230376676Z_1295238500_483682200,6458,"[121.4932861328125, 693.2340698242188, 167.361083984375, 709.2151489257812]",P3
LC,0.8527449369430542,localization_error,0.41490399837493896,0.41490399837493896,09002200001503151305378186P_1294982400_484057100,6459,"[86.95747375488281, 606.49462890625, 404.6728515625, 973.3002319335938]",P5
LC,0.7240907549858093,TP,0.8683934211730957,0.8683934211730957,09002200001503151305378186P_1294982400_484057100,6459,"[336.4670104980469, 613.1744384765625, 405.8703308105469, 708.5460815429688]",P4
TC,0.3597159683704376,localization_error,0.35397449135780334,0.35397449135780334,09002200001503151305378186P_1294982400_484057100,6459,"[319.7266845703125, 737.0450439453125, 607.9384155273438, 751.6217651367188]",P3
LC,0.3063640892505646,localization_error,0.1255393922328949,0.1255393922328949,09002200001503151305378186P_1294982400_484057100,6459,"[614.8436889648438, 742.1884765625, 701.2643432617188, 887.3609619140625]",P4
TC,0.25392043590545654,background_false_positive,0.0,0.004349900875240564,09002200001503151305378186P_1294982400_484057100,6459,"[405.8819274902344, 644.7516479492188, 643.6813354492188, 658.4473876953125]",P4
TP,0.8904324173927307,TP,0.919629693031311,0.919629693031311,09002200001504060306140736P_1293931000_483851900,6460,"[0.45441895723342896, 740.8327026367188, 291.6030578613281, 815.61181640625]",P5
TP,0.3182212710380554,background_false_positive,0.0,0.0,09002200001504060306140736P_1293931000_483851900,6460,"[423.03350830078125, 611.4830932617188, 665.9639892578125, 622.2467651367188]",P5
LP,0.9265382885932922,TP,0.9046272039413452,0.9046272039413452,09002200001504060328049306P_1293775600_482830700,6461,"[526.568359375, 586.5222778320312, 585.3573608398438, 749.2452392578125]",P4
LP,0.5638508200645447,background_false_positive,0.0,0.0,09002200001504060328049306P_1293775600_482830700,6461,"[591.0421752929688, 815.8394775390625, 613.0902099609375, 841.7820434570312]",P3
LP,0.2609642744064331,TP,0.6811096668243408,0.6811096668243408,09002200001504060328049306P_1293775600_482830700,6461,"[202.57920837402344, 571.6034545898438, 367.98193359375, 661.3348999023438]",P4
AC,0.8799896836280823,TP,0.6995130181312561,0.6995130181312561,09002200001504130345205677E_1295788800_483312600,6009,"[181.28135681152344, 558.7924194335938, 456.5583190917969, 801.521484375]",P5
LC,0.6284123063087463,localization_error,0.197600856423378,0.197600856423378,09002200001504130345205677E_1295788800_483312600,6009,"[600.16357421875, 622.7814331054688, 703.0945434570312, 707.9109497070312]",P4
MC,0.5807039141654968,TP,0.9104335308074951,0.9104335308074951,09002200001504130345205677E_1295788800_483312600,6009,"[486.8260803222656, 636.0904541015625, 522.62646484375, 646.53515625]",P3
MC,0.33190298080444336,duplicate_prediction,0.5841620564460754,0.5841620564460754,09002200001504130345205677E_1295788800_483312600,6009,"[486.6388854980469, 633.5333251953125, 521.0043334960938, 644.5201416015625]",P3
LP,0.711931049823761,TP,0.907870352268219,0.907870352268219,09002200001504160308367446P_1294457000_482831600,6462,"[415.0248107910156, 526.46240234375, 495.1927795410156, 831.1511840820312]",P4
LP,0.6850458383560181,background_false_positive,0.058053020387887955,0.058053020387887955,09002200001504160308367446P_1294457000_482831600,6462,"[474.28692626953125, 537.5304565429688, 496.00762939453125, 603.7262573242188]",P3
LP,0.46384257078170776,duplicate_prediction,0.6926637887954712,0.6926637887954712,09002200001504160308367446P_1294457000_482831600,6462,"[413.94952392578125, 606.3729858398438, 490.2774353027344, 831.0930786132812]",P4
TC,0.9099321365356445,TP,0.7256321907043457,0.7256321907043457,09002200001504160331482026P_1295433200_483719300,6463,"[1.790185570716858, 663.7786254882812, 479.1072692871094, 774.4606323242188]",P5
MC,0.9041405916213989,TP,0.8572137355804443,0.8572137355804443,09002200001504160331482026P_1295433200_483719300,6463,"[626.650390625, 768.9352416992188, 749.38427734375, 819.8760986328125]",P3
LC,0.8957728147506714,TP,0.9392200708389282,0.9392200708389282,0900220000150504021829578T5_1295832900_482342000,6003,"[484.462890625, 520.6776733398438, 557.2672119140625, 822.65380859375]",P4
LC,0.8474593162536621,TP,0.6651055812835693,0.6651055812835693,0900220000150516023747369A6_1293879900_483249200,6284,"[623.6166381835938, 679.625732421875, 854.6363525390625, 966.4773559570312]",P5
LC,0.6786889433860779,TP,0.8470863103866577,0.8470863103866577,0900220000150516023747369A6_1293879900_483249200,6284,"[537.3017578125, 573.2894897460938, 601.4236450195312, 658.0504760742188]",P4
TC,0.4508861005306244,TP,0.7304049134254456,0.7304049134254456,0900220000150516023747369A6_1293879900_483249200,6284,"[454.2398376464844, 593.4075317382812, 541.4439697265625, 599.2626342773438]",P3
TC,0.2517678737640381,duplicate_prediction,0.5084257125854492,0.5084257125854492,0900220000150516023747369A6_1293879900_483249200,6284,"[453.2450256347656, 591.5223999023438, 550.8593139648438, 599.07861328125]",P3
AC,0.9365231990814209,TP,0.9501717686653137,0.9501717686653137,0900220000150516040411435A6_1293945800_483229100,6285,"[0.9281250238418579, 570.89306640625, 425.9443359375, 855.18017578125]",P5
MC,0.932027280330658,TP,0.9112599492073059,0.9112599492073059,0900220000150516062822171A6_1293914400_483091900,6286,"[297.234619140625, 757.2630004882812, 387.4486999511719, 792.5128173828125]",P3
LC,0.8989097476005554,TP,0.6055604815483093,0.6055604815483093,0900220000150516062822171A6_1293914400_483091900,6286,"[519.1947631835938, 536.0180053710938, 609.6661987304688, 818.4013671875]",P4
MC,0.5195456147193909,localization_error,0.33833250403404236,0.33833250403404236,0900220000150516062822171A6_1293914400_483091900,6286,"[455.556640625, 591.2379760742188, 485.9103698730469, 598.74072265625]",P3
TC,0.48979252576828003,TP,0.8539460301399231,0.8539460301399231,0900220000150516062822171A6_1293914400_483091900,6286,"[566.1787109375, 651.6762084960938, 822.5115356445312, 676.3720092773438]",P5
LC,0.9074187278747559,TP,0.8845043778419495,0.8845043778419495,0900220000150516062910553A6_1293908600_483096900,6287,"[384.2793884277344, 566.7922973632812, 477.25518798828125, 742.7874145507812]",P4
MC,0.7871760129928589,TP,0.9168301820755005,0.9168301820755005,0900220000150516062910553A6_1293908600_483096900,6287,"[548.8157348632812, 681.7478637695312, 610.9713745117188, 702.4935913085938]",P3
TC,0.5601105093955994,background_false_positive,0.0,0.45887795090675354,0900220000150516062910553A6_1293908600_483096900,6287,"[192.71202087402344, 773.3673706054688, 369.945556640625, 814.3888549804688]",P4
MC,0.49540337920188904,background_false_positive,0.0,0.0,0900220000150516062910553A6_1293908600_483096900,6287,"[239.758544921875, 678.5362548828125, 290.55133056640625, 692.8202514648438]",P3
MC,0.2509448826313019,background_false_positive,0.0,0.0,0900220000150516062910553A6_1293908600_483096900,6287,"[536.097412109375, 592.0704345703125, 558.3270263671875, 597.9452514648438]",P3
LC,0.8054574131965637,TP,0.8703750967979431,0.8703750967979431,0900220000150517030540482A6_1294173800_482953500,6288,"[927.75439453125, 845.8419799804688, 1024.0, 900.1990356445312]",P4
TC,0.6636216640472412,TP,0.5437755584716797,0.5437755584716797,0900220000150517030540482A6_1294173800_482953500,6288,"[326.1778259277344, 644.2766723632812, 683.9398803710938, 661.6456298828125]",P4
LC,0.5856090188026428,TP,0.7594486474990845,0.7594486474990845,0900220000150517030540482A6_1294173800_482953500,6288,"[265.58404541015625, 836.7869262695312, 333.8748474121094, 901.4760131835938]",P4
TC,0.32694870233535767,duplicate_prediction,0.7965781092643738,0.7965781092643738,0900220000150517030540482A6_1294173800_482953500,6288,"[331.8293151855469, 649.299072265625, 684.6921997070312, 660.729248046875]",P4
TC,0.28823110461235046,TP,0.7424798011779785,0.7424798011779785,0900220000150517030540482A6_1294173800_482953500,6288,"[186.33877563476562, 870.1632690429688, 304.5775451660156, 903.9262084960938]",P3
MC,0.9059000015258789,TP,0.7864969968795776,0.7864969968795776,09002200001505180230456392M_1295271000_484100200,6464,"[445.6573181152344, 648.9948120117188, 499.7323303222656, 665.5569458007812]",P3
MC,0.818827211856842,TP,0.8453904986381531,0.8453904986381531,09002200001505180230456392M_1295271000_484100200,6464,"[209.4859161376953, 641.5648803710938, 254.6455841064453, 652.663330078125]",P3
AC,0.35133445262908936,classification_error,0.0,0.8951262831687927,09002200001505180230456392M_1295271000_484100200,6464,"[546.4871215820312, 659.4376220703125, 637.4262084960938, 803.3419799804688]",P4
MC,0.34708333015441895,TP,0.6389819383621216,0.6389819383621216,09002200001505180230456392M_1295271000_484100200,6464,"[355.8341979980469, 633.3366088867188, 395.209228515625, 644.7129516601562]",P3
AC,0.2587323784828186,background_false_positive,0.0,0.4795362651348114,09002200001505180230456392M_1295271000_484100200,6464,"[547.3642578125, 653.7088012695312, 696.0779418945312, 823.6876831054688]",P5
LC,0.6911299228668213,localization_error,0.46795007586479187,0.46795007586479187,0900220000150519065622796A6_1294368400_482652000,6289,"[43.811256408691406, 678.9823608398438, 321.4810791015625, 851.0635986328125]",P5
LC,0.4824376702308655,background_false_positive,0.0,0.0,0900220000150519065622796A6_1294368400_482652000,6289,"[558.45166015625, 769.8109741210938, 578.8253173828125, 788.4003295898438]",P4
TC,0.4671975076198578,TP,0.6650524735450745,0.6650524735450745,0900220000150519065622796A6_1294368400_482652000,6289,"[148.94277954101562, 660.7374877929688, 535.3986206054688, 688.9581298828125]",P5
TC,0.3522009253501892,TP,0.7141343951225281,0.7141343951225281,0900220000150519065622796A6_1294368400_482652000,6289,"[77.02715301513672, 697.1603393554688, 220.99954223632812, 729.3973388671875]",P3
MC,0.32963550090789795,background_false_positive,0.0,0.0,0900220000150519065622796A6_1294368400_482652000,6289,"[761.6080322265625, 579.34521484375, 794.470703125, 585.5184936523438]",P3
TC,0.3204838037490845,localization_error,0.4318920075893402,0.4318920075893402,0900220000150519065622796A6_1294368400_482652000,6289,"[151.73358154296875, 657.2628784179688, 448.2705078125, 685.0665893554688]",P4
P,0.31585097312927246,background_false_positive,0.0,0.0,0900220000150519065622796A6_1294368400_482652000,6289,"[540.1705932617188, 693.9232788085938, 584.1688842773438, 707.0004272460938]",P3
MC,0.2585941255092621,background_false_positive,0.0,0.0,0900220000150519065622796A6_1294368400_482652000,6289,"[540.1705932617188, 693.9232788085938, 584.1688842773438, 707.0004272460938]",P3
LC,0.9558117389678955,TP,0.9572349786758423,0.9572349786758423,0900220000150520072833699A6_1294847900_482445900,6290,"[547.6801147460938, 585.14453125, 619.5919799804688, 811.39453125]",P4
LC,0.6990556120872498,TP,0.8237878680229187,0.8237878680229187,0900220000150520072833699A6_1294847900_482445900,6290,"[220.75601196289062, 641.5335083007812, 375.906494140625, 770.3270874023438]",P4
TP,0.8896943926811218,TP,0.8609654307365417,0.8609654307365417,09002200011601071016280047H_1294661900_484115700,6465,"[74.66426086425781, 639.9357299804688, 649.6834716796875, 700.2045288085938]",P5
AC,0.655701756477356,TP,0.6218194365501404,0.6218194365501404,09002200011601071054157417H_1293840700_483252100,6466,"[363.244140625, 660.6508178710938, 919.6433715820312, 823.994140625]",P5
LC,0.45586347579956055,background_false_positive,0.0,0.1572875678539276,09002200011601071054157417H_1293840700_483252100,6466,"[723.0471801757812, 598.7116088867188, 1024.0, 746.0640869140625]",P5
LC,0.39264267683029175,background_false_positive,0.0,0.14909741282463074,09002200011601071054157417H_1293840700_483252100,6466,"[778.044921875, 635.8662109375, 1024.0, 746.2750244140625]",P4
LC,0.3909606337547302,background_false_positive,0.0,0.03669797256588936,09002200011601071054157417H_1293840700_483252100,6466,"[848.1217041015625, 592.3961791992188, 954.4599609375, 624.5438842773438]",P4
LP,0.8529002070426941,localization_error,0.20121024549007416,0.20121024549007416,09002200011601071307065217H_1294633200_483638600,6467,"[355.9677429199219, 552.4599609375, 498.4295349121094, 727.4130859375]",P4
LP,0.7148491144180298,TP,0.8478379845619202,0.8478379845619202,09002200011601071307065217H_1294633200_483638600,6467,"[444.9378967285156, 553.6835327148438, 499.7811584472656, 628.0762939453125]",P3
TP,0.6104483008384705,TP,0.8202014565467834,0.8202014565467834,09002200011601071307065217H_1294633200_483638600,6467,"[0.46028444170951843, 819.0079956054688, 54.28806686401367, 855.0187377929688]",P3
MC,0.8429318070411682,background_false_positive,0.0,0.0,09002200011601091003273818E_1295362700_484101300,6468,"[833.0751953125, 685.5809936523438, 921.1967163085938, 718.40673828125]",P3
MC,0.42794176936149597,classification_error,0.0,0.8537214994430542,09002200011601091003273818E_1295362700_484101300,6468,"[166.08316040039062, 724.1500854492188, 229.9302215576172, 749.2664184570312]",P3
LP,0.9290260076522827,TP,0.6915619969367981,0.6915619969367981,09002200011601091205150898E_1295048100_483701700,6469,"[557.0266723632812, 566.2012939453125, 633.9608764648438, 774.5651245117188]",P4
TP,0.4505321681499481,localization_error,0.22555813193321228,0.22555813193321228,09002200011601091205150898E_1295048100_483701700,6469,"[145.22715759277344, 613.3497314453125, 235.45986938476562, 623.9677124023438]",P3
TP,0.27709829807281494,TP,0.8320173025131226,0.8320173025131226,09002200011601091205150898E_1295048100_483701700,6469,"[33.064918518066406, 601.943359375, 235.9979705810547, 624.1176147460938]",P5
LP,0.945995032787323,TP,0.9406039714813232,0.9406039714813232,09002200011601091209566738E_1294754800_483696000,6470,"[1.3802490234375, 591.4729614257812, 288.9029235839844, 722.4462890625]",P5
LP,0.7504296898841858,TP,0.6777677536010742,0.6777677536010742,09002200011601091220588558E_1294810400_483694000,6471,"[466.0760192871094, 572.1891479492188, 486.5265197753906, 592.3490600585938]",P3
TP,0.5869099497795105,TP,0.9075313210487366,0.9075313210487366,09002200011601091220588558E_1294810400_483694000,6471,"[29.581151962280273, 705.3069458007812, 840.5741577148438, 768.0722045898438]",P5
LP,0.565918505191803,localization_error,0.4461352825164795,0.4461352825164795,09002200011601091220588558E_1294810400_483694000,6471,"[35.00048828125, 632.6478881835938, 304.012451171875, 723.8998413085938]",P4
LP,0.5608557462692261,TP,0.7493708729743958,0.7493708729743958,09002200011601091220588558E_1294810400_483694000,6471,"[23.016407012939453, 568.4871215820312, 367.6260681152344, 722.1150512695312]",P5
TP,0.49533095955848694,localization_error,0.45280832052230835,0.45280832052230835,09002200011601091220588558E_1294810400_483694000,6471,"[431.63409423828125, 713.3275756835938, 841.9559936523438, 764.7244262695312]",P4
TP,0.2724207639694214,background_false_positive,0.0,0.030109236016869545,09002200011601091220588558E_1294810400_483694000,6471,"[432.70050048828125, 562.1075439453125, 612.6676635742188, 570.1360473632812]",P3
LP,0.9363225102424622,TP,0.8602151274681091,0.8602151274681091,09002200011601100837057868E_1294665600_484120300,6472,"[573.2605590820312, 685.2919311523438, 653.8028564453125, 805.28271484375]",P4
LP,0.46134284138679504,background_false_positive,0.0,0.0,09002200011601100837057868E_1294665600_484120300,6472,"[0.8138183951377869, 644.4859619140625, 295.50079345703125, 809.6568603515625]",P5
LP,0.5075076818466187,localization_error,0.17340174317359924,0.17340174317359924,09002200011601100846218348E_1294971300_484180900,6473,"[527.3532104492188, 562.4645385742188, 545.4885864257812, 647.3713989257812]",P3
LP,0.3420144021511078,localization_error,0.12168139219284058,0.12168139219284058,09002200011601100846218348E_1294971300_484180900,6473,"[527.3434448242188, 563.9835205078125, 545.5944213867188, 623.1878051757812]",P3
TP,0.6154567003250122,TP,0.9049187302589417,0.9049187302589417,09002200011601101158264457H_1293853700_483750500,6474,"[392.2702331542969, 656.7570190429688, 705.11669921875, 667.9340209960938]",P5
LP,0.5177916288375854,TP,0.5955109000205994,0.5955109000205994,09002200011601101158264457H_1293853700_483750500,6474,"[526.4362182617188, 601.5095825195312, 551.45556640625, 641.6658325195312]",P3
LP,0.47665271162986755,localization_error,0.30194011330604553,0.30194011330604553,09002200011601101158264457H_1293853700_483750500,6474,"[515.6408081054688, 582.1431884765625, 551.2224731445312, 641.3523559570312]",P3
LP,0.45134589076042175,duplicate_prediction,0.7501543760299683,0.7501543760299683,09002200011601101158264457H_1293853700_483750500,6474,"[533.1563720703125, 614.06787109375, 552.0833129882812, 642.6052856445312]",P3
LP,0.9708578586578369,TP,0.9429795145988464,0.9429795145988464,09002200011601101348349272L_1295050900_483431000,6475,"[399.6750183105469, 617.8447265625, 500.2543029785156, 910.5929565429688]",P4
LP,0.9604054689407349,TP,0.9777588248252869,0.9777588248252869,09002200011601101348349272L_1295050900_483431000,6475,"[2.853466749191284, 580.4755859375, 421.8365783691406, 894.6781616210938]",P5
LP,0.7496157884597778,TP,0.7257012128829956,0.7257012128829956,09002200011601101348349272L_1295050900_483431000,6475,"[538.4130859375, 518.9298095703125, 562.4049072265625, 563.4108276367188]",P3
MC,0.6148753762245178,background_false_positive,0.0,0.0,09002200011601101348349272L_1295050900_483431000,6475,"[593.99853515625, 543.5309448242188, 621.5076293945312, 549.6301879882812]",P3
LP,0.9507346153259277,TP,0.8259456157684326,0.8259456157684326,09002200011601101348517072L_1295073100_483431900,6476,"[125.81201171875, 606.3203125, 409.4747009277344, 832.4806518554688]",P5
LC,0.2698555290699005,background_false_positive,0.0,0.0,09002200011601101348517072L_1295073100_483431900,6476,"[723.5494995117188, 575.6129150390625, 861.4322509765625, 648.1900634765625]",P4
TP,0.7777848839759827,TP,0.8681595325469971,0.8681595325469971,09002200011601101350137482L_1295175700_483434000,6477,"[301.3355407714844, 607.5877075195312, 611.2937622070312, 631.4682006835938]",P4
LP,0.8885976672172546,TP,0.8764529824256897,0.8764529824256897,09002200011601101355105462L_1295530100_483444600,6129,"[287.8254089355469, 665.9736328125, 362.4765319824219, 711.7621459960938]",P3
LP,0.8702211976051331,TP,0.5583897233009338,0.5583897233009338,09002200011601101355105462L_1295530100_483444600,6129,"[331.6454772949219, 633.4573364257812, 476.7132263183594, 815.9544067382812]",P4
LP,0.487296462059021,localization_error,0.35684219002723694,0.35684219002723694,09002200011601101355105462L_1295530100_483444600,6129,"[500.4064636230469, 539.87890625, 523.8858642578125, 572.3705444335938]",P3
LP,0.4681667983531952,TP,0.5017265677452087,0.5017265677452087,09002200011601101355105462L_1295530100_483444600,6129,"[500.5625915527344, 540.0965576171875, 534.37158203125, 572.2245483398438]",P3
TC,0.42285603284835815,TP,0.9178187847137451,0.9178187847137451,09002200011601101355105462L_1295530100_483444600,6129,"[39.806251525878906, 703.3703002929688, 335.9921569824219, 791.1273803710938]",P4
LP,0.38079750537872314,duplicate_prediction,0.7419044971466064,0.7419044971466064,09002200011601101355105462L_1295530100_483444600,6129,"[501.0111389160156, 538.6471557617188, 553.9236450195312, 572.7882080078125]",P4
LP,0.8626847863197327,TP,0.9507666230201721,0.9507666230201721,09002200011601101356197142L_1295631300_483450200,6130,"[657.83984375, 562.9971923828125, 1016.5297241210938, 845.6340942382812]",P5
LP,0.5862718820571899,TP,0.8292173147201538,0.8292173147201538,09002200011601101356197142L_1295631300_483450200,6130,"[498.67266845703125, 563.0648803710938, 518.8663330078125, 594.2125244140625]",P3
LC,0.5440629124641418,classification_error,0.0,0.9346789121627808,09002200011601101356197142L_1295631300_483450200,6130,"[655.013671875, 559.7052001953125, 1016.7885131835938, 846.4967041015625]",P5
TP,0.5922463536262512,TP,0.7772952914237976,0.7772952914237976,09002200011601101357076032L_1295691400_483453100,6131,"[134.93345642089844, 665.3684692382812, 723.6143188476562, 735.5419311523438]",P5
LP,0.7428506016731262,TP,0.5430219769477844,0.5430219769477844,09002200011601101357335272L_1295721800_483454600,6132,"[571.4560546875, 514.5111694335938, 593.390625, 556.841796875]",P3
TP,0.702720582485199,TP,0.808473527431488,0.808473527431488,09002200011601101357335272L_1295721800_483454600,6132,"[295.0355529785156, 621.9177856445312, 669.0844116210938, 638.3062744140625]",P4
TP,0.5254102349281311,TP,0.8022674322128296,0.8022674322128296,09002200011601101357335272L_1295721800_483454600,6132,"[150.6551971435547, 675.90673828125, 654.9434814453125, 733.2297973632812]",P5
TP,0.43409988284111023,localization_error,0.4624670743942261,0.4624670743942261,09002200011601101357335272L_1295721800_483454600,6132,"[165.71519470214844, 687.4924926757812, 560.6996459960938, 729.6806030273438]",P4
LC,0.850558876991272,TP,0.9175838828086853,0.9175838828086853,09002200011601101410310642L_1295661900_483453600,6133,"[565.81103515625, 523.3345947265625, 670.9973754882812, 799.6949462890625]",P4
LP,0.7322250008583069,TP,0.8248879313468933,0.8248879313468933,09002200011601101410310642L_1295661900_483453600,6133,"[624.5912475585938, 550.2562866210938, 682.5316772460938, 593.7855224609375]",P3
TC,0.6466452479362488,classification_error,0.0,0.652844250202179,09002200011601101410310642L_1295661900_483453600,6133,"[614.3107299804688, 634.2093505859375, 919.1251220703125, 659.4959716796875]",P4
TC,0.5612664818763733,background_false_positive,0.0,0.0,09002200011601101410310642L_1295661900_483453600,6133,"[2.620776414871216, 725.8040161132812, 256.4753112792969, 797.7449340820312]",P4
LP,0.8345085978507996,TP,0.7879496216773987,0.7879496216773987,09002200011601101412330032L_1295547700_483447600,6478,"[566.7628784179688, 648.5729370117188, 579.8228759765625, 804.6786499023438]",P4
LP,0.803729236125946,TP,0.7238990068435669,0.7238990068435669,09002200011601101412330032L_1295547700_483447600,6478,"[500.8617248535156, 610.5685424804688, 525.9281616210938, 685.7951049804688]",P3
LP,0.4786185622215271,localization_error,0.4468560814857483,0.4468560814857483,09002200011601101412330032L_1295547700_483447600,6478,"[563.1119995117188, 533.4298095703125, 573.2161254882812, 553.5841064453125]",P3
TP,0.3737525939941406,localization_error,0.14634904265403748,0.14634904265403748,09002200011601101412330032L_1295547700_483447600,6478,"[528.6726684570312, 591.2443237304688, 639.7872314453125, 598.6246948242188]",P3
TP,0.2668764293193817,localization_error,0.16135500371456146,0.16135500371456146,09002200011601101412330032L_1295547700_483447600,6478,"[539.51171875, 592.718017578125, 645.1822509765625, 599.7568969726562]",P3
TC,0.2518090307712555,background_false_positive,0.0,0.0,09002200011601101412330032L_1295547700_483447600,6478,"[591.0145263671875, 670.8449096679688, 715.1215209960938, 681.0121459960938]",P3
LP,0.8919411301612854,TP,0.9194586277008057,0.9194586277008057,09002200011601101414345012L_1295421300_483440700,6479,"[433.9727478027344, 595.2225341796875, 501.8664245605469, 724.327880859375]",P4
LP,0.6624694466590881,TP,0.7189902067184448,0.7189902067184448,09002200011601101414345012L_1295421300_483440700,6479,"[519.958740234375, 529.282958984375, 533.4218139648438, 554.718994140625]",P3
TC,0.3828563988208771,classification_error,0.0,0.864529550075531,09002200011601101414345012L_1295421300_483440700,6479,"[777.5362548828125, 640.88916015625, 929.5909423828125, 665.4699096679688]",P3
LP,0.3352467119693756,TP,0.893130362033844,0.893130362033844,09002200011601101414345012L_1295421300_483440700,6479,"[753.6882934570312, 624.7510986328125, 1023.568359375, 813.3118286132812]",P4
MC,0.8772124648094177,TP,0.7852492332458496,0.7852492332458496,09002200011601121106002432L_1295803600_483185600,6010,"[694.408935546875, 767.9093627929688, 789.9676513671875, 803.59765625]",P3
TP,0.9522613286972046,TP,0.9174516797065735,0.9174516797065735,09002200011601121131502909S_1294441600_482671100,6480,"[278.04034423828125, 649.9972534179688, 926.9166259765625, 759.4248657226562]",P5
LP,0.5398961305618286,background_false_positive,0.0,0.0,09002200011601121131502909S_1294441600_482671100,6480,"[871.8023681640625, 769.6595458984375, 1023.6961059570312, 835.9384765625]",P4
MC,0.342069149017334,TP,0.5817350745201111,0.5817350745201111,09002200011601121131502909S_1294441600_482671100,6480,"[884.3451538085938, 646.1715087890625, 927.0363159179688, 656.8277587890625]",P3
LP,0.32802850008010864,TP,0.8003647923469543,0.8003647923469543,09002200011601121131502909S_1294441600_482671100,6480,"[595.7863159179688, 624.7540283203125, 618.7343139648438, 676.1759033203125]",P3
LC,0.8674216270446777,TP,0.6597883701324463,0.6597883701324463,09002200011601121246069362L_1295932100_483231700,6011,"[653.0761108398438, 665.2177124023438, 750.8739624023438, 810.29296875]",P4
LC,0.5819825530052185,TP,0.7327544689178467,0.7327544689178467,09002200011601121246069362L_1295932100_483231700,6011,"[483.2533264160156, 564.1536254882812, 516.7879028320312, 811.4361572265625]",P4
TC,0.46380308270454407,background_false_positive,0.0,0.014475022442638874,09002200011601121246069362L_1295932100_483231700,6011,"[514.3502807617188, 651.0308837890625, 587.9493408203125, 669.0824584960938]",P3
LC,0.362796813249588,localization_error,0.3764287531375885,0.3764287531375885,09002200011601121246069362L_1295932100_483231700,6011,"[484.1541442871094, 647.4054565429688, 509.7957458496094, 807.1259765625]",P3
LC,0.281917929649353,background_false_positive,0.06736000627279282,0.06736000627279282,09002200011601121246069362L_1295932100_483231700,6011,"[508.870849609375, 564.1298217773438, 521.2255249023438, 623.44873046875]",P3
TP,0.6423514485359192,TP,0.8432818055152893,0.8432818055152893,09002200011601121258094719S_1293758000_482806700,6481,"[360.2834167480469, 703.0848999023438, 667.9484252929688, 724.6444091796875]",P5
LP,0.8915101885795593,TP,0.948012113571167,0.948012113571167,09002200011601121522083069S_1294447300_483445500,6482,"[460.1341857910156, 708.8876953125, 493.8919982910156, 809.2946166992188]",P4
LP,0.8227561712265015,TP,0.8821521997451782,0.8821521997451782,09002200011601121522083069S_1294447300_483445500,6482,"[497.1611328125, 611.6690673828125, 511.7603454589844, 663.5512084960938]",P3
LC,0.8803867697715759,TP,0.9851346015930176,0.9851346015930176,09002200011601131337493288O_1295648500_481846400,6768,"[2.2959961891174316, 663.4360961914062, 403.7645568847656, 992.8099975585938]",P5
TP,0.6771674156188965,TP,0.5664730072021484,0.5664730072021484,09002200011601131337493288O_1295648500_481846400,6768,"[256.4153747558594, 634.1585083007812, 412.6919860839844, 655.6903686523438]",P3
LP,0.4628341495990753,TP,0.9270484447479248,0.9270484447479248,09002200011601131337493288O_1295648500_481846400,6768,"[1.033959984779358, 592.7013549804688, 343.1256408691406, 728.0919799804688]",P5
TP,0.2518487274646759,duplicate_prediction,0.6981869339942932,0.6981869339942932,09002200011601131337493288O_1295648500_481846400,6768,"[273.5855407714844, 637.2598876953125, 407.49127197265625, 654.74658203125]",P3
TP,0.7389625906944275,TP,0.9107249975204468,0.9107249975204468,09002200011601131341484419S_1294452100_482771900,6483,"[123.41015625, 679.0193481445312, 1022.5021362304688, 750.7706909179688]",P5
TP,0.349455326795578,duplicate_prediction,0.7226362228393555,0.7226362228393555,09002200011601131341484419S_1294452100_482771900,6483,"[118.4551773071289, 691.0324096679688, 883.4269409179688, 749.0714721679688]",P5
TP,0.2538434863090515,background_false_positive,0.0,0.0,09002200011601131341484419S_1294452100_482771900,6483,"[124.32988739013672, 590.6207275390625, 910.9519653320312, 624.3058471679688]",P5
LP,0.952160120010376,TP,0.934621274471283,0.934621274471283,09002200011601131342452108O_1295254300_481735400,6769,"[340.0757751464844, 572.736328125, 485.38623046875, 727.0765991210938]",P4
TP,0.7924241423606873,TP,0.8000719547271729,0.8000719547271729,09002200011601131409167248O_1295532900_481837600,6770,"[793.3935546875, 896.2677612304688, 988.3263549804688, 949.6148681640625]",P4
LP,0.5532827973365784,localization_error,0.48794421553611755,0.48794421553611755,09002200011601131409167248O_1295532900_481837600,6770,"[285.9633483886719, 590.7506713867188, 479.86480712890625, 905.548828125]",P5
TP,0.5180768966674805,TP,0.865299642086029,0.865299642086029,09002200011601131409167248O_1295532900_481837600,6770,"[112.82539367675781, 801.7839965820312, 554.84521484375, 931.615234375]",P5
TP,0.4597025513648987,localization_error,0.16726195812225342,0.16726195812225342,09002200011601131409167248O_1295532900_481837600,6770,"[106.604248046875, 799.0155639648438, 276.160888671875, 853.6116333007812]",P4
TP,0.2753554582595825,duplicate_prediction,0.5549454689025879,0.5549454689025879,09002200011601131409167248O_1295532900_481837600,6770,"[791.0136108398438, 884.3698120117188, 1022.51318359375, 950.7200317382812]",P4
LP,0.9594643115997314,TP,0.9277665019035339,0.9277665019035339,09002200011601151538576048O_1295243200_481653000,6773,"[0.6192993521690369, 689.4778442382812, 365.3265075683594, 973.48095703125]",P5
TP,0.5304301381111145,localization_error,0.27267736196517944,0.27267736196517944,09002200011601151538576048O_1295243200_481653000,6773,"[578.9058227539062, 645.5416870117188, 1017.2133178710938, 693.9293823242188]",P5
TP,0.43601828813552856,localization_error,0.497237890958786,0.497237890958786,09002200011601151538576048O_1295243200_481653000,6773,"[299.1490173339844, 670.51318359375, 438.8182678222656, 682.8048095703125]",P4
TP,0.41138914227485657,TP,0.7029547095298767,0.7029547095298767,09002200011601151538576048O_1295243200_481653000,6773,"[575.07763671875, 674.69775390625, 866.8348999023438, 691.6409301757812]",P4
TP,0.31318342685699463,background_false_positive,0.0,0.0,09002200011601151538576048O_1295243200_481653000,6773,"[578.3058471679688, 610.7472534179688, 816.3925170898438, 622.8692626953125]",P3
TP,0.26176968216896057,localization_error,0.3812636435031891,0.3812636435031891,09002200011601151538576048O_1295243200_481653000,6773,"[569.6181640625, 657.8662109375, 981.0994262695312, 693.3976440429688]",P4
LP,0.9187096357345581,TP,0.9709048271179199,0.9709048271179199,09002200011601151542260778O_1295242500_481576800,6774,"[0.528076171875, 598.5107421875, 453.1187438964844, 990.7963256835938]",P5
LP,0.4346625804901123,background_false_positive,0.026094598695635796,0.026094598695635796,09002200011601151542260778O_1295242500_481576800,6774,"[372.8388977050781, 600.3391723632812, 445.5314636230469, 665.8479614257812]",P3
LP,0.4042809307575226,localization_error,0.1296931803226471,0.1296931803226471,09002200011601151542260778O_1295242500_481576800,6774,"[306.1288757324219, 599.7000732421875, 451.7577819824219, 762.2206420898438]",P4
TC,0.7511290907859802,TP,0.824296772480011,0.824296772480011,09002200011601251352249002L_1296214400_483058900,6012,"[650.6649169921875, 704.3268432617188, 941.703125, 817.7061767578125]",P4
LC,0.46814385056495667,background_false_positive,0.0,0.061528075486421585,09002200011601251352249002L_1296214400_483058900,6012,"[151.1303253173828, 537.1027221679688, 444.4919128417969, 615.7120971679688]",P5
LC,0.4137778580188751,background_false_positive,0.0,0.0,09002200011601251352249002L_1296214400_483058900,6012,"[290.3890075683594, 536.31201171875, 443.326904296875, 592.9573364257812]",P4
MC,0.26652559638023376,background_false_positive,0.0,0.0,09002200011601251352249002L_1296214400_483058900,6012,"[819.779296875, 581.7499389648438, 859.4994506835938, 590.7147827148438]",P3
P,0.8767492771148682,TP,0.817270815372467,0.817270815372467,09002200011601281428246562L_1295450100_481960000,6775,"[780.6405639648438, 795.2953491210938, 839.6454467773438, 821.5867309570312]",P3
TC,0.8573908805847168,TP,0.7329592704772949,0.7329592704772949,09002200011601281428246562L_1295450100_481960000,6775,"[879.1168212890625, 905.4765625, 1017.1051025390625, 983.6851806640625]",P4
P,0.6009604930877686,TP,0.6571229100227356,0.6571229100227356,09002200011601281428246562L_1295450100_481960000,6775,"[924.7867431640625, 778.5872192382812, 992.7058715820312, 809.4024658203125]",P3
MC,0.3966445326805115,classification_error,0.0,0.6607836484909058,09002200011601281428246562L_1295450100_481960000,6775,"[923.9921875, 778.5089111328125, 991.2894897460938, 809.7821655273438]",P3
LC,0.734519898891449,TP,0.5520553588867188,0.5520553588867188,09002200011602201244001442Q_1296131800_482989700,6013,"[357.42755126953125, 586.9434814453125, 491.4425964355469, 786.11865234375]",P5
LC,0.3554832339286804,duplicate_prediction,0.8709383606910706,0.8709383606910706,09002200011602201244001442Q_1296131800_482989700,6013,"[357.693603515625, 628.1588134765625, 458.023193359375, 788.9703979492188]",P4
TC,0.5329626202583313,TP,0.6935834884643555,0.6935834884643555,09002200011706120823208941M_1294464800_484900000,6484,"[141.4423828125, 672.9412231445312, 653.5426025390625, 697.9734497070312]",P4
MC,0.2973264753818512,background_false_positive,0.0,0.0,09002200011706120823208941M_1294464800_484900000,6484,"[385.00518798828125, 589.3622436523438, 419.08935546875, 597.5234985351562]",P3
TC,0.7478268146514893,TP,0.8502960205078125,0.8502960205078125,09002200011706120944012422B_1295050800_484096300,6485,"[77.9736328125, 680.355224609375, 545.5940551757812, 728.9396362304688]",P5
MC,0.3390634059906006,localization_error,0.4754226803779602,0.4754226803779602,09002200011706120944012422B_1295050800_484096300,6485,"[391.9544982910156, 543.99609375, 417.7027282714844, 552.0214233398438]",P3
P,0.8812767267227173,TP,0.6173187494277954,0.6173187494277954,09002200011706121027181188D_1294679400_484370500,6486,"[566.7880249023438, 652.1029663085938, 588.6884155273438, 668.4197387695312]",P3
AC,0.6165474057197571,classification_error,0.0,0.5530632734298706,09002200011706121027181188D_1294679400_484370500,6486,"[416.5443420410156, 606.2657470703125, 490.18292236328125, 808.4737548828125]",P4
TC,0.4840337634086609,localization_error,0.47997698187828064,0.47997698187828064,09002200011706121027181188D_1294679400_484370500,6486,"[668.5333862304688, 773.0792846679688, 844.2507934570312, 810.0730590820312]",P4
MC,0.3728072941303253,TP,0.6522398591041565,0.6522398591041565,09002200011706121027181188D_1294679400_484370500,6486,"[807.7039184570312, 579.9972534179688, 840.6129150390625, 589.1470336914062]",P3
TC,0.34064069390296936,TP,0.8260781764984131,0.8260781764984131,09002200011706121027181188D_1294679400_484370500,6486,"[669.5712280273438, 780.0255126953125, 803.6145629882812, 808.20263671875]",P3
LC,0.2928721308708191,TP,0.7748733758926392,0.7748733758926392,09002200011706121027181188D_1294679400_484370500,6486,"[438.7569274902344, 606.5700073242188, 491.23486328125, 808.4268798828125]",P4
LC,0.278740257024765,background_false_positive,0.0,0.0,09002200011706121027181188D_1294679400_484370500,6486,"[0.6634521484375, 602.5177001953125, 207.3998565673828, 665.61279296875]",P4
AC,0.9439301490783691,TP,0.9627683758735657,0.9627683758735657,09002200011706121030361088D_1294683000_484352000,6487,"[1.014062523841858, 569.89501953125, 561.1249389648438, 851.88037109375]",P5
MC,0.29016342759132385,background_false_positive,0.0,0.00803598016500473,09002200011706121030361088D_1294683000_484352000,6487,"[120.29534149169922, 715.9202270507812, 176.36009216308594, 737.7169799804688]",P3
AC,0.9374529123306274,TP,0.950870156288147,0.950870156288147,09002200011706121030540878D_1294685100_484340000,6488,"[1.4822266101837158, 561.5271606445312, 836.2071533203125, 864.3098754882812]",P5
MC,0.8325144648551941,TP,0.8768411874771118,0.8768411874771118,09002200011706121030540878D_1294685100_484340000,6488,"[498.1148986816406, 625.2989501953125, 546.1475219726562, 640.7128295898438]",P3
MC,0.5767272710800171,TP,0.5301861763000488,0.5301861763000488,09002200011706121030540878D_1294685100_484340000,6488,"[355.0724792480469, 592.0570068359375, 387.71905517578125, 599.091552734375]",P3
LC,0.3482958972454071,background_false_positive,0.0,0.0844222828745842,09002200011706121030540878D_1294685100_484340000,6488,"[661.2294921875, 669.5648803710938, 808.1786499023438, 817.1959228515625]",P4
AC,0.9176902174949646,TP,0.7723941802978516,0.7723941802978516,09002200011706121039162568D_1294694500_484287800,6489,"[223.9420928955078, 562.3917846679688, 635.9230346679688, 821.4361572265625]",P5
TC,0.7449777126312256,TP,0.8793042898178101,0.8793042898178101,09002200011706121130361392B_1295097500_483792100,6490,"[303.08721923828125, 736.0270385742188, 836.6954956054688, 794.5577392578125]",P5
TC,0.4187728464603424,background_false_positive,0.0,0.0,09002200011706121130361392B_1295097500_483792100,6490,"[409.5223693847656, 636.6932983398438, 490.3488464355469, 646.98486328125]",P3
TP,0.5005407333374023,TP,0.933292806148529,0.933292806148529,09002200011706121224149282B_1295103400_483746100,6491,"[392.5433654785156, 707.5121459960938, 878.2443237304688, 754.5729370117188]",P5
TC,0.3982565402984619,classification_error,0.0,0.933292806148529,09002200011706121224149282B_1295103400_483746100,6491,"[392.5433654785156, 707.5121459960938, 878.2443237304688, 754.5729370117188]",P5
AC,0.8150022625923157,TP,0.727405309677124,0.727405309677124,09002200011706121541209631M_1294346400_484701900,6492,"[1.502050757408142, 609.8040161132812, 687.5719604492188, 853.755859375]",P5
AC,0.7585280537605286,localization_error,0.24089764058589935,0.24089764058589935,09002200011706121541209631M_1294346400_484701900,6492,"[338.385986328125, 611.0291137695312, 535.2171630859375, 792.5648803710938]",P4
TC,0.7587568759918213,TP,0.8689960837364197,0.8689960837364197,09002200011706140947236372B_1294899200_483951300,6493,"[189.1820068359375, 709.5453491210938, 754.3836059570312, 740.9232788085938]",P5
TC,0.5967549085617065,duplicate_prediction,0.5609943270683289,0.5609943270683289,09002200011706140947236372B_1294899200_483951300,6493,"[324.3988952636719, 715.1312866210938, 752.3772583007812, 741.7693481445312]",P4
TC,0.5359348058700562,TP,0.8702533841133118,0.8702533841133118,09002200011706141206044712B_1294931300_483542600,6494,"[381.06817626953125, 619.3507690429688, 668.8982543945312, 630.3041381835938]",P4
AC,0.854080855846405,TP,0.6805862188339233,0.6805862188339233,09002200011706191006576342Q_1295848100_482179000,6014,"[35.50297927856445, 626.1546020507812, 729.777099609375, 984.0690307617188]",P5
LC,0.9052727818489075,TP,0.8871238827705383,0.8871238827705383,09002200011706191549291062Q_1295487400_482278800,6134,"[578.8689575195312, 608.3712158203125, 678.6480712890625, 807.1358642578125]",P4
TC,0.7216755747795105,TP,0.7391954064369202,0.7391954064369202,09002200121706171302376012Q_1295754500_482320800,6135,"[233.9893035888672, 657.1708984375, 498.6082458496094, 748.9781494140625]",P4
MC,0.6256163120269775,TP,0.5213696360588074,0.5213696360588074,09002200121706171302376012Q_1295754500_482320800,6135,"[527.05712890625, 627.9442749023438, 565.6776733398438, 636.0845336914062]",P3
TP,0.42744898796081543,classification_error,0.0,0.7442829012870789,09002200121706171302376012Q_1295754500_482320800,6135,"[236.84292602539062, 657.8341674804688, 499.0487365722656, 749.8529663085938]",P4
LP,0.2984355688095093,TP,0.8921428322792053,0.8921428322792053,09002200121706171302376012Q_1295754500_482320800,6135,"[586.1814575195312, 641.5707397460938, 713.8367309570312, 782.982421875]",P4
LC,0.254822313785553,classification_error,0.0,0.8388744592666626,09002200121706171302376012Q_1295754500_482320800,6135,"[596.9510498046875, 643.8147583007812, 712.4686889648438, 783.76708984375]",P4
LC,0.9376678466796875,TP,0.8992984294891357,0.8992984294891357,09002200121706211156177582Q_1295445100_483058000,6136,"[610.6282348632812, 561.9313354492188, 919.1102905273438, 817.8424682617188]",P5
LC,0.9323978424072266,TP,0.9741833806037903,0.9741833806037903,09002200121706211156177582Q_1295445100_483058000,6136,"[432.5627136230469, 548.494140625, 530.8013916015625, 803.7081909179688]",P4
MC,0.639465868473053,TP,0.5316550731658936,0.5316550731658936,09002200121706211156177582Q_1295445100_483058000,6136,"[282.49200439453125, 592.1796875, 313.490234375, 597.7365112304688]",P3
TC,0.48862627148628235,TP,0.8881758451461792,0.8881758451461792,09002200121706211156177582Q_1295445100_483058000,6136,"[937.1234741210938, 800.8318481445312, 1024.0, 823.3197631835938]",P3
LC,0.8848603367805481,localization_error,0.42806002497673035,0.42806002497673035,09002200121706211156295342Q_1295444000_483068800,6137,"[664.03125, 657.8713989257812, 904.1378784179688, 816.1392822265625]",P5
LC,0.4754621386528015,TP,0.8595216274261475,0.8595216274261475,09002200121706211156295342Q_1295444000_483068800,6137,"[334.2742614746094, 584.2282104492188, 486.8837585449219, 798.3917236328125]",P5
LC,0.38514021039009094,localization_error,0.10619688779115677,0.10619688779115677,09002200121706211156295342Q_1295444000_483068800,6137,"[434.4073181152344, 586.8400268554688, 485.91259765625, 665.2425537109375]",P3
LC,0.3341335356235504,background_false_positive,0.090937040746212,0.090937040746212,09002200121706211156295342Q_1295444000_483068800,6137,"[334.62335205078125, 731.5043334960938, 383.69219970703125, 801.9744262695312]",P3
LC,0.5392078757286072,TP,0.8130871653556824,0.8130871653556824,09002200121706211156492302Q_1295441700_483088500,6138,"[389.733642578125, 553.5531616210938, 518.5170288085938, 718.0797119140625]",P4
TC,0.5083131194114685,localization_error,0.32874295115470886,0.32874295115470886,09002200121706211156492302Q_1295441700_483088500,6138,"[71.12751770019531, 708.7688598632812, 250.19775390625, 750.4864501953125]",P4
LC,0.3776547610759735,localization_error,0.4839000701904297,0.4839000701904297,09002200121706211156492302Q_1295441700_483088500,6138,"[341.4485778808594, 553.8690185546875, 517.7212524414062, 755.841552734375]",P5
TC,0.2685128152370453,localization_error,0.22468066215515137,0.22468066215515137,09002200121706211156492302Q_1295441700_483088500,6138,"[87.65227508544922, 711.9169921875, 234.9012908935547, 746.5906372070312]",P3
LC,0.8196002244949341,TP,0.7348295450210571,0.7348295450210571,09002200121706211156592092Q_1295440500_483099000,6139,"[334.2381286621094, 578.0175170898438, 496.37091064453125, 809.6350708007812]",P5
MC,0.8068585395812988,TP,0.9088839888572693,0.9088839888572693,09002200121706211156592092Q_1295440500_483099000,6139,"[0.798657238483429, 662.0863647460938, 61.625160217285156, 680.6242065429688]",P3
LC,0.5679261088371277,TP,0.5846548080444336,0.5846548080444336,09002200121706211201322482Q_1295390000_483083100,6140,"[550.1168823242188, 606.5546875, 560.7540283203125, 799.94091796875]",P3
LC,0.5235469341278076,localization_error,0.3511548638343811,0.3511548638343811,09002200121706211201322482Q_1295390000_483083100,6140,"[550.5184936523438, 666.7869262695312, 559.8255004882812, 797.3837890625]",P3
LC,0.45410051941871643,duplicate_prediction,0.5315067172050476,0.5315067172050476,09002200121706211201322482Q_1295390000_483083100,6140,"[552.6190795898438, 580.5598754882812, 566.0992431640625, 798.3136596679688]",P5
LC,0.937593936920166,TP,0.8285642862319946,0.8285642862319946,09002200121706211227557402Q_1295594800_482714600,6141,"[291.9402770996094, 551.2620239257812, 518.8324584960938, 800.2908325195312]",P5
MC,0.9236935377120972,TP,0.9361883997917175,0.9361883997917175,09002200121706211227557402Q_1295594800_482714600,6141,"[691.4390869140625, 760.9432983398438, 775.228515625, 791.85302734375]",P3
LC,0.8862295746803284,TP,0.956580400466919,0.956580400466919,09002200121706211227557402Q_1295594800_482714600,6141,"[573.9406127929688, 602.3934936523438, 642.2218627929688, 804.6101684570312]",P4
MC,0.5480804443359375,TP,0.7693938612937927,0.7693938612937927,09002200121706211227557402Q_1295594800_482714600,6141,"[601.0364379882812, 635.2595825195312, 640.7575073242188, 647.4044799804688]",P3
LC,0.46130356192588806,background_false_positive,0.04116624593734741,0.04116624593734741,09002200121706211227557402Q_1295594800_482714600,6141,"[212.26284790039062, 689.4666748046875, 324.1043395996094, 761.5404052734375]",P4
MC,0.32733938097953796,localization_error,0.4675026834011078,0.4675026834011078,09002200121706211227557402Q_1295594800_482714600,6141,"[599.5899047851562, 637.9370727539062, 638.452880859375, 650.628662109375]",P3
LP,0.8536453247070312,TP,0.9406518340110779,0.9406518340110779,09002200121706240923277968T_1295905500_481096400,6776,"[185.13525390625, 779.87451171875, 376.7710876464844, 929.86279296875]",P4
LP,0.6695023775100708,TP,0.645405113697052,0.645405113697052,09002200121706240923277968T_1295905500_481096400,6776,"[397.65850830078125, 661.3069458007812, 471.9987487792969, 739.6239624023438]",P4
TP,0.4916320741176605,localization_error,0.21235625445842743,0.21235625445842743,09002200121706240923277968T_1295905500_481096400,6776,"[221.33584594726562, 743.3961791992188, 398.6896057128906, 786.1275634765625]",P4
TP,0.4854755699634552,TP,0.7444400787353516,0.7444400787353516,09002200121706240923277968T_1295905500_481096400,6776,"[283.7674255371094, 725.24658203125, 853.8090209960938, 768.1751098632812]",P4
TP,0.4123968183994293,background_false_positive,0.07097672671079636,0.07097672671079636,09002200121706240923277968T_1295905500_481096400,6776,"[300.9875183105469, 726.0906372070312, 397.0633850097656, 749.0513916015625]",P3
TP,0.37907686829566956,localization_error,0.40322792530059814,0.40322792530059814,09002200121706240923277968T_1295905500_481096400,6776,"[359.76953125, 740.8137817382812, 841.1420288085938, 767.2447509765625]",P4
LP,0.31047967076301575,localization_error,0.32164686918258667,0.32164686918258667,09002200121706240923277968T_1295905500_481096400,6776,"[19.28144645690918, 776.1312255859375, 364.51348876953125, 1021.4848022460938]",P5
AC,0.8113738298416138,TP,0.6646448969841003,0.6646448969841003,09002200121706241205096559S_1294323500_482186800,6777,"[4.41455078125, 656.6505737304688, 912.9718017578125, 1019.4252319335938]",P5
P,0.5871185064315796,background_false_positive,0.0,0.04450865834951401,09002200121706241205096559S_1294323500_482186800,6777,"[558.6632080078125, 898.7332153320312, 728.6399536132812, 956.4714965820312]",P4
P,0.5160607695579529,localization_error,0.24755051732063293,0.24755051732063293,09002200121706241205096559S_1294323500_482186800,6777,"[64.44300842285156, 762.2760009765625, 128.4755096435547, 795.3554077148438]",P3
P,0.41256183385849,localization_error,0.3388744592666626,0.3388744592666626,09002200121706241205096559S_1294323500_482186800,6777,"[74.48225402832031, 761.59912109375, 126.98291015625, 790.9108276367188]",P3
P,0.3752010464668274,localization_error,0.12750877439975739,0.12750877439975739,09002200121706241205096559S_1294323500_482186800,6777,"[53.2635498046875, 761.2596435546875, 131.8394012451172, 827.1669921875]",P3
P,0.3530486524105072,background_false_positive,0.0,0.07295585423707962,09002200121706241205096559S_1294323500_482186800,6777,"[1.9602539539337158, 927.1492309570312, 276.371826171875, 1003.8289184570312]",P4
P,0.33703091740608215,background_false_positive,0.0,0.14786510169506073,09002200121706241205096559S_1294323500_482186800,6777,"[0.06550293415784836, 874.431640625, 297.36114501953125, 1003.8546752929688]",P4
AC,0.29332539439201355,background_false_positive,0.07477404177188873,0.07477404177188873,09002200121706241205096559S_1294323500_482186800,6777,"[745.686279296875, 842.18310546875, 1023.3179931640625, 1024.0]",P5
TC,0.7064169645309448,TP,0.6306347846984863,0.6306347846984863,09002200121706241648418812Q_1295535600_482660900,6142,"[112.7964096069336, 694.8804931640625, 768.0604858398438, 764.5728759765625]",P5
TC,0.5683362483978271,duplicate_prediction,0.8518275022506714,0.8518275022506714,09002200121706241648418812Q_1295535600_482660900,6142,"[8.63134765625, 660.4110107421875, 765.8088989257812, 764.496826171875]",P5
TC,0.9080260396003723,background_false_positive,0.0,0.005363590084016323,09002200121706251031299589S_1294285600_482185000,6778,"[75.6461181640625, 876.0814819335938, 257.77764892578125, 937.1869506835938]",P4
TC,0.8453484177589417,background_false_positive,0.0,0.0,09002200121706251031299589S_1294285600_482185000,6778,"[763.9318237304688, 891.7177734375, 959.6064453125, 946.3279418945312]",P4
P,0.7833337783813477,background_false_positive,0.0,0.0,09002200121706251031299589S_1294285600_482185000,6778,"[323.3800354003906, 695.275390625, 371.6749572753906, 726.1298828125]",P3
AC,0.7425274848937988,TP,0.8166900277137756,0.8166900277137756,09002200121706251031299589S_1294285600_482185000,6778,"[258.85205078125, 845.5639038085938, 401.2018127441406, 923.919921875]",P4
P,0.6816858053207397,TP,0.6332806944847107,0.6332806944847107,09002200121706251031299589S_1294285600_482185000,6778,"[461.38409423828125, 734.345458984375, 498.2428894042969, 757.156982421875]",P3
AC,0.4338584542274475,localization_error,0.18750284612178802,0.18750284612178802,09002200121706251031299589S_1294285600_482185000,6778,"[295.0589294433594, 685.94189453125, 461.1391296386719, 923.9823608398438]",P5
AC,0.334392249584198,localization_error,0.20016291737556458,0.20016291737556458,09002200121706251031299589S_1294285600_482185000,6778,"[470.1701354980469, 653.27294921875, 638.5947265625, 810.6474609375]",P5
LC,0.8338257670402527,TP,0.7358327507972717,0.7358327507972717,09002200121706251207397232Q_1295602600_482514100,6143,"[492.5817565917969, 619.08056640625, 534.8414306640625, 803.2128295898438]",P4
AC,0.8880107998847961,TP,0.6326547265052795,0.6326547265052795,09002200121706251612435458T_1295891600_481755500,6779,"[330.21875, 641.4617309570312, 772.8782348632812, 997.9047241210938]",P5
MC,0.5296333432197571,classification_error,0.0,0.9392826557159424,09002200121706251612435458T_1295891600_481755500,6779,"[666.0240478515625, 901.3529663085938, 743.4912109375, 940.6373291015625]",P3
P,0.2892969846725464,TP,0.6094366312026978,0.6094366312026978,09002200121706251612435458T_1295891600_481755500,6779,"[596.8766479492188, 795.9838256835938, 654.8907470703125, 815.6298828125]",P3
LC,0.9647811651229858,TP,0.5526494383811951,0.5526494383811951,09002200121706261151514468T_1295890500_481589300,6780,"[589.0463256835938, 665.6181640625, 676.1730346679688, 967.0240478515625]",P4
P,0.5084830522537231,TP,0.7135796546936035,0.7135796546936035,09002200121706271348268012I_1294377400_481562100,6781,"[404.52008056640625, 651.6227416992188, 492.5546569824219, 679.4464111328125]",P3
P,0.4912118911743164,duplicate_prediction,0.5504556894302368,0.5504556894302368,09002200121706271348268012I_1294377400_481562100,6781,"[403.2967224121094, 649.1806640625, 517.621337890625, 680.9098510742188]",P4
TC,0.5275073647499084,TP,0.8153908848762512,0.8153908848762512,09002200121706291217451208T_1295791100_481234500,6782,"[268.67169189453125, 675.3275756835938, 653.4021606445312, 707.1334838867188]",P4
P,0.3434303104877472,background_false_positive,0.0,0.0,09002200121706291217451208T_1295791100_481234500,6782,"[0.0, 874.720703125, 45.343929290771484, 911.1293334960938]",P3
LC,0.9198063611984253,TP,0.8957623839378357,0.8957623839378357,09002200121706291241018568T_1295819400_481242400,6783,"[416.83599853515625, 709.8767700195312, 480.4476013183594, 930.2892456054688]",P4
TC,0.5402033925056458,TP,0.7019010782241821,0.7019010782241821,09002200121706291241018568T_1295819400_481242400,6783,"[426.4142761230469, 859.8671264648438, 792.1394653320312, 887.0344848632812]",P5
LC,0.5169702172279358,TP,0.9683164358139038,0.9683164358139038,09002200121706291241018568T_1295819400_481242400,6783,"[627.8351440429688, 672.4000244140625, 1011.8627319335938, 1019.5128784179688]",P5
LC,0.888858437538147,TP,0.9063631892204285,0.9063631892204285,09002200121706291322059842Q_1295580900_482589900,6144,"[545.0614624023438, 583.43017578125, 598.27783203125, 811.4485473632812]",P4
TC,0.28011900186538696,localization_error,0.35525915026664734,0.35525915026664734,09002200121706291322059842Q_1295580900_482589900,6144,"[416.1358337402344, 726.9306640625, 552.0263061523438, 737.3447265625]",P4
AC,0.9620242714881897,TP,0.9689201712608337,0.9689201712608337,09002200121706291341099698T_1295601200_481352800,6784,"[10.127245903015137, 553.34375, 1015.1506958007812, 1024.0]",P5
MC,0.83927321434021,classification_error,0.0,0.9270917177200317,09002200121706291431573468T_1295378900_481171300,6785,"[464.4090881347656, 786.3480224609375, 535.4205932617188, 817.7992553710938]",P3
P,0.6455230712890625,TP,0.9070510268211365,0.9070510268211365,09002200121706291431573468T_1295378900_481171300,6785,"[464.5295104980469, 786.5912475585938, 536.1105346679688, 817.1177978515625]",P3
LC,0.6530746221542358,localization_error,0.4104427695274353,0.4104427695274353,09002200121706291603322892Q_1296206000_482535800,6015,"[549.7818603515625, 628.845703125, 646.7470703125, 771.4769897460938]",P4
MC,0.543133556842804,background_false_positive,0.0,0.0,09002200121706291603322892Q_1296206000_482535800,6015,"[401.01251220703125, 627.4239501953125, 435.9320373535156, 635.0491333007812]",P3
MC,0.28173258900642395,background_false_positive,0.0,0.0,09002200121706291603322892Q_1296206000_482535800,6015,"[392.1217956542969, 625.8335571289062, 434.4051818847656, 634.7474365234375]",P3
LP,0.265437513589859,background_false_positive,0.0,0.007023409940302372,09002200121706291603322892Q_1296206000_482535800,6015,"[538.8587646484375, 592.53466796875, 551.5985717773438, 613.4215698242188]",P3
LC,0.8674724698066711,TP,0.8734751343727112,0.8734751343727112,09002200121706301731517192Q_1296165100_482133300,6016,"[422.17828369140625, 667.0274658203125, 455.0382385253906, 772.9026489257812]",P4
LC,0.7881844639778137,localization_error,0.40827250480651855,0.40827250480651855,09002200121707011638022242Q_1296337300_482354000,6017,"[499.9468688964844, 663.86181640625, 551.3181762695312, 758.7362670898438]",P4
LC,0.7894702553749084,localization_error,0.37663260102272034,0.37663260102272034,09002200121707020916567012Q_1296126400_482450000,6018,"[530.1004028320312, 597.7499389648438, 563.3148803710938, 773.9657592773438]",P4
MC,0.30676206946372986,background_false_positive,0.0,0.01512288860976696,09002200121707020916567012Q_1296126400_482450000,6018,"[558.8324584960938, 595.1011962890625, 583.3595581054688, 602.9193725585938]",P3
LC,0.8079737424850464,TP,0.9461178183555603,0.9461178183555603,09002200121707021133543832Q_1296249000_482503300,6019,"[556.0830688476562, 651.6884155273438, 652.7869873046875, 798.4426879882812]",P4
AC,0.612393856048584,background_false_positive,0.0,0.0,09002200121707021133543832Q_1296249000_482503300,6019,"[1.210839867591858, 667.4826049804688, 339.6225280761719, 772.9313354492188]",P5
MC,0.6237831711769104,TP,0.8938642144203186,0.8938642144203186,09002200121707021246255932Q_1296062400_482368600,6020,"[162.04856872558594, 672.8095092773438, 214.972412109375, 688.1513061523438]",P3
LC,0.380125492811203,background_false_positive,0.0,0.0,09002200121707021246255932Q_1296062400_482368600,6020,"[613.0697631835938, 642.1262817382812, 661.0660400390625, 680.8078002929688]",P3
TC,0.3162498474121094,TP,0.5653795599937439,0.5653795599937439,09002200121707021246255932Q_1296062400_482368600,6020,"[404.0700378417969, 698.1785888671875, 668.7299194335938, 731.7184448242188]",P4
TC,0.878257155418396,TP,0.933709979057312,0.933709979057312,09002200121707021453536962Q_1295974800_482482300,6021,"[135.9836883544922, 684.9219970703125, 1006.9848022460938, 781.7968139648438]",P5
LC,0.795261561870575,TP,0.9150083065032959,0.9150083065032959,09002200121707021453536962Q_1295974800_482482300,6021,"[745.7482299804688, 638.8359375, 854.1954956054688, 739.4500122070312]",P4
LC,0.7146223783493042,localization_error,0.40026310086250305,0.40026310086250305,09002200121707021453536962Q_1295974800_482482300,6021,"[132.12939453125, 628.5440673828125, 207.245361328125, 670.34619140625]",P3
LC,0.5873400568962097,TP,0.8545738458633423,0.8545738458633423,09002200121707021648506182Q_1296014900_482392200,6022,"[343.5436706542969, 591.4649658203125, 511.9390563964844, 774.1946411132812]",P5
LC,0.9293872117996216,TP,0.924099326133728,0.924099326133728,09002200121707021651373842Q_1296030100_482419200,6023,"[481.08477783203125, 637.5180053710938, 566.935546875, 777.6275024414062]",P4
LC,0.8263096809387207,TP,0.818271815776825,0.818271815776825,09002200121707021651373842Q_1296030100_482419200,6023,"[623.109619140625, 679.2313842773438, 642.8154907226562, 725.57861328125]",P3
LC,0.6641611456871033,TP,0.7563544511795044,0.7563544511795044,09002200121707021651373842Q_1296030100_482419200,6023,"[592.2113037109375, 616.0889282226562, 608.9662475585938, 642.0906982421875]",P3
TC,0.3325226604938507,background_false_positive,0.0,0.02290516532957554,09002200121707021651373842Q_1296030100_482419200,6023,"[417.29473876953125, 666.3963623046875, 518.4544067382812, 673.6889038085938]",P3
LC,0.6874713897705078,TP,0.8134938478469849,0.8134938478469849,09002200121707031302109122Q_1295584000_482365300,6145,"[322.21417236328125, 642.9254150390625, 516.3033447265625, 774.2098999023438]",P4
LC,0.4425541162490845,localization_error,0.1412051022052765,0.1412051022052765,09002200121707031302109122Q_1295584000_482365300,6145,"[408.2037048339844, 620.7305908203125, 517.3649291992188, 661.7180786132812]",P4
P,0.30214250087738037,TP,0.8830515742301941,0.8830515742301941,09002200121707031317532818D_1294831900_481687100,6786,"[332.4897155761719, 687.74267578125, 378.2477111816406, 709.7362670898438]",P3
LC,0.2792605459690094,background_false_positive,0.0,0.14201870560646057,09002200121707031317532818D_1294831900_481687100,6786,"[220.11729431152344, 711.6896362304688, 353.04376220703125, 794.7506103515625]",P4
AC,0.9859010577201843,TP,0.9574962258338928,0.9574962258338928,09002200121707031400322908T_1295679400_480864300,6787,"[0.0, 555.3016967773438, 1021.4035034179688, 1024.0]",P5
AC,0.9595292806625366,TP,0.9440532922744751,0.9440532922744751,09002200121707031400564028T_1295681700_480823700,6788,"[5.617773532867432, 533.6959228515625, 1021.5838012695312, 1024.0]",P5
AC,0.9472904205322266,TP,0.7689753770828247,0.7689753770828247,09002200121707031401258298T_1295689200_480795400,6789,"[0.0, 574.1829223632812, 969.0105590820312, 1021.24072265625]",P5
TC,0.6103554964065552,TP,0.8632601499557495,0.8632601499557495,09002200121707031512131072B_1294645800_481541000,6790,"[313.19085693359375, 626.2015991210938, 570.9470825195312, 638.130859375]",P3
LC,0.30403581261634827,background_false_positive,0.0,0.0,09002200121707031512131072B_1294645800_481541000,6790,"[830.7554931640625, 852.0103759765625, 957.4547119140625, 913.4337768554688]",P4
LC,0.25769731402397156,background_false_positive,0.0,0.0,09002200121707031512131072B_1294645800_481541000,6790,"[832.2646484375, 852.1618041992188, 1015.9259643554688, 922.8134155273438]",P4
P,0.8609616756439209,TP,0.898708701133728,0.898708701133728,09002200121707051459363092B_1294685000_482105900,6791,"[563.2747192382812, 700.7463989257812, 654.7833251953125, 724.5520629882812]",P3
P,0.5990096926689148,background_false_positive,0.0,0.0,09002200121707051459363092B_1294685000_482105900,6791,"[283.16241455078125, 799.4110717773438, 306.1971740722656, 814.8069458007812]",P3
AC,0.5176408886909485,localization_error,0.17748118937015533,0.17930367588996887,09002200121707051459363092B_1294685000_482105900,6791,"[334.04931640625, 668.6473999023438, 521.7741088867188, 924.20556640625]",P5
P,0.26073747873306274,background_false_positive,0.0,0.1980922669172287,09002200121707051459363092B_1294685000_482105900,6791,"[615.3094482421875, 655.6166381835938, 663.3578491210938, 673.1552734375]",P3
TC,0.6933318376541138,TP,0.8742827773094177,0.8742827773094177,09002200121707071226467338D_1294853300_481915300,6792,"[232.94151306152344, 683.70068359375, 730.1393432617188, 717.3831176757812]",P4
TC,0.901084840297699,TP,0.9505119919776917,0.9505119919776917,09002200121707071228415328D_1294854800_481931200,6793,"[280.3895263671875, 675.1771850585938, 917.1339111328125, 858.32177734375]",P5
TC,0.2886356711387634,TP,0.7025098204612732,0.7025098204612732,09002200121707071228415328D_1294854800_481931200,6793,"[787.5689697265625, 666.6749267578125, 894.0460815429688, 688.9918823242188]",P3
AC,0.8396000862121582,TP,0.9599007964134216,0.9599007964134216,09002200121707071603482311B_1295943600_480925500,6794,"[0.11127930134534836, 626.2733154296875, 564.3265991210938, 992.0294799804688]",P5
AC,0.7644646167755127,TP,0.829102635383606,0.829102635383606,09002200121707071603482311B_1295943600_480925500,6794,"[643.7553100585938, 863.0375366210938, 872.3345947265625, 931.1036987304688]",P4
LC,0.8175770044326782,TP,0.8043917417526245,0.8043917417526245,09002200121707071701326252Q_1295878600_482497200,6024,"[529.9342651367188, 588.5003051757812, 561.1102905273438, 767.1464233398438]",P4
LP,0.8540567755699158,TP,0.9336667060852051,0.9336667060852051,09002200121707081016598022I_1294462900_482200800,6795,"[326.7444763183594, 571.2926025390625, 405.4710388183594, 654.5154418945312]",P4
TP,0.7430065274238586,TP,0.8768215775489807,0.8768215775489807,09002200121707081016598022I_1294462900_482200800,6795,"[856.2553100585938, 619.0850830078125, 1024.0, 663.34423828125]",P4
TP,0.7312849760055542,TP,0.9030967354774475,0.9030967354774475,09002200121707081016598022I_1294462900_482200800,6795,"[12.385058403015137, 612.8575439453125, 709.9451293945312, 672.42138671875]",P5
LP,0.8864166736602783,TP,0.8577268123626709,0.8577268123626709,09002200121707081017248192I_1294454700_482229300,6796,"[2.464892625808716, 645.3171997070312, 51.04583740234375, 669.2218627929688]",P3
TP,0.6563698649406433,TP,0.6229347586631775,0.6229347586631775,09002200121707081017248192I_1294454700_482229300,6796,"[101.4676284790039, 600.5092163085938, 255.3249969482422, 617.4144897460938]",P3
TP,0.6352918148040771,TP,0.5876564979553223,0.5876564979553223,09002200121707081017248192I_1294454700_482229300,6796,"[354.55987548828125, 592.3863525390625, 852.0968627929688, 622.1218872070312]",P5
LP,0.6176292896270752,TP,0.8212114572525024,0.8212114572525024,09002200121707081017248192I_1294454700_482229300,6796,"[767.4829711914062, 596.5846557617188, 863.7888793945312, 628.9503173828125]",P3
TP,0.9439463019371033,TP,0.9653174877166748,0.9653174877166748,09002200121707081017483102I_1294448300_482255100,6797,"[4.371337890625, 850.0562744140625, 317.3350524902344, 955.4683837890625]",P5
LP,0.9009271264076233,TP,0.8377153873443604,0.8377153873443604,09002200121707081017483102I_1294448300_482255100,6797,"[895.4921875, 752.9882202148438, 1024.0, 801.4534301757812]",P4
TP,0.7680104374885559,TP,0.9522241950035095,0.9522241950035095,09002200121707081017483102I_1294448300_482255100,6797,"[11.9501953125, 624.8409423828125, 485.47515869140625, 680.5847778320312]",P5
LP,0.42546045780181885,duplicate_prediction,0.7891854643821716,0.7891854643821716,09002200121707081017483102I_1294448300_482255100,6797,"[914.5025634765625, 762.7677001953125, 1023.3521728515625, 801.7374267578125]",P3
LP,0.9307622909545898,TP,0.9586817622184753,0.9586817622184753,09002200121707081018142782I_1294444300_482277900,6798,"[424.09375, 604.4456176757812, 504.1769714355469, 938.7911987304688]",P4
LP,0.4736025929450989,background_false_positive,0.0,0.39416196942329407,09002200121707081018142782I_1294444300_482277900,6798,"[662.3306884765625, 603.8466796875, 757.412109375, 678.2849731445312]",P4
LP,0.370670884847641,TP,0.9083949327468872,0.9083949327468872,09002200121707081018142782I_1294444300_482277900,6798,"[823.0562744140625, 635.9801635742188, 892.517578125, 663.31787109375]",P3
TP,0.2872995138168335,TP,0.7072485089302063,0.7072485089302063,09002200121707081018142782I_1294444300_482277900,6798,"[668.0694580078125, 634.2898559570312, 756.7942504882812, 677.9141845703125]",P3
LP,0.9429547786712646,TP,0.9408519864082336,0.9408519864082336,09002200121707081018545182I_1294442400_482322300,6799,"[388.7725524902344, 710.1674194335938, 467.5819396972656, 938.2195434570312]",P4
LP,0.9107775092124939,TP,0.9687913656234741,0.9687913656234741,09002200121707081018545182I_1294442400_482322300,6799,"[0.28583985567092896, 719.4057006835938, 335.418701171875, 1019.6521606445312]",P5
TP,0.7761443853378296,TP,0.7821775078773499,0.7821775078773499,09002200121707081018545182I_1294442400_482322300,6799,"[310.5760803222656, 620.2390747070312, 922.3153686523438, 670.7431640625]",P5
LP,0.9796301126480103,TP,0.9653949737548828,0.9653949737548828,09002200121707081019478092I_1294442500_482378400,6800,"[626.0527954101562, 661.111328125, 1020.5836181640625, 1016.3902587890625]",P5
LP,0.904068648815155,TP,0.8817476630210876,0.8817476630210876,09002200121707081019478092I_1294442500_482378400,6800,"[717.8043212890625, 602.4627075195312, 856.25537109375, 659.1735229492188]",P4
TP,0.7476333975791931,TP,0.7126508951187134,0.7126508951187134,09002200121707081019478092I_1294442500_482378400,6800,"[6.127148628234863, 769.1466064453125, 1016.2154541015625, 872.11962890625]",P5
LP,0.6924350261688232,localization_error,0.42201006412506104,0.42201006412506104,09002200121707081019478092I_1294442500_482378400,6800,"[408.2863464355469, 570.4450073242188, 417.2520446777344, 589.8072509765625]",P3
LP,0.27981793880462646,TP,0.5738939642906189,0.5738939642906189,09002200121707081019478092I_1294442500_482378400,6800,"[408.02734375, 568.7876586914062, 421.1939392089844, 589.5878295898438]",P3
LC,0.6859437227249146,TP,0.6617457866668701,0.6617457866668701,09002200121707081339476092Q_1295924000_482460500,6025,"[414.626220703125, 587.1889038085938, 534.394775390625, 730.3834228515625]",P4
P,0.5852893590927124,TP,0.8679291605949402,0.8679291605949402,09002200121707081339476092Q_1295924000_482460500,6025,"[372.88519287109375, 754.3226928710938, 414.859375, 768.6730346679688]",P3
TC,0.48066985607147217,localization_error,0.3452428877353668,0.3452428877353668,09002200121707081339476092Q_1295924000_482460500,6025,"[454.3454284667969, 637.4484252929688, 690.7862548828125, 646.4156494140625]",P3
TC,0.29184162616729736,TP,0.6439547538757324,0.6439547538757324,09002200121707081339476092Q_1295924000_482460500,6025,"[446.71417236328125, 633.41845703125, 695.3323364257812, 645.2760620117188]",P3
TC,0.28895103931427,background_false_positive,0.0,0.0,09002200121707081339476092Q_1295924000_482460500,6025,"[17.02398681640625, 777.64453125, 108.17708587646484, 844.6842041015625]",P4
TP,0.7912898659706116,TP,0.8604232668876648,0.8604232668876648,09002200121707081348587772I_1295898200_481489800,6801,"[452.5498962402344, 720.038330078125, 883.9752807617188, 782.5883178710938]",P5
TP,0.8775153756141663,TP,0.9541515707969666,0.9541515707969666,09002200121707081400020322I_1294725000_481462900,6802,"[475.3285217285156, 761.927734375, 816.4351806640625, 876.0458984375]",P5
TP,0.8720257878303528,TP,0.9089072346687317,0.9089072346687317,09002200121707081401479802I_1294582200_481581200,6803,"[235.9696502685547, 639.4403076171875, 1023.0618286132812, 719.697509765625]",P5
LP,0.8505256175994873,TP,0.8656501770019531,0.8656501770019531,09002200121707081402418732I_1294575600_481618200,6804,"[474.9149475097656, 626.5443725585938, 502.61358642578125, 934.3947143554688]",P4
TP,0.49324697256088257,localization_error,0.3078781068325043,0.3078781068325043,09002200121707081405071122I_1294549000_481735800,6805,"[2.5907227993011475, 689.7232666015625, 319.4704284667969, 729.986328125]",P4
LP,0.3003058433532715,TP,0.7630103826522827,0.7630103826522827,09002200121707081405071122I_1294549000_481735800,6805,"[0.896484375, 660.2697143554688, 366.5356140136719, 894.6710815429688]",P5
LP,0.8927798867225647,TP,0.9470699429512024,0.9470699429512024,09002200121707081405269712I_1294547600_481772100,6806,"[415.4603576660156, 631.4777221679688, 471.2748107910156, 938.0785522460938]",P4
LP,0.9628503918647766,TP,0.8717064261436462,0.8717064261436462,09002200121707081407142052I_1294544300_481981500,6807,"[27.778369903564453, 626.571533203125, 412.4747619628906, 1024.0]",P5
TP,0.7845665812492371,TP,0.5544770359992981,0.5544770359992981,09002200121707081407142052I_1294544300_481981500,6807,"[192.9326171875, 608.4246215820312, 602.7609252929688, 633.5734252929688]",P4
LP,0.5712537169456482,TP,0.7203394770622253,0.7203394770622253,09002200121707081407142052I_1294544300_481981500,6807,"[477.03955078125, 572.1588745117188, 489.6561584472656, 614.8670654296875]",P3
TP,0.8146750330924988,TP,0.5428346991539001,0.5428346991539001,09002200121707081407524182I_1294529500_482016000,6808,"[4.830810546875, 684.3222045898438, 598.0001831054688, 752.8898315429688]",P5
TP,0.8006566762924194,localization_error,0.27487537264823914,0.27487537264823914,09002200121707081407524182I_1294529500_482016000,6808,"[526.6824340820312, 694.0587768554688, 826.2213134765625, 738.8609619140625]",P4
LP,0.6572358012199402,TP,0.8023410439491272,0.8023410439491272,09002200121707081407524182I_1294529500_482016000,6808,"[3.724865674972534, 766.509033203125, 371.3517150878906, 1023.8761596679688]",P5
TP,0.57159823179245,TP,0.8144846558570862,0.8144846558570862,09002200121707081407524182I_1294529500_482016000,6808,"[428.4559631347656, 597.2409057617188, 795.6265869140625, 622.9837036132812]",P4
LP,0.5064774751663208,localization_error,0.38967782258987427,0.38967782258987427,09002200121707081407524182I_1294529500_482016000,6808,"[395.4789123535156, 627.11669921875, 451.4928894042969, 734.2076416015625]",P4
LP,0.2678668797016144,localization_error,0.23126572370529175,0.23126572370529175,09002200121707081407524182I_1294529500_482016000,6808,"[395.7184753417969, 626.8829956054688, 449.57940673828125, 697.7064819335938]",P3
LP,0.9833112955093384,TP,0.9501919150352478,0.9501919150352478,09002200121707081408485572I_1294514400_482045100,6809,"[804.2328491210938, 633.7797241210938, 1024.0, 709.3726806640625]",P4
LP,0.5903080701828003,background_false_positive,0.0,0.0,09002200121707081408485572I_1294514400_482045100,6809,"[547.9612426757812, 553.1661987304688, 565.1466064453125, 578.1396484375]",P3
TP,0.2956213653087616,TP,0.7346199154853821,0.7346199154853821,09002200121707081408485572I_1294514400_482045100,6809,"[411.03515625, 630.58642578125, 718.9644775390625, 649.40380859375]",P3
TP,0.9242006540298462,TP,0.9199529886245728,0.9199529886245728,09002200121707081410569752I_1294484400_482124200,6810,"[47.57109451293945, 831.7136840820312, 736.2658081054688, 936.7918090820312]",P5
LP,0.8512547016143799,TP,0.9354109168052673,0.9354109168052673,09002200121707081410569752I_1294484400_482124200,6810,"[726.74560546875, 577.8274536132812, 817.8397827148438, 614.8226928710938]",P4
TP,0.9516676664352417,TP,0.9158546328544617,0.9158546328544617,09002200121707081420434872I_1294446100_482250000,6811,"[93.65521240234375, 863.4846801757812, 307.4530944824219, 952.5155639648438]",P4
MC,0.9239445328712463,TP,0.932741105556488,0.932741105556488,09002200121707081420434872I_1294446100_482250000,6811,"[537.5225219726562, 762.6632080078125, 651.475341796875, 805.6168212890625]",P3
TP,0.903404951095581,TP,0.9590553045272827,0.9590553045272827,09002200121707081420434872I_1294446100_482250000,6811,"[2.4225099086761475, 685.3723754882812, 458.0289001464844, 794.5899658203125]",P5
TP,0.6639384031295776,background_false_positive,0.0,0.0,09002200121707081420434872I_1294446100_482250000,6811,"[322.4646911621094, 600.2540283203125, 814.4351806640625, 642.0606689453125]",P5
TC,0.573093831539154,localization_error,0.3406822979450226,0.3406822979450226,09002200121707081420434872I_1294446100_482250000,6811,"[889.7158203125, 907.2574462890625, 1023.9724731445312, 1010.1082153320312]",P4
LC,0.8959227204322815,background_false_positive,0.0,0.013851074501872063,09002200121707081426522602I_1294582200_481572900,6812,"[757.7103881835938, 857.5392456054688, 967.76171875, 1022.9705200195312]",P5
TP,0.7940847277641296,TP,0.9595612287521362,0.9595612287521362,09002200121707081426522602I_1294582200_481572900,6812,"[405.7872009277344, 762.9208374023438, 1019.8334350585938, 863.8447265625]",P5
TP,0.6558383703231812,localization_error,0.2800847291946411,0.2800847291946411,09002200121707081426522602I_1294582200_481572900,6812,"[399.4388732910156, 820.5433959960938, 828.2783203125, 863.1775512695312]",P4
LP,0.6732441186904907,TP,0.9174079298973083,0.9174079298973083,09002200121707081428367892I_1294743800_481460600,6813,"[764.0938720703125, 686.0120239257812, 1023.1438598632812, 837.28271484375]",P5
LP,0.8596484661102295,TP,0.8805601000785828,0.8805601000785828,09002200121707081429105542I_1294823600_481458700,6814,"[673.0660400390625, 689.6296997070312, 789.5548706054688, 947.4322509765625]",P4
LP,0.2772270739078522,duplicate_prediction,0.6058421730995178,0.6058421730995178,09002200121707081429105542I_1294823600_481458700,6814,"[634.1730346679688, 635.6155395507812, 791.4666137695312, 945.1256103515625]",P5
LP,0.9328263401985168,TP,0.9449197053909302,0.9449197053909302,09002200121707081429549342I_1294926200_481456400,6815,"[511.4286193847656, 687.20458984375, 567.0303955078125, 939.2916870117188]",P4
TP,0.8096039891242981,TP,0.8768303990364075,0.8768303990364075,09002200121707081430305842I_1295010200_481455100,6816,"[29.03095817565918, 654.8936767578125, 1023.1887817382812, 755.3641967773438]",P5
LP,0.5247868895530701,background_false_positive,0.0,0.019730528816580772,09002200121707081430305842I_1295010200_481455100,6816,"[793.5101928710938, 676.33447265625, 850.181640625, 707.27587890625]",P3
TP,0.4751693904399872,duplicate_prediction,0.748371958732605,0.748371958732605,09002200121707081430305842I_1295010200_481455100,6816,"[49.99746322631836, 684.5016479492188, 1003.0473022460938, 755.3273315429688]",P5
TP,0.4562224745750427,duplicate_prediction,0.5147600769996643,0.5147600769996643,09002200121707081430305842I_1295010200_481455100,6816,"[49.456886291503906, 690.7549438476562, 774.8109741210938, 754.9702758789062]",P5
LP,0.938123881816864,TP,0.9459280967712402,0.9459280967712402,09002200121707081431511392I_1295198200_481458800,6817,"[527.6047973632812, 604.3203125, 665.9444580078125, 935.3090209960938]",P5
TP,0.8668786883354187,TP,0.8844378590583801,0.8844378590583801,09002200121707081431511392I_1295198200_481458800,6817,"[3.9588379859924316, 765.5169067382812, 612.7288208007812, 851.3106689453125]",P5
TP,0.6899988055229187,TP,0.6729743480682373,0.6729743480682373,09002200121707081431511392I_1295198200_481458800,6817,"[311.18585205078125, 585.9340209960938, 814.6441650390625, 615.1720581054688]",P4
TP,0.258931428194046,duplicate_prediction,0.6712160110473633,0.6712160110473633,09002200121707081431511392I_1295198200_481458800,6817,"[302.57208251953125, 591.2636108398438, 759.4418334960938, 616.8565673828125]",P4
TP,0.9340721964836121,TP,0.9790713787078857,0.9790713787078857,09002200121707081432458332I_1295314800_481461600,6818,"[339.5552673339844, 605.72314453125, 972.4398803710938, 664.5997924804688]",P5
TP,0.5066986680030823,duplicate_prediction,0.6420305371284485,0.6420305371284485,09002200121707081432458332I_1295314800_481461600,6818,"[299.6781921386719, 620.4578857421875, 911.7551879882812, 664.8793334960938]",P4
LP,0.42822685837745667,background_false_positive,0.0,0.25629737973213196,09002200121707081432458332I_1295314800_481461600,6818,"[562.4640502929688, 651.3889770507812, 709.154296875, 932.9052734375]",P5
TP,0.930589497089386,TP,0.9221762418746948,0.9221762418746948,09002200121707081433230542I_1295390000_481463100,6819,"[55.122169494628906, 707.8759765625, 1023.4807739257812, 815.8123168945312]",P5
LP,0.9048246741294861,TP,0.9280256032943726,0.9280256032943726,09002200121707081433230542I_1295390000_481463100,6819,"[732.5035400390625, 553.8703002929688, 1024.0, 621.9074096679688]",P4
TP,0.5068281292915344,duplicate_prediction,0.7223494648933411,0.7223494648933411,09002200121707081433230542I_1295390000_481463100,6819,"[0.14687500894069672, 732.2236328125, 943.3588256835938, 814.6146850585938]",P5
LP,0.8561685085296631,TP,0.6021286845207214,0.6021286845207214,09002200121707081433463542I_1295437200_481464200,6820,"[542.6104736328125, 613.27734375, 850.3624877929688, 982.3953247070312]",P5
LP,0.8423280119895935,TP,0.8145174384117126,0.8145174384117126,09002200121707081433463542I_1295437200_481464200,6820,"[625.9849853515625, 574.8145751953125, 714.1847534179688, 613.7301635742188]",P4
LP,0.7223690152168274,TP,0.8270309567451477,0.8270309567451477,09002200121707081433463542I_1295437200_481464200,6820,"[778.6290283203125, 586.3190307617188, 1023.51416015625, 653.6026611328125]",P4
LC,0.6657657027244568,background_false_positive,0.0,0.008169323205947876,09002200121707081433463542I_1295437200_481464200,6820,"[1.2461426258087158, 762.2167358398438, 277.6413269042969, 960.66455078125]",P5
TP,0.399880975484848,localization_error,0.44108259677886963,0.44108259677886963,09002200121707081433463542I_1295437200_481464200,6820,"[511.85919189453125, 646.3505859375, 1020.4195556640625, 753.3895874023438]",P5
TP,0.30392274260520935,TP,0.5952677130699158,0.5952677130699158,09002200121707081433463542I_1295437200_481464200,6820,"[13.2314453125, 689.6328125, 941.4529418945312, 766.4235229492188]",P5
TP,0.25154274702072144,localization_error,0.13891904056072235,0.13891904056072235,09002200121707081433463542I_1295437200_481464200,6820,"[15.070849418640137, 687.8617553710938, 295.01251220703125, 751.1205444335938]",P4
LP,0.9431871175765991,TP,0.7243593335151672,0.7243593335151672,09002200121707081434266032I_1295480200_481466200,6821,"[637.5995483398438, 604.1851806640625, 1023.7504272460938, 852.9508056640625]",P5
LP,0.576996386051178,background_false_positive,0.018810011446475983,0.018810011446475983,09002200121707081434266032I_1295480200_481466200,6821,"[585.3743286132812, 552.0021362304688, 640.2257080078125, 597.881103515625]",P3
LP,0.8937299251556396,TP,0.9005985856056213,0.9005985856056213,09002200121707081436364362B_1294685100_481977100,6822,"[404.16143798828125, 601.42236328125, 489.8409118652344, 693.0907592773438]",P4
TP,0.7527354955673218,localization_error,0.2687838673591614,0.2687838673591614,09002200121707081436364362B_1294685100_481977100,6822,"[114.7320556640625, 670.9647827148438, 691.0541381835938, 723.6354370117188]",P5
TP,0.2566448152065277,TP,0.8769272565841675,0.8769272565841675,09002200121707081436364362B_1294685100_481977100,6822,"[110.74547576904297, 670.8653564453125, 375.546142578125, 702.6110229492188]",P4
LP,0.944963276386261,TP,0.9486402869224548,0.9486402869224548,09002200121707081437115822I_1295573800_481472300,6823,"[551.9364624023438, 570.0844116210938, 739.57568359375, 941.1599731445312]",P5
LP,0.7874934673309326,TP,0.8403843641281128,0.8403843641281128,09002200121707081437115822I_1295573800_481472300,6823,"[746.4154663085938, 607.3998413085938, 974.9552612304688, 699.626953125]",P4
TP,0.6258182525634766,TP,0.6649870276451111,0.6649870276451111,09002200121707081437115822I_1295573800_481472300,6823,"[278.6335144042969, 639.1331176757812, 808.3253173828125, 665.70361328125]",P4
TP,0.5781944394111633,TP,0.7081938982009888,0.7081938982009888,09002200121707081437115822I_1295573800_481472300,6823,"[879.8717041015625, 621.4436645507812, 1022.2533569335938, 644.9812622070312]",P3
TP,0.9540071487426758,TP,0.9224727749824524,0.9224727749824524,09002200121707081437321322I_1295595500_481473600,6824,"[0.975170910358429, 887.2783203125, 333.1051025390625, 950.6787109375]",P4
LP,0.9466452598571777,TP,0.781055748462677,0.781055748462677,09002200121707081437321322I_1295595500_481473600,6824,"[552.6119995117188, 588.3402709960938, 635.3529052734375, 722.3471069335938]",P4
TP,0.8752667307853699,TP,0.9074892997741699,0.9074892997741699,09002200121707081437321322I_1295595500_481473600,6824,"[690.3534545898438, 891.1305541992188, 898.4754028320312, 935.7216186523438]",P4
TP,0.7181044816970825,TP,0.908242404460907,0.908242404460907,09002200121707081437321322I_1295595500_481473600,6824,"[182.3115234375, 725.8746948242188, 888.5524291992188, 785.0867919921875]",P5
LP,0.45995011925697327,background_false_positive,0.006577704567462206,0.006577704567462206,09002200121707081437321322I_1295595500_481473600,6824,"[605.8932495117188, 549.8424682617188, 639.6016845703125, 570.1259155273438]",P3
LC,0.3472445607185364,background_false_positive,0.0,0.06549446284770966,09002200121707081437321322I_1295595500_481473600,6824,"[852.5885009765625, 836.1259155273438, 1024.0, 954.8453979492188]",P4
TP,0.8357250690460205,TP,0.89605712890625,0.89605712890625,09002200121707081438096292I_1295619800_481475000,6825,"[26.086719512939453, 819.1736450195312, 1024.0, 938.7377319335938]",P5
TP,0.7604897618293762,TP,0.9136094450950623,0.9136094450950623,09002200121707081438426442I_1295646200_481476700,6826,"[42.90800857543945, 721.0142211914062, 837.7599487304688, 782.344482421875]",P5
TP,0.9204915761947632,TP,0.9728457927703857,0.9728457927703857,09002200121707081440410152I_1295759000_481482800,6827,"[138.36367797851562, 797.7453002929688, 578.5131225585938, 897.9887084960938]",P5
LP,0.2849133610725403,background_false_positive,0.0,0.0,09002200121707081440410152I_1295759000_481482800,6827,"[295.9168395996094, 671.1034545898438, 395.0419616699219, 788.3405151367188]",P4
LP,0.9470924139022827,TP,0.8515109419822693,0.8515109419822693,09002200121707081443002002B_1294917800_481994200,6828,"[341.5319519042969, 594.4661865234375, 466.2230529785156, 769.3842163085938]",P4
LP,0.8902779817581177,TP,0.968070924282074,0.968070924282074,09002200121707081443002002B_1294917800_481994200,6828,"[1.129003882408142, 700.2672729492188, 175.6927032470703, 772.7102661132812]",P4
LP,0.5514274835586548,TP,0.9134784936904907,0.9134784936904907,09002200121707081443002002B_1294917800_481994200,6828,"[131.6717987060547, 683.017578125, 283.9070129394531, 777.28662109375]",P4
LP,0.550872802734375,TP,0.6049805283546448,0.6049805283546448,09002200121707081443002002B_1294917800_481994200,6828,"[462.9297790527344, 555.8746948242188, 484.5850524902344, 583.4765014648438]",P3
TP,0.8063212037086487,TP,0.9539433717727661,0.9539433717727661,09002200121707081443389802I_1296026800_481486500,6829,"[2.7145020961761475, 690.24755859375, 680.8684692382812, 738.5873413085938]",P5
LP,0.9295387864112854,TP,0.9349240064620972,0.9349240064620972,09002200121707090856313992Q_1295174500_482422000,6146,"[748.2318725585938, 627.7305297851562, 1023.4771728515625, 775.9052124023438]",P5
LP,0.762331485748291,TP,0.8289535641670227,0.8289535641670227,09002200121707090856313992Q_1295174500_482422000,6146,"[570.1119995117188, 610.8186645507812, 591.6171264648438, 673.70263671875]",P3
TP,0.26944226026535034,TP,0.8511011004447937,0.8511011004447937,09002200121707090856313992Q_1295174500_482422000,6146,"[391.47149658203125, 600.1770629882812, 757.2255249023438, 612.9680786132812]",P4
TP,0.26262366771698,localization_error,0.20754528045654297,0.20754528045654297,09002200121707090856313992Q_1295174500_482422000,6146,"[730.6874389648438, 616.7593994140625, 828.2161254882812, 627.2566528320312]",P3
LC,0.8936309218406677,TP,0.7079728245735168,0.7079728245735168,09002200121707091019379408D_1295013300_482055800,6831,"[606.3681030273438, 644.45166015625, 801.87548828125, 914.2471923828125]",P5
AC,0.4571809768676758,classification_error,0.0,0.8857833743095398,09002200121707091019379408D_1295013300_482055800,6831,"[2.30816650390625, 913.0572509765625, 141.89891052246094, 987.8142700195312]",P4
TC,0.43807750940322876,background_false_positive,0.0,0.0,09002200121707091019379408D_1295013300_482055800,6831,"[969.5537109375, 957.4375, 1023.9185791015625, 983.8370971679688]",P3
LC,0.8036234378814697,TP,0.7767258286476135,0.7767258286476135,09002200121707091259179642Q_1295357800_482888100,6147,"[478.6190490722656, 649.1723022460938, 512.6737670898438, 742.7427978515625]",P3
LP,0.4059115946292877,localization_error,0.45208248496055603,0.45208248496055603,09002200121707091259179642Q_1295357800_482888100,6147,"[660.8946533203125, 581.2054443359375, 775.3126220703125, 627.2028198242188]",P4
MC,0.26855701208114624,TP,0.8414170145988464,0.8414170145988464,09002200121707091259179642Q_1295357800_482888100,6147,"[704.7996826171875, 617.2753295898438, 737.3927612304688, 625.8346557617188]",P3
LC,0.8664762377738953,localization_error,0.4689437747001648,0.4689437747001648,09002200121707091323274701M_1296231600_482917500,6026,"[342.7756042480469, 649.1412963867188, 397.0791931152344, 772.5133666992188]",P4
LC,0.7015407681465149,TP,0.845011830329895,0.845011830329895,09002200121707091323274701M_1296231600_482917500,6026,"[582.5401000976562, 653.3585815429688, 640.0606079101562, 767.8882446289062]",P4
LC,0.6014653444290161,background_false_positive,0.004138854332268238,0.004138854332268238,09002200121707091323274701M_1296231600_482917500,6026,"[560.3196411132812, 578.81201171875, 658.54638671875, 633.3682861328125]",P4
TC,0.5058605670928955,localization_error,0.4003998637199402,0.4003998637199402,09002200121707091323274701M_1296231600_482917500,6026,"[71.23704528808594, 736.091552734375, 248.76809692382812, 772.7767333984375]",P4
LC,0.4890478253364563,localization_error,0.1810956448316574,0.1810956448316574,09002200121707091323274701M_1296231600_482917500,6026,"[642.5630493164062, 627.56494140625, 743.5433349609375, 665.953125]",P3
TC,0.320404589176178,background_false_positive,0.0,0.004172735847532749,09002200121707091323274701M_1296231600_482917500,6026,"[299.435302734375, 634.2296142578125, 566.6408081054688, 648.7913208007812]",P3
LC,0.31550300121307373,localization_error,0.2534737288951874,0.2534737288951874,09002200121707091323274701M_1296231600_482917500,6026,"[656.3386840820312, 629.3287353515625, 708.7723999023438, 661.7008056640625]",P3
LC,0.8618447184562683,TP,0.843879759311676,0.843879759311676,09002200121707091431012111M_1296317500_483022700,6027,"[456.4466857910156, 669.403564453125, 500.06085205078125, 780.2489624023438]",P4
MC,0.819195032119751,TP,0.8648465275764465,0.8648465275764465,09002200121707091431012111M_1296317500_483022700,6027,"[53.0025634765625, 741.2091674804688, 126.9142837524414, 768.3738403320312]",P3
MC,0.7735142111778259,TP,0.6367559432983398,0.6367559432983398,09002200121707091431012111M_1296317500_483022700,6027,"[485.1838073730469, 613.7315063476562, 521.62255859375, 624.2042846679688]",P3
MC,0.8461595773696899,TP,0.7074465751647949,0.7074465751647949,09002200121707091541226858T_1295687000_482010900,6028,"[113.663818359375, 684.7348022460938, 169.0513153076172, 701.0836791992188]",P3
AC,0.6611869931221008,localization_error,0.20237283408641815,0.20237283408641815,09002200121707091541226858T_1295687000_482010900,6028,"[3.1996095180511475, 587.9345703125, 878.5826416015625, 856.6349487304688]",P5
LC,0.7679479718208313,TP,0.5590551495552063,0.5590551495552063,09002200121707091545134709S_1295248500_482605400,6148,"[461.1087341308594, 603.5162353515625, 513.3897094726562, 756.7740478515625]",P4
AC,0.9576895833015442,TP,0.94459068775177,0.94459068775177,09002200121707091656426761B_1295900100_481964800,6029,"[1.619958519935608, 746.6481323242188, 407.6762390136719, 1023.7512817382812]",P5
MC,0.7810304760932922,TP,0.8912538886070251,0.8912538886070251,09002200121707091656426761B_1295900100_481964800,6029,"[956.1329956054688, 699.0375366210938, 1024.0, 721.990234375]",P3
P,0.2873225510120392,background_false_positive,0.0,0.004122072830796242,09002200121707091656426761B_1295900100_481964800,6029,"[35.89990234375, 855.1007690429688, 66.051513671875, 869.7015991210938]",P3
LP,0.8944733142852783,TP,0.9275558590888977,0.9275558590888977,09002200121707101031054972I_1294232100_481955200,6832,"[135.1024169921875, 706.2760620117188, 264.2769775390625, 785.6190795898438]",P4
TP,0.9156556725502014,TP,0.7839317321777344,0.7839317321777344,09002200121707101357248522I_1295245900_481484700,6833,"[194.3406219482422, 783.2418823242188, 1023.6664428710938, 913.7875366210938]",P5
TP,0.7958075404167175,duplicate_prediction,0.6391767263412476,0.6391767263412476,09002200121707101357248522I_1295245900_481484700,6833,"[2.719921827316284, 805.5901489257812, 817.8536987304688, 914.1819458007812]",P5
TP,0.48615407943725586,duplicate_prediction,0.8453224301338196,0.8453224301338196,09002200121707101357248522I_1295245900_481484700,6833,"[18.25214958190918, 759.1821899414062, 1024.0, 913.8165893554688]",P5
LP,0.4507961571216583,localization_error,0.10439588874578476,0.10439588874578476,09002200121707101357248522I_1295245900_481484700,6833,"[854.7182006835938, 827.162109375, 1024.0, 938.5789184570312]",P4
LP,0.37086132168769836,TP,0.6199012398719788,0.6199012398719788,09002200121707101357248522I_1295245900_481484700,6833,"[326.9621276855469, 582.1815795898438, 372.3514709472656, 606.0689086914062]",P3
LP,0.3484019637107849,TP,0.7958436608314514,0.7958436608314514,09002200121707101357248522I_1295245900_481484700,6833,"[586.3710327148438, 575.1387939453125, 1008.5578002929688, 903.3580322265625]",P5
LP,0.2531225383281708,duplicate_prediction,0.6546745300292969,0.6546745300292969,09002200121707101357248522I_1295245900_481484700,6833,"[328.0702819824219, 577.1823120117188, 384.26171875, 605.6344604492188]",P3
LP,0.2508229911327362,localization_error,0.4305752217769623,0.4305752217769623,09002200121707101357248522I_1295245900_481484700,6833,"[330.5874938964844, 570.0266723632812, 397.12164306640625, 605.0235595703125]",P3
TP,0.8760446906089783,TP,0.8525794148445129,0.8525794148445129,09002200121707101400081852I_1295245500_481575000,6834,"[23.78486442565918, 792.999267578125, 942.63330078125, 902.1597900390625]",P5
LP,0.8756852746009827,TP,0.8997464776039124,0.8997464776039124,09002200121707101400081852I_1295245500_481575000,6834,"[132.5146942138672, 570.8250122070312, 438.23883056640625, 871.7970581054688]",P5
TP,0.6412155032157898,localization_error,0.3783237040042877,0.3783237040042877,09002200121707101400081852I_1295245500_481575000,6834,"[0.028076171875, 819.8103637695312, 537.0883178710938, 903.2896728515625]",P5
TP,0.3269030749797821,localization_error,0.10295842587947845,0.10295842587947845,09002200121707101400081852I_1295245500_481575000,6834,"[805.1533203125, 799.2037353515625, 1024.0, 854.5753784179688]",P4
TC,0.8446070551872253,TP,0.8399094343185425,0.8399094343185425,09002200121707101403451992I_1295248000_481687900,6835,"[2.188769578933716, 775.9371948242188, 285.2127990722656, 837.8395385742188]",P4
TC,0.8302797675132751,TP,0.5016299486160278,0.5016299486160278,09002200121707101403451992I_1295248000_481687900,6835,"[0.95068359375, 651.486328125, 668.79345703125, 709.6402587890625]",P5
P,0.7653099894523621,TP,0.8536047339439392,0.8536047339439392,09002200121707101403451992I_1295248000_481687900,6835,"[850.0963134765625, 956.2783203125, 891.9111328125, 976.5037231445312]",P3
MC,0.6517058610916138,TP,0.5863664150238037,0.5863664150238037,09002200121707101407216064C_1295945900_483209400,6030,"[463.75225830078125, 647.9157104492188, 503.89288330078125, 661.2379760742188]",P3
MC,0.5429165363311768,TP,0.8300542235374451,0.8300542235374451,09002200121707101407216064C_1295945900_483209400,6030,"[742.2276611328125, 599.818359375, 778.3385620117188, 608.3236694335938]",P3
TC,0.47712188959121704,TP,0.8165529370307922,0.8165529370307922,09002200121707101407216064C_1295945900_483209400,6030,"[864.96484375, 750.4780883789062, 923.8894653320312, 790.4868774414062]",P3
TC,0.4517752528190613,duplicate_prediction,0.5112247467041016,0.5112247467041016,09002200121707101407216064C_1295945900_483209400,6030,"[844.0557861328125, 748.8289184570312, 925.4010620117188, 795.1194458007812]",P4
MC,0.4513961970806122,duplicate_prediction,0.6910198926925659,0.6910198926925659,09002200121707101407216064C_1295945900_483209400,6030,"[463.2816467285156, 645.4449462890625, 508.99981689453125, 660.1683959960938]",P3
TC,0.43857359886169434,TP,0.7187128663063049,0.7187128663063049,09002200121707101407216064C_1295945900_483209400,6030,"[780.2119140625, 671.3381958007812, 863.4517822265625, 697.9280395507812]",P3
MC,0.40803995728492737,duplicate_prediction,0.8712304830551147,0.8712304830551147,09002200121707101407216064C_1295945900_483209400,6030,"[463.653564453125, 647.130859375, 517.0988159179688, 661.9976806640625]",P3
MC,0.3871932923793793,background_false_positive,0.0,0.0,09002200121707101407216064C_1295945900_483209400,6030,"[458.3424987792969, 602.6529541015625, 480.810546875, 608.2924194335938]",P3
TC,0.2822706699371338,localization_error,0.3346976339817047,0.3346976339817047,09002200121707101407216064C_1295945900_483209400,6030,"[818.2289428710938, 749.4938354492188, 924.6703491210938, 803.5286254882812]",P4
LC,0.35611268877983093,localization_error,0.3985973596572876,0.3985973596572876,09002200121707101614492422I_1295241000_481420100,6836,"[586.3910522460938, 610.9346923828125, 779.9165649414062, 932.0078125]",P5
TP,0.34944623708724976,classification_error,0.0,0.8220853805541992,09002200121707101614492422I_1295241000_481420100,6836,"[57.03349685668945, 695.4805908203125, 908.9081420898438, 757.3619995117188]",P5
LP,0.2505878508090973,classification_error,0.0,0.825884997844696,09002200121707101614492422I_1295241000_481420100,6836,"[576.946044921875, 596.6498413085938, 667.815673828125, 750.4867553710938]",P4
LP,0.9642133712768555,TP,0.8418912887573242,0.8418912887573242,09002200121707101618561212I_1295232400_481310000,6837,"[0.639208972454071, 664.9699096679688, 389.56689453125, 973.6884765625]",P5
LP,0.974932849407196,TP,0.9719113707542419,0.9719113707542419,09002200121707101620572462I_1295234800_481201200,6838,"[569.8641967773438, 603.5955200195312, 782.8798217773438, 951.2740478515625]",P5
LP,0.7787948250770569,TP,0.9576473236083984,0.9576473236083984,09002200121707101639521732I_1295236300_481326400,6839,"[4.525732517242432, 577.5537109375, 470.1318359375, 971.8314819335938]",P5
TP,0.7770640254020691,TP,0.9090440273284912,0.9090440273284912,09002200121707101639521732I_1295236300_481326400,6839,"[385.15948486328125, 787.8588256835938, 820.20556640625, 838.0111694335938]",P5
LP,0.3562123775482178,localization_error,0.2695954442024231,0.2695954442024231,09002200121707101639521732I_1295236300_481326400,6839,"[1.554589867591858, 775.1969604492188, 262.26837158203125, 973.4244995117188]",P5
MC,0.8725733757019043,TP,0.833043098449707,0.833043098449707,09002200121707111016308448T_1295699800_481897000,6840,"[430.3952331542969, 772.1989135742188, 505.8262634277344, 800.8245239257812]",P3
MC,0.8484153151512146,TP,0.8081480264663696,0.8081480264663696,09002200121707111016308448T_1295699800_481897000,6840,"[73.6240234375, 775.22802734375, 162.60107421875, 810.0870361328125]",P3
MC,0.27165210247039795,background_false_positive,0.0,0.0,09002200121707111016308448T_1295699800_481897000,6840,"[619.3683471679688, 601.6080322265625, 645.3920288085938, 608.2744140625]",P3
MC,0.8369331955909729,TP,0.8301551938056946,0.8301551938056946,09002200121707111110472472Q_1296216900_483044100,6031,"[0.5307556390762329, 757.0211791992188, 42.78798294067383, 785.9837036132812]",P3
AC,0.772550106048584,TP,0.6338265538215637,0.6338265538215637,09002200121707111110472472Q_1296216900_483044100,6031,"[395.9994201660156, 657.2081909179688, 562.3383178710938, 791.1466674804688]",P5
LC,0.9508254528045654,TP,0.8503665328025818,0.8503665328025818,09002200121707111129162532Q_1296198900_482997200,6032,"[596.3947143554688, 599.8899536132812, 734.53173828125, 791.2277221679688]",P4
TC,0.6090530753135681,TP,0.803735613822937,0.803735613822937,09002200121707111138596042Q_1296136100_483041900,6033,"[268.52203369140625, 714.8095703125, 571.4052124023438, 742.6285400390625]",P4
LC,0.561650812625885,TP,0.8246467113494873,0.8246467113494873,09002200121707111138596042Q_1296136100_483041900,6033,"[534.3104858398438, 596.5573120117188, 551.2294921875, 789.2578125]",P4
LC,0.3106367886066437,duplicate_prediction,0.5596575736999512,0.5596575736999512,09002200121707111138596042Q_1296136100_483041900,6033,"[533.3453369140625, 591.1350708007812, 546.9392700195312, 794.6614379882812]",P3
LC,0.28887227177619934,duplicate_prediction,0.6894829273223877,0.6894829273223877,09002200121707111138596042Q_1296136100_483041900,6033,"[536.1327514648438, 618.903076171875, 549.1000366210938, 787.7803344726562]",P3
MC,0.8889058232307434,TP,0.8753505349159241,0.8753505349159241,09002200121707111140014532Q_1296190200_483040600,6034,"[154.05152893066406, 680.5831909179688, 213.45054626464844, 696.9974975585938]",P3
LC,0.6784351468086243,localization_error,0.3885767161846161,0.3885767161846161,09002200121707111140014532Q_1296190200_483040600,6034,"[209.94151306152344, 654.3226928710938, 356.87158203125, 730.1126708984375]",P4
TC,0.39835867285728455,TP,0.9170586466789246,0.9170586466789246,09002200121707111140014532Q_1296190200_483040600,6034,"[336.5477600097656, 665.4700927734375, 738.1145629882812, 682.567138671875]",P4
MC,0.8784201741218567,TP,0.84752357006073,0.84752357006073,09002200121707111221423492Q_1296216400_482887600,6035,"[207.06118774414062, 674.98876953125, 264.5775451660156, 692.10888671875]",P3
TC,0.7106345891952515,TP,0.7034798264503479,0.7034798264503479,09002200121707111221423492Q_1296216400_482887600,6035,"[1.4800293445587158, 641.7262573242188, 172.1423797607422, 682.7962036132812]",P4
MC,0.7763180732727051,TP,0.9005880951881409,0.9005880951881409,09002200121707111323485322Q_1296202500_482990800,6036,"[408.7716979980469, 589.0697021484375, 438.84649658203125, 595.3053588867188]",P3
LC,0.6827669143676758,TP,0.6692858338356018,0.6692858338356018,09002200121707111323485322Q_1296202500_482990800,6036,"[551.5541381835938, 659.4862670898438, 577.2235717773438, 793.0648803710938]",P3
LC,0.5507183074951172,duplicate_prediction,0.6892896294593811,0.6892896294593811,09002200121707111323485322Q_1296202500_482990800,6036,"[548.7384643554688, 657.9906616210938, 571.1884765625, 793.990234375]",P4
MC,0.4468011260032654,background_false_positive,0.0,0.0,09002200121707111323485322Q_1296202500_482990800,6036,"[722.2529907226562, 620.5485229492188, 750.4525756835938, 627.5839233398438]",P3
LC,0.4114229679107666,TP,0.7440615892410278,0.7440615892410278,09002200121707111323485322Q_1296202500_482990800,6036,"[82.78863525390625, 654.7692260742188, 367.7063903808594, 815.5315551757812]",P5
LC,0.30243033170700073,background_false_positive,0.0,0.0,09002200121707111323485322Q_1296202500_482990800,6036,"[496.0668640136719, 662.9791870117188, 517.631103515625, 724.0383911132812]",P3
MC,0.2520674765110016,background_false_positive,0.0,0.0,09002200121707111323485322Q_1296202500_482990800,6036,"[721.3543090820312, 620.7106323242188, 743.5499877929688, 628.0496826171875]",P3
LP,0.8648340106010437,TP,0.8739976286888123,0.8739976286888123,09002200121707121158446862M_1296283900_483175000,6037,"[561.343017578125, 635.4259643554688, 630.4095458984375, 779.1390991210938]",P4
LP,0.7808234691619873,TP,0.9296635389328003,0.9296635389328003,09002200121707121158446862M_1296283900_483175000,6037,"[319.5992126464844, 614.2880249023438, 401.35040283203125, 676.4744262695312]",P4
LP,0.4699801504611969,localization_error,0.3100135326385498,0.3100135326385498,09002200121707121158446862M_1296283900_483175000,6037,"[25.524927139282227, 728.0912475585938, 235.0860595703125, 845.4945678710938]",P4
LC,0.39236342906951904,TP,0.796394407749176,0.796394407749176,09002200121707121158446862M_1296283900_483175000,6037,"[751.43798828125, 649.6110229492188, 822.1466064453125, 700.4816284179688]",P3
LP,0.33149009943008423,localization_error,0.21664942800998688,0.21664942800998688,09002200121707121158446862M_1296283900_483175000,6037,"[20.700536727905273, 657.5575561523438, 307.4976501464844, 845.5367431640625]",P5
TP,0.30428346991539,TP,0.795696496963501,0.795696496963501,09002200121707121158446862M_1296283900_483175000,6037,"[815.9931640625, 693.0737915039062, 986.2214965820312, 706.2836303710938]",P3
LC,0.8747715950012207,TP,0.9433231949806213,0.9433231949806213,09002200121707131020435729S_1295310800_483011700,6149,"[401.5207214355469, 599.7325439453125, 481.1195373535156, 806.0829467773438]",P4
LP,0.9469622373580933,TP,0.9719043970108032,0.9719043970108032,09002200121707131403056739S_1294786300_482203000,6841,"[559.6896362304688, 577.1580200195312, 1024.0, 853.4947509765625]",P5
TP,0.9016504883766174,TP,0.9209203720092773,0.9209203720092773,09002200121707131403056739S_1294786300_482203000,6841,"[735.3232421875, 765.7637939453125, 825.1513671875, 807.25927734375]",P3
MC,0.4848562180995941,TP,0.7111009359359741,0.7111009359359741,09002200121707131403056739S_1294786300_482203000,6841,"[522.1546630859375, 616.80322265625, 557.0670776367188, 623.9523315429688]",P3
LC,0.2771398723125458,background_false_positive,0.0,0.08279125392436981,09002200121707131403056739S_1294786300_482203000,6841,"[731.9888916015625, 804.2443237304688, 1020.4945678710938, 1020.9986572265625]",P5
LC,0.305591881275177,background_false_positive,0.0,0.0,09002200121901200926112092K_1296257400_483122000,6038,"[710.3746337890625, 623.8994140625, 734.3154296875, 788.28955078125]",P4
LP,0.7982747554779053,TP,0.7773343324661255,0.7773343324661255,09002200121901201024133982Q_1295841000_482006800,6039,"[545.2560424804688, 646.240234375, 574.1048583984375, 918.7061767578125]",P5
LP,0.9276825785636902,TP,0.9343752264976501,0.9343752264976501,09002200121901201045145662K_1296136500_483322000,6040,"[383.8536376953125, 669.5924072265625, 514.3721923828125, 806.654296875]",P4
LP,0.2663222551345825,TP,0.7702513337135315,0.7702513337135315,09002200121901201045145662K_1296136500_483322000,6040,"[482.8585510253906, 529.5072631835938, 493.5536804199219, 552.91259765625]",P3
LC,0.8827890753746033,TP,0.7987169027328491,0.7987169027328491,09002200121901201151526292K_1295907900_483319900,6042,"[416.0946960449219, 616.9530639648438, 489.01666259765625, 796.3836059570312]",P4
LC,0.9453351497650146,TP,0.9209921956062317,0.9209921956062317,09002200121901201205427912K_1295992900_483321200,6043,"[678.5023803710938, 648.3471069335938, 954.3226928710938, 833.2567749023438]",P5
TC,0.7601213455200195,TP,0.8194668292999268,0.8194668292999268,09002200121901201240460582K_1296213800_483111600,6044,"[236.3411102294922, 758.1949462890625, 750.4078369140625, 781.9912109375]",P5
LC,0.5345818996429443,TP,0.7608299255371094,0.7608299255371094,09002200121901201336205082K_1296053200_483189600,6045,"[540.0255737304688, 662.0451049804688, 598.044921875, 767.2006225585938]",P4
LC,0.2551404535770416,background_false_positive,0.0,0.0,09002200121901201336205082K_1296053200_483189600,6045,"[307.9742126464844, 692.0934448242188, 371.4409484863281, 815.8327026367188]",P4
LP,0.9809203147888184,TP,0.924532413482666,0.924532413482666,09002200121901201344271162L_1295281600_482059700,6842,"[78.1404800415039, 611.294677734375, 472.8926696777344, 1014.4166259765625]",P5
LP,0.6102039813995361,TP,0.7531771063804626,0.7531771063804626,09002200121901201344271162L_1295281600_482059700,6842,"[434.88897705078125, 816.8900756835938, 459.84326171875, 898.8256225585938]",P4
TP,0.5013816356658936,localization_error,0.1900269240140915,0.1900269240140915,09002200121901201344271162L_1295281600_482059700,6842,"[508.1042175292969, 755.6785278320312, 838.9671020507812, 794.6984252929688]",P4
LP,0.9088757634162903,TP,0.9590296149253845,0.9590296149253845,09002200121901201346498812L_1295278400_482206300,6150,"[576.8704223632812, 583.0247802734375, 682.6073608398438, 790.6527709960938]",P4
TP,0.6909539103507996,TP,0.8227738738059998,0.8227738738059998,09002200121901201346498812L_1295278400_482206300,6150,"[325.8598937988281, 638.8858032226562, 768.2135620117188, 655.2311401367188]",P4
TP,0.4356740713119507,localization_error,0.46205008029937744,0.46205008029937744,09002200121901201346498812L_1295278400_482206300,6150,"[501.25274658203125, 582.0958862304688, 609.9309692382812, 589.2653198242188]",P3
TP,0.36717718839645386,TP,0.554248034954071,0.554248034954071,09002200121901201346498812L_1295278400_482206300,6150,"[500.0754089355469, 581.9545288085938, 583.6615600585938, 588.48779296875]",P3
LP,0.9569830298423767,TP,0.9124390482902527,0.9124390482902527,09002200121901201347012222L_1295278000_482224200,6151,"[719.7699584960938, 711.4597778320312, 806.69482421875, 803.9744262695312]",P4
LP,0.8604795932769775,TP,0.7706797122955322,0.7706797122955322,09002200121901201347012222L_1295278000_482224200,6151,"[614.32958984375, 585.2100830078125, 647.0855712890625, 607.7131958007812]",P3
TP,0.37849587202072144,TP,0.6652804017066956,0.6652804017066956,09002200121901201347012222L_1295278000_482224200,6151,"[347.5171813964844, 632.9449462890625, 658.7184448242188, 650.2232666015625]",P3
LP,0.9070563912391663,TP,0.8096790909767151,0.8096790909767151,09002200121901201348408502L_1295276000_482398700,6152,"[580.3898315429688, 568.6691284179688, 661.6830444335938, 776.1918334960938]",P4
LP,0.9003697633743286,TP,0.9333638548851013,0.9333638548851013,09002200121901201349080892L_1295279200_482415600,6153,"[605.9990234375, 561.4252319335938, 805.1554565429688, 936.6290893554688]",P5
LP,0.9209442138671875,TP,0.9006385803222656,0.9006385803222656,09002200121901201350102202L_1295295500_482429600,6154,"[642.7162475585938, 620.3530883789062, 706.3351440429688, 705.174072265625]",P3
TP,0.6014015674591064,background_false_positive,0.0,0.0,09002200121901201350102202L_1295295500_482429600,6154,"[0.762493908405304, 734.0216064453125, 194.24526977539062, 804.4661254882812]",P4
TP,0.5597464442253113,background_false_positive,0.0,0.0,09002200121901201350102202L_1295295500_482429600,6154,"[222.59971618652344, 761.1249389648438, 1022.7445678710938, 816.25244140625]",P5
LP,0.9401331543922424,TP,0.8893868327140808,0.8893868327140808,09002200121901201350351562L_1295312000_482431900,6155,"[583.8085327148438, 571.4630737304688, 752.6530151367188, 800.6046752929688]",P4
LP,0.9213739633560181,TP,0.810541033744812,0.810541033744812,09002200121901201351317032L_1295343400_482435400,6156,"[526.1256713867188, 664.6300659179688, 599.7838745117188, 798.9908447265625]",P4
TP,0.907378077507019,TP,0.959028422832489,0.959028422832489,09002200121901201351317032L_1295343400_482435400,6156,"[163.6790008544922, 679.1714477539062, 467.89923095703125, 747.2848510742188]",P4
TP,0.33734357357025146,TP,0.5058066248893738,0.5058066248893738,09002200121901201351317032L_1295343400_482435400,6156,"[376.5368347167969, 582.1648559570312, 459.12432861328125, 590.1557006835938]",P3
LP,0.9149003624916077,TP,0.940468430519104,0.940468430519104,09002200121901201352181052L_1295366000_482470300,6157,"[596.5826416015625, 574.5983276367188, 826.5759887695312, 801.1522827148438]",P5
LP,0.40729907155036926,localization_error,0.22518479824066162,0.22518479824066162,09002200121901201352181052L_1295366000_482470300,6157,"[595.5718994140625, 577.0315551757812, 706.5406494140625, 689.232421875]",P4
TP,0.32984858751296997,localization_error,0.3022441864013672,0.3022441864013672,09002200121901201352181052L_1295366000_482470300,6157,"[339.5131530761719, 661.0411376953125, 535.0487060546875, 678.7008666992188]",P3
TP,0.27942371368408203,localization_error,0.46894171833992004,0.46894171833992004,09002200121901201352181052L_1295366000_482470300,6157,"[278.04315185546875, 661.8724975585938, 679.8146362304688, 678.7147827148438]",P5
LP,0.9802566170692444,TP,0.9359865784645081,0.9359865784645081,09002200121901201355138472L_1295362000_482588800,6158,"[590.880126953125, 620.9221801757812, 725.588623046875, 787.8063354492188]",P4
LC,0.7660544514656067,TP,0.7868537902832031,0.7868537902832031,09002200121901201357410762K_1296005300_483207900,6046,"[390.87451171875, 616.60498046875, 514.4244995117188, 807.68798828125]",P4
TC,0.6430307626724243,TP,0.8565902709960938,0.8565902709960938,09002200121901201357410762K_1296005300_483207900,6046,"[34.96098709106445, 793.8464965820312, 150.0742645263672, 842.2144775390625]",P4
LP,0.773798406124115,localization_error,0.46893975138664246,0.46893975138664246,09002200121901201400451062L_1295359300_482807100,6159,"[551.9756469726562, 605.5557861328125, 584.479736328125, 757.7045288085938]",P4
LP,0.858090877532959,TP,0.8203015327453613,0.8203015327453613,09002200121901201401094602L_1295358700_482825500,6160,"[569.8599853515625, 634.5426025390625, 616.6751098632812, 787.3756103515625]",P4
LP,0.8794079422950745,TP,0.7936208844184875,0.7936208844184875,09002200121901201401551192L_1295357700_482856900,6161,"[551.2919921875, 642.0968017578125, 589.35009765625, 795.8624267578125]",P4
LP,0.6323174238204956,TP,0.8488352298736572,0.8488352298736572,09002200121901201401551192L_1295357700_482856900,6161,"[696.0875244140625, 577.659423828125, 775.0054931640625, 612.5153198242188]",P3
LP,0.7315894365310669,TP,0.8102473616600037,0.8102473616600037,09002200121901201402245452L_1295356800_482883600,6162,"[523.8037109375, 670.7237548828125, 543.4283447265625, 790.2991333007812]",P3
LP,0.618161141872406,TP,0.9094240069389343,0.9094240069389343,09002200121901201402245452L_1295356800_482883600,6162,"[352.7154541015625, 578.580078125, 523.5531616210938, 793.3497924804688]",P4
TP,0.5169922113418579,TP,0.5284570455551147,0.5284570455551147,09002200121901201402245452L_1295356800_482883600,6162,"[247.0465087890625, 656.4244995117188, 602.5621337890625, 669.8722534179688]",P5
LP,0.4844900965690613,localization_error,0.10822861641645432,0.10822861641645432,09002200121901201402245452L_1295356800_482883600,6162,"[475.5757751464844, 563.1281127929688, 519.8738403320312, 660.4425659179688]",P3
LP,0.38300490379333496,duplicate_prediction,0.6680956482887268,0.6680956482887268,09002200121901201402245452L_1295356800_482883600,6162,"[351.3978271484375, 617.3668823242188, 498.6826171875, 792.9720458984375]",P4
LP,0.34397417306900024,localization_error,0.44101986289024353,0.44101986289024353,09002200121901201402245452L_1295356800_482883600,6162,"[352.24737548828125, 655.1110229492188, 474.76397705078125, 791.9970092773438]",P4
TP,0.26730355620384216,duplicate_prediction,0.5763977766036987,0.5763977766036987,09002200121901201402245452L_1295356800_482883600,6162,"[236.38670349121094, 644.6356811523438, 634.2791137695312, 667.9088745117188]",P4
LC,0.953835666179657,TP,0.92891925573349,0.92891925573349,09002200121901201404050822K_1295947400_483180900,6047,"[533.2470092773438, 583.9381713867188, 627.04638671875, 794.8108520507812]",P4
TC,0.3893737494945526,localization_error,0.4913087785243988,0.4913087785243988,09002200121901201404050822K_1295947400_483180900,6047,"[335.1556091308594, 699.6681518554688, 562.7985229492188, 718.6271362304688]",P4
TC,0.26445502042770386,localization_error,0.25029754638671875,0.25029754638671875,09002200121901201404050822K_1295947400_483180900,6047,"[166.4303741455078, 736.4215087890625, 282.0841369628906, 764.54052734375]",P3
MC,0.7790563702583313,TP,0.8395712375640869,0.8395712375640869,09002200121901201416585722K_1295977600_483287800,6048,"[333.1835632324219, 634.2097778320312, 393.8375549316406, 651.3736572265625]",P3
MC,0.4678288996219635,TP,0.7763352394104004,0.7763352394104004,09002200121901201416585722K_1295977600_483287800,6048,"[465.99639892578125, 580.1483764648438, 503.04150390625, 589.6112670898438]",P3
MC,0.29975956678390503,background_false_positive,0.0,0.0,09002200121901201416585722K_1295977600_483287800,6048,"[483.7725524902344, 601.8136596679688, 523.9063720703125, 615.2085571289062]",P3
LP,0.8239713907241821,TP,0.7935360074043274,0.7935360074043274,09002200121901201420401272L_1295357400_483082400,6163,"[594.2442626953125, 611.1300659179688, 656.3993530273438, 697.8049926757812]",P4
LP,0.8030372858047485,TP,0.9193291068077087,0.9193291068077087,09002200121901201420401272L_1295357400_483082400,6163,"[506.19512939453125, 574.4851684570312, 540.91015625, 613.6412353515625]",P3
MC,0.7961762547492981,TP,0.808567464351654,0.808567464351654,09002200121901201420401272L_1295357400_483082400,6163,"[875.5302734375, 679.7930908203125, 933.4947509765625, 695.8801879882812]",P3
LP,0.8987599015235901,TP,0.9599689245223999,0.9599689245223999,09002200121901201421322552L_1295412300_483112700,6164,"[420.9497985839844, 642.6576538085938, 543.4041137695312, 817.0362548828125]",P4
TP,0.5655702948570251,TP,0.8913499712944031,0.8913499712944031,09002200121901201421322552L_1295412300_483112700,6164,"[322.8226318359375, 625.6573486328125, 591.5033569335938, 646.5274658203125]",P4
TP,0.5616813898086548,TP,0.8544267416000366,0.8544267416000366,09002200121901201421322552L_1295412300_483112700,6164,"[387.2148132324219, 590.6689453125, 527.9624633789062, 597.1047973632812]",P3
TP,0.4871313273906708,duplicate_prediction,0.5527209043502808,0.5527209043502808,09002200121901201421322552L_1295412300_483112700,6164,"[385.6536560058594, 589.197021484375, 526.995849609375, 599.1040649414062]",P3
TP,0.34388184547424316,duplicate_prediction,0.6274559497833252,0.6274559497833252,09002200121901201421322552L_1295412300_483112700,6164,"[388.8741149902344, 590.9522705078125, 477.50030517578125, 597.2321166992188]",P3
TP,0.2973443865776062,background_false_positive,0.0,0.0,09002200121901201421322552L_1295412300_483112700,6164,"[449.24853515625, 566.51171875, 519.7586059570312, 573.0455322265625]",P3
LP,0.8412582278251648,TP,0.8722771406173706,0.8722771406173706,09002200121901201422113572L_1295473300_483138900,6165,"[530.03369140625, 561.4103393554688, 552.7955932617188, 800.5419921875]",P4
LP,0.6133813261985779,background_false_positive,0.0,0.0,09002200121901201422113572L_1295473300_483138900,6165,"[841.1011962890625, 679.8679809570312, 1022.99609375, 762.9203491210938]",P4
LP,0.3504266142845154,background_false_positive,0.0,0.0,09002200121901201422113572L_1295473300_483138900,6165,"[826.7379150390625, 671.3410034179688, 917.4129028320312, 715.1134643554688]",P3
LP,0.2510318160057068,background_false_positive,0.0,0.0,09002200121901201422113572L_1295473300_483138900,6165,"[753.1408081054688, 649.9220581054688, 789.0355834960938, 681.0924072265625]",P3
LP,0.9397217035293579,TP,0.8891348242759705,0.8891348242759705,09002200121901201422579202L_1295557100_483167800,6166,"[669.5367431640625, 638.6221923828125, 726.3572387695312, 684.7284545898438]",P3
TP,0.8824192881584167,TP,0.8622951507568359,0.8622951507568359,09002200121901201422579202L_1295557100_483167800,6166,"[187.78955078125, 672.9265747070312, 899.0010986328125, 746.4974975585938]",P5
LP,0.5903820991516113,TP,0.6190831065177917,0.6190831065177917,09002200121901201422579202L_1295557100_483167800,6166,"[596.9346923828125, 586.7282104492188, 622.3118286132812, 616.1607666015625]",P3
LP,0.25871261954307556,localization_error,0.3528434634208679,0.3528434634208679,09002200121901201422579202L_1295557100_483167800,6166,"[588.10302734375, 576.181640625, 622.9923095703125, 615.6837768554688]",P3
LC,0.5676740407943726,localization_error,0.4071258008480072,0.4071258008480072,09002200121901201431300552K_1295992100_483377000,6049,"[453.97607421875, 645.3522338867188, 548.6205444335938, 815.1703491210938]",P4
MC,0.4570903480052948,TP,0.8740203976631165,0.8740203976631165,09002200121901201431300552K_1295992100_483377000,6049,"[0.12138672173023224, 740.04638671875, 48.65102767944336, 759.7325439453125]",P3
MC,0.3943581283092499,TP,0.7633646726608276,0.7633646726608276,09002200121901201431300552K_1295992100_483377000,6049,"[393.4595642089844, 627.31298828125, 435.228515625, 639.76904296875]",P3
LC,0.36042746901512146,localization_error,0.3764129877090454,0.3764129877090454,09002200121901201431300552K_1295992100_483377000,6049,"[514.6768798828125, 729.4278564453125, 547.8414306640625, 814.6608276367188]",P3
TC,0.3264404237270355,classification_error,0.0,0.839908242225647,09002200121901201431300552K_1295992100_483377000,6049,"[271.0039978027344, 642.1731567382812, 492.3851013183594, 779.7262573242188]",P5
LP,0.8464688062667847,localization_error,0.3560158610343933,0.3560158610343933,09002200121901201514074962L_1295965800_482065200,6050,"[543.8857421875, 578.591796875, 578.2723999023438, 804.7341918945312]",P4
TP,0.7601441740989685,TP,0.9076188802719116,0.9076188802719116,09002200121901201514337662L_1295928200_482064400,6051,"[301.5797119140625, 657.4227905273438, 898.7941284179688, 680.5006713867188]",P5
TP,0.6972149610519409,TP,0.6546524167060852,0.6546524167060852,09002200121901201517528462L_1295741500_482054100,6052,"[137.76748657226562, 704.51904296875, 756.1340942382812, 751.16552734375]",P5
TP,0.6962389945983887,duplicate_prediction,0.6001575589179993,0.6001575589179993,09002200121901201517528462L_1295741500_482054100,6052,"[369.0373229980469, 697.3026733398438, 908.4664916992188, 750.86181640625]",P5
TP,0.6126573085784912,duplicate_prediction,0.825255811214447,0.825255811214447,09002200121901201517528462L_1295741500_482054100,6052,"[134.88975524902344, 698.0294799804688, 909.8373413085938, 748.8746337890625]",P5
TP,0.6282064914703369,TP,0.6961237192153931,0.6961237192153931,09002200121901201518474472L_1295679000_482048400,6053,"[256.41827392578125, 678.3231811523438, 931.4259643554688, 728.1427001953125]",P5
TP,0.8768606781959534,localization_error,0.2990180253982544,0.2990180253982544,09002200121901201519015652L_1295657800_482046200,6054,"[891.2433471679688, 659.8866577148438, 1021.4361572265625, 721.843994140625]",P4
TP,0.713732898235321,TP,0.9127028584480286,0.9127028584480286,09002200121901201519015652L_1295657800_482046200,6054,"[322.8568420410156, 623.5847778320312, 659.2208251953125, 644.1849975585938]",P4
LP,0.3693719208240509,localization_error,0.38460516929626465,0.38460516929626465,09002200121901201519015652L_1295657800_482046200,6054,"[617.9794311523438, 579.8702392578125, 638.1239624023438, 602.7035522460938]",P3
TP,0.3645676374435425,duplicate_prediction,0.5654210448265076,0.5654210448265076,09002200121901201519015652L_1295657800_482046200,6054,"[330.38311767578125, 623.1322631835938, 901.4880981445312, 644.2024536132812]",P4
TP,0.3450203537940979,duplicate_prediction,0.6532549858093262,0.6532549858093262,09002200121901201519015652L_1295657800_482046200,6054,"[350.9516296386719, 627.3670043945312, 658.1132202148438, 643.0408325195312]",P3
LP,0.26956382393836975,localization_error,0.20473767817020416,0.20473767817020416,09002200121901201519015652L_1295657800_482046200,6054,"[610.5280151367188, 578.5172119140625, 635.0028686523438, 600.8861694335938]",P3
LP,0.94691401720047,TP,0.8486492037773132,0.8486492037773132,09002200121901201520536422L_1295548300_482033300,6843,"[229.3191375732422, 622.0935668945312, 343.893798828125, 697.2722778320312]",P4
LP,0.6662340760231018,TP,0.6871131658554077,0.6871131658554077,09002200121901201520536422L_1295548300_482033300,6843,"[737.6416015625, 654.4290161132812, 770.9031372070312, 688.3074340820312]",P3
LP,0.42411312460899353,localization_error,0.4951343536376953,0.4951343536376953,09002200121901201520536422L_1295548300_482033300,6843,"[717.97900390625, 642.0319213867188, 771.39892578125, 688.5045776367188]",P3
LP,0.3282848000526428,background_false_positive,0.0,0.0,09002200121901201520536422L_1295548300_482033300,6843,"[885.2979736328125, 660.7634887695312, 1024.0, 709.5792846679688]",P4
LP,0.3212272822856903,background_false_positive,0.0,0.0,09002200121901201520536422L_1295548300_482033300,6843,"[575.0538940429688, 570.2019653320312, 603.604736328125, 596.4921875]",P3
LP,0.9448807835578918,TP,0.9927542209625244,0.9927542209625244,09002200121901201522299042L_1295448800_482016800,6844,"[1.9511231184005737, 592.8825073242188, 476.9925842285156, 990.7857666015625]",P5
LP,0.822542130947113,TP,0.888808012008667,0.888808012008667,09002200121901201522299042L_1295448800_482016800,6844,"[742.6050415039062, 623.5465698242188, 848.1566772460938, 687.2341918945312]",P4
LP,0.44258448481559753,localization_error,0.3107532262802124,0.3107532262802124,09002200121901201522299042L_1295448800_482016800,6844,"[785.0844116210938, 624.89794921875, 908.3463134765625, 668.0885620117188]",P3
LP,0.9576518535614014,TP,0.9618707895278931,0.9618707895278931,09002200121901201532240442L_1295726700_482051400,6055,"[455.1427917480469, 651.4068603515625, 484.9212951660156, 773.728515625]",P3
TP,0.3041381537914276,TP,0.7024357318878174,0.7024357318878174,09002200121901201532240442L_1295726700_482051400,6055,"[402.99102783203125, 634.5260009765625, 627.8900756835938, 653.0783081054688]",P3
TP,0.29912880063056946,duplicate_prediction,0.6111946105957031,0.6111946105957031,09002200121901201532240442L_1295726700_482051400,6055,"[383.7370300292969, 638.5081176757812, 639.7254028320312, 653.4149780273438]",P4
LP,0.8350066542625427,TP,0.8544163107872009,0.8544163107872009,09002200121901201534112552L_1295814800_482057000,6056,"[461.15509033203125, 766.9223022460938, 496.9325256347656, 898.0621337890625]",P4
LP,0.8311310410499573,TP,0.7614181637763977,0.7614181637763977,09002200121901201534112552L_1295814800_482057000,6056,"[604.7199096679688, 638.9237670898438, 780.2986450195312, 818.1967163085938]",P4
TP,0.8000596761703491,TP,0.8373980522155762,0.8373980522155762,09002200121901201534112552L_1295814800_482057000,6056,"[171.58779907226562, 741.26220703125, 698.3595581054688, 773.9069213867188]",P5
TP,0.6328458189964294,background_false_positive,0.0,0.0,09002200121901201534112552L_1295814800_482057000,6056,"[579.0392456054688, 588.9654541015625, 716.0204467773438, 599.240234375]",P3
LP,0.5783172249794006,localization_error,0.4707688093185425,0.4707688093185425,09002200121901201534112552L_1295814800_482057000,6056,"[574.3190307617188, 605.0409545898438, 605.2341918945312, 632.4064331054688]",P3
LP,0.42168718576431274,background_false_positive,0.0,0.0,09002200121901201534112552L_1295814800_482057000,6056,"[626.672607421875, 548.0142822265625, 714.6893920898438, 594.296875]",P3
LC,0.41231581568717957,TP,0.7848271727561951,0.7848271727561951,09002200121901201534112552L_1295814800_482057000,6056,"[777.4628295898438, 830.3685913085938, 1007.2643432617188, 1021.853515625]",P5
TP,0.37306737899780273,background_false_positive,0.0,0.0,09002200121901201534112552L_1295814800_482057000,6056,"[587.0573120117188, 590.6935424804688, 717.373291015625, 598.0287475585938]",P3
LP,0.3274744153022766,background_false_positive,0.0,0.0,09002200121901201534112552L_1295814800_482057000,6056,"[623.7512817382812, 546.47314453125, 662.60302734375, 566.9895629882812]",P3
TP,0.3241835832595825,localization_error,0.23833900690078735,0.23833900690078735,09002200121901201534112552L_1295814800_482057000,6056,"[552.1080322265625, 637.19873046875, 664.0113525390625, 647.6522827148438]",P3
LP,0.7742711305618286,TP,0.872552216053009,0.872552216053009,09002200121901201536210532L_1295886600_482061600,6057,"[17.869531631469727, 588.1022338867188, 481.0316467285156, 985.4641723632812]",P5
TP,0.520883321762085,TP,0.5819456577301025,0.5819456577301025,09002200121901201536210532L_1295886600_482061600,6057,"[222.3114776611328, 653.230712890625, 673.1112060546875, 695.1141967773438]",P4
LP,0.5203977823257446,duplicate_prediction,0.5879021286964417,0.5879021286964417,09002200121901201536210532L_1295886600_482061600,6057,"[14.504345893859863, 664.6661376953125, 406.3995056152344, 985.8673095703125]",P5
LP,0.4882515072822571,TP,0.8772455453872681,0.8772455453872681,09002200121901201536210532L_1295886600_482061600,6057,"[965.4685668945312, 728.3917846679688, 1024.0, 750.890869140625]",P3
TP,0.4312267303466797,localization_error,0.23560689389705658,0.23560689389705658,09002200121901201536210532L_1295886600_482061600,6057,"[717.4483642578125, 664.5734252929688, 937.95068359375, 696.8316040039062]",P4
TP,0.8361253142356873,TP,0.930326521396637,0.930326521396637,09002200121901201537098252L_1295910600_482062600,6058,"[159.68955993652344, 698.6290893554688, 1024.0, 796.69775390625]",P5
LP,0.6764053702354431,TP,0.7884541749954224,0.7884541749954224,09002200121901201537098252L_1295910600_482062600,6058,"[486.6392517089844, 570.3851318359375, 505.67755126953125, 602.125244140625]",P3
LP,0.5384300947189331,TP,0.7807891964912415,0.7807891964912415,09002200121901201537098252L_1295910600_482062600,6058,"[556.0623168945312, 640.59619140625, 566.1812744140625, 685.80224609375]",P3
LP,0.4409243166446686,localization_error,0.2617229223251343,0.2617229223251343,09002200121901201537098252L_1295910600_482062600,6058,"[315.0470886230469, 707.95654296875, 358.90069580078125, 763.44970703125]",P3
TP,0.39570483565330505,background_false_positive,0.0,0.03997977823019028,09002200121901201537098252L_1295910600_482062600,6058,"[405.1217956542969, 591.7777709960938, 494.2409362792969, 598.5496215820312]",P3
LP,0.9576572179794312,TP,0.9302191734313965,0.9302191734313965,09002200121901201537583632L_1295945000_482063400,6059,"[495.92901611328125, 681.8925170898438, 530.9846801757812, 787.8416137695312]",P3
LP,0.7519449591636658,TP,0.7799109816551208,0.7799109816551208,09002200121901201537583632L_1295945000_482063400,6059,"[329.989501953125, 595.3248291015625, 397.030029296875, 622.3052978515625]",P3
LP,0.34052011370658875,background_false_positive,0.0,0.0,09002200121901201537583632L_1295945000_482063400,6059,"[591.9784545898438, 572.8720092773438, 617.61181640625, 597.8809204101562]",P3
MC,0.2915695011615753,background_false_positive,0.0,0.023790117353200912,09002200121901201537583632L_1295945000_482063400,6059,"[403.08544921875, 604.4677124023438, 439.0895690917969, 613.5858764648438]",P3
LP,0.909965991973877,TP,0.9558699727058411,0.9558699727058411,09002200121901201538392812L_1295983400_482064100,6060,"[415.4468688964844, 615.9005126953125, 502.76983642578125, 743.61767578125]",P4
LP,0.862298309803009,TP,0.8146772384643555,0.8146772384643555,09002200121901201538392812L_1295983400_482064100,6060,"[656.0279541015625, 591.8441772460938, 700.5453491210938, 623.6680908203125]",P3
LP,0.803071916103363,TP,0.7679325938224792,0.7679325938224792,09002200121901201538392812L_1295983400_482064100,6060,"[543.0322875976562, 629.4124145507812, 560.709716796875, 789.7110595703125]",P4
LP,0.2626020610332489,duplicate_prediction,0.5840404629707336,0.5840404629707336,09002200121901201538392812L_1295983400_482064100,6060,"[546.522216796875, 642.1674194335938, 559.572998046875, 789.2963256835938]",P3
LP,0.25240007042884827,background_false_positive,0.0,0.0,09002200121901201538392812L_1295983400_482064100,6060,"[389.3084411621094, 601.6464233398438, 401.14410400390625, 616.6513061523438]",P3
AC,0.9109976887702942,TP,0.8560211062431335,0.8560211062431335,09002200121901201544057272K_1295829000_483212500,6061,"[242.7197265625, 599.68017578125, 498.1552429199219, 809.2086791992188]",P5
MC,0.8308069705963135,TP,0.8939111232757568,0.8939111232757568,09002200121901201544057272K_1295829000_483212500,6061,"[876.3513793945312, 683.9132080078125, 951.1599731445312, 710.9423217773438]",P3
LC,0.496951162815094,background_false_positive,0.0,0.2870590090751648,09002200121901201544057272K_1295829000_483212500,6061,"[399.27691650390625, 596.8014526367188, 482.0711364746094, 804.5524291992188]",P4
MC,0.47783708572387695,localization_error,0.3878885507583618,0.3878885507583618,09002200121901201544057272K_1295829000_483212500,6061,"[133.0092010498047, 638.3031005859375, 163.6409454345703, 649.0911865234375]",P3
MC,0.34817880392074585,TP,0.5380843877792358,0.5380843877792358,09002200121901201544057272K_1295829000_483212500,6061,"[128.0900421142578, 637.6381225585938, 165.7290496826172, 650.9283447265625]",P3
MC,0.28831249475479126,background_false_positive,0.0,0.0,09002200121901201544057272K_1295829000_483212500,6061,"[437.35919189453125, 554.7617797851562, 463.16876220703125, 559.8781127929688]",P3
LP,0.8470288515090942,TP,0.6014571189880371,0.6014571189880371,09002200121901201559389592L_1296227700_482888400,6062,"[710.4791870117188, 694.5990600585938, 824.3678588867188, 801.1403198242188]",P4
TP,0.8406161665916443,TP,0.9483583569526672,0.9483583569526672,09002200121901201559389592L_1296227700_482888400,6062,"[257.6851501464844, 656.8212890625, 792.9109497070312, 688.2042846679688]",P5
TP,0.2614656984806061,background_false_positive,0.05057614669203758,0.05057614669203758,09002200121901201559389592L_1296227700_482888400,6062,"[712.4910278320312, 674.9602661132812, 787.5601806640625, 686.25732421875]",P3
LP,0.8634410500526428,TP,0.9685109853744507,0.9685109853744507,09002200121901201600044792L_1296227000_482910600,6063,"[676.7545776367188, 673.7860717773438, 1023.22119140625, 965.5040893554688]",P5
TP,0.8039827346801758,TP,0.9374885559082031,0.9374885559082031,09002200121901201600044792L_1296227000_482910600,6063,"[268.5105895996094, 642.2221069335938, 686.3158569335938, 679.2504272460938]",P5
LP,0.8925604224205017,TP,0.9401832818984985,0.9401832818984985,09002200121901201600271152L_1296226300_482932900,6064,"[514.4129638671875, 656.2346801757812, 548.8081665039062, 805.0961303710938]",P4
LP,0.7088140249252319,TP,0.6630101203918457,0.6630101203918457,09002200121901201600271152L_1296226300_482932900,6064,"[536.4015502929688, 597.6627807617188, 545.0726928710938, 638.3881225585938]",P3
TP,0.5183907151222229,TP,0.8998063802719116,0.8998063802719116,09002200121901201600271152L_1296226300_482932900,6064,"[383.54693603515625, 641.2144775390625, 763.4696044921875, 656.0584106445312]",P4
LP,0.965115487575531,TP,0.9688709378242493,0.9688709378242493,09002200121901201601563522L_1296222700_483037800,6065,"[369.2959899902344, 654.1236572265625, 487.0065612792969, 807.4562377929688]",P4
LP,0.8963146805763245,TP,0.5674299001693726,0.5674299001693726,09002200121901201601563522L_1296222700_483037800,6065,"[602.3591918945312, 583.5093994140625, 664.5607299804688, 643.4150390625]",P3
LP,0.7707352042198181,TP,0.8188381791114807,0.8188381791114807,09002200121901201601563522L_1296222700_483037800,6065,"[540.7849731445312, 650.31689453125, 563.0958251953125, 807.9088745117188]",P4
LP,0.6958309412002563,TP,0.942160427570343,0.942160427570343,09002200121901201601563522L_1296222700_483037800,6065,"[764.2533569335938, 746.99072265625, 854.3142700195312, 814.8834838867188]",P4
TP,0.39652401208877563,TP,0.6606971025466919,0.6606971025466919,09002200121901201601563522L_1296222700_483037800,6065,"[371.1313171386719, 634.2784423828125, 657.1319580078125, 649.2932739257812]",P3
LC,0.304375559091568,localization_error,0.3968474864959717,0.3968474864959717,09002200121901201603226332L_1296221500_483112000,6066,"[669.2433471679688, 688.2427978515625, 739.8966064453125, 790.0935668945312]",P4
LC,0.30300623178482056,TP,0.8961312770843506,0.8961312770843506,09002200121901201603226332L_1296221500_483112000,6066,"[629.4102783203125, 642.2379760742188, 740.84423828125, 790.4473876953125]",P4
TP,0.7160770893096924,TP,0.8285984396934509,0.8285984396934509,09002200121901201611316592L_1295682000_483173800,6167,"[411.38067626953125, 681.8411254882812, 566.05517578125, 695.99755859375]",P3
LP,0.619468092918396,TP,0.7940914034843445,0.7940914034843445,09002200121901201611316592L_1295682000_483173800,6167,"[451.1923828125, 746.2981567382812, 476.67578125, 791.75537109375]",P3
LP,0.893434464931488,TP,0.9092254638671875,0.9092254638671875,09002200121901201611521332L_1295643000_483172600,6168,"[560.68603515625, 632.7352905273438, 609.3609619140625, 794.40478515625]",P4
LP,0.7155395150184631,TP,0.9357804656028748,0.9357804656028748,09002200121901201611521332L_1295643000_483172600,6168,"[639.2666015625, 628.4576416015625, 668.5562744140625, 652.8002319335938]",P3
TP,0.3899364769458771,background_false_positive,0.0,0.02280919998884201,09002200121901201611521332L_1295643000_483172600,6168,"[561.6998291015625, 618.8598022460938, 767.5997314453125, 630.3816528320312]",P4
LP,0.28614354133605957,localization_error,0.31750357151031494,0.31750357151031494,09002200121901201611521332L_1295643000_483172600,6168,"[592.4480590820312, 624.78515625, 667.4228515625, 652.8850708007812]",P3
TP,0.8364641070365906,TP,0.9277417659759521,0.9277417659759521,09002200121901201614543722L_1295476500_483142100,6169,"[174.52578735351562, 701.01904296875, 724.1082153320312, 730.7782592773438]",P5
LP,0.6154998540878296,TP,0.6424126029014587,0.6424126029014587,09002200121901201614543722L_1295476500_483142100,6169,"[504.7295837402344, 635.5237426757812, 547.4844970703125, 764.1220703125]",P4
LP,0.31191563606262207,localization_error,0.44922423362731934,0.44922423362731934,09002200121901201614543722L_1295476500_483142100,6169,"[513.8076171875, 633.8084106445312, 551.015625, 748.6312866210938]",P3
LP,0.31016093492507935,background_false_positive,0.0,0.0,09002200121901201614543722L_1295476500_483142100,6169,"[603.8485717773438, 604.6762084960938, 640.6339111328125, 641.6649169921875]",P4
MC,0.7561153173446655,TP,0.8752492666244507,0.8752492666244507,09002200121901201618335942K_1295780600_483244300,6068,"[7.305713176727295, 687.2867431640625, 58.629676818847656, 705.36328125]",P3
TC,0.3865698277950287,localization_error,0.18414543569087982,0.18414543569087982,09002200121901201618335942K_1295780600_483244300,6068,"[208.7290802001953, 652.0509033203125, 773.9103393554688, 733.29345703125]",P5
TC,0.3531365692615509,TP,0.6079388856887817,0.6079388856887817,09002200121901201618335942K_1295780600_483244300,6068,"[528.2921142578125, 704.4882202148438, 773.1319580078125, 730.3567504882812]",P5
LC,0.2566983997821808,classification_error,0.0,0.5967283844947815,09002200121901201618335942K_1295780600_483244300,6068,"[216.887451171875, 640.64697265625, 266.69342041015625, 686.52294921875]",P3
TC,0.9062492251396179,TP,0.7985232472419739,0.7985232472419739,09002200121901201623324852K_1295850200_483186500,6069,"[1.1031219959259033, 830.63818359375, 63.33625411987305, 863.4345092773438]",P3
TC,0.28061771392822266,localization_error,0.3591356575489044,0.3591356575489044,09002200121901201623324852K_1295850200_483186500,6069,"[335.528076171875, 633.050537109375, 566.8807983398438, 645.5000610351562]",P3
TC,0.26062077283859253,localization_error,0.2836049795150757,0.2836049795150757,09002200121901201623324852K_1295850200_483186500,6069,"[332.3030090332031, 635.2865600585938, 548.4473876953125, 646.6721801757812]",P3
LP,0.9440730214118958,TP,0.8802942633628845,0.8802942633628845,09002200121901201646598192K_1295788400_483362100,6070,"[326.2095642089844, 581.9403686523438, 483.6201171875, 803.7828369140625]",P5
TP,0.6023826003074646,background_false_positive,0.0,0.009389612823724747,09002200121901201646598192K_1295788400_483362100,6070,"[262.1739196777344, 590.5431518554688, 365.1382751464844, 598.4296875]",P3
LP,0.41049590706825256,localization_error,0.46530917286872864,0.46530917286872864,09002200121901201646598192K_1295788400_483362100,6070,"[604.8108520507812, 562.0347900390625, 639.8057861328125, 590.408203125]",P3
TP,0.287138432264328,localization_error,0.46354418992996216,0.46354418992996216,09002200121901201646598192K_1295788400_483362100,6070,"[669.2884521484375, 581.9706420898438, 720.8179321289062, 592.3916015625]",P3
TP,0.7976802587509155,TP,0.8755699396133423,0.8755699396133423,09002200121901201650126672K_1295791800_483228800,6071,"[260.8325500488281, 680.6346435546875, 1022.5700073242188, 745.0780639648438]",P5
TP,0.5712534785270691,localization_error,0.3186868727207184,0.3186868727207184,09002200121901201650126672K_1295791800_483228800,6071,"[244.7839813232422, 713.4525756835938, 716.8500366210938, 747.4555053710938]",P4
LC,0.8661457896232605,TP,0.8854670524597168,0.8854670524597168,09002200121901201654039762K_1295914200_483172300,6072,"[300.9951171875, 566.7169799804688, 435.48956298828125, 794.3485717773438]",P4
MC,0.5856823921203613,TP,0.7089499235153198,0.7089499235153198,09002200121901201654039762K_1295914200_483172300,6072,"[280.1546325683594, 614.62451171875, 323.5888366699219, 625.6581420898438]",P3
TC,0.8853634595870972,TP,0.902400016784668,0.902400016784668,09002200121901210909359202K_1296299600_483169900,6073,"[508.9117126464844, 675.5432739257812, 1021.78759765625, 747.5665283203125]",P5
LC,0.9353232979774475,TP,0.9112517833709717,0.9112517833709717,09002200121901210911399212K_1296275200_483087300,6074,"[1.886499047279358, 593.98974609375, 265.28985595703125, 699.64208984375]",P4
MC,0.7152756452560425,TP,0.691806435585022,0.691806435585022,09002200121901210911399212K_1296275200_483087300,6074,"[459.30712890625, 600.4957885742188, 490.06280517578125, 608.3798217773438]",P3
AC,0.8708040714263916,TP,0.6578572988510132,0.6578572988510132,09002200121901211003121282K_1296342100_483067600,6075,"[564.8724975585938, 588.6640625, 1022.5997924804688, 855.083984375]",P5
MC,0.7890815138816833,TP,0.8219391107559204,0.8219391107559204,09002200121901211003121282K_1296342100_483067600,6075,"[638.53271484375, 684.6093139648438, 698.0311889648438, 704.4674682617188]",P3
LP,0.9593494534492493,TP,0.8830909132957458,0.8830909132957458,09002200121901211022210172K_1296253400_483053700,6076,"[435.87677001953125, 506.8517761230469, 513.6986694335938, 810.3028564453125]",P4
LP,0.8897057771682739,TP,0.5919103026390076,0.5919103026390076,09002200121901211022302982K_1296265800_483053400,6077,"[268.532470703125, 546.6282348632812, 443.6239318847656, 771.7197265625]",P4
TC,0.8484953045845032,background_false_positive,0.0,0.0,09002200121901211116162532Q_1295655000_482010700,6078,"[917.8646850585938, 930.8087158203125, 1024.0, 979.0419311523438]",P4
TC,0.7753139138221741,background_false_positive,0.0,0.0,09002200121901211116162532Q_1295655000_482010700,6078,"[4.6348876953125, 888.01953125, 244.0962371826172, 985.1957397460938]",P4
LC,0.49668049812316895,background_false_positive,0.0,0.0,09002200121901211116162532Q_1295655000_482010700,6078,"[771.1178588867188, 693.4181518554688, 929.9540405273438, 797.9867553710938]",P4
LC,0.4779437184333801,background_false_positive,0.0,0.0,09002200121901211116162532Q_1295655000_482010700,6078,"[0.828662097454071, 947.6261596679688, 153.5501708984375, 1024.0]",P4
LC,0.2916252613067627,background_false_positive,0.0,0.0,09002200121901211116162532Q_1295655000_482010700,6078,"[747.7296142578125, 670.13720703125, 933.4212036132812, 797.8894653320312]",P4
LC,0.2579955756664276,background_false_positive,0.0,0.0,09002200121901211116162532Q_1295655000_482010700,6078,"[5.928540229797363, 889.5624389648438, 245.1536407470703, 984.2092895507812]",P4
LC,0.9571312069892883,TP,0.8549882769584656,0.8549882769584656,09002200121901211143302912L_1295375400_482014400,6845,"[440.0705261230469, 604.8093872070312, 527.4786987304688, 898.5824584960938]",P4
MC,0.8419180512428284,background_false_positive,0.0,0.01018690224736929,09002200121901211143302912L_1295375400_482014400,6845,"[895.5687866210938, 755.9664306640625, 1022.0687866210938, 795.0354614257812]",P3
LC,0.43889138102531433,TP,0.7007298469543457,0.7007298469543457,09002200121901211204353672L_1295069200_482414800,6170,"[603.1996459960938, 648.4307861328125, 681.2240600585938, 800.6122436523438]",P4
LC,0.335575133562088,duplicate_prediction,0.5094330906867981,0.5094330906867981,09002200121901211204353672L_1295069200_482414800,6170,"[621.1766967773438, 654.9475708007812, 678.5470581054688, 799.8102416992188]",P4
LC,0.6583462953567505,background_false_positive,0.0,0.23914991319179535,09002200121901211229206022L_1295324400_483041800,6171,"[819.4669799804688, 680.5413208007812, 866.3435668945312, 715.3241577148438]",P3
TC,0.41393351554870605,TP,0.8426802754402161,0.8426802754402161,09002200121901211229206022L_1295324400_483041800,6171,"[371.21435546875, 740.3377685546875, 677.8001098632812, 768.647705078125]",P4
TC,0.3514411449432373,localization_error,0.21841736137866974,0.21841736137866974,09002200121901211229206022L_1295324400_483041800,6171,"[376.6662292480469, 705.04443359375, 938.5830078125, 766.9610595703125]",P5
LC,0.6562246680259705,TP,0.726094663143158,0.726094663143158,09002200121901211414107272L_1295613800_483279100,6172,"[538.8099975585938, 595.9169311523438, 558.4166870117188, 804.5323486328125]",P4
LC,0.9267791509628296,TP,0.9193754196166992,0.9193754196166992,09002200121901211446570272Q_1296254200_482150900,6079,"[551.7472534179688, 551.73388671875, 623.2297973632812, 793.2158203125]",P4
LC,0.9262836575508118,TP,0.9061190485954285,0.9061190485954285,09002200121901211448332302Q_1296287200_482094000,6080,"[395.5304870605469, 621.4802856445312, 495.8998107910156, 797.02490234375]",P4
MC,0.6285851001739502,TP,0.9236879348754883,0.9236879348754883,09002200121901211448332302Q_1296287200_482094000,6080,"[849.6847534179688, 692.1301879882812, 923.3689575195312, 713.3653564453125]",P3
MC,0.5952901244163513,TP,0.6681296229362488,0.6681296229362488,09002200121901211448332302Q_1296287200_482094000,6080,"[318.7281799316406, 658.579345703125, 366.1318054199219, 670.8856201171875]",P3
TC,0.40671446919441223,localization_error,0.40148475766181946,0.40148475766181946,09002200121901211631409462L_1295273200_482385600,6173,"[363.4570007324219, 661.9170532226562, 782.12109375, 686.4756469726562]",P4
AC,0.786996603012085,TP,0.5575494766235352,0.5575494766235352,09002200121901211632194512Q_1296283600_482191400,6081,"[336.6556701660156, 696.3287963867188, 630.08740234375, 796.5746459960938]",P4
MC,0.6438230276107788,TP,0.9115398526191711,0.9115398526191711,09002200121901211632194512Q_1296283600_482191400,6081,"[30.001562118530273, 636.1627807617188, 75.8973388671875, 647.6246948242188]",P3
AC,0.6356430649757385,TP,0.6842360496520996,0.6842360496520996,09002200121901211632194512Q_1296283600_482191400,6081,"[661.8085327148438, 705.9848022460938, 827.609375, 768.5419921875]",P4
AC,0.5037182569503784,localization_error,0.4109995365142822,0.4109995365142822,09002200121901211632194512Q_1296283600_482191400,6081,"[337.25225830078125, 690.9207153320312, 805.2838745117188, 795.3232421875]",P5
TC,0.44721487164497375,background_false_positive,0.0,0.12449458241462708,09002200121901211632194512Q_1296283600_482191400,6081,"[63.70916748046875, 723.2332153320312, 296.59130859375, 792.2973022460938]",P4
P,0.2808014154434204,classification_error,0.0,0.5661270618438721,09002200121901211632194512Q_1296283600_482191400,6081,"[642.3003540039062, 620.6493530273438, 688.005126953125, 632.3712768554688]",P3
LC,0.8751700520515442,TP,0.8837066888809204,0.8837066888809204,09002200121901221204081442Q_1296053300_482332100,6082,"[372.57861328125, 581.1690673828125, 517.359375, 786.1036376953125]",P4
TC,0.39892062544822693,TP,0.6273806095123291,0.6273806095123291,09002200121901221204081442Q_1296053300_482332100,6082,"[487.8316345214844, 659.486083984375, 830.6951293945312, 706.5674438476562]",P4
TC,0.34736350178718567,duplicate_prediction,0.5304245352745056,0.5304245352745056,09002200121901221204081442Q_1296053300_482332100,6082,"[488.42724609375, 644.6256103515625, 894.1477661132812, 708.0673828125]",P5
LP,0.8292242288589478,TP,0.85212242603302,0.85212242603302,09002200121901221209507862Q_1296075100_482204900,6083,"[555.644287109375, 602.1123046875, 589.5116577148438, 784.9553833007812]",P4
MC,0.31596431136131287,TP,0.7325624227523804,0.7325624227523804,09002200121901221209507862Q_1296075100_482204900,6083,"[59.5960807800293, 620.4118041992188, 102.07552337646484, 632.3021850585938]",P3
MC,0.8719584345817566,TP,0.8118283748626709,0.8118283748626709,09002200121901221345011662Q_1295909300_482350200,6084,"[61.01418685913086, 686.221435546875, 126.27685546875, 706.998291015625]",P3
MC,0.8404384851455688,TP,0.8770158886909485,0.8770158886909485,09002200121901221345011662Q_1295909300_482350200,6084,"[94.3074951171875, 640.2860717773438, 137.1280975341797, 651.1612548828125]",P3
LC,0.7902730703353882,TP,0.9485505223274231,0.9485505223274231,09002200121901221345011662Q_1295909300_482350200,6084,"[583.1978759765625, 544.6700439453125, 843.8812866210938, 792.9833984375]",P5
MC,0.7393226027488708,TP,0.8391605019569397,0.8391605019569397,09002200121901221345011662Q_1295909300_482350200,6084,"[360.115234375, 630.5043334960938, 399.6669921875, 639.6259765625]",P3
MC,0.5567987561225891,TP,0.8033887147903442,0.8033887147903442,09002200121901221345011662Q_1295909300_482350200,6084,"[387.0817565917969, 644.8137817382812, 434.27685546875, 656.7471923828125]",P3
MC,0.3966995179653168,TP,0.5413352251052856,0.5413352251052856,09002200121901221345011662Q_1295909300_482350200,6084,"[488.5542907714844, 619.9406127929688, 514.17578125, 627.3707275390625]",P3
LC,0.8730221390724182,TP,0.881912350654602,0.881912350654602,09002200121901221345126822Q_1295907900_482339400,6085,"[557.642578125, 533.46044921875, 607.1036987304688, 778.3975830078125]",P4
TC,0.7337090373039246,TP,0.6393675208091736,0.6393675208091736,09002200121901221645196242Q_1296298000_482197300,6086,"[382.75909423828125, 721.9342651367188, 693.4684448242188, 735.9093017578125]",P4
LP,0.8420586585998535,TP,0.880099892616272,0.880099892616272,09002200121901231008374602K_1295882200_483175800,6087,"[497.68310546875, 711.27880859375, 513.1315307617188, 817.3028564453125]",P3
TP,0.8447396159172058,TP,0.6878874897956848,0.6878874897956848,09002200121901231013157602K_1296092300_483179300,6088,"[204.3237762451172, 638.4005737304688, 490.5175476074219, 664.9300537109375]",P4
LP,0.8333473801612854,TP,0.8980013728141785,0.8980013728141785,09002200121901231013253432K_1296108900_483179600,6089,"[363.27752685546875, 701.6082153320312, 418.6259765625, 803.0160522460938]",P4
TP,0.6483126282691956,TP,0.7740146517753601,0.7740146517753601,09002200121901231013253432K_1296108900_483179600,6089,"[417.1842956542969, 616.021240234375, 563.46533203125, 622.8115844726562]",P3
LP,0.9255813956260681,TP,0.937942385673523,0.937942385673523,09002200121901231014439882K_1296220700_483139600,6090,"[488.4554748535156, 583.4855346679688, 543.4833984375, 706.572509765625]",P4
TP,0.8641350269317627,TP,0.8746654391288757,0.8746654391288757,09002200121901231014439882K_1296220700_483139600,6090,"[116.03008270263672, 687.4371948242188, 853.8333129882812, 755.8692626953125]",P5
LP,0.6390889286994934,TP,0.7372887134552002,0.7372887134552002,09002200121901231014439882K_1296220700_483139600,6090,"[493.701171875, 779.7005004882812, 507.3351745605469, 819.6054077148438]",P3
LP,0.9047513008117676,TP,0.8658424019813538,0.8658424019813538,09002200121901231015114032K_1296220400_483118700,6091,"[388.9619140625, 614.3980712890625, 486.9425964355469, 800.9609375]",P4
LP,0.8983734846115112,TP,0.9579887986183167,0.9579887986183167,09002200121901231015114032K_1296220400_483118700,6091,"[715.47998046875, 721.7909545898438, 812.1516723632812, 823.2796020507812]",P4
TP,0.4735511839389801,TP,0.6202767491340637,0.6202767491340637,09002200121901231015114032K_1296220400_483118700,6091,"[320.30670166015625, 603.1561889648438, 621.0470581054688, 617.4108276367188]",P5
TP,0.4481540620326996,localization_error,0.47316429018974304,0.47316429018974304,09002200121901231015114032K_1296220400_483118700,6091,"[369.5281677246094, 605.6386108398438, 618.697021484375, 616.7284545898438]",P3
TP,0.38846147060394287,duplicate_prediction,0.822225034236908,0.822225034236908,09002200121901231015114032K_1296220400_483118700,6091,"[316.8333435058594, 595.8809204101562, 620.3338623046875, 617.433349609375]",P4
LP,0.2939158082008362,duplicate_prediction,0.6341089606285095,0.6341089606285095,09002200121901231015114032K_1296220400_483118700,6091,"[386.3483581542969, 612.44482421875, 486.96337890625, 748.03955078125]",P4
LP,0.8182210326194763,TP,0.881115734577179,0.881115734577179,09002200121901231015549942K_1296219900_483084800,6092,"[475.1602478027344, 618.9439086914062, 504.7398376464844, 702.2899780273438]",P3
LP,0.6620756983757019,TP,0.8820112347602844,0.8820112347602844,09002200121901231015549942K_1296219900_483084800,6092,"[578.3766479492188, 580.6688842773438, 651.6673583984375, 650.8435668945312]",P4
TP,0.597740650177002,TP,0.7201961278915405,0.7201961278915405,09002200121901231015549942K_1296219900_483084800,6092,"[340.10205078125, 717.6210327148438, 771.42724609375, 748.4185791015625]",P4
LP,0.5300120115280151,classification_error,0.0,0.735920250415802,09002200121901231015549942K_1296219900_483084800,6092,"[378.9107360839844, 604.7711181640625, 455.85986328125, 632.3695678710938]",P4
TP,0.5107479691505432,TP,0.7571228742599487,0.7571228742599487,09002200121901231015549942K_1296219900_483084800,6092,"[104.84966278076172, 687.2463989257812, 195.92724609375, 711.3561401367188]",P4
TP,0.26464760303497314,background_false_positive,0.0,0.0,09002200121901231015549942K_1296219900_483084800,6092,"[379.3331298828125, 581.8405151367188, 455.6395568847656, 589.2805786132812]",P3
LP,0.7423891425132751,TP,0.6469112038612366,0.6469112038612366,09002200121901231016312592K_1296220700_483056600,6093,"[467.7059631347656, 619.2304077148438, 484.3053894042969, 645.6158447265625]",P3
TP,0.5253691077232361,TP,0.9229612350463867,0.9229612350463867,09002200121901231016312592K_1296220700_483056600,6093,"[278.9360656738281, 717.43994140625, 949.1969604492188, 769.0743408203125]",P5
LP,0.9572132229804993,TP,0.9146692156791687,0.9146692156791687,09002200121901231017276812K_1296222300_483009800,6094,"[598.068359375, 603.4994506835938, 754.3673095703125, 784.1138916015625]",P4
TP,0.6111233830451965,TP,0.8112452626228333,0.8112452626228333,09002200121901231017276812K_1296222300_483009800,6094,"[161.8694305419922, 666.3506469726562, 607.5615234375, 710.0348510742188]",P4
LP,0.9380621910095215,TP,0.9603204131126404,0.9603204131126404,09002200121901231017414972K_1296223100_482985700,6095,"[663.0507202148438, 674.8723754882812, 800.9705200195312, 823.1188354492188]",P4
TP,0.6803018450737,TP,0.8540738224983215,0.8540738224983215,09002200121901231017414972K_1296223100_482985700,6095,"[308.6950378417969, 639.7785034179688, 970.1432495117188, 681.8355102539062]",P5
TP,0.4868537485599518,TP,0.8063086867332458,0.8063086867332458,09002200121901231017414972K_1296223100_482985700,6095,"[359.6602478027344, 567.2467651367188, 695.4996337890625, 579.3348999023438]",P4
TP,0.3867989480495453,duplicate_prediction,0.6867135167121887,0.6867135167121887,09002200121901231017414972K_1296223100_482985700,6095,"[374.0135192871094, 569.6939697265625, 687.224365234375, 578.2872924804688]",P4
TP,0.7843640446662903,TP,0.9417160749435425,0.9417160749435425,09002200121901231017495912K_1296223600_482972700,6096,"[811.9953002929688, 769.8402709960938, 1024.0, 824.6664428710938]",P4
TP,0.7735790610313416,TP,0.8851834535598755,0.8851834535598755,09002200121901231017495912K_1296223600_482972700,6096,"[0.33574220538139343, 793.03662109375, 139.514404296875, 840.6965942382812]",P4
LP,0.3909330666065216,TP,0.6953372955322266,0.6953372955322266,09002200121901231017495912K_1296223600_482972700,6096,"[560.862548828125, 549.9986572265625, 576.416748046875, 571.107421875]",P3
LP,0.35743454098701477,background_false_positive,0.0,0.005919715855270624,09002200121901231017495912K_1296223600_482972700,6096,"[658.2406616210938, 648.8416137695312, 681.7155151367188, 694.8458251953125]",P3
TP,0.309730589389801,TP,0.9088670611381531,0.9088670611381531,09002200121901231017495912K_1296223600_482972700,6096,"[245.1608428955078, 624.2345581054688, 680.1307983398438, 652.2566528320312]",P4
LP,0.3891114294528961,TP,0.723206102848053,0.723206102848053,09002200121901231020279842K_1296228600_482823100,6097,"[573.0321044921875, 566.5226440429688, 606.1132202148438, 612.5567626953125]",P3
TP,0.3240309953689575,TP,0.6295933127403259,0.6295933127403259,09002200121901231020279842K_1296228600_482823100,6097,"[200.45274353027344, 783.7771606445312, 702.7559814453125, 817.7299194335938]",P4
TC,0.32359445095062256,background_false_positive,0.0,0.23871032893657684,09002200121901231020279842K_1296228600_482823100,6097,"[205.72366333007812, 733.1463012695312, 1002.5789184570312, 817.6679077148438]",P5
LC,0.5479955673217773,TP,0.94730144739151,0.94730144739151,09002200121901231035209972Q_1296254800_482371800,6098,"[2.1353516578674316, 622.7584228515625, 461.9712829589844, 860.7506103515625]",P5
TP,0.45456933975219727,classification_error,0.0,0.643666684627533,09002200121901231035209972Q_1296254800_482371800,6098,"[714.7457275390625, 639.39404296875, 763.7164306640625, 648.2976684570312]",P3
LC,0.34911319613456726,duplicate_prediction,0.706943154335022,0.706943154335022,09002200121901231035209972Q_1296254800_482371800,6098,"[1.047216773033142, 661.1806640625, 387.8076171875, 859.796875]",P5
LC,0.7796765565872192,TP,0.8627311587333679,0.8627311587333679,09002200121901231124467182Q_1296055600_482426700,6099,"[564.0424194335938, 697.7938842773438, 591.7222900390625, 800.6493530273438]",P3
MC,0.503082275390625,background_false_positive,0.0,0.0,09002200121901231124467182Q_1296055600_482426700,6099,"[544.2320556640625, 594.9303588867188, 577.775390625, 603.6969604492188]",P3
TC,0.629718542098999,TP,0.6399346590042114,0.6399346590042114,09002200121901231148090352Q_1296050700_482415800,6100,"[401.6761779785156, 725.6226806640625, 699.1105346679688, 743.7918090820312]",P4
TC,0.5279977321624756,TP,0.7864536046981812,0.7864536046981812,09002200121901231148090352Q_1296050700_482415800,6100,"[774.9533081054688, 712.603515625, 1018.1882934570312, 736.0734252929688]",P4
MC,0.848777174949646,TP,0.7609254717826843,0.7609254717826843,09002200121901231233206472Q_1296053100_482356300,6101,"[90.8682861328125, 645.2684326171875, 126.5334243774414, 654.4535522460938]",P3
TC,0.9266932606697083,TP,0.8477178812026978,0.8477178812026978,09002200121901231358498662L_1295319000_483006300,6174,"[54.48066329956055, 681.33056640625, 401.61114501953125, 811.8240356445312]",P5
MC,0.44105014204978943,TP,0.6199162006378174,0.6199162006378174,09002200121901231358498662L_1295319000_483006300,6174,"[389.39093017578125, 598.1680908203125, 419.6522521972656, 608.0012817382812]",P3
MC,0.9259262084960938,TP,0.8575307726860046,0.8575307726860046,09002200121901231410434452L_1295283700_482961300,6175,"[572.6327514648438, 740.4844970703125, 668.41943359375, 771.0968017578125]",P3
LC,0.8141133785247803,background_false_positive,0.0,0.0,09002200121901231410434452L_1295283700_482961300,6175,"[18.21351432800293, 592.7626342773438, 357.67047119140625, 700.6561889648438]",P5
AC,0.6761157512664795,TP,0.6350082755088806,0.6350082755088806,09002200121901231410434452L_1295283700_482961300,6175,"[298.7040100097656, 686.9050903320312, 793.8482666015625, 816.5219116210938]",P5
LC,0.4288064241409302,background_false_positive,0.0,0.0,09002200121901231410434452L_1295283700_482961300,6175,"[438.2699279785156, 643.0147705078125, 539.9594116210938, 702.5628051757812]",P4
AC,0.5610374808311462,localization_error,0.2014937698841095,0.2014937698841095,09002200121901231422002602K_1296128400_483163600,6102,"[233.22695922851562, 638.6310424804688, 1024.0, 839.2880859375]",P5
P,0.4203125834465027,background_false_positive,0.0,0.13748867809772491,09002200121901231422002602K_1296128400_483163600,6102,"[491.4235534667969, 724.9312744140625, 585.2396850585938, 772.0447387695312]",P3
TP,0.827032744884491,TP,0.7158036828041077,0.7158036828041077,09002200121901231424075782L_1295309500_483059200,6176,"[309.9940185546875, 701.8764038085938, 1020.8635864257812, 786.26611328125]",P5
LP,0.6968290209770203,TP,0.9003569483757019,0.9003569483757019,09002200121901231424075782L_1295309500_483059200,6176,"[551.3308715820312, 591.5028076171875, 593.7628784179688, 660.648193359375]",P4
LC,0.3527371287345886,background_false_positive,0.0,0.027363304048776627,09002200121901231424075782L_1295309500_483059200,6176,"[754.0324096679688, 617.9773559570312, 1018.4392700195312, 728.7254028320312]",P4
TC,0.5929524898529053,TP,0.6174052953720093,0.6174052953720093,09002200121901231525164612Q_1296051900_482437000,6103,"[171.110107421875, 741.7003784179688, 486.9334411621094, 771.0386962890625]",P4
LC,0.3730325400829315,TP,0.5963622331619263,0.5963622331619263,09002200121901231525164612Q_1296051900_482437000,6103,"[589.9373168945312, 697.8446655273438, 639.0758666992188, 779.2789916992188]",P4
LC,0.27303439378738403,localization_error,0.3901406228542328,0.3901406228542328,09002200121901231525164612Q_1296051900_482437000,6103,"[605.7019653320312, 700.6729736328125, 640.0958862304688, 776.7860717773438]",P3
LC,0.88460373878479,TP,0.8316229581832886,0.8316229581832886,09002200121901231526352652Q_1296053400_482385400,6104,"[549.11083984375, 568.8295288085938, 662.7489624023438, 801.1892700195312]",P4
LC,0.9045472145080566,TP,0.9362626075744629,0.9362626075744629,09002200121901231548497902L_1295240800_483010400,6177,"[0.3780517578125, 659.6293334960938, 315.7996520996094, 842.0921020507812]",P5
TC,0.6868121027946472,background_false_positive,0.0,0.0,09002200121901231548497902L_1295240800_483010400,6177,"[602.5632934570312, 703.6364135742188, 962.2705078125, 821.5154418945312]",P5
MC,0.29076623916625977,background_false_positive,0.0,0.0,09002200121901231548497902L_1295240800_483010400,6177,"[801.8528442382812, 633.3448486328125, 831.0751342773438, 641.38134765625]",P3
AC,0.9057459831237793,TP,0.6751706600189209,0.6751706600189209,09002200121901231557213562Q_1295910000_482367400,6105,"[477.25128173828125, 585.18359375, 642.0948486328125, 809.1242065429688]",P5
MC,0.8741909861564636,TP,0.7900428175926208,0.7900428175926208,09002200121901231557213562Q_1295910000_482367400,6105,"[5.357464790344238, 682.09033203125, 56.933773040771484, 697.6315307617188]",P3
LP,0.7522353529930115,TP,0.9242673516273499,0.9242673516273499,09002200121901231629183152L_1295222500_482959800,6178,"[520.2030639648438, 561.8869018554688, 556.2893676757812, 617.7208862304688]",P3
TP,0.48165735602378845,TP,0.7539195418357849,0.7539195418357849,09002200121901231629183152L_1295222500_482959800,6178,"[485.5448303222656, 785.9032592773438, 551.3831176757812, 812.9381713867188]",P3
LP,0.29934436082839966,classification_error,0.0,0.7539195418357849,09002200121901231629183152L_1295222500_482959800,6178,"[485.5448303222656, 785.9032592773438, 551.3831176757812, 812.9381713867188]",P3
LC,0.9255348443984985,TP,0.8930954933166504,0.8930954933166504,09002200121901231631026672Q_1295864100_482387900,6106,"[448.53302001953125, 594.4348754882812, 539.8277587890625, 800.5204467773438]",P4
TC,0.521628201007843,localization_error,0.1684579998254776,0.1684579998254776,09002200121901231631026672Q_1295864100_482387900,6106,"[487.1988220214844, 715.15380859375, 636.1594848632812, 727.9601440429688]",P3
TC,0.28078216314315796,localization_error,0.14003267884254456,0.14003267884254456,09002200121901231631026672Q_1295864100_482387900,6106,"[508.89892578125, 715.6708984375, 641.7210083007812, 730.1143798828125]",P3
LC,0.7798557281494141,TP,0.9027099609375,0.9027099609375,09002200121901231637291082L_1295171900_482971500,6179,"[454.2721862792969, 664.0642700195312, 477.69171142578125, 801.3189697265625]",P4
MC,0.6805194020271301,TP,0.8201883435249329,0.8201883435249329,09002200121901231657489772Q_1295915500_482428900,6107,"[93.97643280029297, 627.8489379882812, 127.10890197753906, 636.8512573242188]",P3
TC,0.4200904369354248,TP,0.7110299468040466,0.7110299468040466,09002200121901231657489772Q_1295915500_482428900,6107,"[332.6139221191406, 658.3508911132812, 583.2743530273438, 669.0331420898438]",P3
TC,0.2954906225204468,duplicate_prediction,0.5836088061332703,0.5836088061332703,09002200121901231657489772Q_1295915500_482428900,6107,"[323.5328063964844, 661.0149536132812, 581.3308715820312, 668.6223754882812]",P5
LC,0.41918304562568665,TP,0.8814685940742493,0.8814685940742493,09002200121901241120388432L_1295020500_482191900,6180,"[441.9281311035156, 668.2498168945312, 488.1875, 799.8963012695312]",P4
TC,0.3476129174232483,localization_error,0.44634920358657837,0.44634920358657837,09002200121901241120388432L_1295020500_482191900,6180,"[378.4961242675781, 657.7244262695312, 643.8363647460938, 672.9613647460938]",P5
LC,0.893457293510437,TP,0.8286773562431335,0.8286773562431335,09002200121901241202289012K_1295943600_482892300,6108,"[463.9325256347656, 653.5393676757812, 602.4407348632812, 784.8684692382812]",P4
LC,0.348388135433197,background_false_positive,0.008791274391114712,0.008791274391114712,09002200121901241202289012K_1295943600_482892300,6108,"[608.1929931640625, 637.28955078125, 727.2608642578125, 771.3815307617188]",P4
MC,0.8495599031448364,TP,0.5144675374031067,0.5144675374031067,09002200121901251018310982Q_1296397100_482343500,6109,"[250.2652587890625, 629.3369140625, 292.2419128417969, 641.6793212890625]",P3
LC,0.7978143095970154,TP,0.8428119421005249,0.8428119421005249,09002200121901251018310982Q_1296397100_482343500,6109,"[519.4755249023438, 603.74658203125, 551.0900268554688, 816.39111328125]",P4
TC,0.6664295792579651,background_false_positive,0.0,0.0,09002200121901251018310982Q_1296397100_482343500,6109,"[865.0614624023438, 798.568359375, 933.9745483398438, 819.4918212890625]",P3
LC,0.49821993708610535,TP,0.8187577128410339,0.8187577128410339,09002200121901251018310982Q_1296397100_482343500,6109,"[461.91387939453125, 563.0624389648438, 495.978515625, 649.7777099609375]",P3
LC,0.47959741950035095,localization_error,0.3584948778152466,0.3584948778152466,09002200121901251018310982Q_1296397100_482343500,6109,"[460.4659118652344, 596.9286499023438, 487.54541015625, 650.2590942382812]",P3
MC,0.3106308877468109,background_false_positive,0.0,0.000573369616176933,09002200121901251018310982Q_1296397100_482343500,6109,"[439.046875, 578.500244140625, 462.34942626953125, 584.1489868164062]",P3
LC,0.8778995275497437,TP,0.7276199460029602,0.7276199460029602,09002200121901251047440262L_1295475600_482147900,6181,"[577.5037231445312, 657.95703125, 634.7328491210938, 826.0543212890625]",P4
MC,0.8648223280906677,TP,0.9177701473236084,0.9177701473236084,09002200121901251047440262L_1295475600_482147900,6181,"[48.573097229003906, 659.6371459960938, 103.42390441894531, 675.8063354492188]",P3
MC,0.8457450866699219,TP,0.8958179950714111,0.8958179950714111,09002200121901251047440262L_1295475600_482147900,6181,"[421.3447265625, 674.3334350585938, 476.5517578125, 690.1173706054688]",P3
MC,0.5136670470237732,localization_error,0.4393291771411896,0.4393291771411896,09002200121901251047440262L_1295475600_482147900,6181,"[846.7174682617188, 771.1942138671875, 979.3541870117188, 829.91796875]",P3
MC,0.3850170969963074,TP,0.7165567278862,0.7165567278862,09002200121901251047440262L_1295475600_482147900,6181,"[200.1834259033203, 642.1688842773438, 240.7352752685547, 654.2907104492188]",P3
LC,0.32674068212509155,background_false_positive,0.0,0.0,09002200121901251047440262L_1295475600_482147900,6181,"[86.58963775634766, 684.0587158203125, 280.06982421875, 820.0208129882812]",P4
LC,0.8170711398124695,TP,0.8209618926048279,0.8209618926048279,09002200121901251124007772Q_1296331400_482436300,6110,"[482.5738220214844, 550.7623901367188, 508.55645751953125, 824.4358520507812]",P4
LC,0.762335479259491,TP,0.9245404601097107,0.9245404601097107,09002200121901251300273052Q_1295979100_482413800,6111,"[601.4903564453125, 553.7448120117188, 1023.5559692382812, 725.5725708007812]",P5
LC,0.6723619103431702,TP,0.7583139538764954,0.7583139538764954,09002200121901251300273052Q_1295979100_482413800,6111,"[255.05552673339844, 629.7677612304688, 412.60040283203125, 815.484375]",P4
TC,0.3988833725452423,TP,0.766352653503418,0.766352653503418,09002200121901251300273052Q_1295979100_482413800,6111,"[211.810546875, 628.6419067382812, 405.11871337890625, 646.53369140625]",P3
LC,0.9580240249633789,TP,0.9651937484741211,0.9651937484741211,09002200121901251452536972Q_1295978100_482437600,6112,"[394.04840087890625, 549.9210815429688, 507.2084655761719, 829.7001953125]",P4
LC,0.9046904444694519,localization_error,0.3887258470058441,0.3887258470058441,09002200121901251452536972Q_1295978100_482437600,6112,"[823.6798706054688, 653.3798828125, 1019.2763671875, 736.8858642578125]",P4
LC,0.6149184703826904,TP,0.8739193081855774,0.8739193081855774,09002200121901251452536972Q_1295978100_482437600,6112,"[775.1612548828125, 571.0256958007812, 1020.6028442382812, 645.1598510742188]",P4
LC,0.49793171882629395,background_false_positive,0.0,0.0,09002200121901251452536972Q_1295978100_482437600,6112,"[137.8100128173828, 757.0465698242188, 276.4779357910156, 846.7899780273438]",P4
LC,0.617675244808197,TP,0.7348584532737732,0.7348584532737732,09002200121901251611508022L_1295446200_482112400,6182,"[288.9020690917969, 690.2196655273438, 332.0524597167969, 752.4381103515625]",P3
MC,0.37658998370170593,background_false_positive,0.0,0.0,09002200121901251611508022L_1295446200_482112400,6182,"[867.0276489257812, 694.361328125, 948.5077514648438, 721.8326416015625]",P3
TC,0.32189658284187317,background_false_positive,0.0,0.0,09002200121901251611508022L_1295446200_482112400,6182,"[237.10400390625, 629.5184936523438, 418.9295959472656, 644.3975830078125]",P3
LC,0.30506202578544617,duplicate_prediction,0.7031827569007874,0.7031827569007874,09002200121901251611508022L_1295446200_482112400,6182,"[258.243896484375, 689.6726684570312, 333.395263671875, 754.1661376953125]",P4
MC,0.25676628947257996,background_false_positive,0.0,0.0,09002200121901251611508022L_1295446200_482112400,6182,"[865.796875, 694.7072143554688, 984.2023315429688, 718.9013671875]",P3
LC,0.8490926027297974,TP,0.9143337607383728,0.9143337607383728,09002200121901251619029052Q_1296162400_482425200,6113,"[547.0186767578125, 520.8512573242188, 684.3561401367188, 753.8670043945312]",P5
MC,0.8358995318412781,TP,0.7832171320915222,0.7832171320915222,09002200121901251619029052Q_1296162400_482425200,6113,"[624.1661987304688, 582.3757934570312, 657.3707275390625, 591.6648559570312]",P3
TC,0.7228093147277832,TP,0.793901264667511,0.793901264667511,09002200121901251619029052Q_1296162400_482425200,6113,"[295.03466796875, 709.0414428710938, 867.9982299804688, 737.4802856445312]",P5
TC,0.4926166832447052,duplicate_prediction,0.6328459978103638,0.6328459978103638,09002200121901251619029052Q_1296162400_482425200,6113,"[294.849609375, 709.4898681640625, 728.712890625, 735.4052734375]",P4
MC,0.7771005630493164,TP,0.881488561630249,0.881488561630249,09002200121901251654002612Q_1296148500_482448100,6114,"[341.979736328125, 622.4288940429688, 393.636474609375, 635.4823608398438]",P3
MC,0.7174345254898071,TP,0.8186673521995544,0.8186673521995544,09002200121901251654002612Q_1296148500_482448100,6114,"[188.63365173339844, 669.3112182617188, 252.6317901611328, 688.9790649414062]",P3
LC,0.6598571538925171,TP,0.8358431458473206,0.8358431458473206,09002200121901251654002612Q_1296148500_482448100,6114,"[152.5340576171875, 699.2535400390625, 251.48709106445312, 799.4820556640625]",P4
TP,0.5572458505630493,background_false_positive,0.0,0.0,09002200121901251654002612Q_1296148500_482448100,6114,"[588.6622924804688, 639.9235229492188, 733.2623291015625, 656.8741455078125]",P3
TP,0.3838849663734436,background_false_positive,0.0,0.0,09002200121901251654002612Q_1296148500_482448100,6114,"[124.10212707519531, 642.6612548828125, 286.1699523925781, 658.3887939453125]",P4
TP,0.7339630722999573,localization_error,0.348784863948822,0.348784863948822,09002200121901261030311352Q_1296278300_482037700,6846,"[327.9415283203125, 702.4259643554688, 867.5841064453125, 728.7352905273438]",P5
TP,0.7933233976364136,TP,0.9234695434570312,0.9234695434570312,09002200121901261031267012Q_1296257700_482039500,6847,"[6.40869140625, 728.6603393554688, 916.1242065429688, 831.8370971679688]",P5
LP,0.6815583109855652,localization_error,0.3535086214542389,0.3535086214542389,09002200121901261031267012Q_1296257700_482039500,6847,"[0.25067138671875, 800.2703247070312, 130.7036895751953, 855.4656372070312]",P4
TP,0.5466410517692566,duplicate_prediction,0.5737441182136536,0.5737441182136536,09002200121901261031267012Q_1296257700_482039500,6847,"[7.029492378234863, 767.27734375, 910.0914306640625, 832.2570190429688]",P5
LP,0.9585195183753967,TP,0.9472401142120361,0.9472401142120361,09002200121901261032182582Q_1296232100_482041900,6848,"[226.29307556152344, 637.7796020507812, 390.140869140625, 735.5077514648438]",P4
TP,0.7155268788337708,TP,0.8943669199943542,0.8943669199943542,09002200121901261032182582Q_1296232100_482041900,6848,"[456.7080078125, 607.06298828125, 544.1275634765625, 614.0755004882812]",P3
LP,0.4241357147693634,TP,0.8018089532852173,0.8018089532852173,09002200121901261032182582Q_1296232100_482041900,6848,"[645.9614868164062, 572.4738159179688, 692.3363647460938, 603.8478393554688]",P3
TP,0.2791578471660614,TP,0.5237232446670532,0.5237232446670532,09002200121901261032182582Q_1296232100_482041900,6848,"[498.7474670410156, 685.6729736328125, 817.7447509765625, 699.71044921875]",P3
TP,0.9354612827301025,TP,0.8512923717498779,0.8512923717498779,09002200121901261032585012Q_1296197900_482045100,6849,"[1.540917992591858, 885.0004272460938, 249.7875213623047, 981.6910400390625]",P4
LP,0.9132433533668518,TP,0.943952202796936,0.943952202796936,09002200121901261032585012Q_1296197900_482045100,6849,"[289.90533447265625, 652.0552978515625, 386.16876220703125, 711.3212280273438]",P4
LP,0.895103394985199,TP,0.9731772541999817,0.9731772541999817,09002200121901261032585012Q_1296197900_482045100,6849,"[0.917041003704071, 718.6478881835938, 275.9808044433594, 842.1090087890625]",P5
LP,0.8581490516662598,TP,0.5623170733451843,0.5623170733451843,09002200121901261032585012Q_1296197900_482045100,6849,"[319.7062683105469, 637.6264038085938, 532.2637939453125, 840.7808837890625]",P5
LP,0.8425473570823669,TP,0.8236657381057739,0.8236657381057739,09002200121901261032585012Q_1296197900_482045100,6849,"[626.0635986328125, 636.2933959960938, 692.5858764648438, 700.2487182617188]",P3
MC,0.5907589197158813,TP,0.6074543595314026,0.6074543595314026,09002200121901261032585012Q_1296197900_482045100,6849,"[717.1865234375, 698.7890014648438, 781.6383056640625, 721.6744995117188]",P3
LP,0.5358565449714661,localization_error,0.42553406953811646,0.42553406953811646,09002200121901261032585012Q_1296197900_482045100,6849,"[401.523193359375, 637.7221069335938, 530.6984252929688, 813.4714965820312]",P4
LP,0.3577841818332672,TP,0.7941928505897522,0.7941928505897522,09002200121901261032585012Q_1296197900_482045100,6849,"[540.2587890625, 551.9304809570312, 573.7882690429688, 598.7855834960938]",P3
TP,0.343997597694397,TP,0.7906506657600403,0.7906506657600403,09002200121901261032585012Q_1296197900_482045100,6849,"[493.68408203125, 629.046875, 699.9996948242188, 640.0216674804688]",P3
TP,0.34052330255508423,background_false_positive,0.0,0.0,09002200121901261032585012Q_1296197900_482045100,6849,"[334.4629821777344, 615.8036499023438, 412.60235595703125, 623.2913208007812]",P3
TP,0.33752909302711487,background_false_positive,0.0,0.23018470406532288,09002200121901261032585012Q_1296197900_482045100,6849,"[397.9242248535156, 689.0857543945312, 497.90802001953125, 714.3824462890625]",P3
LP,0.2524814009666443,duplicate_prediction,0.6757543087005615,0.6757543087005615,09002200121901261032585012Q_1296197900_482045100,6849,"[533.6657104492188, 551.4981689453125, 573.8698120117188, 610.39794921875]",P3
LP,0.9865081310272217,TP,0.9751048684120178,0.9751048684120178,09002200121901261033338182Q_1296163800_482048200,6850,"[5.479248046875, 624.7412109375, 437.0573425292969, 882.0966796875]",P5
TP,0.944774329662323,TP,0.5397190451622009,0.5397190451622009,09002200121901261033338182Q_1296163800_482048200,6850,"[741.2146606445312, 774.0841674804688, 994.7863159179688, 933.4033203125]",P4
TP,0.900307297706604,TP,0.9582236409187317,0.9582236409187317,09002200121901261033338182Q_1296163800_482048200,6850,"[463.1252136230469, 612.0285034179688, 699.2341918945312, 663.5929565429688]",P4
LP,0.8260396718978882,TP,0.9739382266998291,0.9739382266998291,09002200121901261033338182Q_1296163800_482048200,6850,"[4.481054782867432, 738.6981201171875, 396.896728515625, 1020.0797119140625]",P5
TP,0.6120349764823914,TP,0.5667990446090698,0.5667990446090698,09002200121901261033338182Q_1296163800_482048200,6850,"[19.088964462280273, 681.5736694335938, 970.1209106445312, 752.4716796875]",P5
TP,0.587819516658783,TP,0.614526093006134,0.614526093006134,09002200121901261033338182Q_1296163800_482048200,6850,"[530.9953002929688, 590.4984741210938, 674.7445678710938, 598.15576171875]",P3
LP,0.5339117646217346,TP,0.6464874148368835,0.6464874148368835,09002200121901261033338182Q_1296163800_482048200,6850,"[703.3137817382812, 595.3483276367188, 800.7807006835938, 651.58447265625]",P3
LP,0.5329759120941162,duplicate_prediction,0.9173722267150879,0.9173722267150879,09002200121901261033338182Q_1296163800_482048200,6850,"[702.1799926757812, 595.0138549804688, 819.8676147460938, 664.8189697265625]",P4
TP,0.484505832195282,TP,0.788760781288147,0.788760781288147,09002200121901261033338182Q_1296163800_482048200,6850,"[432.6512756347656, 724.6854858398438, 959.3116455078125, 763.7409057617188]",P4
LP,0.46711310744285583,TP,0.5252945423126221,0.5252945423126221,09002200121901261033338182Q_1296163800_482048200,6850,"[533.5203857421875, 570.4327392578125, 556.1849365234375, 594.7236328125]",P3
TP,0.44120222330093384,localization_error,0.15610548853874207,0.15610548853874207,09002200121901261033338182Q_1296163800_482048200,6850,"[569.4999389648438, 677.0978393554688, 870.6536254882812, 714.0707397460938]",P4
LP,0.30197280645370483,duplicate_prediction,0.6287552714347839,0.6287552714347839,09002200121901261033338182Q_1296163800_482048200,6850,"[719.5305786132812, 613.4019775390625, 819.3602905273438, 668.1004028320312]",P3
LP,0.9697113037109375,TP,0.9101336598396301,0.9101336598396301,09002200121901261034188842Q_1296121900_482051300,6851,"[449.6210021972656, 619.8656616210938, 545.6194458007812, 939.8703002929688]",P4
LP,0.4770742356777191,classification_error,0.018808824941515923,0.7239202260971069,09002200121901261034188842Q_1296121900_482051300,6851,"[538.1126098632812, 649.6578979492188, 963.0778198242188, 764.8562622070312]",P5
TP,0.452062726020813,TP,0.8001784086227417,0.8001784086227417,09002200121901261034188842Q_1296121900_482051300,6851,"[541.06689453125, 663.4041137695312, 963.8883666992188, 762.0890502929688]",P5
TP,0.4163419008255005,localization_error,0.290978342294693,0.290978342294693,09002200121901261034188842Q_1296121900_482051300,6851,"[432.0015563964844, 619.926025390625, 809.7689819335938, 642.033447265625]",P4
TP,0.34487077593803406,TP,0.6872484087944031,0.6872484087944031,09002200121901261034188842Q_1296121900_482051300,6851,"[455.50738525390625, 629.8161010742188, 699.2920532226562, 641.2533569335938]",P3
LP,0.9379550814628601,TP,0.867065966129303,0.867065966129303,09002200121901261037424872L_1295502300_483088700,6183,"[538.8751220703125, 526.2025756835938, 620.1624145507812, 822.6625366210938]",P4
MC,0.40143296122550964,background_false_positive,0.0,0.0,09002200121901261037424872L_1295502300_483088700,6183,"[342.6924743652344, 556.7850952148438, 378.41741943359375, 567.4065551757812]",P3
TC,0.3227250277996063,TP,0.5085118412971497,0.5085118412971497,09002200121901261037424872L_1295502300_483088700,6183,"[483.25732421875, 794.0256958007812, 613.3756713867188, 806.6510620117188]",P3
AC,0.5301170349121094,background_false_positive,0.0,0.0,09002200121901261120388912Q_1295867700_482063400,6115,"[956.8720092773438, 779.9588623046875, 1023.1399536132812, 843.5717163085938]",P4
TC,0.35951387882232666,localization_error,0.4728536605834961,0.4728536605834961,09002200121901261120388912Q_1295867700_482063400,6115,"[459.4090881347656, 708.0455322265625, 991.4988403320312, 757.3463134765625]",P5
TC,0.26547783613204956,TP,0.8031356930732727,0.8031356930732727,09002200121901261120388912Q_1295867700_482063400,6115,"[548.5808715820312, 729.125244140625, 982.1031494140625, 757.7875366210938]",P4
LP,0.9485706686973572,TP,0.8008749485015869,0.8008749485015869,09002200121901261133579692Q_1295593800_482039500,6852,"[1.3267090320587158, 639.7913208007812, 336.1303405761719, 793.0491333007812]",P5
LP,0.9252810478210449,TP,0.9814472198486328,0.9814472198486328,09002200121901261133579692Q_1295593800_482039500,6852,"[637.9280395507812, 594.484375, 1023.34326171875, 917.1070556640625]",P5
TP,0.5688920021057129,TP,0.5600109696388245,0.5600109696388245,09002200121901261133579692Q_1295593800_482039500,6852,"[225.5642547607422, 598.6358642578125, 725.6351928710938, 621.2893676757812]",P5
LC,0.48958978056907654,TP,0.5925660729408264,0.5925660729408264,09002200121901261211313082K_1296214100_482859300,6116,"[387.2710876464844, 641.7340087890625, 450.572265625, 748.5552978515625]",P4
TC,0.45221200585365295,background_false_positive,0.0,0.0,09002200121901261211313082K_1296214100_482859300,6116,"[0.08720703423023224, 837.1910400390625, 37.1744384765625, 861.2191772460938]",P3
LC,0.4258570075035095,localization_error,0.31558957695961,0.31558957695961,09002200121901261211313082K_1296214100_482859300,6116,"[388.447021484375, 728.5860595703125, 436.5546569824219, 809.1718139648438]",P3
AC,0.588309109210968,TP,0.5996825695037842,0.5996825695037842,09002200121901261315533272Q_1296343300_482387900,6117,"[386.9546813964844, 633.1729736328125, 907.8038330078125, 1016.5419311523438]",P5
P,0.4372435212135315,TP,0.727411687374115,0.727411687374115,09002200121901261315533272Q_1296343300_482387900,6117,"[742.1958618164062, 874.8687744140625, 773.906982421875, 892.6539306640625]",P3
MC,0.9293674230575562,TP,0.8940133452415466,0.8940133452415466,09002200121901261408039852K_1296153300_482780800,6118,"[723.15380859375, 768.1834106445312, 841.2391967773438, 814.4705200195312]",P3
LC,0.9072763323783875,TP,0.8895885944366455,0.8895885944366455,09002200121901261408039852K_1296153300_482780800,6118,"[490.5173034667969, 581.80322265625, 551.9612426757812, 808.1494140625]",P4
LP,0.7972186207771301,TP,0.7796091437339783,0.7796091437339783,09002200121901261448529852Q_1295910500_482481000,6119,"[595.7346801757812, 656.7291870117188, 628.6358642578125, 761.7391967773438]",P3
LP,0.7425343990325928,duplicate_prediction,0.5931665897369385,0.5931665897369385,09002200121901261448529852Q_1295910500_482481000,6119,"[584.1815185546875, 656.2045288085938, 626.4015502929688, 763.1691284179688]",P3
LC,0.9606733322143555,TP,0.9698900580406189,0.9698900580406189,09002200121901261544532242K_1296132300_482907500,6120,"[2.6895508766174316, 557.5661010742188, 429.8619079589844, 831.3235473632812]",P5
MC,0.9186974167823792,TP,0.7928310036659241,0.7928310036659241,09002200121901261544532242K_1296132300_482907500,6120,"[0.278717041015625, 715.9509887695312, 65.90123748779297, 743.4498291015625]",P3
LC,0.7871333360671997,TP,0.8044226765632629,0.8044226765632629,09002200121901271029548512L_1295355500_482434300,6184,"[489.01617431640625, 658.5546264648438, 527.0321044921875, 826.1439819335938]",P4
TC,0.6446077227592468,TP,0.6744597554206848,0.6744597554206848,09002200121901271029548512L_1295355500_482434300,6184,"[289.29034423828125, 625.0553588867188, 525.9156494140625, 641.8155517578125]",P4
TC,0.2737235724925995,duplicate_prediction,0.6403371691703796,0.6403371691703796,09002200121901271029548512L_1295355500_482434300,6184,"[300.72705078125, 627.0321655273438, 511.2477722167969, 645.12939453125]",P3
LC,0.9527438879013062,TP,0.6595681309700012,0.6595681309700012,09002200121901271059544762Q_1295998100_482644100,6121,"[282.31427001953125, 667.3146362304688, 412.8836975097656, 797.3795166015625]",P4
MC,0.4939194321632385,TP,0.5170294642448425,0.5170294642448425,09002200121901271059544762Q_1295998100_482644100,6121,"[17.95420265197754, 620.7222290039062, 48.706275939941406, 629.2293701171875]",P3
MC,0.3987891674041748,TP,0.7173134088516235,0.7173134088516235,09002200121901271059544762Q_1295998100_482644100,6121,"[893.2918090820312, 624.7915649414062, 940.0797119140625, 635.1924438476562]",P3
TC,0.35373061895370483,background_false_positive,0.0,0.0,09002200121901271059544762Q_1295998100_482644100,6121,"[754.3650512695312, 737.9105834960938, 1024.0, 794.1389770507812]",P4
LC,0.8069241046905518,TP,0.5766400694847107,0.5766400694847107,09002200121901271106002992K_1296110100_482815500,6122,"[518.9962768554688, 677.2029418945312, 549.4169921875, 820.2033081054688]",P3
TP,0.6109452247619629,TP,0.6094885468482971,0.6094885468482971,09002200121901271106002992K_1296110100_482815500,6122,"[234.6865234375, 623.5895385742188, 464.5778503417969, 638.2969970703125]",P4
MC,0.636295735836029,TP,0.6979954242706299,0.6979954242706299,09002200121901271245105572Q_1295925400_482633100,6123,"[417.80108642578125, 658.47314453125, 465.0835876464844, 672.6047973632812]",P3
LC,0.38424423336982727,TP,0.6845006942749023,0.6845006942749023,09002200121901271245105572Q_1295925400_482633100,6123,"[433.3720703125, 608.110107421875, 461.1328125, 652.8814086914062]",P3
LC,0.2507946789264679,background_false_positive,0.0,0.0,09002200121901271245105572Q_1295925400_482633100,6123,"[468.6203308105469, 552.5681762695312, 486.0953063964844, 590.1834106445312]",P3
AC,0.930330216884613,TP,0.9281496405601501,0.9281496405601501,09002200121901271427401192K_1296041000_482742500,6124,"[561.17724609375, 674.5807495117188, 892.3972778320312, 822.0848999023438]",P5
MC,0.8672611117362976,TP,0.8780395984649658,0.8780395984649658,09002200121901271427401192K_1296041000_482742500,6124,"[505.5826110839844, 659.2158203125, 565.8703002929688, 677.5663452148438]",P3
MC,0.7087717652320862,TP,0.7753313183784485,0.7753313183784485,09002200121901271427401192K_1296041000_482742500,6124,"[618.6854858398438, 623.2575073242188, 660.32958984375, 635.6010131835938]",P3
LC,0.5656380653381348,localization_error,0.11418365687131882,0.11418365687131882,09002200121901271427401192K_1296041000_482742500,6124,"[537.4661254882812, 575.8927612304688, 564.5504760742188, 653.8252563476562]",P3
TC,0.3798828423023224,classification_error,0.0,0.655913770198822,09002200121901271427401192K_1296041000_482742500,6124,"[181.0644073486328, 648.0355224609375, 361.89825439453125, 665.5346069335938]",P4
LC,0.2946859300136566,localization_error,0.17371143400669098,0.17371143400669098,09002200121901271427401192K_1296041000_482742500,6124,"[537.4992065429688, 575.0775756835938, 568.9821166992188, 676.8624877929688]",P4
MC,0.9080345034599304,TP,0.9241662621498108,0.9241662621498108,09002200121901311320505512L_1295021100_482353300,6185,"[625.0189819335938, 698.8069458007812, 702.3754272460938, 722.27978515625]",P3
TC,0.8819097876548767,TP,0.908312976360321,0.908312976360321,09002200121901311320505512L_1295021100_482353300,6185,"[249.63023376464844, 744.4216918945312, 459.476806640625, 821.7015991210938]",P4
TC,0.32330548763275146,localization_error,0.4378962814807892,0.4378962814807892,09002200121901311320505512L_1295021100_482353300,6185,"[567.9632568359375, 753.8599243164062, 780.387451171875, 771.3043823242188]",P5
LP,0.6578205823898315,localization_error,0.36410149931907654,0.36410149931907654,09002200121902031013531952L_1295474500_482806000,6186,"[566.32373046875, 574.8358764648438, 581.6159057617188, 599.8363647460938]",P3
LP,0.5814170837402344,TP,0.5295689105987549,0.5295689105987549,09002200121902031013531952L_1295474500_482806000,6186,"[589.79345703125, 650.8803100585938, 617.1475830078125, 816.0458374023438]",P4
LP,0.4106046259403229,localization_error,0.24211034178733826,0.24211034178733826,09002200121902031013531952L_1295474500_482806000,6186,"[572.2584838867188, 574.7682495117188, 582.8222045898438, 598.8334350585938]",P3
LP,0.9109954237937927,TP,0.8681237101554871,0.8681237101554871,09002200121902031020198592L_1295691500_482791000,6187,"[349.05224609375, 701.6813354492188, 427.44268798828125, 811.00048828125]",P4
MC,0.6377559304237366,TP,0.7434328198432922,0.7434328198432922,09002200121902031020198592L_1295691500_482791000,6187,"[0.11626587063074112, 784.5656127929688, 49.38503646850586, 832.4794921875]",P3
LC,0.9113761782646179,TP,0.8685096502304077,0.8685096502304077,09002200121902031048485102L_1295803100_482929900,6188,"[196.8212432861328, 555.8707275390625, 481.5199279785156, 818.6511840820312]",P5
MC,0.2566540241241455,background_false_positive,0.0,0.004407060798257589,09002200121902031048485102L_1295803100_482929900,6188,"[253.060791015625, 593.0631103515625, 291.71484375, 600.47119140625]",P3
LC,0.9457915425300598,TP,0.9743538498878479,0.9743538498878479,09002200121902031048591492L_1295803700_482915500,6189,"[244.9259796142578, 561.9259643554688, 479.29345703125, 804.91064453125]",P5
MC,0.7023953199386597,TP,0.7772307395935059,0.7772307395935059,09002200121902031048591492L_1295803700_482915500,6189,"[480.7227478027344, 618.4118041992188, 518.7439575195312, 626.7933959960938]",P3
LC,0.8993562459945679,TP,0.8859113454818726,0.8859113454818726,09002200121902031049207862L_1295804500_482892600,6190,"[259.9799499511719, 615.4982299804688, 419.5274353027344, 803.0419921875]",P4
LC,0.8367910981178284,background_false_positive,0.0,0.0,09002200121902031139268262L_1295596200_483298800,6191,"[178.707275390625, 630.3298950195312, 424.92877197265625, 822.0138549804688]",P5
LC,0.7658441662788391,TP,0.557063102722168,0.557063102722168,09002200121902031139268262L_1295596200_483298800,6191,"[552.4830932617188, 609.4161987304688, 564.3209838867188, 807.2958984375]",P3
MC,0.4850741922855377,TP,0.8287782073020935,0.8287782073020935,09002200121902031139268262L_1295596200_483298800,6191,"[859.2228393554688, 723.5653686523438, 895.8369140625, 738.1307983398438]",P3
LC,0.7202368378639221,TP,0.8863109946250916,0.8863109946250916,09002200121902031148245462L_1295607800_483306000,6192,"[531.0277709960938, 583.0685424804688, 640.2702026367188, 810.7213745117188]",P4
TC,0.4730600416660309,localization_error,0.25930529832839966,0.25930529832839966,09002200121902031148245462L_1295607800_483306000,6192,"[294.4488525390625, 741.7823486328125, 609.8359375, 769.8131713867188]",P4
MC,0.9082411527633667,TP,0.9291808605194092,0.9291808605194092,09002200121902031221595152L_1295601300_483356300,6193,"[505.7181701660156, 717.7019653320312, 595.0296020507812, 752.2985229492188]",P3
LC,0.8055761456489563,TP,0.607276976108551,0.607276976108551,09002200121902031221595152L_1295601300_483356300,6193,"[481.85089111328125, 584.1160888671875, 518.8259887695312, 711.4454956054688]",P4
MC,0.7892668843269348,TP,0.9389742612838745,0.9389742612838745,09002200121902031221595152L_1295601300_483356300,6193,"[146.78054809570312, 651.7833862304688, 203.5092315673828, 666.7208862304688]",P3
MC,0.6958154439926147,TP,0.7458733320236206,0.7458733320236206,09002200121902031221595152L_1295601300_483356300,6193,"[667.3259887695312, 627.1510620117188, 704.3742065429688, 635.6071166992188]",P3
LC,0.6685316562652588,duplicate_prediction,0.7828605771064758,0.7828605771064758,09002200121902031221595152L_1295601300_483356300,6193,"[483.26080322265625, 585.3914184570312, 508.7706604003906, 702.8536376953125]",P3
MC,0.5987134575843811,TP,0.592881441116333,0.592881441116333,09002200121902031221595152L_1295601300_483356300,6193,"[341.58416748046875, 620.4804077148438, 382.36444091796875, 630.8737182617188]",P3
LC,0.38763508200645447,TP,0.6334012746810913,0.6334012746810913,09002200121902031221595152L_1295601300_483356300,6193,"[461.5854187011719, 712.7705078125, 502.4440002441406, 815.19921875]",P4
MC,0.26375213265419006,TP,0.8703343272209167,0.8703343272209167,09002200121902031221595152L_1295601300_483356300,6193,"[45.41494369506836, 620.6784057617188, 89.3595962524414, 631.3262939453125]",P3
MC,0.8559027910232544,TP,0.7811686396598816,0.7811686396598816,09002200121902031242331462L_1295651200_483374500,6194,"[57.604103088378906, 708.6292114257812, 130.7643280029297, 733.5556030273438]",P3
AC,0.5142633318901062,TP,0.8010904788970947,0.8010904788970947,09002200121902031242331462L_1295651200_483374500,6194,"[452.2979431152344, 645.1787109375, 620.7716674804688, 800.2293090820312]",P5
AC,0.2939283847808838,duplicate_prediction,0.7314267754554749,0.7314267754554749,09002200121902031242331462L_1295651200_483374500,6194,"[499.370361328125, 652.7999877929688, 619.0079956054688, 799.6642456054688]",P4
MC,0.8522089719772339,TP,0.8474628329277039,0.8474628329277039,09002200121902031250033922L_1295679800_483414300,6195,"[576.2179565429688, 656.6458740234375, 629.0809326171875, 672.1082763671875]",P3
MC,0.8443638682365417,TP,0.9095928072929382,0.9095928072929382,09002200121902031250033922L_1295679800_483414300,6195,"[279.36773681640625, 637.0508422851562, 324.5958557128906, 649.5582885742188]",P3
MC,0.7961817979812622,TP,0.8889563083648682,0.8889563083648682,09002200121902031250033922L_1295679800_483414300,6195,"[778.763671875, 647.7052612304688, 824.66015625, 659.8668212890625]",P3
MC,0.7389285564422607,TP,0.6638734340667725,0.6638734340667725,09002200121902031250033922L_1295679800_483414300,6195,"[804.5556030273438, 619.8134155273438, 844.7929077148438, 629.1625366210938]",P3
TC,0.629855751991272,TP,0.6022631525993347,0.6022631525993347,09002200121902031250033922L_1295679800_483414300,6195,"[453.47296142578125, 756.931640625, 594.7151489257812, 812.7574462890625]",P4
MC,0.5523878335952759,TP,0.5964270830154419,0.5964270830154419,09002200121902031250033922L_1295679800_483414300,6195,"[414.843505859375, 627.6044311523438, 450.4178161621094, 636.8746337890625]",P3
TC,0.270363450050354,background_false_positive,0.0,0.0,09002200121902031250033922L_1295679800_483414300,6195,"[473.6015625, 622.3471069335938, 639.1923828125, 631.6178588867188]",P4
TC,0.4717356860637665,TP,0.845515787601471,0.845515787601471,09002200121902031339007812L_1295603500_483191200,6196,"[310.8672180175781, 711.8228759765625, 917.671875, 757.5367431640625]",P5
LC,0.9115993976593018,TP,0.9473677277565002,0.9473677277565002,09002200121902031343076382L_1295682300_483183600,6197,"[565.7521362304688, 618.6300659179688, 626.099609375, 810.1959838867188]",P4
LC,0.7622292041778564,TP,0.515791654586792,0.515791654586792,09002200121902031343550772L_1295753800_483185300,6198,"[571.8687744140625, 630.6236572265625, 632.4122924804688, 821.0816650390625]",P4
LC,0.6949973106384277,classification_error,0.0,0.9399670362472534,09002200121902031432171182L_1295622500_483175200,6199,"[94.1678237915039, 677.9563598632812, 509.1706237792969, 796.7512817382812]",P5
TC,0.5407950282096863,TP,0.6860517859458923,0.6860517859458923,09002200121902031432171182L_1295622500_483175200,6199,"[731.8302612304688, 768.9099731445312, 867.7982788085938, 803.7724609375]",P4
TC,0.3657723367214203,TP,0.9521229267120361,0.9521229267120361,09002200121902031432171182L_1295622500_483175200,6199,"[96.80928039550781, 677.27392578125, 509.029296875, 795.6885986328125]",P5
LC,0.7967291474342346,TP,0.7370602488517761,0.7370602488517761,09002200121902031606266842L_1295590000_482875600,6200,"[314.7345886230469, 591.8822631835938, 474.81085205078125, 808.8866577148438]",P4
MC,0.7086784243583679,TP,0.8319637775421143,0.8319637775421143,09002200121902031606266842L_1295590000_482875600,6200,"[774.9781494140625, 682.0313720703125, 835.8361206054688, 702.2747192382812]",P3
MC,0.769396960735321,TP,0.8810993432998657,0.8810993432998657,09002200121902031607082772L_1295588500_482926200,6201,"[859.6348876953125, 700.8314208984375, 934.9561767578125, 727.0618896484375]",P3
MC,0.7436025142669678,TP,0.925239622592926,0.925239622592926,09002200121902031607082772L_1295588500_482926200,6201,"[718.8045043945312, 641.0831909179688, 776.2177734375, 657.3302612304688]",P3
LC,0.696336567401886,TP,0.8966781497001648,0.8966781497001648,09002200121902031607082772L_1295588500_482926200,6201,"[298.12359619140625, 626.5307006835938, 435.6949768066406, 814.0011596679688]",P4
MC,0.3442419171333313,background_false_positive,0.0,0.0,09002200121902031607082772L_1295588500_482926200,6201,"[208.5183563232422, 634.80712890625, 251.89688110351562, 647.0403442382812]",P3
TC,0.39161837100982666,classification_error,0.0,0.8524600267410278,09002200121902031619015462L_1295639500_482867700,6202,"[161.66757202148438, 600.4769897460938, 463.39892578125, 714.61328125]",P4
LC,0.3075476586818695,TP,0.8573980331420898,0.8573980331420898,09002200121902031619015462L_1295639500_482867700,6202,"[169.62322998046875, 597.6175537109375, 464.9756774902344, 714.031494140625]",P5
LC,0.8165654540061951,TP,0.6467604041099548,0.6467604041099548,09002200121902031619264652L_1295643700_482886700,6203,"[350.7296447753906, 663.0885009765625, 424.4226989746094, 812.0859375]",P4
TC,0.5128501057624817,background_false_positive,0.0,0.0,09002200121902031619264652L_1295643700_482886700,6203,"[466.6896057128906, 654.0499877929688, 592.0761108398438, 665.268310546875]",P3
LC,0.7713409066200256,TP,0.8382273316383362,0.8382273316383362,09002200121902031626215182L_1295633000_482931600,6204,"[611.0245361328125, 614.7919311523438, 701.4602661132812, 816.8018798828125]",P4
MC,0.5510252714157104,TP,0.7459717392921448,0.7459717392921448,09002200121902031626215182L_1295633000_482931600,6204,"[823.9562377929688, 676.1895751953125, 879.2472534179688, 691.29931640625]",P3
MC,0.34713155031204224,background_false_positive,0.0,0.0,09002200121902031626215182L_1295633000_482931600,6204,"[980.2078247070312, 806.9716796875, 1024.0, 841.9642944335938]",P3
TC,0.5390770435333252,localization_error,0.40876585245132446,0.40876585245132446,09002200121902040948518162L_1295566900_482936000,6205,"[418.2124938964844, 721.0314331054688, 852.5475463867188, 741.9160766601562]",P4
TC,0.4782399535179138,TP,0.810668408870697,0.810668408870697,09002200121902040948518162L_1295566900_482936000,6205,"[411.71075439453125, 700.55712890625, 1000.6945190429688, 741.3809814453125]",P5
LC,0.9418978095054626,TP,0.7945041656494141,0.7945041656494141,09002200121902041300121972L_1295558500_482357700,6206,"[323.3935241699219, 665.8007202148438, 418.048828125, 823.4938354492188]",P4
LC,0.2773791253566742,background_false_positive,0.0,0.0,09002200121902041300121972L_1295558500_482357700,6206,"[432.64532470703125, 658.1664428710938, 627.2453002929688, 820.1845703125]",P4
TC,0.3032808303833008,TP,0.6669536828994751,0.6669536828994751,09002200121902041354547292L_1295554900_482518200,6207,"[387.64971923828125, 728.519775390625, 893.4713134765625, 758.6705932617188]",P4
LC,0.948602557182312,TP,0.8948619365692139,0.8948619365692139,09002200121902041436226202L_1295752400_482523900,6208,"[547.27734375, 567.1627197265625, 616.1607666015625, 821.6560668945312]",P4
LC,0.6970481872558594,TP,0.9501695036888123,0.9501695036888123,09002200121902041505162662L_1295670900_482416400,6209,"[576.7020263671875, 624.6185913085938, 673.6626586914062, 804.1929931640625]",P4
MC,0.6383792161941528,TP,0.5267795920372009,0.5267795920372009,09002200121902041505162662L_1295670900_482416400,6209,"[584.7203979492188, 616.9938354492188, 616.4805908203125, 625.5524291992188]",P3
MC,0.4031909108161926,duplicate_prediction,0.638866126537323,0.638866126537323,09002200121902041505162662L_1295670900_482416400,6209,"[575.7946166992188, 615.420166015625, 609.8695678710938, 626.0449829101562]",P3
LP,0.9508450627326965,TP,0.9149312376976013,0.9149312376976013,09002200121902041506173042L_1295673400_482377900,6210,"[398.3783264160156, 608.0392456054688, 489.4146423339844, 823.2103881835938]",P4
TP,0.7873588800430298,TP,0.8612880706787109,0.8612880706787109,09002200121902041506173042L_1295673400_482377900,6210,"[926.6848754882812, 797.9855346679688, 1023.9698486328125, 834.3171997070312]",P3
LP,0.42994609475135803,localization_error,0.4829992949962616,0.4829992949962616,09002200121902041506173042L_1295673400_482377900,6210,"[599.56103515625, 598.8844604492188, 685.5274658203125, 681.1536254882812]",P3
TP,0.38889020681381226,localization_error,0.2913190722465515,0.2913190722465515,09002200121902041506173042L_1295673400_482377900,6210,"[466.6644592285156, 657.0521850585938, 812.2931518554688, 683.4611206054688]",P5
TP,0.33540698885917664,localization_error,0.4656715989112854,0.4656715989112854,09002200121902041506173042L_1295673400_482377900,6210,"[465.09259033203125, 665.4937744140625, 828.1908569335938, 685.51904296875]",P4
LP,0.30176055431365967,TP,0.7322686314582825,0.7322686314582825,09002200121902041506173042L_1295673400_482377900,6210,"[619.1548461914062, 615.0509033203125, 684.5216674804688, 681.1039428710938]",P3
MC,0.8717311024665833,TP,0.9472153186798096,0.9472153186798096,09002200121902041506313602L_1295673900_482357800,6211,"[294.8578186035156, 689.2670288085938, 365.9308776855469, 713.2490234375]",P3
MC,0.8467404246330261,TP,0.8630586266517639,0.8630586266517639,09002200121902041506313602L_1295673900_482357800,6211,"[0.6478943228721619, 685.3029174804688, 43.9160270690918, 705.0353393554688]",P3
MC,0.8274016380310059,TP,0.740631639957428,0.740631639957428,09002200121902041506313602L_1295673900_482357800,6211,"[8.258654594421387, 641.1485595703125, 66.2985610961914, 655.6961059570312]",P3
LC,0.8104191422462463,localization_error,0.43169769644737244,0.43169769644737244,09002200121902041506313602L_1295673900_482357800,6211,"[388.54083251953125, 568.8762817382812, 489.8605651855469, 822.6071166992188]",P4
MC,0.462323933839798,localization_error,0.47279098629951477,0.47279098629951477,09002200121902041506313602L_1295673900_482357800,6211,"[0.0, 683.2689819335938, 73.67729949951172, 705.3195190429688]",P3
MC,0.2906264364719391,background_false_positive,0.0,0.0,09002200121902041506313602L_1295673900_482357800,6211,"[935.55908203125, 632.3616333007812, 1007.23876953125, 654.7899780273438]",P3
MC,0.2905930280685425,background_false_positive,0.0,0.0,09002200121902041506313602L_1295673900_482357800,6211,"[277.4860534667969, 603.1865234375, 329.9212951660156, 615.0062866210938]",P3
LC,0.6418887376785278,TP,0.9202561974525452,0.9202561974525452,09002200121902041520083962L_1295793000_482269900,6212,"[623.5238647460938, 559.1198120117188, 636.3461303710938, 832.54541015625]",P4
MC,0.9091786742210388,TP,0.9084668755531311,0.9084668755531311,09002200121902041544400602L_1295732300_482279800,6213,"[0.0, 712.5150756835938, 65.45073699951172, 741.6613159179688]",P3
LC,0.776726484298706,TP,0.8584551811218262,0.8584551811218262,09002200121902041544400602L_1295732300_482279800,6213,"[442.9853515625, 604.88427734375, 498.9437561035156, 821.7677001953125]",P4
MC,0.3577272295951843,TP,0.6259214878082275,0.6259214878082275,09002200121902041544400602L_1295732300_482279800,6213,"[402.56494140625, 590.5595092773438, 435.3719787597656, 597.0842895507812]",P3
MC,0.9534657597541809,TP,0.9723764657974243,0.9723764657974243,09002200121902041621464192L_1295717200_482165900,6214,"[303.28668212890625, 765.1549072265625, 401.0541076660156, 804.9375]",P3
TC,0.8237436413764954,TP,0.7667908072471619,0.7667908072471619,09002200121902041621464192L_1295717200_482165900,6214,"[223.2125244140625, 725.2723999023438, 809.0621337890625, 776.2106323242188]",P5
TC,0.5361202955245972,TP,0.8336127996444702,0.8336127996444702,09002200121902041621464192L_1295717200_482165900,6214,"[61.36977767944336, 711.8626098632812, 287.51739501953125, 775.1212158203125]",P4
TC,0.8613187670707703,TP,0.8693498969078064,0.8693498969078064,09002200121902041625222722L_1295768900_482149200,6215,"[247.2432403564453, 706.3746337890625, 774.2850952148438, 737.6062622070312]",P4
LP,0.9497627019882202,TP,0.9020407795906067,0.9020407795906067,09002200121902051022470002L_1295443500_482158100,6216,"[252.58946228027344, 567.1887817382812, 455.06005859375, 812.7575073242188]",P5
MC,0.6850480437278748,TP,0.8230724334716797,0.8230724334716797,09002200121902051022470002L_1295443500_482158100,6216,"[789.9725952148438, 693.8082885742188, 856.45166015625, 716.8362426757812]",P3
TP,0.6749340891838074,TP,0.8943899869918823,0.8943899869918823,09002200121902051022470002L_1295443500_482158100,6216,"[360.3888854980469, 706.0237426757812, 698.1716918945312, 734.0939331054688]",P4
MC,0.8836579322814941,TP,0.9076448082923889,0.9076448082923889,09002200121902051236279612L_1295620900_482222100,6217,"[707.9835205078125, 705.0674438476562, 783.5090942382812, 729.7520141601562]",P3
MC,0.8509994745254517,TP,0.9127246737480164,0.9127246737480164,09002200121902051236279612L_1295620900_482222100,6217,"[786.5275268554688, 776.5150756835938, 893.6980590820312, 821.7462768554688]",P3
LC,0.8310316801071167,TP,0.7957927584648132,0.7957927584648132,09002200121902051236279612L_1295620900_482222100,6217,"[446.1454162597656, 638.9719848632812, 514.8555908203125, 814.63916015625]",P4
LC,0.8950496912002563,TP,0.8593405485153198,0.8593405485153198,09002200121902051241054632L_1295600000_482255200,6218,"[556.0811157226562, 579.0919189453125, 588.2557983398438, 818.1954345703125]",P4
MC,0.7067621350288391,TP,0.7119727730751038,0.7119727730751038,09002200121902051241054632L_1295600000_482255200,6218,"[445.625732421875, 595.1325073242188, 479.8484802246094, 604.3573608398438]",P3
LC,0.9125146865844727,TP,0.9182363152503967,0.9182363152503967,09002200121902051248437042L_1295537500_482222500,6219,"[564.5490112304688, 565.7437744140625, 693.7214965820312, 821.3648681640625]",P5
AC,0.9548470377922058,TP,0.9409185647964478,0.9409185647964478,09002200121902051504286052L_1295566900_482435000,6220,"[1.485693335533142, 590.3570556640625, 448.5942077636719, 873.3995971679688]",P5
TC,0.49426671862602234,TP,0.5058969259262085,0.5058969259262085,09002200121902051504286052L_1295566900_482435000,6220,"[773.7045288085938, 656.7564697265625, 993.2369384765625, 692.0523681640625]",P4
LC,0.8755162954330444,TP,0.867118775844574,0.867118775844574,09002200121902051545010262L_1295732900_482494100,6221,"[613.8776245117188, 660.2155151367188, 721.6116333007812, 819.2094116210938]",P4
MC,0.7523833513259888,TP,0.7302843332290649,0.7302843332290649,09002200121902051632582932L_1295603500_482469400,6222,"[550.2403564453125, 625.1964111328125, 600.30810546875, 638.2654418945312]",P3
MC,0.7066561579704285,TP,0.9231050610542297,0.9231050610542297,09002200121902051632582932L_1295603500_482469400,6222,"[692.5540161132812, 665.2373046875, 744.4904174804688, 680.8717041015625]",P3
LC,0.5580669045448303,TP,0.8066626191139221,0.8066626191139221,09002200121902051632582932L_1295603500_482469400,6222,"[470.3201599121094, 614.0226440429688, 501.0616760253906, 823.1408081054688]",P4
TC,0.3187982439994812,background_false_positive,0.0,0.0,09002200121902051632582932L_1295603500_482469400,6222,"[218.00303649902344, 711.114013671875, 307.50372314453125, 729.7504272460938]",P3
MC,0.28438788652420044,TP,0.6854421496391296,0.6854421496391296,09002200121902051632582932L_1295603500_482469400,6222,"[457.106689453125, 609.8604736328125, 499.5844421386719, 621.0106811523438]",P3
LC,0.8992971777915955,TP,0.8833466172218323,0.8833466172218323,09002200121902051635307372L_1295660800_482481200,6223,"[371.1094665527344, 584.3562622070312, 507.4676818847656, 827.2791137695312]",P4
LC,0.8197866082191467,TP,0.8646669387817383,0.8646669387817383,09002200121902061053394082L_1295371300_482508100,6224,"[370.1346130371094, 690.5090942382812, 418.797119140625, 806.6310424804688]",P4
TC,0.5502913594245911,TP,0.7890987992286682,0.7890987992286682,09002200121902061053394082L_1295371300_482508100,6224,"[286.36529541015625, 636.916015625, 501.5707702636719, 648.7449340820312]",P3
TC,0.3749040365219116,background_false_positive,0.0,0.0,09002200121902061053394082L_1295371300_482508100,6224,"[26.476465225219727, 811.74853515625, 82.16236877441406, 853.16943359375]",P3
TC,0.3717852234840393,background_false_positive,0.0,0.0,09002200121902061053394082L_1295371300_482508100,6224,"[23.46868896484375, 687.728271484375, 123.27227783203125, 712.5797729492188]",P4
TC,0.3673693537712097,background_false_positive,0.0,0.0,09002200121902061053394082L_1295371300_482508100,6224,"[28.68353271484375, 693.0891723632812, 119.83342742919922, 710.9075317382812]",P3
MC,0.9096704721450806,TP,0.8819987773895264,0.8819987773895264,09002200121902061127228092L_1295448500_482687800,6225,"[388.7127990722656, 673.4852905273438, 448.56005859375, 691.84814453125]",P3
LP,0.6661562323570251,TP,0.5838021636009216,0.5838021636009216,09002200121902061127228092L_1295448500_482687800,6225,"[464.1534118652344, 600.34033203125, 488.5269470214844, 677.4456176757812]",P3
LP,0.6076654195785522,TP,0.7107536792755127,0.7107536792755127,09002200121902061127228092L_1295448500_482687800,6225,"[391.1953125, 694.5982666015625, 456.0419921875, 815.2102661132812]",P4
LP,0.5554488897323608,duplicate_prediction,0.7323614358901978,0.7323614358901978,09002200121902061127228092L_1295448500_482687800,6225,"[463.67559814453125, 556.60498046875, 489.6644592285156, 678.3915405273438]",P4
LP,0.3753112852573395,background_false_positive,0.0,0.0,09002200121902061127228092L_1295448500_482687800,6225,"[268.0207824707031, 596.1107788085938, 303.4775085449219, 615.3887939453125]",P3
LC,0.919562041759491,TP,0.9680082201957703,0.9680082201957703,09002200121902061240434182L_1295392100_482913800,6226,"[441.3327331542969, 674.1119384765625, 482.6465759277344, 812.1187744140625]",P4
LC,0.377155065536499,TP,0.8466271162033081,0.8466271162033081,09002200121902061240434182L_1295392100_482913800,6226,"[487.4639587402344, 550.9949340820312, 509.87255859375, 635.4234619140625]",P4
TC,0.34876489639282227,background_false_positive,0.0,0.0,09002200121902061240434182L_1295392100_482913800,6226,"[7.291919231414795, 604.5217895507812, 278.3627624511719, 650.02490234375]",P4
LC,0.26337307691574097,duplicate_prediction,0.5063962340354919,0.5063962340354919,09002200121902061240434182L_1295392100_482913800,6226,"[487.75146484375, 570.1227416992188, 504.7284240722656, 635.2714233398438]",P3
LC,0.7753625512123108,TP,0.9344823360443115,0.9344823360443115,09002200121902061355517092L_1295499100_482711000,6227,"[77.3106460571289, 723.9488525390625, 292.20147705078125, 857.0536499023438]",P4
LC,0.6804453730583191,localization_error,0.3264807462692261,0.3264807462692261,09002200121902061355517092L_1295499100_482711000,6227,"[75.88739013671875, 599.79541015625, 399.2452087402344, 854.3836059570312]",P5
LC,0.5937865376472473,TP,0.9517977237701416,0.9517977237701416,09002200121902061355517092L_1295499100_482711000,6227,"[663.8484497070312, 610.0995483398438, 1022.3005981445312, 860.9376220703125]",P5
LC,0.37906232476234436,TP,0.9519438743591309,0.9519438743591309,09002200121902061355517092L_1295499100_482711000,6227,"[234.54092407226562, 604.7403564453125, 399.6183166503906, 712.7161254882812]",P4
LC,0.36896219849586487,background_false_positive,0.0,0.0,09002200121902061355517092L_1295499100_482711000,6227,"[542.8208618164062, 575.4317626953125, 617.3378295898438, 798.1170043945312]",P4
LC,0.32355228066444397,duplicate_prediction,0.5276373624801636,0.5276373624801636,09002200121902061355517092L_1295499100_482711000,6227,"[766.7976684570312, 674.71435546875, 1021.9990234375, 860.0487670898438]",P4
MC,0.89005047082901,TP,0.925441563129425,0.925441563129425,09002200121902061437551022L_1295438400_482772100,6228,"[222.81626892089844, 713.1700439453125, 290.8855895996094, 736.9973754882812]",P3
TC,0.5125032067298889,TP,0.7452532649040222,0.7452532649040222,09002200121902061437551022L_1295438400_482772100,6228,"[325.4281311035156, 750.0987548828125, 598.8193359375, 768.1483764648438]",P4
LC,0.8919103741645813,TP,0.8605349659919739,0.8605349659919739,09002200121902061523545232L_1295451200_482794400,6229,"[479.220703125, 617.1658325195312, 534.4578247070312, 819.2560424804688]",P4
MC,0.7501417994499207,TP,0.5867467522621155,0.5867467522621155,09002200121902061523545232L_1295451200_482794400,6229,"[617.6251220703125, 673.3004150390625, 694.1751098632812, 692.9822387695312]",P3
AC,0.9326007962226868,TP,0.907141923904419,0.907141923904419,09002200121902061611510982L_1295210100_482863800,6230,"[0.749316394329071, 592.134765625, 690.473388671875, 873.0131225585938]",P5
LC,0.8792520761489868,TP,0.9061728119850159,0.9061728119850159,09002200121902061640513662L_1295224800_482846000,6231,"[2.3385255336761475, 601.9236450195312, 337.2796325683594, 742.7828369140625]",P5
LC,0.8656933307647705,localization_error,0.4594096541404724,0.4594096541404724,09002200121902061640513662L_1295224800_482846000,6231,"[496.5721740722656, 578.8306884765625, 532.42822265625, 815.5857543945312]",P4
LC,0.9778123497962952,TP,0.8065736889839172,0.8065736889839172,09002200121902071141028592L_1295204000_482446400,6232,"[355.8048095703125, 602.2633056640625, 466.32452392578125, 821.5670776367188]",P4
TC,0.3914959132671356,localization_error,0.24892964959144592,0.24892964959144592,09002200121902071141028592L_1295204000_482446400,6232,"[123.20830535888672, 734.23486328125, 409.43096923828125, 777.0465087890625]",P4
TC,0.3041435778141022,localization_error,0.11588484048843384,0.11588484048843384,09002200121902071141028592L_1295204000_482446400,6232,"[132.99609375, 732.0305786132812, 411.32843017578125, 765.2717895507812]",P4
MC,0.8942248821258545,TP,0.7844579815864563,0.7844579815864563,09002200121902071145319092L_1295205600_482483400,6233,"[674.2103881835938, 665.75927734375, 730.1954956054688, 681.1093139648438]",P3
LP,0.8908793330192566,TP,0.7821084856987,0.7821084856987,09002200121902071145319092L_1295205600_482483400,6233,"[517.618896484375, 543.18603515625, 560.7754516601562, 819.42626953125]",P4
LC,0.9416303634643555,TP,0.6723164916038513,0.6723164916038513,09002200121902071520440982L_1295238800_482723000,6234,"[304.58795166015625, 544.0629272460938, 504.6780700683594, 812.0087280273438]",P5
MC,0.6902365684509277,background_false_positive,0.0,0.0,09002200121902071520440982L_1295238800_482723000,6234,"[781.66162109375, 709.576171875, 900.62939453125, 748.6031494140625]",P3
TC,0.7452470660209656,TP,0.7591795921325684,0.7591795921325684,09002200121902071611461862L_1295796000_482457200,6235,"[66.68047332763672, 739.1535034179688, 481.3998107910156, 815.1049194335938]",P5
LC,0.9423415660858154,TP,0.8240182399749756,0.8240182399749756,09002200121902071613337752L_1295783300_482416500,6236,"[528.7669067382812, 574.6591796875, 587.9552612304688, 817.3670043945312]",P4
LP,0.31915122270584106,background_false_positive,0.0,0.0,09002200121902071613337752L_1295783300_482416500,6236,"[321.1242370605469, 594.2645874023438, 374.5133972167969, 626.7476196289062]",P3
MC,0.8381478786468506,TP,0.75702303647995,0.75702303647995,09002200121902071614519452L_1295784200_482381000,6237,"[99.83086395263672, 668.22998046875, 163.86026000976562, 686.7721557617188]",P3
MC,0.8146845698356628,TP,0.7667562365531921,0.7667562365531921,09002200121902071614519452L_1295784200_482381000,6237,"[3.326892137527466, 703.59033203125, 78.3320541381836, 732.3829345703125]",P3
MC,0.7959137558937073,TP,0.8967183232307434,0.8967183232307434,09002200121902071614519452L_1295784200_482381000,6237,"[938.7854614257812, 729.3824462890625, 1019.6466064453125, 764.51953125]",P3
LC,0.738351583480835,TP,0.6209014058113098,0.6209014058113098,09002200121902071614519452L_1295784200_482381000,6237,"[550.92529296875, 694.7372436523438, 578.02099609375, 824.3229370117188]",P3
MC,0.5207481384277344,TP,0.8184417486190796,0.8184417486190796,09002200121902071614519452L_1295784200_482381000,6237,"[459.3676452636719, 594.9706420898438, 492.5522155761719, 602.7926635742188]",P3
MC,0.485154926776886,localization_error,0.44019290804862976,0.44019290804862976,09002200121902071614519452L_1295784200_482381000,6237,"[384.88433837890625, 591.2106323242188, 414.4967346191406, 597.4542846679688]",P3
LC,0.30017489194869995,localization_error,0.19306035339832306,0.19306035339832306,09002200121902071614519452L_1295784200_482381000,6237,"[540.1280517578125, 592.9657592773438, 547.6350708007812, 620.0846557617188]",P3
TC,0.8553574681282043,TP,0.8445461392402649,0.8445461392402649,09002200121902161018409549K_1295644400_483456300,6238,"[339.4704284667969, 708.2432861328125, 855.0286254882812, 802.1337890625]",P5
MC,0.7966259121894836,TP,0.8132217526435852,0.8132217526435852,09002200121902161018409549K_1295644400_483456300,6238,"[383.3236999511719, 627.83544921875, 420.5758361816406, 636.0159301757812]",P3
P,0.8433864712715149,TP,0.8672118186950684,0.8672118186950684,09002200121902171130421252Q_1296386500_481836400,6853,"[572.3373413085938, 865.2328491210938, 608.1209106445312, 885.7918090820312]",P3
P,0.7097032070159912,TP,0.8194085359573364,0.8194085359573364,09002200121902171130421252Q_1296386500_481836400,6853,"[562.7965698242188, 770.9010620117188, 599.7551879882812, 785.7633666992188]",P3
P,0.6231327652931213,TP,0.8447707295417786,0.8447707295417786,09002200121902171130421252Q_1296386500_481836400,6853,"[505.0733337402344, 809.2836303710938, 532.15185546875, 824.4421997070312]",P3
TC,0.33767014741897583,background_false_positive,0.0,0.0,09002200121902171130421252Q_1296386500_481836400,6853,"[935.7160034179688, 972.4342041015625, 1024.0, 1002.3829956054688]",P4
TC,0.6548696160316467,TP,0.5100301504135132,0.5100301504135132,09002200121902171233057112K_1296056800_481513000,6854,"[122.50322723388672, 702.0750122070312, 634.3756713867188, 729.1666870117188]",P5
LC,0.9480897188186646,TP,0.8681661486625671,0.8681661486625671,09002200121902171252439002Q_1296284800_481840200,6855,"[115.74002838134766, 580.5062866210938, 515.0692749023438, 1019.3582153320312]",P5
LC,0.61678546667099,localization_error,0.30591800808906555,0.30591800808906555,09002200121902171252439002Q_1296284800_481840200,6855,"[630.6129760742188, 768.3639526367188, 677.2852172851562, 869.7637939453125]",P4
LC,0.4628881812095642,background_false_positive,0.0,0.12692852318286896,09002200121902171410239832K_1295925500_481811500,6856,"[369.9283142089844, 633.2058715820312, 489.17852783203125, 851.0723876953125]",P4
TC,0.32549646496772766,TP,0.8028132319450378,0.8028132319450378,09002200121902171410239832K_1295925500_481811500,6856,"[475.1031188964844, 754.8792114257812, 661.9474487304688, 768.1163330078125]",P3
TC,0.2939193844795227,duplicate_prediction,0.562447726726532,0.562447726726532,09002200121902171410239832K_1295925500_481811500,6856,"[418.1206970214844, 750.98974609375, 671.6123046875, 768.6959838867188]",P4
P,0.9829089641571045,TP,0.8159201145172119,0.8159201145172119,09002200121902171411237252K_1295921200_481781300,6857,"[274.35748291015625, 740.1319580078125, 432.5531921386719, 827.5475463867188]",P4
AC,0.597492516040802,localization_error,0.4192885160446167,0.4192885160446167,09002200121902171439407262K_1295901100_481739000,6858,"[114.5325698852539, 576.3163452148438, 614.8637084960938, 908.1451416015625]",P5
P,0.3874700963497162,localization_error,0.4767962098121643,0.4767962098121643,09002200121902171439407262K_1295901100_481739000,6858,"[381.5173034667969, 630.6602783203125, 422.08038330078125, 660.9895629882812]",P3
MC,0.30613571405410767,background_false_positive,0.0,0.0,09002200121902171439407262K_1295901100_481739000,6858,"[998.0961303710938, 735.548828125, 1023.4921875, 760.4743041992188]",P3
LC,0.6321429014205933,TP,0.7804620862007141,0.7804620862007141,09002200121902171447464392K_1295991000_481737600,6859,"[424.5411071777344, 598.0391845703125, 446.46563720703125, 624.52392578125]",P3
TC,0.4107620418071747,TP,0.8434973359107971,0.8434973359107971,09002200121902171541164402K_1296048600_481571900,6860,"[227.190673828125, 669.5248413085938, 751.7157592773438, 703.409912109375]",P4
TC,0.8932188749313354,TP,0.789838433265686,0.789838433265686,09002200121902171616378502Q_1296106500_482058800,6861,"[102.4935531616211, 755.3602905273438, 934.6082153320312, 884.2404174804688]",P5
AC,0.9432675838470459,TP,0.8590406179428101,0.8590406179428101,09002200121902171640091982K_1295881400_481518200,6862,"[519.6607666015625, 691.6015014648438, 938.5385131835938, 949.9752807617188]",P5
TP,0.8975171446800232,TP,0.8922217488288879,0.8922217488288879,09002200121902180912112718K_1294820200_480604400,6863,"[431.8934631347656, 646.9719848632812, 1023.74658203125, 708.4530639648438]",P5
TP,0.4678158462047577,TP,0.5943756103515625,0.5943756103515625,09002200121902180921377648K_1294823300_480694500,6864,"[355.7720642089844, 604.7881469726562, 590.4909057617188, 614.395751953125]",P3
AC,0.9031197428703308,TP,0.7743350267410278,0.7743350267410278,09002200121902180928107372K_1295937500_481341100,6865,"[347.7286071777344, 583.7313842773438, 1023.78662109375, 984.9278564453125]",P5
LC,0.9419288039207458,TP,0.9613550901412964,0.9613550901412964,09002200121902180928435462K_1295939600_481374900,6866,"[311.0319519042969, 701.31787109375, 417.2115173339844, 876.6824340820312]",P4
TC,0.485172301530838,TP,0.7100719213485718,0.7100719213485718,09002200121902180928435462K_1295939600_481374900,6866,"[276.96978759765625, 603.8073120117188, 386.6642150878906, 613.6124877929688]",P3
LC,0.377509742975235,TP,0.8130583763122559,0.8130583763122559,09002200121902180928435462K_1295939600_481374900,6866,"[454.7520446777344, 602.1744384765625, 469.43682861328125, 629.5436401367188]",P3
AC,0.9017060995101929,TP,0.9614968299865723,0.9614968299865723,09002200121902180942221672Q_1296100800_481633300,6867,"[409.5577087402344, 587.008056640625, 1022.4564819335938, 1021.1290893554688]",P5
P,0.7451726198196411,TP,0.8563500046730042,0.8563500046730042,09002200121902180942221672Q_1296100800_481633300,6867,"[520.6897583007812, 622.0753784179688, 547.99755859375, 648.8041381835938]",P3
AC,0.9402174353599548,TP,0.9595978260040283,0.9595978260040283,09002200121902180943451052K_1295950800_481404400,6868,"[512.5947265625, 557.1327514648438, 1022.8698120117188, 989.6142578125]",P5
AC,0.915170431137085,TP,0.7742584943771362,0.7742584943771362,09002200121902180943451052K_1295950800_481404400,6868,"[0.7582031488418579, 574.2740478515625, 430.23388671875, 828.9480590820312]",P5
MC,0.2683603763580322,background_false_positive,0.0,0.0031911246478557587,09002200121902180943451052K_1295950800_481404400,6868,"[845.1220703125, 667.998291015625, 895.8912353515625, 681.3687133789062]",P3
AC,0.26573696732521057,background_false_positive,0.0008517135865986347,0.0008517135865986347,09002200121902180943451052K_1295950800_481404400,6868,"[357.005859375, 575.3458251953125, 437.17138671875, 607.1981811523438]",P3
AC,0.9050842523574829,TP,0.9508465528488159,0.9508465528488159,09002200121902180943586792K_1295955300_481415700,6869,"[0.4310546815395355, 542.9514770507812, 918.1212768554688, 983.09716796875]",P5
AC,0.8733633756637573,TP,0.9103280305862427,0.9103280305862427,09002200121902180944260862K_1295963600_481441100,6870,"[0.2833007872104645, 613.2579956054688, 762.2660522460938, 975.6900634765625]",P5
AC,0.2746769189834595,background_false_positive,0.0,0.0,09002200121902180944260862K_1295963600_481441100,6870,"[374.8228454589844, 549.5182495117188, 568.9295043945312, 581.9679565429688]",P5
AC,0.9678419232368469,TP,0.9442704319953918,0.9442704319953918,09002200121902180944460492K_1295972000_481464600,6871,"[0.0, 575.384765625, 1024.0, 987.6303100585938]",P5
LC,0.5910037755966187,localization_error,0.4295126795768738,0.4295126795768738,09002200121902181013567532K_1295914000_481676500,6872,"[21.90192985534668, 714.5052490234375, 254.5470733642578, 784.0402221679688]",P4
TC,0.5890876650810242,TP,0.5604833364486694,0.5604833364486694,09002200121902181013567532K_1295914000_481676500,6872,"[358.4184875488281, 697.7072143554688, 739.3157348632812, 723.7175903320312]",P5
AC,0.29373833537101746,background_false_positive,0.0,0.4223732352256775,09002200121902181013567532K_1295914000_481676500,6872,"[16.07771110534668, 712.8038940429688, 254.16714477539062, 786.7517700195312]",P5
AC,0.9027007818222046,TP,0.9428914785385132,0.9428914785385132,09002200121902181026188057F_1294019400_481879300,6873,"[0.961047351360321, 732.1332397460938, 359.7025451660156, 995.4025268554688]",P5
LC,0.7744791507720947,TP,0.8041051626205444,0.8041051626205444,09002200121902181026188057F_1294019400_481879300,6873,"[489.0455017089844, 553.8536987304688, 817.5534057617188, 941.80859375]",P5
AC,0.2532541751861572,TP,0.8590610027313232,0.8590610027313232,09002200121902181026188057F_1294019400_481879300,6873,"[499.4164123535156, 728.584228515625, 825.4205322265625, 943.1303100585938]",P5
LC,0.7589542269706726,TP,0.9835389852523804,0.9835389852523804,09002200121902181044097272Q_1296172500_481652400,6874,"[1.174414038658142, 685.9191284179688, 392.8382873535156, 999.0172119140625]",P5
LC,0.6663649082183838,TP,0.6528371572494507,0.6528371572494507,09002200121902181044097272Q_1296172500_481652400,6874,"[559.16748046875, 751.5665893554688, 591.7981567382812, 903.0665893554688]",P4
TC,0.8772419691085815,TP,0.9410610198974609,0.9410610198974609,09002200121902181143597587F_1293895200_481703100,6875,"[0.44990235567092896, 719.0455932617188, 594.8160400390625, 805.6456298828125]",P5
AC,0.7834686040878296,TP,0.6764171123504639,0.6764171123504639,09002200121902181143597587F_1293895200_481703100,6875,"[554.3099975585938, 688.0767822265625, 744.8511962890625, 857.6591796875]",P4
P,0.3506830036640167,TP,0.7318251729011536,0.7318251729011536,09002200121902181143597587F_1293895200_481703100,6875,"[435.23583984375, 677.1686401367188, 450.14581298828125, 684.867919921875]",P3
MC,0.7882961630821228,TP,0.6538575887680054,0.6538575887680054,09002200121902181236344132Q_1296313700_481939800,6876,"[381.4461669921875, 592.8826293945312, 420.4696350097656, 602.0900268554688]",P3
LC,0.7870952486991882,TP,0.9150747060775757,0.9150747060775757,09002200121902181236344132Q_1296313700_481939800,6876,"[387.8741149902344, 593.2349853515625, 450.82275390625, 906.9685668945312]",P4
TC,0.6868235468864441,TP,0.7308053970336914,0.7308053970336914,09002200121902181236344132Q_1296313700_481939800,6876,"[2.073046922683716, 901.9286499023438, 211.0016632080078, 972.3870239257812]",P4
MC,0.4462962746620178,TP,0.755425751209259,0.755425751209259,09002200121902181236344132Q_1296313700_481939800,6876,"[485.0412292480469, 600.9578857421875, 525.5753784179688, 611.2127685546875]",P3
AC,0.9145840406417847,TP,0.5507112145423889,0.5507112145423889,09002200121902181252296622Q_1296348600_481945400,6877,"[4.099609375, 572.1112670898438, 999.5640869140625, 1021.5782470703125]",P5
AC,0.3953325152397156,duplicate_prediction,0.8628209233283997,0.8628209233283997,09002200121902181252296622Q_1296348600_481945400,6877,"[3.3700196743011475, 574.4965209960938, 640.3135986328125, 1020.7911987304688]",P5
P,0.3554282784461975,TP,0.8582733869552612,0.8582733869552612,09002200121902181252296622Q_1296348600_481945400,6877,"[513.3612670898438, 635.3211059570312, 551.8153686523438, 648.2161254882812]",P3
AC,0.8016390800476074,TP,0.9415414929389954,0.9415414929389954,09002200121902181318175772K_1295472300_481853100,6878,"[0.17910157144069672, 742.9923706054688, 432.38702392578125, 914.3447265625]",P5
MC,0.7725934982299805,TP,0.6702235341072083,0.6702235341072083,09002200121902181318175772K_1295472300_481853100,6878,"[440.60040283203125, 631.2462158203125, 488.3433532714844, 643.9027709960938]",P3
MC,0.734776496887207,TP,0.6994913220405579,0.6994913220405579,09002200121902181318175772K_1295472300_481853100,6878,"[267.34814453125, 846.9091796875, 403.1231994628906, 888.7791137695312]",P3
TC,0.6803985238075256,TP,0.8601298928260803,0.8601298928260803,09002200121902181318175772K_1295472300_481853100,6878,"[394.82110595703125, 774.27001953125, 802.0641479492188, 841.8468017578125]",P4
MC,0.5533056259155273,TP,0.8304791450500488,0.8304791450500488,09002200121902181318175772K_1295472300_481853100,6878,"[546.62109375, 582.0880737304688, 584.591796875, 591.8837890625]",P3
TC,0.48643845319747925,localization_error,0.358669638633728,0.358669638633728,09002200121902181318175772K_1295472300_481853100,6878,"[0.0, 770.0525512695312, 799.6522827148438, 851.4793090820312]",P5
P,0.8523966073989868,TP,0.837638795375824,0.837638795375824,09002200121902181349002028K_1294659300_481308100,6879,"[448.3829040527344, 700.6561889648438, 525.3405151367188, 723.4776000976562]",P3
AC,0.6819514036178589,TP,0.8027933239936829,0.8027933239936829,09002200121902181349002028K_1294659300_481308100,6879,"[5.095117092132568, 585.94921875, 974.0963134765625, 953.7769775390625]",P5
MC,0.6344413757324219,TP,0.8414342999458313,0.8414342999458313,09002200121902181349002028K_1294659300_481308100,6879,"[466.2004089355469, 603.201904296875, 500.568359375, 610.6442260742188]",P3
P,0.7417553067207336,TP,0.9335110783576965,0.9335110783576965,09002200121902181410307678K_1294690700_481147700,6880,"[79.2209243774414, 687.7979125976562, 183.3656463623047, 715.7425537109375]",P3
LC,0.56144779920578,background_false_positive,0.0,0.3949965834617615,09002200121902181410307678K_1294690700_481147700,6880,"[303.8034362792969, 600.0928955078125, 382.6910095214844, 634.3855590820312]",P4
LC,0.29316410422325134,TP,0.9228238463401794,0.9228238463401794,09002200121902181410307678K_1294690700_481147700,6880,"[1.484619140625, 598.4507446289062, 254.64700317382812, 684.0861206054688]",P4
AC,0.9664269089698792,TP,0.9569032788276672,0.9569032788276672,09002200121902181413512308K_1294509400_481062200,6881,"[5.904101848602295, 573.48779296875, 1019.7059936523438, 1010.8978881835938]",P5
AC,0.6755849123001099,TP,0.9514431953430176,0.9514431953430176,09002200121902181413512308K_1294509400_481062200,6881,"[0.3875732421875, 715.2647705078125, 162.0835723876953, 787.0868530273438]",P4
LC,0.9603498578071594,TP,0.9847972989082336,0.9847972989082336,09002200121902181447410818K_1294634300_481078600,6882,"[4.416943550109863, 802.9340209960938, 257.4861755371094, 1000.5336303710938]",P5
MC,0.8127142190933228,TP,0.8874651193618774,0.8874651193618774,09002200121902181447410818K_1294634300_481078600,6882,"[879.1868286132812, 681.3488159179688, 948.8092651367188, 701.6103515625]",P3
TC,0.6821935772895813,TP,0.7628985047340393,0.7628985047340393,09002200121902181447410818K_1294634300_481078600,6882,"[267.2051696777344, 655.7521362304688, 759.8889770507812, 686.0084228515625]",P5
LC,0.400019109249115,localization_error,0.27853143215179443,0.27853143215179443,09002200121902181447410818K_1294634300_481078600,6882,"[380.0498962402344, 563.329345703125, 456.77276611328125, 668.8524780273438]",P4
MC,0.25888824462890625,background_false_positive,0.0,0.0,09002200121902181447410818K_1294634300_481078600,6882,"[893.1681518554688, 626.6454467773438, 933.0281372070312, 640.1907348632812]",P3
LC,0.864624559879303,TP,0.8482067584991455,0.8482067584991455,09002200121902181457353472K_1295443200_481920000,6883,"[423.5263366699219, 664.6409301757812, 481.974853515625, 866.1627807617188]",P4
TC,0.8637195229530334,TP,0.9323424100875854,0.9323424100875854,09002200121902181457353472K_1295443200_481920000,6883,"[8.4942626953125, 842.1334838867188, 231.74658203125, 918.5755004882812]",P4
MC,0.8515218496322632,TP,0.9268785119056702,0.9268785119056702,09002200121902181457353472K_1295443200_481920000,6883,"[714.0386962890625, 693.7286987304688, 798.4955444335938, 721.0621337890625]",P3
MC,0.8095977902412415,TP,0.7837483882904053,0.7837483882904053,09002200121902181457353472K_1295443200_481920000,6883,"[193.154052734375, 701.2315063476562, 273.0211486816406, 732.6854858398438]",P3
TC,0.7752566933631897,TP,0.9209170341491699,0.9209170341491699,09002200121902181457353472K_1295443200_481920000,6883,"[799.4812622070312, 851.0582885742188, 1024.0, 922.9631958007812]",P4
LC,0.49384626746177673,background_false_positive,0.0,0.012284860014915466,09002200121902181457353472K_1295443200_481920000,6883,"[599.5897216796875, 548.2227783203125, 735.644287109375, 651.79638671875]",P4
P,0.31509655714035034,TP,0.5401448607444763,0.5401448607444763,09002200121902181457353472K_1295443200_481920000,6883,"[855.4747314453125, 721.33154296875, 905.5344848632812, 750.8155517578125]",P3
TC,0.27502956986427307,TP,0.8991594314575195,0.8991594314575195,09002200121902181457353472K_1295443200_481920000,6883,"[469.9960021972656, 650.4857788085938, 738.4532470703125, 669.2833862304688]",P5
TC,0.8304462432861328,TP,0.7730735540390015,0.7730735540390015,09002200121902181458093692K_1295415000_481917800,6884,"[353.8831481933594, 656.5067749023438, 717.9170532226562, 686.4049682617188]",P5
TC,0.281620591878891,duplicate_prediction,0.549297571182251,0.549297571182251,09002200121902181458093692K_1295415000_481917800,6884,"[338.9107360839844, 665.85205078125, 718.9998168945312, 687.5309448242188]",P4
TP,0.6072333455085754,TP,0.7076455950737,0.7076455950737,09002200121902181506372218K_1294735000_481105100,6885,"[379.4375915527344, 635.6588745117188, 906.5634765625, 673.37841796875]",P5
TC,0.8278892040252686,TP,0.5903937816619873,0.5903937816619873,09002200121902181507316672K_1295354200_481912700,6886,"[341.6886901855469, 705.92333984375, 886.6435546875, 752.6950073242188]",P5
TC,0.39995262026786804,TP,0.898562490940094,0.898562490940094,09002200121902181507316672K_1295354200_481912700,6886,"[807.2053833007812, 704.7610473632812, 894.6962280273438, 724.9270629882812]",P3
AC,0.9346591830253601,TP,0.9613869786262512,0.9613869786262512,09002200121902181513325698K_1294739600_481122700,6887,"[0.727734386920929, 580.5504760742188, 676.5501098632812, 1004.4242553710938]",P5
MC,0.25966721773147583,background_false_positive,0.0,0.0006993532297201455,09002200121902181513325698K_1294739600_481122700,6887,"[262.03204345703125, 587.5524291992188, 288.28302001953125, 595.2413330078125]",P3
AC,0.9593407511711121,TP,0.7941040992736816,0.7941040992736816,09002200121902181514213008K_1294770900_481169300,6888,"[0.0, 565.5460205078125, 690.5147705078125, 999.5173950195312]",P5
MC,0.6485096216201782,classification_error,0.0,0.7486196756362915,09002200121902181514213008K_1294770900_481169300,6888,"[262.3800354003906, 620.7603149414062, 309.1285705566406, 632.9251708984375]",P3
P,0.9153800010681152,TP,0.8980890512466431,0.8980890512466431,09002200121902181514567952K_1295365500_481920900,6889,"[447.4120178222656, 724.0667114257812, 526.56982421875, 753.83740234375]",P3
MC,0.7925283908843994,classification_error,0.0,0.8094720840454102,09002200121902181526201408K_1294760700_481190100,6890,"[453.8671875, 760.9046020507812, 558.7273559570312, 792.6907348632812]",P3
TC,0.35501828789711,background_false_positive,0.0,0.0,09002200121902181526201408K_1294760700_481190100,6890,"[89.3808822631836, 646.6090698242188, 809.7109375, 703.2352905273438]",P5
LC,0.8150343298912048,TP,0.9504256844520569,0.9504256844520569,09002200121902181547507897F_1294003400_481850500,6891,"[280.3688659667969, 646.3421020507812, 431.84259033203125, 895.9425048828125]",P4
TC,0.7875751852989197,TP,0.8926606774330139,0.8926606774330139,09002200121902181547507897F_1294003400_481850500,6891,"[156.7932586669922, 659.5938720703125, 691.1371459960938, 703.8300170898438]",P5
LP,0.8413865566253662,localization_error,0.42395666241645813,0.42395666241645813,09002200121902181551070908K_1294778500_480948100,6892,"[28.415241241455078, 698.7736206054688, 202.283203125, 770.4912109375]",P4
MC,0.3674331605434418,background_false_positive,0.0,0.0,09002200121902181551070908K_1294778500_480948100,6892,"[978.5361328125, 641.7855834960938, 1024.0, 655.8641967773438]",P3
TC,0.9320970773696899,TP,0.9499115347862244,0.9499115347862244,09002200121902181600251632K_1295323800_481996400,6893,"[0.90045166015625, 726.3646850585938, 371.2146911621094, 869.1898803710938]",P5
TC,0.9196863174438477,TP,0.9398343563079834,0.9398343563079834,09002200121902181600251632K_1295323800_481996400,6893,"[756.1785278320312, 839.5133056640625, 1024.0, 895.5113525390625]",P4
TC,0.853784441947937,TP,0.7814366817474365,0.7814366817474365,09002200121902181600251632K_1295323800_481996400,6893,"[0.0065551758743822575, 923.9888916015625, 140.03790283203125, 971.7885131835938]",P4
TC,0.8110416531562805,TP,0.9304090738296509,0.9304090738296509,09002200121902181600251632K_1295323800_481996400,6893,"[10.5458984375, 607.7079467773438, 1011.0105590820312, 733.0117797851562]",P5
AC,0.6300814151763916,TP,0.7316067814826965,0.7316067814826965,09002200121902181610547782K_1295303900_481895200,6894,"[362.9173278808594, 560.5127563476562, 792.4750366210938, 727.1859741210938]",P5
MC,0.3598857522010803,classification_error,0.0,0.8788872957229614,09002200121902181610547782K_1295303900_481895200,6894,"[918.0390014648438, 611.6473388671875, 952.0397338867188, 621.622802734375]",P3
LC,0.3458287715911865,background_false_positive,0.0,0.0,09002200121902181610547782K_1295303900_481895200,6894,"[924.3429565429688, 630.9899291992188, 1023.2426147460938, 664.4407348632812]",P3
AC,0.9611350297927856,TP,0.9160047173500061,0.9160047173500061,09002200121902181616389802K_1295296500_481900700,6895,"[1.076171875, 598.6580200195312, 612.1925048828125, 990.0537109375]",P5
AC,0.9720764756202698,TP,0.8685166835784912,0.8685166835784912,09002200121902181617425922K_1295280000_481901500,6896,"[0.53271484375, 607.8308715820312, 436.91650390625, 985.9443359375]",P5
MC,0.29908621311187744,background_false_positive,0.0,0.385358065366745,09002200121902181617425922K_1295280000_481901500,6896,"[885.5152587890625, 679.4407348632812, 988.1492309570312, 710.1748046875]",P3
TC,0.8976309299468994,TP,0.9377934336662292,0.9377934336662292,09002200121902181620339712K_1295377600_481906100,6897,"[5.041601657867432, 875.740234375, 192.4636688232422, 947.6320190429688]",P4
TC,0.8560010194778442,TP,0.8259343504905701,0.8259343504905701,09002200121902181620339712K_1295377600_481906100,6897,"[680.2150268554688, 817.7882080078125, 905.8922119140625, 876.9797973632812]",P4
LC,0.3666078746318817,background_false_positive,0.0,0.0,09002200121902181620339712K_1295377600_481906100,6897,"[486.5283203125, 619.87060546875, 496.2922058105469, 654.1604614257812]",P3
TC,0.7493369579315186,TP,0.5636798739433289,0.5636798739433289,09002200121902181629173312K_1295377800_481858300,6898,"[229.77066040039062, 632.348876953125, 659.5501708984375, 658.7739868164062]",P4
LC,0.2832362651824951,background_false_positive,0.0,0.0,09002200121902181629173312K_1295377800_481858300,6898,"[847.2037353515625, 811.3998413085938, 1024.0, 922.0818481445312]",P4
MC,0.9493816494941711,TP,0.9125523567199707,0.9125523567199707,09002200121902200946142212K_1295239400_481170000,6899,"[810.259765625, 903.8438720703125, 985.8637084960938, 996.3614501953125]",P3
P,0.9295773506164551,background_false_positive,0.0,0.0,09002200121902200946142212K_1295239400_481170000,6899,"[265.5578308105469, 737.5392456054688, 293.91796875, 750.9874877929688]",P3
TC,0.6297596096992493,TP,0.7815272212028503,0.7815272212028503,09002200121902200946142212K_1295239400_481170000,6899,"[34.309913635253906, 760.1964721679688, 514.6692504882812, 794.7440795898438]",P5
TP,0.3434390127658844,classification_error,0.0,0.850858747959137,09002200121902200946142212K_1295239400_481170000,6899,"[44.302589416503906, 762.7896728515625, 517.2228393554688, 795.5193481445312]",P4
P,0.25028809905052185,background_false_positive,0.0,0.0,09002200121902200946142212K_1295239400_481170000,6899,"[185.27798461914062, 703.0731811523438, 204.39830017089844, 722.9179077148438]",P3
MC,0.7427815794944763,TP,0.8213835954666138,0.8213835954666138,09002200121902201007342732K_1295259300_481517100,6900,"[228.5233917236328, 617.6979370117188, 276.5257263183594, 627.7548217773438]",P3
TC,0.6804732084274292,classification_error,0.0,0.6325504183769226,09002200121902201007342732K_1295259300_481517100,6900,"[16.6220703125, 709.1154174804688, 1024.0, 940.0521850585938]",P5
LC,0.6136155724525452,TP,0.9294365048408508,0.9294365048408508,09002200121902201007342732K_1295259300_481517100,6900,"[296.4964904785156, 580.9171142578125, 411.6552429199219, 690.1239624023438]",P4
LC,0.6050431728363037,background_false_positive,0.0022587385028600693,0.1908082216978073,09002200121902201007342732K_1295259300_481517100,6900,"[1.3706787824630737, 670.6403198242188, 303.7039489746094, 902.4231567382812]",P5
TC,0.4554450809955597,background_false_positive,0.0,0.4537959694862366,09002200121902201007342732K_1295259300_481517100,6900,"[8.93505859375, 704.2281494140625, 1019.4054565429688, 869.1609497070312]",P5
LC,0.39613327383995056,background_false_positive,0.0,0.06683489680290222,09002200121902201007342732K_1295259300_481517100,6900,"[0.852221667766571, 674.1267700195312, 233.37547302246094, 779.7601928710938]",P4
MC,0.3652176260948181,duplicate_prediction,0.806393563747406,0.806393563747406,09002200121902201007342732K_1295259300_481517100,6900,"[227.08872985839844, 615.75634765625, 280.7098083496094, 626.9284057617188]",P3
TC,0.9486310482025146,TP,0.9266292452812195,0.9266292452812195,09002200121902201042109397F_1294254200_482289900,6901,"[210.78213500976562, 706.81396484375, 960.6902465820312, 769.3893432617188]",P5
MC,0.7881221771240234,TP,0.8275098204612732,0.8275098204612732,09002200121902201042109397F_1294254200_482289900,6901,"[511.0104675292969, 676.0045166015625, 566.5682983398438, 693.9869384765625]",P3
LC,0.7788829207420349,TP,0.9034890532493591,0.9034890532493591,09002200121902201100029017F_1294327200_482247200,6902,"[239.2490692138672, 739.1328125, 311.2061462402344, 893.861328125]",P4
LC,0.27547505497932434,background_false_positive,0.0,0.0,09002200121902201100029017F_1294327200_482247200,6902,"[2.37548828125, 717.4435424804688, 230.6544952392578, 888.2680053710938]",P5
LC,0.8241463303565979,TP,0.8786742091178894,0.8786742091178894,09002200121902201101168882Q_1295269800_482077900,6239,"[475.6083068847656, 566.2906494140625, 524.9485473632812, 818.0385131835938]",P4
MC,0.3470548093318939,background_false_positive,0.0,0.0,09002200121902201101168882Q_1295269800_482077900,6239,"[728.6756591796875, 768.7166748046875, 766.7047729492188, 784.7160034179688]",P3
LC,0.9360722899436951,TP,0.8762505054473877,0.8762505054473877,09002200121902201101339642Q_1295256800_482077200,6240,"[690.4010009765625, 682.52294921875, 748.4208984375, 826.3870239257812]",P4
MC,0.9023902416229248,TP,0.8061521053314209,0.8061521053314209,09002200121902201101339642Q_1295256800_482077200,6240,"[998.5099487304688, 683.9356689453125, 1023.6041259765625, 705.8059692382812]",P3
MC,0.9044262766838074,TP,0.8924459218978882,0.8924459218978882,09002200121902201103385438K_1294682400_480922000,6903,"[561.6326904296875, 794.5951538085938, 660.4793701171875, 830.8103637695312]",P3
TC,0.6967969536781311,TP,0.7746793627738953,0.7746793627738953,09002200121902201103385438K_1294682400_480922000,6903,"[209.31787109375, 785.520263671875, 557.6456909179688, 832.8355712890625]",P4
MC,0.27907228469848633,background_false_positive,0.0,0.0,09002200121902201103385438K_1294682400_480922000,6903,"[902.0548706054688, 651.2509155273438, 959.1303100585938, 672.1364135742188]",P3
P,0.9410672783851624,TP,0.8908054828643799,0.8908054828643799,09002200121902201121502577F_1294330000_482187800,6904,"[611.7861938476562, 770.9168701171875, 686.0718383789062, 817.3992309570312]",P3
P,0.9320962429046631,TP,0.6668160557746887,0.6668160557746887,09002200121902201121502577F_1294330000_482187800,6904,"[596.753173828125, 810.736328125, 690.151123046875, 847.6070556640625]",P3
AC,0.9223489761352539,TP,0.8928714990615845,0.8928714990615845,09002200121902201121502577F_1294330000_482187800,6904,"[1.269689917564392, 658.5038452148438, 395.8842468261719, 954.4013061523438]",P5
MC,0.8215682506561279,background_false_positive,0.0,0.011259657330811024,09002200121902201121502577F_1294330000_482187800,6904,"[84.338134765625, 745.78173828125, 154.5079803466797, 764.3305053710938]",P3
P,0.56130051612854,background_false_positive,0.007867220789194107,0.007867220789194107,09002200121902201121502577F_1294330000_482187800,6904,"[676.8305053710938, 756.8480834960938, 708.171875, 775.8294067382812]",P3
P,0.46717700362205505,TP,0.800948441028595,0.800948441028595,09002200121902201121502577F_1294330000_482187800,6904,"[572.6477661132812, 686.2071533203125, 627.8682861328125, 704.0354614257812]",P3
P,0.4246967136859894,duplicate_prediction,0.609421968460083,0.609421968460083,09002200121902201121502577F_1294330000_482187800,6904,"[602.0919189453125, 771.7034301757812, 686.88330078125, 831.1407470703125]",P3
P,0.418715238571167,background_false_positive,0.0,0.0,09002200121902201121502577F_1294330000_482187800,6904,"[579.5095825195312, 657.1176147460938, 602.5777587890625, 668.7240600585938]",P3
TC,0.3258613049983978,TP,0.9124504923820496,0.9124504923820496,09002200121902201121502577F_1294330000_482187800,6904,"[675.2122192382812, 809.2603759765625, 878.84326171875, 842.9376831054688]",P4
LC,0.860609769821167,TP,0.7576928734779358,0.7576928734779358,09002200121902201151041687F_1294233400_482015100,6905,"[405.7998046875, 593.14501953125, 450.5224609375, 877.9102783203125]",P4
LC,0.8874680399894714,TP,0.8111375570297241,0.8111375570297241,09002200121902201202442722Q_1295244100_481848100,6906,"[381.00006103515625, 607.0152587890625, 488.1503601074219, 896.3226928710938]",P4
AC,0.509212851524353,localization_error,0.35562023520469666,0.35562023520469666,09002200121902201202442722Q_1295244100_481848100,6906,"[508.158203125, 585.5800170898438, 779.6455078125, 902.5264892578125]",P5
AC,0.31502577662467957,TP,0.7140408158302307,0.7140408158302307,09002200121902201202442722Q_1295244100_481848100,6906,"[527.2333984375, 727.5866088867188, 765.2283325195312, 897.4962768554688]",P4
TC,0.2630414366722107,localization_error,0.4079449772834778,0.4079449772834778,09002200121902201202442722Q_1295244100_481848100,6906,"[243.531005859375, 713.6224975585938, 496.8515319824219, 743.2127075195312]",P4
MC,0.8837636709213257,TP,0.8936172127723694,0.8936172127723694,09002200121902201345383602K_1295242900_481691600,6907,"[832.2705078125, 658.4592895507812, 895.4404296875, 676.2926635742188]",P3
TC,0.6489772200584412,TP,0.774610161781311,0.774610161781311,09002200121902201345383602K_1295242900_481691600,6907,"[210.353515625, 715.0541381835938, 883.86181640625, 801.8785400390625]",P5
AC,0.553797721862793,background_false_positive,0.0,0.14090298116207123,09002200121902201345383602K_1295242900_481691600,6907,"[200.6755828857422, 767.3840942382812, 407.6468200683594, 828.6741333007812]",P4
AC,0.5313231348991394,background_false_positive,0.0,0.24514883756637573,09002200121902201345383602K_1295242900_481691600,6907,"[198.3289031982422, 729.1422729492188, 407.6422424316406, 829.9580078125]",P4
AC,0.3297998011112213,background_false_positive,0.0,0.09167229384183884,09002200121902201345383602K_1295242900_481691600,6907,"[224.71817016601562, 781.7180786132812, 409.05255126953125, 828.0587158203125]",P4
LC,0.3141298294067383,background_false_positive,0.0,0.0,09002200121902201345383602K_1295242900_481691600,6907,"[565.453857421875, 557.1909790039062, 753.3812255859375, 680.4857177734375]",P4
MC,0.8821299076080322,TP,0.944782555103302,0.944782555103302,09002200121902201410179042Q_1295063500_481772800,6908,"[706.2828979492188, 841.12109375, 833.1866455078125, 898.5701293945312]",P3
P,0.7466877102851868,background_false_positive,0.0,0.011431203223764896,09002200121902201410179042Q_1295063500_481772800,6908,"[529.6204223632812, 723.1290283203125, 578.3290405273438, 744.8168334960938]",P3
AC,0.5577449798583984,TP,0.5531849265098572,0.5531849265098572,09002200121902201410179042Q_1295063500_481772800,6908,"[157.9716796875, 627.3790283203125, 774.6539916992188, 898.2716064453125]",P5
AC,0.9625696539878845,TP,0.9280315041542053,0.9280315041542053,09002200121902201412570032Q_1295084600_481789700,6909,"[63.841896057128906, 540.8966674804688, 1021.6464233398438, 1009.4078369140625]",P5
AC,0.9567364454269409,TP,0.9407841563224792,0.9407841563224792,09002200121902201432235892Q_1294978100_481859100,6910,"[19.762304306030273, 568.0643920898438, 1021.9271850585938, 1011.7377319335938]",P5
MC,0.37576353549957275,TP,0.6055906414985657,0.6055906414985657,09002200121902201432235892Q_1294978100_481859100,6910,"[280.4758605957031, 607.430908203125, 315.4088134765625, 615.475341796875]",P3
AC,0.7175573110580444,TP,0.6666035652160645,0.6666035652160645,09002200121902201439153758K_1294416100_481278900,6911,"[431.2370300292969, 561.7633666992188, 1024.0, 1024.0]",P5
AC,0.8852600455284119,TP,0.9783843755722046,0.9783843755722046,09002200121902201440091038K_1294437300_481216800,6912,"[1.1809570789337158, 639.0593872070312, 357.9366760253906, 1023.1954956054688]",P5
AC,0.7061421871185303,TP,0.8732042908668518,0.8732042908668518,09002200121902201441131138K_1294415900_481180400,6913,"[368.2426452636719, 725.5285034179688, 1000.7854614257812, 1023.2863159179688]",P5
AC,0.7008323073387146,TP,0.8202218413352966,0.8202218413352966,09002200121902201441346728K_1294427100_481156200,6914,"[2.1815431118011475, 612.57080078125, 473.98028564453125, 839.62939453125]",P5
AC,0.3070477843284607,background_false_positive,0.02860809676349163,0.02860809676349163,09002200121902201441346728K_1294427100_481156200,6914,"[383.1645202636719, 584.6881713867188, 491.7518005371094, 619.41796875]",P4
AC,0.9281404614448547,TP,0.9603065252304077,0.9603065252304077,09002200121902201443044762K_1295376400_481704600,6915,"[1.795556664466858, 827.8429565429688, 217.201171875, 987.5714721679688]",P5
AC,0.844511866569519,TP,0.7570567727088928,0.7570567727088928,09002200121902201443044762K_1295376400_481704600,6915,"[211.0749053955078, 541.2429809570312, 726.0904541015625, 884.0033569335938]",P5
P,0.6236419677734375,localization_error,0.4276930093765259,0.4276930093765259,09002200121902201443044762K_1295376400_481704600,6915,"[456.88214111328125, 611.0101928710938, 501.72296142578125, 626.3869018554688]",P3
MC,0.2817864418029785,background_false_positive,0.0,0.46390753984451294,09002200121902201443044762K_1295376400_481704600,6915,"[457.02447509765625, 610.6599731445312, 501.529052734375, 625.7888793945312]",P3
LC,0.9585739374160767,TP,0.5015383362770081,0.5015383362770081,09002200121902201519127662K_1295343100_481619000,6917,"[525.5914306640625, 512.2009887695312, 742.5271606445312, 894.7716674804688]",P5
TC,0.9217877984046936,TP,0.9522175192832947,0.9522175192832947,09002200121902201519127662K_1295343100_481619000,6917,"[813.6865234375, 892.5890502929688, 1023.1505737304688, 963.5347900390625]",P4
LC,0.9187618494033813,TP,0.909891664981842,0.909891664981842,09002200121902201519127662K_1295343100_481619000,6917,"[141.61630249023438, 672.0023803710938, 408.72149658203125, 950.9089965820312]",P5
LC,0.8529840111732483,TP,0.9619306921958923,0.9619306921958923,09002200121902201519127662K_1295343100_481619000,6917,"[0.369873046875, 563.8614501953125, 301.91943359375, 659.6768798828125]",P5
TC,0.6263093948364258,TP,0.7311990857124329,0.7311990857124329,09002200121902201519127662K_1295343100_481619000,6917,"[246.3576202392578, 612.6937255859375, 547.7239379882812, 633.0231323242188]",P4
LC,0.3236251175403595,background_false_positive,0.041857797652482986,0.041857797652482986,09002200121902201519127662K_1295343100_481619000,6917,"[134.7772216796875, 890.9988403320312, 181.5352325439453, 964.4586181640625]",P4
MC,0.3022350072860718,background_false_positive,0.0,0.061324842274188995,09002200121902201519127662K_1295343100_481619000,6917,"[879.1111450195312, 687.4395751953125, 952.3837890625, 708.8699340820312]",P3
TC,0.9353675246238708,TP,0.9359005093574524,0.9359005093574524,09002200121902201527566622K_1295442000_481646200,6918,"[74.23628234863281, 767.8064575195312, 385.2066345214844, 876.5582275390625]",P5
TC,0.5370956659317017,TP,0.7624127268791199,0.7624127268791199,09002200121902201527566622K_1295442000_481646200,6918,"[760.6824951171875, 893.2818603515625, 1020.9636840820312, 920.3783569335938]",P4
P,0.2706287205219269,background_false_positive,0.0,0.0,09002200121902201527566622K_1295442000_481646200,6918,"[594.0945434570312, 597.867919921875, 620.8580322265625, 609.0366821289062]",P3
AC,0.959880530834198,TP,0.8887356519699097,0.8887356519699097,09002200121902201558235052Q_1295038300_482072000,6919,"[0.0, 563.2940673828125, 927.2703247070312, 1004.7203979492188]",P5
LC,0.9558287262916565,TP,0.9246152639389038,0.9246152639389038,09002200121902201623200162K_1295451000_481679500,6920,"[505.1419982910156, 573.9249877929688, 666.0279541015625, 881.3923950195312]",P5
LC,0.6561174988746643,TP,0.8326622843742371,0.8326622843742371,09002200121902201623200162K_1295451000_481679500,6920,"[629.4867553710938, 776.1013793945312, 725.21484375, 888.2234497070312]",P4
P,0.6403359174728394,TP,0.7957510948181152,0.7957510948181152,09002200121902201623200162K_1295451000_481679500,6920,"[469.053466796875, 776.8314819335938, 494.8539733886719, 788.8502197265625]",P3
LC,0.9488502144813538,TP,0.9409231543540955,0.9409231543540955,09002200121902201624545932Q_1294969400_482116000,6241,"[538.5286865234375, 562.9053955078125, 685.4027709960938, 818.1934814453125]",P5
LC,0.5138092637062073,background_false_positive,0.0,0.0,09002200121902201624545932Q_1294969400_482116000,6241,"[37.2385368347168, 794.0382690429688, 163.96092224121094, 860.6652221679688]",P4
LC,0.5089232921600342,background_false_positive,0.0017061876133084297,0.0017061876133084297,09002200121902201624545932Q_1294969400_482116000,6241,"[682.11279296875, 621.0082397460938, 1011.5172729492188, 825.5247192382812]",P5
TC,0.4677627980709076,TP,0.8321572542190552,0.8321572542190552,09002200121902201645557352Q_1295003900_482259200,6242,"[422.5894470214844, 659.0574340820312, 626.076171875, 673.7326049804688]",P5
P,0.802993893623352,TP,0.7106478810310364,0.7106478810310364,09002200121902210901080252K_1295494600_480828800,6921,"[493.0602722167969, 830.0496215820312, 542.26611328125, 865.5287475585938]",P3
P,0.49412989616394043,TP,0.633892297744751,0.633892297744751,09002200121902210901080252K_1295494600_480828800,6921,"[471.8265075683594, 827.8847045898438, 501.59820556640625, 859.3405151367188]",P3
P,0.3494549095630646,localization_error,0.48682069778442383,0.48682069778442383,09002200121902210901080252K_1295494600_480828800,6921,"[474.1756896972656, 825.2111206054688, 542.9749145507812, 867.0919799804688]",P3
TC,0.8945953249931335,TP,0.9425351023674011,0.9425351023674011,09002200121902210904001912K_1295557300_480880300,6922,"[1.2031738758087158, 837.57421875, 274.2020568847656, 892.3207397460938]",P4
TC,0.8283784985542297,TP,0.9357656240463257,0.9357656240463257,09002200121902210904001912K_1295557300_480880300,6922,"[691.0153198242188, 824.3681640625, 1021.6526489257812, 904.3527221679688]",P4
P,0.44768428802490234,background_false_positive,0.0,0.0,09002200121902211013400442K_1295349100_481295900,6923,"[771.3358154296875, 852.5980834960938, 984.8185424804688, 1004.1273803710938]",P4
P,0.44089215993881226,background_false_positive,0.0,0.0,09002200121902211013400442K_1295349100_481295900,6923,"[2.714306592941284, 738.9237670898438, 116.87816619873047, 782.3495483398438]",P3
TC,0.8603810667991638,TP,0.8785251379013062,0.8785251379013062,09002200121902211355283957F_1294521900_482317100,6924,"[0.6564697623252869, 933.7115478515625, 123.347412109375, 984.0701293945312]",P4
AC,0.45321351289749146,background_false_positive,0.09843552857637405,0.09843552857637405,09002200121902211355283957F_1294521900_482317100,6924,"[612.5665283203125, 668.1849975585938, 788.2073364257812, 746.5625]",P4
LC,0.8796080946922302,TP,0.8120349049568176,0.8120349049568176,09002200121902211445329982K_1295674600_481628700,6925,"[591.1818237304688, 749.6409301757812, 692.2088623046875, 904.7766723632812]",P4
LC,0.7729512453079224,TP,0.8829190135002136,0.8829190135002136,09002200121902211445329982K_1295674600_481628700,6925,"[1.108911156654358, 628.2268676757812, 207.02928161621094, 695.1126098632812]",P4
TC,0.9179770350456238,TP,0.8529544472694397,0.8529544472694397,09002200121902211449195742K_1295725700_481628500,6926,"[91.22998046875, 732.7387084960938, 903.1720581054688, 826.109375]",P5
MC,0.31418389081954956,background_false_positive,0.0,0.0,09002200121902211449195742K_1295725700_481628500,6926,"[253.66787719726562, 606.9111938476562, 278.9414978027344, 617.184326171875]",P3
LC,0.877208411693573,TP,0.8498848676681519,0.8498848676681519,09002200121902211511293947N_1294958800_483232500,6495,"[291.8976135253906, 665.60498046875, 426.99176025390625, 790.2035522460938]",P4
P,0.6483752727508545,TP,0.7829150557518005,0.7829150557518005,09002200121902211511293947N_1294958800_483232500,6495,"[425.9955749511719, 759.5188598632812, 463.1385192871094, 769.46630859375]",P3
LC,0.3489769995212555,background_false_positive,0.0,0.0,09002200121902211511293947N_1294958800_483232500,6495,"[493.57916259765625, 592.7662963867188, 521.1590576171875, 625.48388671875]",P3
AC,0.8460701704025269,TP,0.8422447443008423,0.8422447443008423,09002200121902211527093477F_1294623400_482245000,6927,"[490.6019592285156, 603.5634155273438, 828.1205444335938, 924.4857788085938]",P5
AC,0.9645642638206482,TP,0.8871898055076599,0.8871898055076599,09002200121902211601452912K_1295609500_481370500,6928,"[0.0, 542.9332275390625, 942.3165893554688, 1000.9291381835938]",P5
AC,0.9589145183563232,TP,0.9261342287063599,0.9261342287063599,09002200121902221039493232Q_1295156100_481693900,6929,"[441.5482482910156, 582.880859375, 773.1326293945312, 920.1593627929688]",P5
P,0.7424715161323547,TP,0.8441107869148254,0.8441107869148254,09002200121902221135420278K_1294100700_481578600,6930,"[372.4685974121094, 611.6635131835938, 414.8924255371094, 634.7088012695312]",P3
TC,0.5797687768936157,TP,0.6996020078659058,0.6996020078659058,09002200121902221135420278K_1294100700_481578600,6930,"[424.6747131347656, 592.3082885742188, 564.1901245117188, 600.9098510742188]",P3
TC,0.40951043367385864,TP,0.8548986911773682,0.8548986911773682,09002200121902221135420278K_1294100700_481578600,6930,"[338.8764343261719, 663.0009155273438, 628.4485473632812, 675.5184936523438]",P5
AC,0.9610834121704102,TP,0.8467913269996643,0.8467913269996643,09002200121902221238214302Q_1295130200_481854800,6931,"[2.2783203125, 594.826171875, 584.9127197265625, 1021.6828002929688]",P5
MC,0.3393400013446808,background_false_positive,0.0,0.0,09002200121902221238214302Q_1295130200_481854800,6931,"[869.43505859375, 688.161376953125, 919.05615234375, 710.2044677734375]",P3
AC,0.9807931184768677,TP,0.97220379114151,0.97220379114151,09002200121902221238366692Q_1295114400_481855800,6932,"[1.6001465320587158, 580.976318359375, 482.3611755371094, 1021.4552612304688]",P5
LC,0.2839503288269043,background_false_positive,0.0,0.0,09002200121902221238366692Q_1295114400_481855800,6932,"[646.271484375, 600.1661376953125, 740.9369506835938, 682.8436889648438]",P4
AC,0.7903218865394592,localization_error,0.398184210062027,0.398184210062027,09002200121902221258535662Q_1294890200_481927100,6933,"[556.6353759765625, 632.3644409179688, 1022.6060791015625, 1023.2078247070312]",P5
AC,0.6917902231216431,TP,0.9627392292022705,0.9627392292022705,09002200121902221258535662Q_1294890200_481927100,6933,"[25.6552734375, 560.5881958007812, 1024.0, 1024.0]",P5
AC,0.3351629972457886,background_false_positive,0.08390127122402191,0.08390127122402191,09002200121902221258535662Q_1294890200_481927100,6933,"[29.191991806030273, 842.5986328125, 380.405029296875, 953.5079956054688]",P5
AC,0.9701846241950989,TP,0.9691264629364014,0.9691264629364014,09002200121902221307252858K_1294021500_481728400,6934,"[1.123046875, 562.36328125, 1024.0, 1009.5026245117188]",P5
P,0.5122227072715759,background_false_positive,0.0,0.0022256725933402777,09002200121902221307252858K_1294021500_481728400,6934,"[396.1886901855469, 602.7506713867188, 435.0070495605469, 628.4999389648438]",P3
AC,0.8310423493385315,TP,0.5966757535934448,0.5966757535934448,09002200121902221308173568K_1294036200_481693800,6935,"[371.4950256347656, 585.8287963867188, 702.02978515625, 991.2810668945312]",P5
TC,0.8493607640266418,TP,0.9313169717788696,0.9313169717788696,09002200121902221317057892Q_1295094300_481915000,6936,"[358.8286437988281, 739.65283203125, 772.2274780273438, 764.0579223632812]",P4
TC,0.9499755501747131,TP,0.9682785272598267,0.9682785272598267,09002200121902221317546132Q_1295092400_481915400,6937,"[815.1416015625, 870.2921752929688, 1023.5718994140625, 947.7289428710938]",P4
TC,0.9244735240936279,TP,0.9660162329673767,0.9660162329673767,09002200121902221317546132Q_1295092400_481915400,6937,"[177.75962829589844, 875.1622924804688, 383.14849853515625, 914.1580200195312]",P4
TC,0.6208377480506897,TP,0.7525430917739868,0.7525430917739868,09002200121902221317546132Q_1295092400_481915400,6937,"[689.7883911132812, 860.8585815429688, 1014.7760620117188, 915.2980346679688]",P5
TC,0.49519768357276917,duplicate_prediction,0.7918111085891724,0.7918111085891724,09002200121902221317546132Q_1295092400_481915400,6937,"[690.0923461914062, 870.2587890625, 963.9556884765625, 915.6775512695312]",P4
TC,0.25303637981414795,background_false_positive,0.0,0.0,09002200121902221317546132Q_1295092400_481915400,6937,"[401.2178649902344, 696.6064453125, 535.3878173828125, 715.6282348632812]",P3
AC,0.8972741365432739,TP,0.9745267033576965,0.9745267033576965,09002200121902221340586942Q_1295189400_481997100,6938,"[21.727832794189453, 546.1091918945312, 1023.3809814453125, 1024.0]",P5
LP,0.943602442741394,TP,0.9212998151779175,0.9212998151779175,09002200121902221409534072Q_1294968100_482153100,6243,"[389.7907409667969, 601.9337768554688, 496.0699157714844, 825.4540405273438]",P4
AC,0.7212156653404236,TP,0.8121853470802307,0.8121853470802307,09002200121902221417230942Q_1294972800_482353900,6939,"[311.0431823730469, 670.5665893554688, 786.5321655273438, 957.5593872070312]",P5
MC,0.3683466911315918,background_false_positive,0.0,0.00687403092160821,09002200121902221417230942Q_1294972800_482353900,6939,"[474.2113342285156, 710.1747436523438, 535.7623291015625, 724.28662109375]",P3
AC,0.27281704545021057,localization_error,0.4709135890007019,0.4709135890007019,09002200121902221417230942Q_1294972800_482353900,6939,"[515.6231079101562, 689.8833618164062, 784.1803588867188, 925.9236450195312]",P5
MC,0.853184163570404,TP,0.840019702911377,0.840019702911377,09002200121902221512439482Q_1294946100_481997500,6940,"[845.0509033203125, 673.1499633789062, 898.8342895507812, 689.4557495117188]",P3
P,0.8107351064682007,TP,0.8843164443969727,0.8843164443969727,09002200121902221512439482Q_1294946100_481997500,6940,"[525.0150756835938, 758.69970703125, 570.289794921875, 775.2044067382812]",P3
MC,0.7854698300361633,TP,0.8693214654922485,0.8693214654922485,09002200121902221512439482Q_1294946100_481997500,6940,"[491.3628845214844, 695.3802490234375, 557.7494506835938, 714.3549194335938]",P3
MC,0.31630492210388184,classification_error,0.0,0.9532243013381958,09002200121902221512439482Q_1294946100_481997500,6940,"[524.1866455078125, 759.0608520507812, 570.4081420898438, 775.8896484375]",P3
TC,0.8445224761962891,TP,0.9438565969467163,0.9438565969467163,09002200121902221535429668K_1294346200_481407700,6941,"[50.18730545043945, 771.8267822265625, 885.53515625, 835.6769409179688]",P5
LC,0.7505922317504883,TP,0.9410809278488159,0.9410809278488159,09002200121902221630288662Q_1294865400_482202600,6942,"[294.20391845703125, 769.5590209960938, 413.7349548339844, 929.4912109375]",P4
P,0.6475984454154968,TP,0.6176565289497375,0.6176565289497375,09002200121902221630288662Q_1294865400_482202600,6942,"[372.941650390625, 695.0146484375, 394.490478515625, 711.93603515625]",P3
LC,0.3244374990463257,TP,0.7296087145805359,0.7296087145805359,09002200121902221630288662Q_1294865400_482202600,6942,"[898.8884887695312, 740.3372192382812, 1010.3212890625, 811.1498413085938]",P4
P,0.31665170192718506,background_false_positive,0.0,0.0,09002200121902221630288662Q_1294865400_482202600,6942,"[232.80996704101562, 757.9685668945312, 269.55401611328125, 774.4548950195312]",P3
MC,0.8944945931434631,TP,0.8209719657897949,0.8209719657897949,09002200121902231002405652Q_1295183500_481516800,6943,"[550.00634765625, 660.5303955078125, 610.7979736328125, 678.8839721679688]",P3
AC,0.859326958656311,TP,0.8492799997329712,0.8492799997329712,09002200121902231002405652Q_1295183500_481516800,6943,"[731.3037109375, 893.7362670898438, 1023.7496337890625, 1021.5006713867188]",P5
AC,0.8365694284439087,TP,0.9017907381057739,0.9017907381057739,09002200121902231002405652Q_1295183500_481516800,6943,"[0.4661010801792145, 702.8391723632812, 149.41552734375, 838.1838989257812]",P4
AC,0.8001160621643066,localization_error,0.478511244058609,0.478511244058609,09002200121902231002405652Q_1295183500_481516800,6943,"[177.12107849121094, 840.8324584960938, 409.3322448730469, 929.5750122070312]",P4
TC,0.6033204197883606,classification_error,0.0,0.6920139193534851,09002200121902231002405652Q_1295183500_481516800,6943,"[172.94140625, 845.1876831054688, 571.0155029296875, 916.8154296875]",P5
TC,0.46630755066871643,background_false_positive,0.0,0.16514337062835693,09002200121902231002405652Q_1295183500_481516800,6943,"[378.9045104980469, 879.08740234375, 571.1414184570312, 914.7750854492188]",P4
LC,0.45695528388023376,background_false_positive,0.0,0.0025556397158652544,09002200121902231002405652Q_1295183500_481516800,6943,"[602.26708984375, 600.1447143554688, 833.7753295898438, 875.76025390625]",P5
MC,0.3323446810245514,TP,0.7371572852134705,0.7371572852134705,09002200121902231002405652Q_1295183500_481516800,6943,"[203.34593200683594, 600.5939331054688, 231.96804809570312, 608.0862426757812]",P3
LC,0.6646960377693176,TP,0.72260981798172,0.72260981798172,09002200121902231026289602K_1295531800_481108400,6944,"[605.83251953125, 621.69921875, 1020.6122436523438, 911.7706909179688]",P5
P,0.3960571885108948,TP,0.7959504723548889,0.7959504723548889,09002200121902231056237912K_1295591400_481145100,6945,"[564.1737670898438, 851.3151245117188, 595.5438842773438, 872.9938354492188]",P3
LC,0.2629655599594116,background_false_positive,0.0,0.0,09002200121902231056237912K_1295591400_481145100,6945,"[714.7206420898438, 645.2157592773438, 1022.1979370117188, 846.9924926757812]",P5
AC,0.9471307396888733,TP,0.8995746970176697,0.8995746970176697,09002200121902231123084392K_1295585800_481247100,6946,"[525.2666015625, 569.49365234375, 1022.6871337890625, 1006.5509033203125]",P5
P,0.6371403932571411,TP,0.6387279033660889,0.6387279033660889,09002200121902231123084392K_1295585800_481247100,6946,"[577.9765014648438, 760.686767578125, 608.9215698242188, 777.2559204101562]",P3
AC,0.965018093585968,TP,0.9142510294914246,0.9142510294914246,09002200121902231150365852K_1295695600_481357300,6947,"[0.0, 541.4494018554688, 978.1928100585938, 1003.7517700195312]",P5
AC,0.9586734175682068,TP,0.8942646384239197,0.8942646384239197,09002200121902231150550982K_1295723500_481358500,6948,"[10.457812309265137, 534.5729370117188, 1011.2283325195312, 1004.7894897460938]",P5
AC,0.9398566484451294,TP,0.9078903198242188,0.9078903198242188,09002200121902231151025142K_1295735800_481359000,6949,"[1.5237305164337158, 545.19384765625, 675.1257934570312, 999.9378051757812]",P5
LC,0.8990646600723267,TP,0.9045699834823608,0.9045699834823608,09002200121902231215024312Q_1295000900_482356700,6950,"[16.346240997314453, 875.5906372070312, 232.1887664794922, 1009.5113525390625]",P5
LC,0.7636817693710327,TP,0.7626385688781738,0.7626385688781738,09002200121902231215024312Q_1295000900_482356700,6950,"[395.7559509277344, 675.17236328125, 516.4571533203125, 748.1008911132812]",P4
P,0.8813692331314087,TP,0.8006142377853394,0.8006142377853394,09002200121902231238146848K_1294534100_481541300,6951,"[544.4891967773438, 837.4367065429688, 585.9909057617188, 858.6285400390625]",P3
MC,0.7381737232208252,TP,0.9004516005516052,0.9004516005516052,09002200121902231238146848K_1294534100_481541300,6951,"[444.16973876953125, 610.4473266601562, 488.6906433105469, 621.8544311523438]",P3
P,0.4849129617214203,background_false_positive,0.0,0.0,09002200121902231238146848K_1294534100_481541300,6951,"[62.48232650756836, 655.605712890625, 82.55901336669922, 662.6817016601562]",P3
AC,0.9651489853858948,TP,0.9474097490310669,0.9474097490310669,09002200121902231243420132K_1295727600_481818600,6952,"[0.10832519829273224, 852.2911987304688, 145.49119567871094, 976.0396728515625]",P4
MC,0.916401743888855,TP,0.9268710613250732,0.9268710613250732,09002200121902231243420132K_1295727600_481818600,6952,"[780.5108642578125, 750.7763671875, 893.4739379882812, 793.2974853515625]",P3
TC,0.8512995839118958,TP,0.9014816284179688,0.9014816284179688,09002200121902231243420132K_1295727600_481818600,6952,"[183.8292999267578, 726.17041015625, 795.7648315429688, 785.3925170898438]",P5
TC,0.27122870087623596,duplicate_prediction,0.6664170622825623,0.6664170622825623,09002200121902231243420132K_1295727600_481818600,6952,"[278.1027526855469, 737.3993530273438, 793.54833984375, 787.2589721679688]",P4
TC,0.8333359360694885,TP,0.7337985038757324,0.7337985038757324,09002200121902231244283462K_1295733800_481764700,6953,"[234.85557556152344, 652.4291381835938, 628.2828979492188, 674.1185913085938]",P5
LC,0.7793666124343872,TP,0.9576115012168884,0.9576115012168884,09002200121902231349129807F_1294784900_481982300,6954,"[680.1757202148438, 700.462890625, 1023.66552734375, 966.7252197265625]",P5
LC,0.9236974120140076,TP,0.6673693060874939,0.6673693060874939,09002200121902231446387652K_1295822500_481702900,6955,"[1.53302001953125, 607.2509765625, 385.16290283203125, 878.9435424804688]",P5
P,0.5629192590713501,TP,0.8995469808578491,0.8995469808578491,09002200121902231446387652K_1295822500_481702900,6955,"[586.54248046875, 698.2088012695312, 681.1446533203125, 735.2621459960938]",P3
AC,0.5581681132316589,localization_error,0.44224995374679565,0.44224995374679565,09002200121902231446387652K_1295822500_481702900,6955,"[567.1076049804688, 714.4253540039062, 1005.1137084960938, 1005.779296875]",P5
P,0.4107969403266907,TP,0.6681004762649536,0.6681004762649536,09002200121902231446387652K_1295822500_481702900,6955,"[424.2333068847656, 695.55615234375, 493.58544921875, 724.8414916992188]",P3
LC,0.8834877014160156,TP,0.8439863920211792,0.8439863920211792,09002200121902231450591112K_1295746300_481751000,6956,"[365.5729675292969, 739.5159301757812, 412.72100830078125, 880.4655151367188]",P4
LC,0.5578888058662415,TP,0.7464823126792908,0.7464823126792908,09002200121902231450591112K_1295746300_481751000,6956,"[481.4405212402344, 569.9384765625, 518.4420776367188, 687.6652221679688]",P3
LC,0.8066641092300415,TP,0.933183491230011,0.933183491230011,09002200121902231523136697F_1294593100_481903500,6957,"[396.420166015625, 751.546630859375, 463.07574462890625, 892.4990234375]",P4
MC,0.2583782374858856,background_false_positive,0.0,0.0,09002200121902231523136697F_1294593100_481903500,6957,"[708.0634765625, 620.7271118164062, 748.1920776367188, 631.6763305664062]",P3
P,0.2510397136211395,background_false_positive,0.0,0.0,09002200121902231523136697F_1294593100_481903500,6957,"[687.8048095703125, 725.169677734375, 712.5307006835938, 736.5977172851562]",P3
AC,0.8805906772613525,TP,0.7262123823165894,0.7262123823165894,09002200121902231604479438K_1294497700_481725700,6958,"[402.9925842285156, 641.8342895507812, 953.1690673828125, 984.42431640625]",P5
LC,0.9311827421188354,TP,0.7309287786483765,0.7309287786483765,09002200121902231636526782Q_1294971200_481726500,6959,"[0.557299792766571, 642.6995239257812, 371.9607849121094, 911.8118286132812]",P5
LC,0.8224783539772034,TP,0.7698617577552795,0.7698617577552795,09002200121902231636526782Q_1294971200_481726500,6959,"[457.6017761230469, 793.0637817382812, 526.1336059570312, 910.8448486328125]",P4
TC,0.7524388432502747,localization_error,0.4755444824695587,0.4755444824695587,09002200121902231636526782Q_1294971200_481726500,6959,"[243.1143035888672, 749.4996948242188, 736.5221557617188, 798.0358276367188]",P5
MC,0.5861316919326782,classification_error,0.0,0.8676570653915405,09002200121902231636526782Q_1294971200_481726500,6959,"[218.662841796875, 686.9657592773438, 273.8473205566406, 705.6825561523438]",P3
P,0.3733636140823364,background_false_positive,0.0,0.0,09002200121902231636526782Q_1294971200_481726500,6959,"[344.5025329589844, 699.5827026367188, 363.8195495605469, 710.9403686523438]",P3
P,0.27055588364601135,background_false_positive,0.0,0.013333809562027454,09002200121902231636526782Q_1294971200_481726500,6959,"[0.6066498160362244, 846.2122192382812, 53.54425048828125, 865.2069702148438]",P3
LC,0.2682596445083618,background_false_positive,0.0,0.0,09002200121902231636526782Q_1294971200_481726500,6959,"[269.4363098144531, 620.6547241210938, 335.3748779296875, 654.4091796875]",P3
AC,0.881862998008728,TP,0.7652658820152283,0.7652658820152283,09002200121902231713507682Q_1295023300_481678800,6960,"[488.52960205078125, 686.08447265625, 648.61376953125, 763.6630249023438]",P4
LC,0.7956140637397766,TP,0.9102621078491211,0.9102621078491211,09002200121902231713507682Q_1295023300_481678800,6960,"[509.28857421875, 769.9326171875, 607.6513061523438, 908.7947387695312]",P4
AC,0.6228502988815308,TP,0.9137239456176758,0.9137239456176758,09002200121902231713507682Q_1295023300_481678800,6960,"[122.130859375, 807.5828247070312, 238.1469268798828, 841.298828125]",P4
TC,0.706004798412323,TP,0.5066909790039062,0.5066909790039062,09002200121902240936476118O_1295936600_484612800,6684,"[342.3251037597656, 744.9906616210938, 859.6111450195312, 810.4490356445312]",P5
TC,0.3715973496437073,localization_error,0.35198166966438293,0.35198166966438293,09002200121902240936476118O_1295936600_484612800,6684,"[149.48672485351562, 740.7473754882812, 860.4616088867188, 809.3064575195312]",P5
MC,0.28925520181655884,background_false_positive,0.0,0.0,09002200121902240936476118O_1295936600_484612800,6684,"[343.75714111328125, 591.2225952148438, 376.0606384277344, 597.4042358398438]",P3
MC,0.8216716647148132,TP,0.8131409883499146,0.8131409883499146,09002200121902240944490082G_1297315900_484019300,6685,"[141.52505493164062, 644.1838989257812, 182.7074432373047, 654.0528564453125]",P3
MC,0.7296934127807617,TP,0.5241667628288269,0.5241667628288269,09002200121902240944490082G_1297315900_484019300,6685,"[74.53054809570312, 655.5679321289062, 116.3991928100586, 665.3754272460938]",P3
MC,0.6913264393806458,TP,0.8237233757972717,0.8237233757972717,09002200121902240944490082G_1297315900_484019300,6685,"[415.891357421875, 630.646728515625, 452.3614807128906, 639.6567993164062]",P3
TC,0.4903639554977417,background_false_positive,0.0,0.2578388452529907,09002200121902240944490082G_1297315900_484019300,6685,"[61.121192932128906, 673.6636962890625, 835.3321533203125, 752.4146728515625]",P5
TC,0.2769342362880707,classification_error,0.0,0.7481827735900879,09002200121902240944490082G_1297315900_484019300,6685,"[57.757179260253906, 712.3555908203125, 492.5376892089844, 756.7994995117188]",P4
MC,0.2557629644870758,background_false_positive,0.0,0.0,09002200121902240944490082G_1297315900_484019300,6685,"[86.97242736816406, 620.7968139648438, 110.56890869140625, 631.2364501953125]",P3
AC,0.8826932311058044,TP,0.7776663899421692,0.7776663899421692,09002200121902240945059232G_1297330100_484021400,6686,"[0.0, 617.14404296875, 830.8662109375, 826.9783325195312]",P5
MC,0.6559229493141174,TP,0.7573172450065613,0.7573172450065613,09002200121902240945059232G_1297330100_484021400,6686,"[309.5738220214844, 633.3939819335938, 343.3060302734375, 641.0820922851562]",P3
MC,0.7624292373657227,TP,0.8992323279380798,0.8992323279380798,09002200121902240945583158O_1295937900_484594800,6687,"[585.6094970703125, 706.3112182617188, 663.4298095703125, 734.2213745117188]",P3
TC,0.7426018714904785,TP,0.5316345691680908,0.5316345691680908,09002200121902240945583158O_1295937900_484594800,6687,"[228.5938262939453, 683.8038940429688, 594.4384155273438, 713.8156127929688]",P4
MC,0.5163713693618774,localization_error,0.4954429864883423,0.4954429864883423,09002200121902240945583158O_1295937900_484594800,6687,"[425.37872314453125, 595.191162109375, 462.1181640625, 605.6338500976562]",P3
MC,0.285494863986969,localization_error,0.4466021955013275,0.4466021955013275,09002200121902240945583158O_1295937900_484594800,6687,"[424.30938720703125, 596.873291015625, 464.1413269042969, 608.0033569335938]",P3
TC,0.2773963212966919,TP,0.8778359293937683,0.8778359293937683,09002200121902240945583158O_1295937900_484594800,6687,"[664.0435180664062, 684.41259765625, 788.5668334960938, 710.5255737304688]",P3
LC,0.8288952708244324,TP,0.7795858979225159,0.7795858979225159,09002200121902240948498202G_1297414700_484034100,6688,"[558.5571899414062, 678.7302856445312, 613.7846069335938, 739.6205444335938]",P3
LC,0.6728242039680481,TP,0.6474542021751404,0.6474542021751404,09002200121902240948498202G_1297414700_484034100,6688,"[498.1880798339844, 649.2183837890625, 527.9693603515625, 695.2626953125]",P3
LC,0.3498947024345398,background_false_positive,0.0,0.0,09002200121902240948498202G_1297414700_484034100,6688,"[694.7420043945312, 720.8035278320312, 771.5573120117188, 795.4791259765625]",P4
AC,0.9672832489013672,TP,0.8941263556480408,0.8941263556480408,09002200121902240950099818K_1294059900_481833800,6961,"[0.0, 548.3684692382812, 1024.0, 1004.03662109375]",P5
LC,0.8597335815429688,TP,0.7359203100204468,0.7359203100204468,09002200121902240959021802G_1297620700_484142500,6689,"[573.3855590820312, 693.3167114257812, 666.1793212890625, 817.1691284179688]",P4
LP,0.4465271830558777,classification_error,0.0,0.9386519193649292,09002200121902240959021802G_1297620700_484142500,6689,"[679.853271484375, 635.6224975585938, 1022.7138671875, 836.9833984375]",P5
LC,0.6028591394424438,TP,0.6546772122383118,0.6546772122383118,09002200121902240959274162G_1297635600_484142700,6690,"[715.6539916992188, 744.2068481445312, 765.6943359375, 825.3935546875]",P3
TC,0.3364562392234802,TP,0.5176287889480591,0.5176287889480591,09002200121902240959274162G_1297635600_484142700,6690,"[156.10781860351562, 699.0617065429688, 605.8163452148438, 732.332275390625]",P5
TC,0.5842755436897278,TP,0.8597436547279358,0.8597436547279358,09002200121902241003469672G_1297573100_484142600,6691,"[1.7982666492462158, 749.0240478515625, 246.91226196289062, 814.4802856445312]",P5
TC,0.5271025896072388,TP,0.5383145213127136,0.5383145213127136,09002200121902241003469672G_1297573100_484142600,6691,"[422.6021423339844, 718.0542602539062, 911.2844848632812, 760.9540405273438]",P4
MC,0.3818129599094391,background_false_positive,0.0,0.0,09002200121902241003469672G_1297573100_484142600,6691,"[480.9742736816406, 664.018798828125, 517.1654663085938, 673.1820678710938]",P3
MC,0.2696625888347626,TP,0.7433452606201172,0.7433452606201172,09002200121902241003469672G_1297573100_484142600,6691,"[0.0, 686.1641845703125, 42.35026168823242, 698.8196411132812]",P3
MC,0.8621950149536133,TP,0.7829424738883972,0.7829424738883972,09002200121902241015141162G_1297502000_484109600,6692,"[209.8122100830078, 652.1804809570312, 242.9909210205078, 659.4230346679688]",P3
AC,0.6674483418464661,TP,0.7063525319099426,0.7063525319099426,09002200121902241015141162G_1297502000_484109600,6692,"[585.6041870117188, 626.8410034179688, 834.14306640625, 809.5513916015625]",P5
TC,0.48516592383384705,TP,0.8225444555282593,0.8225444555282593,09002200121902241015141162G_1297502000_484109600,6692,"[172.8976593017578, 774.91650390625, 397.6204528808594, 809.3229370117188]",P4
P,0.4491984248161316,TP,0.7727552652359009,0.7727552652359009,09002200121902241015141162G_1297502000_484109600,6692,"[709.1975708007812, 740.5211791992188, 764.7108764648438, 765.8062744140625]",P3
MC,0.3822218179702759,background_false_positive,0.0,0.0,09002200121902241015141162G_1297502000_484109600,6692,"[253.4448699951172, 653.873046875, 283.3481140136719, 661.11669921875]",P3
AC,0.8317105770111084,background_false_positive,0.0,0.04375215619802475,09002200121902241019038588K_1294223000_481902400,6962,"[538.3479614257812, 593.9965209960938, 1019.6139526367188, 982.9482421875]",P5
MC,0.6091647744178772,TP,0.8886905312538147,0.8886905312538147,09002200121902241019038588K_1294223000_481902400,6962,"[766.1082153320312, 863.5626831054688, 897.5982666015625, 930.2595825195312]",P3
LC,0.3564026951789856,TP,0.9084842205047607,0.9084842205047607,09002200121902241019038588K_1294223000_481902400,6962,"[1.373297095298767, 618.3447875976562, 198.3393096923828, 682.4000854492188]",P4
P,0.3506890833377838,TP,0.5006693601608276,0.5006693601608276,09002200121902241019038588K_1294223000_481902400,6962,"[646.5465087890625, 857.5250854492188, 731.3076171875, 899.6110229492188]",P3
TC,0.7376742959022522,classification_error,0.0,0.7213807702064514,09002200121902241019238852G_1297502700_484135500,6693,"[1.238525390625, 813.1056518554688, 125.0525894165039, 850.517578125]",P3
LC,0.5496710538864136,TP,0.8783782124519348,0.8783782124519348,09002200121902241019238852G_1297502700_484135500,6693,"[674.3912963867188, 651.2105712890625, 833.5538940429688, 717.0227661132812]",P4
LC,0.9210050702095032,TP,0.8255821466445923,0.8255821466445923,09002200121902241019556892G_1297523400_484138100,6694,"[610.0933837890625, 625.0803833007812, 698.4192504882812, 761.1876831054688]",P4
LC,0.9395238161087036,TP,0.8707934021949768,0.8707934021949768,09002200121902241020094542G_1297534200_484139100,6695,"[659.4381103515625, 673.4337158203125, 802.4879150390625, 821.9152221679688]",P4
LC,0.8859238028526306,TP,0.9143401980400085,0.9143401980400085,09002200121902241022186698O_1295969100_484460200,6696,"[268.2484436035156, 564.0446166992188, 480.3490295410156, 797.5575561523438]",P5
MC,0.5811763405799866,TP,0.7150242328643799,0.7150242328643799,09002200121902241022186698O_1295969100_484460200,6696,"[243.2123260498047, 586.76123046875, 279.2495422363281, 595.3082885742188]",P3
LC,0.38945716619491577,background_false_positive,0.0,0.0,09002200121902241022186698O_1295969100_484460200,6696,"[689.763671875, 585.2762451171875, 1022.8748168945312, 704.9152221679688]",P5
MC,0.30082178115844727,background_false_positive,0.0,0.0,09002200121902241022186698O_1295969100_484460200,6696,"[826.30078125, 582.3775634765625, 858.9779663085938, 591.7008056640625]",P3
TC,0.830173134803772,TP,0.9202402830123901,0.9202402830123901,09002200121902241024129302B_1296551300_482569500,6697,"[176.3934326171875, 681.8642578125, 600.22412109375, 728.2982788085938]",P5
MC,0.6479835510253906,background_false_positive,0.0,0.0,09002200121902241024129302B_1296551300_482569500,6697,"[727.7199096679688, 723.5614624023438, 776.4478759765625, 740.40966796875]",P3
TC,0.6478147506713867,TP,0.7349148988723755,0.7349148988723755,09002200121902241045329768O_1295852100_484453900,6698,"[413.2377014160156, 655.1617431640625, 838.3839111328125, 691.3724975585938]",P4
MC,0.5307543277740479,TP,0.6801846027374268,0.6801846027374268,09002200121902241045329768O_1295852100_484453900,6698,"[409.8654479980469, 609.6828002929688, 450.1572265625, 620.8134765625]",P3
TC,0.5544232130050659,TP,0.8026406168937683,0.8026406168937683,09002200121902241049376252Q_1294732400_481554700,6963,"[350.1543884277344, 748.9403686523438, 817.0252075195312, 778.1956787109375]",P5
TC,0.45451730489730835,TP,0.930484414100647,0.930484414100647,09002200121902241049409878O_1295848500_484448900,6699,"[408.86602783203125, 690.4056396484375, 850.2462768554688, 722.3107299804688]",P4
TC,0.8605042695999146,TP,0.9346699714660645,0.9346699714660645,09002200121902241052096422G_1297564600_484141800,6700,"[0.23215332627296448, 785.3746948242188, 144.29148864746094, 838.24560546875]",P4
TC,0.7922152280807495,TP,0.9070579409599304,0.9070579409599304,09002200121902241052096422G_1297564600_484141800,6700,"[931.7939453125, 797.4652709960938, 1023.8017578125, 835.42578125]",P3
MC,0.258472740650177,background_false_positive,0.0,0.0,09002200121902241052096422G_1297564600_484141800,6700,"[104.3410415649414, 689.2728881835938, 132.9314727783203, 697.6791381835938]",P3
MC,0.6248579621315002,background_false_positive,0.0,0.0,09002200121902241055469128O_1295791700_484398000,6701,"[872.3432006835938, 768.7664184570312, 937.8029174804688, 792.9468994140625]",P3
TC,0.2574732303619385,TP,0.8618984818458557,0.8618984818458557,09002200121902241055469128O_1295791700_484398000,6701,"[129.61045837402344, 692.3890991210938, 701.6036376953125, 734.4887084960938]",P5
AC,0.8722427487373352,localization_error,0.3623979985713959,0.3623979985713959,09002200121902241056423758O_1295734800_484381100,6702,"[312.00006103515625, 673.4277954101562, 523.3746948242188, 774.0420532226562]",P4
TC,0.8195277452468872,TP,0.8509998321533203,0.8509998321533203,09002200121902241059265028O_1295814700_484393200,6703,"[1.297265648841858, 807.0654296875, 88.23661041259766, 846.2584228515625]",P3
TC,0.9049868583679199,TP,0.9610428810119629,0.9610428810119629,09002200121902241059333582Q_1294998600_481505500,6964,"[128.99710083007812, 845.8458862304688, 355.2979736328125, 919.4279174804688]",P4
TC,0.7146416306495667,TP,0.7236637473106384,0.7236637473106384,09002200121902241059333582Q_1294998600_481505500,6964,"[216.02587890625, 781.7092895507812, 905.22998046875, 833.6555786132812]",P5
LC,0.32324886322021484,TP,0.5537508726119995,0.5537508726119995,09002200121902241059333582Q_1294998600_481505500,6964,"[258.1423034667969, 738.4977416992188, 332.45098876953125, 804.1874389648438]",P3
TC,0.6121174693107605,TP,0.8803867697715759,0.8803867697715759,09002200121902241101020348O_1295864700_484439200,6704,"[417.27783203125, 673.2615356445312, 598.0264892578125, 683.2074584960938]",P4
TC,0.47320738434791565,TP,0.8066940307617188,0.8066940307617188,09002200121902241103264308O_1295894400_484463500,6705,"[326.3488464355469, 664.3408813476562, 685.9574584960938, 680.1007690429688]",P4
LC,0.3480879068374634,TP,0.8055213093757629,0.8055213093757629,09002200121902241103264308O_1295894400_484463500,6705,"[771.8540649414062, 766.8689575195312, 817.9271850585938, 810.3580322265625]",P3
LC,0.8961817622184753,TP,0.9363738298416138,0.9363738298416138,09002200121902241104012948O_1295923100_484489300,6706,"[311.256591796875, 639.4010009765625, 451.5384826660156, 820.0689697265625]",P4
AC,0.890800416469574,TP,0.7232995629310608,0.7232995629310608,09002200121902241104527988O_1295944300_484526600,6707,"[596.2021484375, 655.16943359375, 748.1124877929688, 820.3507080078125]",P5
AC,0.6429911851882935,background_false_positive,0.0,0.0,09002200121902241104527988O_1295944300_484526600,6707,"[383.786376953125, 652.0341186523438, 493.887451171875, 819.3202514648438]",P5
MC,0.5306797623634338,background_false_positive,0.0,0.0,09002200121902241104527988O_1295944300_484526600,6707,"[890.7420043945312, 802.9411010742188, 951.1627197265625, 829.3800048828125]",P3
AC,0.3901801109313965,background_false_positive,0.022670473903417587,0.022670473903417587,09002200121902241104527988O_1295944300_484526600,6707,"[514.9962768554688, 590.6026000976562, 595.6289672851562, 669.8641357421875]",P4
TC,0.529984176158905,TP,0.506655752658844,0.506655752658844,09002200121902241115413882G_1297468000_484071000,6708,"[489.83251953125, 694.4673461914062, 788.2447509765625, 714.3335571289062]",P4
LC,0.5035483241081238,localization_error,0.44920799136161804,0.44920799136161804,09002200121902241144414472Q_1294953500_481558000,6965,"[652.1173706054688, 655.2250366210938, 949.1693725585938, 867.8134155273438]",P5
TC,0.40503638982772827,background_false_positive,0.0,0.014567572623491287,09002200121902241144414472Q_1294953500_481558000,6965,"[652.4478149414062, 634.7147827148438, 780.5675659179688, 650.6991577148438]",P3
LC,0.3501240313053131,background_false_positive,0.0,0.0,09002200121902241144414472Q_1294953500_481558000,6965,"[476.91241455078125, 645.8512573242188, 519.8688354492188, 878.4579467773438]",P4
LC,0.28244179487228394,TP,0.6266505122184753,0.6266505122184753,09002200121902241144414472Q_1294953500_481558000,6965,"[654.7574462890625, 657.74267578125, 1016.3677978515625, 901.3604736328125]",P5
LP,0.8357000946998596,background_false_positive,0.0,0.10872925072908401,09002200121902241146227948O_1295953400_484358400,6709,"[353.8102722167969, 626.8373413085938, 423.9517517089844, 702.10888671875]",P3
TP,0.5167624354362488,background_false_positive,0.05104562267661095,0.05104562267661095,09002200121902241146227948O_1295953400_484358400,6709,"[480.4306640625, 701.0416259765625, 595.3404541015625, 707.3095703125]",P4
TP,0.3418096601963043,background_false_positive,0.07219930738210678,0.07219930738210678,09002200121902241146227948O_1295953400_484358400,6709,"[482.6474304199219, 697.4874877929688, 596.0264282226562, 706.47265625]",P3
TP,0.31752854585647583,background_false_positive,0.06997911632061005,0.06997911632061005,09002200121902241146227948O_1295953400_484358400,6709,"[481.56256103515625, 700.4654541015625, 598.6439819335938, 710.4404296875]",P3
TP,0.8376137614250183,TP,0.8402180671691895,0.8402180671691895,09002200121902241146545102Q_1294838500_481558700,6966,"[192.7457733154297, 663.38134765625, 381.2564697265625, 685.5556030273438]",P4
LC,0.5170691609382629,classification_error,0.0,0.7539555430412292,09002200121902241146545102Q_1294838500_481558700,6966,"[497.9479675292969, 792.1094970703125, 541.1483764648438, 911.1110229492188]",P4
TP,0.6259694695472717,TP,0.7965453863143921,0.7965453863143921,09002200121902241148119968O_1295945300_484295100,6710,"[293.9264831542969, 714.5185546875, 737.6859741210938, 742.3150634765625]",P4
LP,0.9194058179855347,classification_error,0.0,0.8421105146408081,09002200121902241150080668O_1295866400_484244300,6711,"[377.0375671386719, 555.4550170898438, 497.3092346191406, 788.5236206054688]",P4
LP,0.9622649550437927,TP,0.9635170102119446,0.9635170102119446,09002200121902241151142268O_1295785600_484244900,6712,"[8.01202392578125, 610.93310546875, 398.17724609375, 859.6360473632812]",P5
LP,0.33142945170402527,background_false_positive,0.0,0.0,09002200121902241151142268O_1295785600_484244900,6712,"[648.7675170898438, 675.380126953125, 670.7457885742188, 718.497314453125]",P3
LC,0.9654820561408997,TP,0.9631202816963196,0.9631202816963196,09002200121902241152470708O_1295764200_484258800,6713,"[701.8233642578125, 689.7537231445312, 866.1858520507812, 818.2955932617188]",P4
TC,0.3331192135810852,TP,0.8016359210014343,0.8016359210014343,09002200121902241152470708O_1295764200_484258800,6713,"[324.5904541015625, 676.0119018554688, 728.0320434570312, 696.703125]",P4
MC,0.8995670676231384,TP,0.9032409191131592,0.9032409191131592,09002200121902241154225808O_1295733100_484245300,6714,"[286.6025085449219, 690.4776611328125, 359.4983825683594, 711.4885864257812]",P3
TC,0.5193620324134827,localization_error,0.43295854330062866,0.43295854330062866,09002200121902241154225808O_1295733100_484245300,6714,"[213.55081176757812, 671.2294311523438, 1014.4129028320312, 744.6337280273438]",P5
TC,0.50677490234375,localization_error,0.28787997364997864,0.28787997364997864,09002200121902241154225808O_1295733100_484245300,6714,"[614.3838500976562, 673.6430053710938, 1017.3404541015625, 762.3117065429688]",P5
LC,0.3007429838180542,background_false_positive,0.0,0.0,09002200121902241154225808O_1295733100_484245300,6714,"[183.24424743652344, 731.4395751953125, 299.1532897949219, 811.3141479492188]",P4
LP,0.8517811894416809,TP,0.8641669154167175,0.8641669154167175,09002200121902241155111658O_1295677900_484271200,6715,"[584.6150512695312, 598.6644897460938, 934.8617553710938, 767.4676513671875]",P5
LC,0.42200979590415955,background_false_positive,0.0,0.0,09002200121902241155111658O_1295677900_484271200,6715,"[343.58331298828125, 733.8590698242188, 386.0766296386719, 789.72119140625]",P3
LC,0.3015134632587433,background_false_positive,0.0,0.0,09002200121902241155111658O_1295677900_484271200,6715,"[351.8901062011719, 560.7675170898438, 410.90338134765625, 661.4083251953125]",P4
MC,0.766692578792572,TP,0.8043423891067505,0.8043423891067505,09002200121902241156595188O_1295548800_484244400,6716,"[1005.4461059570312, 686.7301635742188, 1024.0, 705.9776611328125]",P3
MC,0.7161216735839844,TP,0.6150830388069153,0.6150830388069153,09002200121902241156595188O_1295548800_484244400,6716,"[401.9228515625, 589.7852783203125, 432.9676818847656, 595.6696166992188]",P3
TC,0.643352746963501,localization_error,0.26438209414482117,0.26438209414482117,09002200121902241156595188O_1295548800_484244400,6716,"[748.1254272460938, 658.7255249023438, 972.8582153320312, 717.1989135742188]",P4
LC,0.8253877758979797,classification_error,0.0,0.9306640028953552,09002200121902241158105108O_1295443800_484243400,6717,"[699.5282592773438, 655.8143920898438, 799.7813720703125, 732.796142578125]",P4
LC,0.3858475387096405,TP,0.808491051197052,0.808491051197052,09002200121902241158105108O_1295443800_484243400,6717,"[380.7669982910156, 675.68310546875, 461.6363220214844, 811.4714965820312]",P4
TC,0.8640086650848389,localization_error,0.3403797149658203,0.3403797149658203,09002200121902241201459732B_1296546300_482776700,6718,"[194.81912231445312, 707.39208984375, 641.9750366210938, 763.7644653320312]",P5
MC,0.9158157706260681,TP,0.8203767538070679,0.8203767538070679,09002200121902241219597842Q_1294780500_481608100,6967,"[307.5448913574219, 722.0669555664062, 385.50103759765625, 745.9396362304688]",P3
LC,0.6214050650596619,TP,0.9768248200416565,0.9768248200416565,09002200121902241219597842Q_1294780500_481608100,6967,"[735.4425659179688, 710.9718017578125, 1023.3375244140625, 929.6397705078125]",P5
LC,0.6433730721473694,TP,0.6042213439941406,0.6042213439941406,09002200121902241222515402B_1296677700_482780900,6719,"[527.2366943359375, 695.7870483398438, 551.0091552734375, 783.09130859375]",P3
MC,0.6419209837913513,background_false_positive,0.0,0.0,09002200121902241223334907N_1294790700_483677800,6496,"[376.31103515625, 604.7443237304688, 411.1968688964844, 614.0134887695312]",P3
P,0.6052687168121338,TP,0.7902079820632935,0.7902079820632935,09002200121902241223334907N_1294790700_483677800,6496,"[747.6202392578125, 787.49169921875, 767.7477416992188, 800.0098876953125]",P3
LC,0.8962531089782715,TP,0.7669225931167603,0.7669225931167603,09002200121902241251335022Q_1294947900_481559000,6968,"[0.6633056998252869, 619.5719604492188, 313.1698303222656, 742.08349609375]",P5
LC,0.8222571015357971,localization_error,0.4214603006839752,0.4214603006839752,09002200121902241251335022Q_1294947900_481559000,6968,"[24.019311904907227, 821.7472534179688, 281.30816650390625, 1011.3910522460938]",P4
LC,0.8885281085968018,TP,0.7354980111122131,0.7354980111122131,09002200121902241311255712B_1296396200_482586100,6720,"[217.92015075683594, 627.8854370117188, 267.0163269042969, 775.2235717773438]",P4
LC,0.9204378128051758,TP,0.9414573311805725,0.9414573311805725,09002200121902241330509642K_1295823900_481237700,6970,"[558.32958984375, 590.9052124023438, 634.4850463867188, 709.8915405273438]",P4
MC,0.7812340259552002,TP,0.9141678810119629,0.9141678810119629,09002200121902241330509642K_1295823900_481237700,6970,"[179.07632446289062, 710.1054077148438, 227.12255859375, 738.189208984375]",P3
MC,0.8337323665618896,TP,0.6507829427719116,0.6507829427719116,09002200121902241344029902K_1295798900_481238400,6971,"[458.80010986328125, 660.5426635742188, 514.0682983398438, 676.9076538085938]",P3
TC,0.8052847981452942,TP,0.6080154180526733,0.6080154180526733,09002200121902241344029902K_1295798900_481238400,6971,"[200.1618194580078, 723.8478393554688, 741.0099487304688, 792.3703002929688]",P5
MC,0.7796013355255127,background_false_positive,0.0,0.0,09002200121902241344029902K_1295798900_481238400,6971,"[401.3287658691406, 580.5107421875, 436.59722900390625, 589.2033081054688]",P3
LC,0.7771819233894348,TP,0.8322417736053467,0.8322417736053467,09002200121902241344029902K_1295798900_481238400,6971,"[215.9199676513672, 679.7242431640625, 444.30230712890625, 906.4161987304688]",P5
LC,0.9606592059135437,TP,0.9137073159217834,0.9137073159217834,09002200121902241434239152G_1297640800_484176300,6721,"[351.9075622558594, 698.8966674804688, 462.5785827636719, 815.0792236328125]",P4
LC,0.6829238533973694,TP,0.5547366738319397,0.5547366738319397,09002200121902241434239152G_1297640800_484176300,6721,"[0.24404297769069672, 624.80517578125, 378.8902893066406, 745.2060546875]",P5
MC,0.4197039306163788,TP,0.675735592842102,0.675735592842102,09002200121902241434239152G_1297640800_484176300,6721,"[602.8050537109375, 656.3666381835938, 643.543212890625, 666.3191528320312]",P3
TC,0.7031037211418152,localization_error,0.23181696236133575,0.23181696236133575,09002200121902241443361082K_1294880200_481118600,6972,"[295.9678955078125, 658.8449096679688, 668.02978515625, 680.4527587890625]",P5
LC,0.6353421807289124,TP,0.7498010993003845,0.7498010993003845,09002200121902241534188332B_1297272300_482695200,6722,"[159.6458282470703, 644.2208862304688, 362.27069091796875, 742.6327514648438]",P4
LC,0.3811274468898773,localization_error,0.4459756314754486,0.4459756314754486,09002200121902241534188332B_1297272300_482695200,6722,"[159.48741149902344, 606.6351928710938, 417.0838317871094, 741.7406616210938]",P5
LC,0.8838221430778503,TP,0.6426581144332886,0.6426581144332886,09002200121902241553169042K_1295010700_481182600,6973,"[662.9862670898438, 682.2096557617188, 990.7266845703125, 966.0514526367188]",P5
P,0.8226662874221802,TP,0.8429769277572632,0.8429769277572632,09002200121902241553169042K_1295010700_481182600,6973,"[418.8156433105469, 683.804931640625, 651.2203369140625, 759.676513671875]",P4
P,0.3673405647277832,localization_error,0.22246932983398438,0.22246932983398438,09002200121902241553169042K_1295010700_481182600,6973,"[550.2088012695312, 717.9011840820312, 651.896484375, 757.4887084960938]",P3
AC,0.9119666218757629,TP,0.9151453971862793,0.9151453971862793,09002200121902241617024212G_1296634800_484225400,6723,"[2.279980421066284, 626.2504272460938, 565.0326538085938, 863.6793212890625]",P5
MC,0.8006992936134338,TP,0.7032938599586487,0.7032938599586487,09002200121902241617024212G_1296634800_484225400,6723,"[397.05010986328125, 695.2859497070312, 457.1963806152344, 713.1580200195312]",P3
AC,0.8721891641616821,TP,0.8538066744804382,0.8538066744804382,09002200121902241624405712G_1296523300_484226800,6724,"[5.200390815734863, 614.3858642578125, 610.9856567382812, 864.1000366210938]",P5
MC,0.6047222018241882,background_false_positive,0.0,0.00012469818466342986,09002200121902241624405712G_1296523300_484226800,6724,"[600.0587768554688, 628.1332397460938, 629.4761352539062, 634.0859375]",P3
AC,0.8697464466094971,localization_error,0.45971181988716125,0.45971181988716125,09002200121902241624564052G_1296511300_484214000,6725,"[1.337988257408142, 619.7802734375, 478.9618225097656, 866.76806640625]",P5
AC,0.43197447061538696,background_false_positive,0.09784919768571854,0.09784919768571854,09002200121902241624564052G_1296511300_484214000,6725,"[817.3115234375, 706.5692749023438, 1023.1392822265625, 822.80126953125]",P4
AC,0.34215283393859863,localization_error,0.14473222196102142,0.14473222196102142,09002200121902241624564052G_1296511300_484214000,6725,"[791.0275268554688, 692.12646484375, 1023.3212890625, 844.4616088867188]",P5
AC,0.8916909694671631,TP,0.5367313027381897,0.5367313027381897,09002200121902241647100462Q_1294686900_481649400,6974,"[0.95751953125, 853.4324340820312, 234.8883819580078, 1018.681640625]",P5
MC,0.8097371459007263,TP,0.7194505929946899,0.7194505929946899,09002200121902241647100462Q_1294686900_481649400,6974,"[546.0709838867188, 627.7940673828125, 593.1104736328125, 637.52685546875]",P3
TC,0.9107081294059753,classification_error,0.0,0.9317274689674377,09002200121902241705199978O_1298021100_484681600,6726,"[425.7704162597656, 713.3324584960938, 1019.0729370117188, 821.1439819335938]",P5
AC,0.5991746187210083,TP,0.693029522895813,0.693029522895813,09002200121902241705199978O_1298021100_484681600,6726,"[231.7830810546875, 711.6334228515625, 339.88714599609375, 803.1659545898438]",P4
MC,0.4155259430408478,background_false_positive,0.0,0.0,09002200121902241705199978O_1298021100_484681600,6726,"[39.91926193237305, 595.1386108398438, 72.4014892578125, 605.1278686523438]",P3
AC,0.8224024772644043,TP,0.5397589206695557,0.5397589206695557,09002200121902241728395868O_1297955700_484936700,6727,"[230.582275390625, 700.2996215820312, 642.7352294921875, 818.4843139648438]",P5
AC,0.9192903637886047,TP,0.773360550403595,0.773360550403595,09002200121902250850546162K_1295117800_481152000,6975,"[2.788378953933716, 667.6318359375, 675.6430053710938, 990.4523315429688]",P5
LC,0.9438081383705139,TP,0.8524340391159058,0.8524340391159058,09002200121902250927290422Q_1294877600_481597000,6976,"[405.8923034667969, 618.2940673828125, 518.9920043945312, 910.74365234375]",P4
LC,0.4066319763660431,TP,0.781943142414093,0.781943142414093,09002200121902250927290422Q_1294877600_481597000,6976,"[841.5477905273438, 665.3038940429688, 1024.0, 749.0867309570312]",P4
AC,0.9598100185394287,TP,0.9044861793518066,0.9044861793518066,09002200121902250937461092K_1295163500_481141000,6977,"[0.0, 547.8529663085938, 1024.0, 1002.0197143554688]",P5
MC,0.351105272769928,localization_error,0.3536236584186554,0.3536236584186554,09002200121902250937461092K_1295163500_481141000,6977,"[156.81040954589844, 581.5240478515625, 199.66397094726562, 590.1716918945312]",P3
LC,0.6627559661865234,TP,0.8951110243797302,0.8951110243797302,09002200121902250939036262K_1295136800_481188600,6978,"[226.30918884277344, 583.9547729492188, 361.5479431152344, 686.0133666992188]",P4
TC,0.5834465026855469,TP,0.6450482606887817,0.6450482606887817,09002200121902250939036262K_1295136800_481188600,6978,"[141.77691650390625, 643.2691650390625, 277.0821838378906, 655.5408325195312]",P3
TC,0.46464499831199646,TP,0.6149336099624634,0.6149336099624634,09002200121902250939036262K_1295136800_481188600,6978,"[204.5299835205078, 672.820068359375, 625.2900390625, 702.4053344726562]",P4
AC,0.940647542476654,TP,0.8751892447471619,0.8751892447471619,09002200121902250945505452K_1295029000_481283900,6979,"[0.3687500059604645, 662.7727661132812, 887.607421875, 986.2901611328125]",P5
MC,0.7314508557319641,TP,0.9328173995018005,0.9328173995018005,09002200121902250945505452K_1295029000_481283900,6979,"[349.4075927734375, 679.6452026367188, 435.9113464355469, 712.9569702148438]",P3
P,0.3232976794242859,TP,0.6280972957611084,0.6280972957611084,09002200121902250945505452K_1295029000_481283900,6979,"[789.3087158203125, 644.2909545898438, 865.98974609375, 667.98388671875]",P3
AC,0.32067596912384033,TP,0.5458860397338867,0.5458860397338867,09002200121902250945505452K_1295029000_481283900,6979,"[643.9096069335938, 588.60498046875, 872.6158447265625, 665.68505859375]",P4
AC,0.9610331058502197,TP,0.8949233293533325,0.8949233293533325,09002200121902251000014622K_1295145800_481160900,6980,"[0.4612793028354645, 527.2989501953125, 718.7191772460938, 994.48388671875]",P5
MC,0.45233768224716187,background_false_positive,0.0,0.0009366266313008964,09002200121902251000014622K_1295145800_481160900,6980,"[222.0818328857422, 568.2323608398438, 258.7880859375, 575.8950805664062]",P3
AC,0.9590411186218262,localization_error,0.4704398810863495,0.4704398810863495,09002200121902251000378302K_1295164100_481138300,6981,"[5.491601467132568, 522.5805053710938, 1024.0, 999.1353759765625]",P5
MC,0.5053811073303223,TP,0.9449048638343811,0.9449048638343811,09002200121902251000378302K_1295164100_481138300,6981,"[1.072015404701233, 807.5759887695312, 44.01252365112305, 856.8060913085938]",P3
AC,0.9206641316413879,TP,0.9017308950424194,0.9017308950424194,09002200121902251002579542K_1295185400_481110600,6982,"[181.7472686767578, 577.0894775390625, 1023.2039184570312, 1000.7205200195312]",P5
AC,0.9460042119026184,localization_error,0.4878433346748352,0.4878433346748352,09002200121902251028006732K_1295134400_481309400,6983,"[644.19580078125, 691.2328491210938, 1023.2799682617188, 886.4259643554688]",P5
TC,0.26784276962280273,background_false_positive,0.0,0.0,09002200121902251028006732K_1295134400_481309400,6983,"[363.7181396484375, 578.5604248046875, 517.3046875, 591.6484985351562]",P3
AC,0.9396575689315796,TP,0.9026671051979065,0.9026671051979065,09002200121902251029097412K_1295134200_481240500,6984,"[407.31671142578125, 694.89404296875, 548.6220092773438, 870.4505004882812]",P4
LC,0.916443407535553,TP,0.7619080543518066,0.7619080543518066,09002200121902251029097412K_1295134200_481240500,6984,"[0.555615246295929, 541.2683715820312, 447.6303405761719, 828.3132934570312]",P5
MC,0.717007040977478,TP,0.8876577615737915,0.8876577615737915,09002200121902251029097412K_1295134200_481240500,6984,"[525.4291381835938, 632.6234741210938, 567.3181762695312, 643.8232421875]",P3
P,0.3678291440010071,background_false_positive,0.0,0.0,09002200121902251029097412K_1295134200_481240500,6984,"[585.95654296875, 630.6331176757812, 614.9503173828125, 640.7980346679688]",P3
MC,0.3651289939880371,background_false_positive,0.0,0.008810659870505333,09002200121902251029097412K_1295134200_481240500,6984,"[210.0749053955078, 605.86279296875, 268.2555847167969, 620.6696166992188]",P3
TC,0.28145670890808105,background_false_positive,0.0,0.0,09002200121902251029097412K_1295134200_481240500,6984,"[713.6903686523438, 639.2784423828125, 838.5186767578125, 664.45458984375]",P3
AC,0.8049159049987793,TP,0.9589641690254211,0.9589641690254211,09002200121902251039437732K_1295147200_481448700,6985,"[0.014550781808793545, 561.7017822265625, 386.90509033203125, 803.2572631835938]",P5
TC,0.6831364631652832,TP,0.5592247247695923,0.5592247247695923,09002200121902251046556532K_1295183000_481429700,6986,"[75.3309555053711, 629.5813598632812, 673.1669921875, 673.9426879882812]",P5
LC,0.31855565309524536,background_false_positive,0.0,0.0,09002200121902251046556532K_1295183000_481429700,6986,"[603.7355346679688, 706.8412475585938, 722.4146118164062, 890.6303100585938]",P4
P,0.27249619364738464,background_false_positive,0.0,0.01029310841113329,09002200121902251046556532K_1295183000_481429700,6986,"[179.23342895507812, 668.4035034179688, 206.82693481445312, 678.5633544921875]",P3
TC,0.5972573757171631,TP,0.6196048855781555,0.6196048855781555,09002200121902251424103188O_1297947400_485005700,6728,"[375.9418029785156, 660.1047973632812, 636.2529296875, 679.5790405273438]",P4
MC,0.40386277437210083,background_false_positive,0.0,0.051967330276966095,09002200121902251424103188O_1297947400_485005700,6728,"[678.8515014648438, 660.8502197265625, 727.3135986328125, 676.1107788085938]",P3
LC,0.31564244627952576,background_false_positive,0.0,0.06472723186016083,09002200121902251424103188O_1297947400_485005700,6728,"[557.8380126953125, 599.1283569335938, 722.7756958007812, 805.3226928710938]",P5
AC,0.6915715932846069,localization_error,0.3535463511943817,0.3535463511943817,09002200121902251526248288O_1297938900_485032400,6729,"[664.9580078125, 618.8932495117188, 805.1390991210938, 794.6961059570312]",P5
MC,0.3372694253921509,background_false_positive,0.0,0.0,09002200121902251526248288O_1297938900_485032400,6729,"[393.017333984375, 643.6009521484375, 430.222900390625, 652.4082641601562]",P3
MC,0.6928569078445435,TP,0.7579485177993774,0.7579485177993774,09002200121902251531181468O_1297970200_485059000,6730,"[472.8974609375, 732.3538208007812, 539.3318481445312, 750.8626098632812]",P3
MC,0.5678664445877075,TP,0.6092799305915833,0.6092799305915833,09002200121902251531181468O_1297970200_485059000,6730,"[276.6340637207031, 642.1602783203125, 324.63348388671875, 655.8184814453125]",P3
LC,0.7631889581680298,background_false_positive,0.05749700590968132,0.06495562940835953,09002200121902251547493988O_1297931800_485062600,6731,"[370.35205078125, 622.4459838867188, 459.87353515625, 766.0343017578125]",P4
TC,0.7247229218482971,TP,0.9774695634841919,0.9774695634841919,09002200121902251547493988O_1297931800_485062600,6731,"[89.9620361328125, 718.0413818359375, 857.4752807617188, 792.5565185546875]",P5
LC,0.4612380266189575,TP,0.7789238691329956,0.7789238691329956,09002200121902251547493988O_1297931800_485062600,6731,"[270.831787109375, 576.7157592773438, 408.932861328125, 645.7019653320312]",P4
LC,0.7428591847419739,TP,0.8756899237632751,0.8756899237632751,09002200121902251616042098O_1297964900_485073400,6732,"[376.69476318359375, 621.5730590820312, 477.33380126953125, 808.8679809570312]",P4
P,0.9722899794578552,TP,0.8011454343795776,0.8011454343795776,09002200121902261104490062K_1295036500_482453500,6497,"[593.0860595703125, 721.2646484375, 740.3196411132812, 799.5144653320312]",P4
MC,0.92618328332901,TP,0.8771992921829224,0.8771992921829224,09002200121902261104490062K_1295036500_482453500,6497,"[1.00714111328125, 732.7413940429688, 39.88775634765625, 774.9672241210938]",P3
MC,0.7671235203742981,TP,0.9067904353141785,0.9067904353141785,09002200121902261104490062K_1295036500_482453500,6497,"[316.5197448730469, 600.4954833984375, 361.5224304199219, 610.9468383789062]",P3
MC,0.5296399593353271,TP,0.6997044086456299,0.6997044086456299,09002200121902261104490062K_1295036500_482453500,6497,"[397.2628479003906, 590.2665405273438, 438.2245788574219, 599.1803588867188]",P3
LC,0.4740324020385742,background_false_positive,0.0,0.0,09002200121902261104490062K_1295036500_482453500,6497,"[570.4762573242188, 620.7010498046875, 589.9579467773438, 648.3597412109375]",P3
MC,0.2955353856086731,background_false_positive,0.0,0.0,09002200121902261104490062K_1295036500_482453500,6497,"[978.09619140625, 680.671875, 1024.0, 702.4310913085938]",P3
LC,0.2893373668193817,background_false_positive,0.0,0.0,09002200121902261104490062K_1295036500_482453500,6497,"[566.4856567382812, 616.3693237304688, 590.73876953125, 649.4088134765625]",P3
MC,0.25846779346466064,background_false_positive,0.0,0.0,09002200121902261104490062K_1295036500_482453500,6497,"[311.1747741699219, 573.9495849609375, 339.52691650390625, 582.406982421875]",P3
TC,0.7701613306999207,classification_error,0.0,0.6832465529441833,09002200121903021532104567M_1296574300_481237200,6733,"[286.9969787597656, 697.1227416992188, 1021.9721069335938, 778.7571411132812]",P5
LC,0.6007303595542908,background_false_positive,0.0,0.16837364435195923,09002200121903021532104567M_1296574300_481237200,6733,"[587.7293090820312, 641.7929077148438, 730.4464721679688, 817.2936401367188]",P4
LP,0.7512431144714355,background_false_positive,0.07181395590305328,0.07181395590305328,09002200121903050943334566D_1294818700_480592300,6987,"[606.6775512695312, 613.0658569335938, 700.0238647460938, 696.4622192382812]",P4
LP,0.2528725266456604,background_false_positive,0.0,0.0,09002200121903050943334566D_1294818700_480592300,6987,"[588.2139282226562, 555.7611694335938, 618.4818725585938, 580.1439819335938]",P3
MC,0.9593396782875061,TP,0.9588879942893982,0.9588879942893982,09002200121904111400165542L_1296718100_482445500,6734,"[550.9710083007812, 770.86083984375, 651.6229858398438, 811.2877807617188]",P3
TC,0.7949798107147217,TP,0.8299497365951538,0.8299497365951538,09002200121904111400165542L_1296718100_482445500,6734,"[17.436376571655273, 730.0919189453125, 540.4646606445312, 784.4332885742188]",P5
MC,0.7795800566673279,background_false_positive,0.0,0.0,09002200121904111400165542L_1296718100_482445500,6734,"[816.1976928710938, 689.1409301757812, 885.6226806640625, 707.8975830078125]",P3
MC,0.4751318097114563,background_false_positive,0.0,0.07758981734514236,09002200121904111400165542L_1296718100_482445500,6734,"[843.4259033203125, 732.1474609375, 909.3712158203125, 760.8134765625]",P3
TC,0.4255528748035431,localization_error,0.16128762066364288,0.16128762066364288,09002200121904111400165542L_1296718100_482445500,6734,"[897.2140502929688, 734.9647827148438, 1021.841796875, 763.1073608398438]",P4
TC,0.2943463623523712,localization_error,0.2196679711341858,0.2196679711341858,09002200121904111400165542L_1296718100_482445500,6734,"[697.5546264648438, 765.4689331054688, 846.7066650390625, 794.8068237304688]",P4
MC,0.6758425831794739,TP,0.8417214751243591,0.8417214751243591,09002200121904111401157542L_1296763900_482447000,6735,"[84.69544982910156, 789.8245849609375, 163.81590270996094, 833.4898681640625]",P3
TC,0.5123511552810669,TP,0.6146149635314941,0.6146149635314941,09002200121904111401157542L_1296763900_482447000,6735,"[178.169921875, 675.4379272460938, 1017.9972534179688, 741.3209228515625]",P5
LC,0.47066035866737366,background_false_positive,0.0,0.0015176825691014528,09002200121904111401157542L_1296763900_482447000,6735,"[264.3263854980469, 739.6676025390625, 325.2265625, 800.9892578125]",P3
MC,0.45299598574638367,background_false_positive,0.0,0.0,09002200121904111401157542L_1296763900_482447000,6735,"[725.9983520507812, 566.6182861328125, 754.4237670898438, 572.0484619140625]",P3
TC,0.396492063999176,localization_error,0.2798422873020172,0.2798422873020172,09002200121904111401157542L_1296763900_482447000,6735,"[179.43484497070312, 688.8475952148438, 672.8837280273438, 739.9017944335938]",P5
TC,0.6710570454597473,TP,0.876380205154419,0.876380205154419,09002200121904211122007752L_1295290900_482333500,6244,"[591.0678100585938, 725.4299926757812, 887.5551147460938, 744.6495361328125]",P4
TC,0.46644020080566406,TP,0.7100887298583984,0.7100887298583984,09002200121904211122007752L_1295290900_482333500,6244,"[269.34649658203125, 712.8104858398438, 439.92950439453125, 760.37939453125]",P4
LC,0.9537603259086609,TP,0.9617330431938171,0.9617330431938171,09002200122002161243256716G_1295165200_482306100,6245,"[2.222705125808716, 558.4127807617188, 456.0348205566406, 847.43212890625]",P5
MC,0.9206182360649109,TP,0.8766069412231445,0.8766069412231445,09002200122002161243256716G_1295165200_482306100,6245,"[434.9781188964844, 717.52685546875, 520.6109619140625, 743.8626098632812]",P3
MC,0.6194685697555542,TP,0.7274526953697205,0.7274526953697205,09002200122002161245249786G_1295131500_482257700,6246,"[506.090087890625, 630.5615234375, 538.396240234375, 637.7841796875]",P3
LP,0.4987165629863739,classification_error,0.0,0.8095563650131226,09002200122002161245249786G_1295131500_482257700,6246,"[569.8167114257812, 607.6471557617188, 666.86181640625, 788.4209594726562]",P4
LC,0.4963928461074829,TP,0.8223210573196411,0.8223210573196411,09002200122002161245249786G_1295131500_482257700,6246,"[569.7911987304688, 608.9674072265625, 665.9052734375, 788.2009887695312]",P4
MC,0.8433715105056763,TP,0.7830443382263184,0.7830443382263184,09002200122002161255294006G_1295158300_482236500,6247,"[603.7149658203125, 633.1974487304688, 647.4591064453125, 644.0679931640625]",P3
LC,0.4865258038043976,background_false_positive,0.0,0.0,09002200122002161255294006G_1295158300_482236500,6247,"[6.718115329742432, 610.5927124023438, 370.1509704589844, 777.6251220703125]",P5
LC,0.41764071583747864,localization_error,0.45789235830307007,0.45789235830307007,09002200122002161255294006G_1295158300_482236500,6247,"[396.6147155761719, 662.1422119140625, 461.0797424316406, 762.2937622070312]",P3
LC,0.34861740469932556,TP,0.7016619443893433,0.7016619443893433,09002200122002161255294006G_1295158300_482236500,6247,"[391.7646484375, 633.8402709960938, 470.71484375, 767.93359375]",P4
MC,0.2685997486114502,background_false_positive,0.0,0.0,09002200122002161255294006G_1295158300_482236500,6247,"[694.3740234375, 662.6376342773438, 734.7322387695312, 675.0119018554688]",P3
LC,0.9368501901626587,TP,0.8582538962364197,0.8582538962364197,09002200122002161314011386G_1295355100_482137900,6248,"[340.6217041015625, 568.7276611328125, 511.30938720703125, 783.3587036132812]",P5
LP,0.3419487178325653,background_false_positive,0.0,0.0,09002200122002161314011386G_1295355100_482137900,6248,"[502.05859375, 744.0111083984375, 512.1755981445312, 769.1080932617188]",P3
MC,0.9208075404167175,TP,0.9454532861709595,0.9454532861709595,09002200122002161516405086G_1295331900_482134900,6249,"[236.2953643798828, 726.4157104492188, 317.712158203125, 752.1256103515625]",P3
LC,0.7018901109695435,TP,0.6317877769470215,0.6317877769470215,09002200122002161516405086G_1295331900_482134900,6249,"[452.8150329589844, 682.4247436523438, 466.4696350097656, 779.5958251953125]",P3
MC,0.6872131824493408,TP,0.6040904521942139,0.6040904521942139,09002200122002161516405086G_1295331900_482134900,6249,"[66.08267974853516, 620.3231811523438, 104.79408264160156, 629.9215698242188]",P3
MC,0.6459733247756958,TP,0.529697597026825,0.529697597026825,09002200122002161516405086G_1295331900_482134900,6249,"[16.971588134765625, 630.0261840820312, 67.86339569091797, 643.7142944335938]",P3
TC,0.500917911529541,background_false_positive,0.0,0.0,09002200122002161516405086G_1295331900_482134900,6249,"[2.031543016433716, 676.6869506835938, 211.75244140625, 721.8648681640625]",P4
LC,0.4057641923427582,background_false_positive,0.0,0.0,09002200122002161516405086G_1295331900_482134900,6249,"[457.3747253417969, 573.1455078125, 469.78662109375, 614.9595947265625]",P3
LC,0.8815232515335083,TP,0.8923090696334839,0.8923090696334839,09002200122002161521480196G_1295422900_482071400,6250,"[545.8226928710938, 561.7113647460938, 591.64306640625, 790.6775512695312]",P4
LC,0.7019553780555725,TP,0.8683370351791382,0.8683370351791382,09002200122002161521480196G_1295422900_482071400,6250,"[1.454949975013733, 703.7523803710938, 162.7064666748047, 766.4674072265625]",P4
AC,0.7512714266777039,localization_error,0.3727308511734009,0.3727308511734009,09002200122002171321458587C_1296141600_482682200,6125,"[668.2998657226562, 654.9728393554688, 1020.5318603515625, 823.5883178710938]",P5
LC,0.7042715549468994,TP,0.7287987470626831,0.7287987470626831,09002200122002171321458587C_1296141600_482682200,6125,"[552.5643920898438, 640.8023681640625, 576.79736328125, 759.7433471679688]",P3
P,0.4725991189479828,TP,0.8545347452163696,0.8545347452163696,09002200122002171321458587C_1296141600_482682200,6125,"[681.8857421875, 662.0607299804688, 751.9887084960938, 692.7113647460938]",P3
LC,0.38180971145629883,background_false_positive,0.0,0.3863690495491028,09002200122002171321458587C_1296141600_482682200,6125,"[676.8744506835938, 658.1207275390625, 1021.3949584960938, 822.5855712890625]",P5
P,0.35230493545532227,TP,0.7564228773117065,0.7564228773117065,09002200122002171321458587C_1296141600_482682200,6125,"[720.8507080078125, 692.771484375, 794.7511596679688, 727.5037231445312]",P3
P,0.3274444043636322,duplicate_prediction,0.5258679389953613,0.5258679389953613,09002200122002171321458587C_1296141600_482682200,6125,"[680.7391967773438, 661.3076171875, 747.1512451171875, 683.31640625]",P3
P,0.28255680203437805,background_false_positive,0.06770280003547668,0.06770280003547668,09002200122002171321458587C_1296141600_482682200,6125,"[681.9125366210938, 658.1295776367188, 727.4266967773438, 668.4486694335938]",P3
TC,0.321870893239975,TP,0.6836276650428772,0.6836276650428772,0900220012200306102451330HG_1293777400_485327300,6291,"[368.35968017578125, 661.9366455078125, 674.4395751953125, 678.2213745117188]",P5
AC,0.8226014375686646,background_false_positive,0.0,0.0,0900220012200306102545235HG_1293796400_485231400,6292,"[1.550683617591858, 612.1505126953125, 324.8575134277344, 725.3352661132812]",P5
TC,0.7258123159408569,TP,0.8029686212539673,0.8029686212539673,0900220012200306102545235HG_1293796400_485231400,6292,"[356.05841064453125, 656.0421752929688, 769.3389892578125, 678.6930541992188]",P5
LC,0.8721316456794739,TP,0.7038543224334717,0.7038543224334717,0900220012200306102557591HG_1293797900_485212400,6293,"[524.0358276367188, 586.4965209960938, 670.64697265625, 762.2354736328125]",P4
LC,0.5565671324729919,TP,0.5503287315368652,0.5503287315368652,0900220012200306102557591HG_1293797900_485212400,6293,"[419.64190673828125, 699.5986328125, 488.32647705078125, 759.3406372070312]",P4
TC,0.40339115262031555,localization_error,0.3929511606693268,0.3929511606693268,0900220012200306102557591HG_1293797900_485212400,6293,"[354.98077392578125, 632.6969604492188, 832.708984375, 686.7002563476562]",P5
AC,0.29821935296058655,background_false_positive,0.0,0.0,0900220012200306102557591HG_1293797900_485212400,6293,"[0.7940430045127869, 601.1739501953125, 290.271240234375, 700.1856689453125]",P5
AC,0.9220748543739319,TP,0.8654679656028748,0.8654679656028748,0900220012200306102615307HG_1293800100_485185400,6294,"[0.21206055581569672, 600.3801879882812, 347.9167175292969, 706.3853759765625]",P5
AC,0.5906053781509399,TP,0.7116398215293884,0.7116398215293884,0900220012200306102615307HG_1293800100_485185400,6294,"[311.493408203125, 656.8754272460938, 449.5079040527344, 756.2601928710938]",P4
TC,0.3689626157283783,localization_error,0.3564309775829315,0.3564309775829315,0900220012200306102615307HG_1293800100_485185400,6294,"[384.2787170410156, 649.7205810546875, 582.5863647460938, 661.0590209960938]",P4
AC,0.3548884093761444,duplicate_prediction,0.5129654407501221,0.5129654407501221,0900220012200306102615307HG_1293800100_485185400,6294,"[328.16522216796875, 658.4850463867188, 449.8023376464844, 733.5950317382812]",P4
AC,0.849611759185791,classification_error,0.23655912280082703,0.5374202132225037,0900220012200306102631074HG_1293801200_485173400,6295,"[1.1649903059005737, 620.6536254882812, 335.798583984375, 726.0372314453125]",P5
LC,0.7785749435424805,TP,0.859431803226471,0.859431803226471,0900220012200306102631074HG_1293801200_485173400,6295,"[237.62442016601562, 634.7633666992188, 399.5671081542969, 757.0813598632812]",P4
TC,0.5253581404685974,TP,0.8899177312850952,0.8899177312850952,0900220012200306102631074HG_1293801200_485173400,6295,"[865.3523559570312, 744.431884765625, 1024.0, 788.1310424804688]",P4
MC,0.2544271945953369,background_false_positive,0.0,0.0,0900220012200306102631074HG_1293801200_485173400,6295,"[629.9022827148438, 628.5619506835938, 660.7890014648438, 635.2880249023438]",P3
AC,0.7650823593139648,TP,0.7517194151878357,0.7517194151878357,0900220012200306102655565HG_1293804200_485136500,6296,"[0.0, 589.3490600585938, 377.74005126953125, 694.5111694335938]",P5
TC,0.5245359539985657,TP,0.6689363718032837,0.6689363718032837,0900220012200306102655565HG_1293804200_485136500,6296,"[385.75030517578125, 647.66357421875, 704.77099609375, 661.6734619140625]",P4
AC,0.7676630616188049,TP,0.501937210559845,0.501937210559845,0900220012200306102710958HG_1293806100_485114900,6297,"[1.9801758527755737, 626.1039428710938, 285.65936279296875, 726.1668090820312]",P5
AC,0.3159257471561432,duplicate_prediction,0.7365702986717224,0.7365702986717224,0900220012200306102710958HG_1293806100_485114900,6297,"[1.249609351158142, 633.8203125, 222.79031372070312, 721.5668334960938]",P4
AC,0.8508599400520325,TP,0.8409845232963562,0.8409845232963562,0900220012200306102724162HG_1293807000_485095000,6298,"[75.2213363647461, 621.0768432617188, 342.3447265625, 701.0573120117188]",P5
AC,0.5445805191993713,localization_error,0.46446695923805237,0.46446695923805237,0900220012200306102724162HG_1293807000_485095000,6298,"[366.5673828125, 685.2426147460938, 837.1384887695312, 774.0248413085938]",P5
AC,0.8860535025596619,TP,0.8600856065750122,0.8600856065750122,0900220012200306102905319HG_1293811400_485005800,6299,"[318.6796569824219, 582.5589599609375, 687.0558471679688, 757.8091430664062]",P5
AC,0.8067834973335266,TP,0.5090739130973816,0.5090739130973816,0900220012200306102920336HG_1293815300_484982100,6300,"[305.47943115234375, 590.8463745117188, 1021.1159057617188, 801.8855590820312]",P5
AC,0.3894002437591553,duplicate_prediction,0.8099552392959595,0.8099552392959595,0900220012200306102920336HG_1293815300_484982100,6300,"[305.23126220703125, 591.3351440429688, 796.1535034179688, 784.693359375]",P5
AC,0.943198025226593,TP,0.9153327941894531,0.9153327941894531,0900220012200306102928353HG_1293817500_484968800,6301,"[379.7406005859375, 612.4690551757812, 1023.5307006835938, 808.7110595703125]",P5
MC,0.5370757579803467,TP,0.6949267387390137,0.6949267387390137,0900220012200306102928353HG_1293817500_484968800,6301,"[274.3605041503906, 695.151123046875, 330.349365234375, 711.5597534179688]",P3
AC,0.9344213604927063,TP,0.8798515796661377,0.8798515796661377,0900220012200306102950355HG_1293822900_484935000,6302,"[299.2105407714844, 580.5682983398438, 1024.0, 827.7211303710938]",P5
AC,0.751226544380188,TP,0.8778257966041565,0.8778257966041565,0900220012200306103303670HG_1293826400_484918900,6303,"[287.8760681152344, 576.8030395507812, 821.4332275390625, 767.6360473632812]",P5
AC,0.9030044674873352,TP,0.9705032706260681,0.9705032706260681,0900220012200306103436018HG_1293804900_485075800,6304,"[324.25128173828125, 596.1497192382812, 813.1134033203125, 774.15576171875]",P5
MC,0.9016238451004028,TP,0.7177722454071045,0.7177722454071045,0900220012200306103436018HG_1293804900_485075800,6304,"[642.0562744140625, 658.5462036132812, 688.5068359375, 669.1477661132812]",P3
MC,0.4193028509616852,background_false_positive,0.0,0.0,0900220012200306103436018HG_1293804900_485075800,6304,"[70.68724822998047, 660.0018920898438, 116.22926330566406, 672.0902709960938]",P3
AC,0.8618476390838623,TP,0.6786161065101624,0.6786161065101624,0900220012200306103450098HG_1293807800_485104400,6305,"[463.8012390136719, 595.2008666992188, 746.963623046875, 763.8291625976562]",P5
AC,0.6440567970275879,background_false_positive,0.0,0.0,0900220012200306103450098HG_1293807800_485104400,6305,"[0.23698730766773224, 604.8014526367188, 338.0480651855469, 701.9041137695312]",P5
AC,0.3173869848251343,background_false_positive,0.0,0.0,0900220012200306103450098HG_1293807800_485104400,6305,"[0.3287597596645355, 624.9490966796875, 261.93658447265625, 701.7621459960938]",P4
AC,0.8993945717811584,TP,0.6033682227134705,0.6033682227134705,0900220012200306103544182HG_1293800000_485198800,6306,"[0.608837902545929, 630.2789916992188, 281.11236572265625, 716.6857299804688]",P5
AC,0.8525519967079163,TP,0.9143834114074707,0.9143834114074707,0900220012200306103544182HG_1293800000_485198800,6306,"[302.98468017578125, 610.4210205078125, 749.1516723632812, 767.3241577148438]",P5
AC,0.9355924725532532,TP,0.8794137835502625,0.8794137835502625,0900220012200306103602786HG_1293797700_485224300,6307,"[347.77215576171875, 616.7219848632812, 755.74658203125, 764.5863647460938]",P5
LC,0.8815752267837524,localization_error,0.4024723470211029,0.4024723470211029,0900220012200306103602786HG_1293797700_485224300,6307,"[582.6224365234375, 607.8351440429688, 1021.9779663085938, 790.8209228515625]",P5
AC,0.9108901619911194,TP,0.8982183933258057,0.8982183933258057,0900220012200306103750701HG_1293786200_485278900,6308,"[312.3103332519531, 605.6495361328125, 1023.2830200195312, 795.8487548828125]",P5
MC,0.8907048106193542,TP,0.894773542881012,0.894773542881012,09002200122003061503213796G_1294528600_484400800,6498,"[693.2264404296875, 708.77490234375, 764.5946044921875, 728.201171875]",P3
LC,0.8854511380195618,background_false_positive,0.0,0.050708383321762085,09002200122003061503213796G_1294528600_484400800,6498,"[479.80596923828125, 618.173828125, 543.64501953125, 751.0684814453125]",P4
AC,0.8592925667762756,TP,0.5806950330734253,0.5806950330734253,09002200122003061503213796G_1294528600_484400800,6498,"[0.0, 608.9690551757812, 485.1985778808594, 811.4924926757812]",P5
LC,0.3672744929790497,TP,0.7622191309928894,0.7622191309928894,09002200122003061503213796G_1294528600_484400800,6498,"[660.1925659179688, 616.0513916015625, 901.0637817382812, 769.7023315429688]",P5
LP,0.819668173789978,TP,0.786628246307373,0.786628246307373,0900220012200306152600103HG_1294441000_485184400,6309,"[474.4384765625, 650.3640747070312, 487.9964904785156, 696.7794799804688]",P3
LC,0.7228174805641174,background_false_positive,0.0,0.0,0900220012200306152600103HG_1294441000_485184400,6309,"[674.4382934570312, 665.1290283203125, 1022.94921875, 826.89306640625]",P5
TP,0.6297507882118225,TP,0.5924131274223328,0.5924131274223328,0900220012200306152600103HG_1294441000_485184400,6309,"[261.3587341308594, 625.7658081054688, 473.8556823730469, 640.0712280273438]",P4
LC,0.2556953430175781,background_false_positive,0.0,0.0,0900220012200306152600103HG_1294441000_485184400,6309,"[863.0302124023438, 760.9403686523438, 1023.5087280273438, 825.0524291992188]",P4
TP,0.7465781569480896,TP,0.8793591260910034,0.8793591260910034,0900220012200306152626168HG_1294401300_485147500,6310,"[200.05577087402344, 654.4262084960938, 567.7351684570312, 685.1984252929688]",P5
TC,0.2950749695301056,classification_error,0.0,0.6309815049171448,0900220012200306152626168HG_1294401300_485147500,6310,"[1.693658471107483, 716.4198608398438, 168.0283203125, 764.3889770507812]",P4
TP,0.2508642077445984,TP,0.726003110408783,0.726003110408783,0900220012200306152626168HG_1294401300_485147500,6310,"[2.3875977993011475, 716.343994140625, 145.17849731445312, 764.3969116210938]",P4
LP,0.8894416689872742,TP,0.9408711791038513,0.9408711791038513,0900220012200306152648243HG_1294367800_485115500,6311,"[620.5672607421875, 621.0296020507812, 666.0820922851562, 689.1827392578125]",P3
LP,0.8849175572395325,TP,0.8702369928359985,0.8702369928359985,0900220012200306152648243HG_1294367800_485115500,6311,"[650.5070190429688, 642.1256713867188, 792.358154296875, 727.9723510742188]",P4
LP,0.8093389272689819,TP,0.6579539179801941,0.6579539179801941,0900220012200306152648243HG_1294367800_485115500,6311,"[365.83526611328125, 598.6693725585938, 437.4821472167969, 681.9503784179688]",P4
LP,0.7952349185943604,duplicate_prediction,0.8628692626953125,0.8628692626953125,0900220012200306152648243HG_1294367800_485115500,6311,"[367.4341735839844, 616.2279663085938, 430.2124938964844, 682.34814453125]",P3
LP,0.33279895782470703,localization_error,0.18694433569908142,0.18694433569908142,0900220012200306152648243HG_1294367800_485115500,6311,"[618.6150512695312, 597.2960815429688, 643.6703491210938, 614.8297729492188]",P3
LP,0.3283977508544922,duplicate_prediction,0.5987235903739929,0.5987235903739929,0900220012200306152648243HG_1294367800_485115500,6311,"[624.3516845703125, 642.491455078125, 665.2971801757812, 688.7674560546875]",P3
LP,0.9323612451553345,TP,0.8983974456787109,0.8983974456787109,0900220012200306153115608HG_1294344500_485096300,6312,"[0.79931640625, 683.3430786132812, 221.3493194580078, 765.41357421875]",P4
LC,0.801795244216919,TP,0.841139018535614,0.841139018535614,0900220012200306153115608HG_1294344500_485096300,6312,"[652.9034423828125, 637.7390747070312, 1022.2649536132812, 821.5914306640625]",P5
TP,0.5164014101028442,TP,0.6827616691589355,0.6827616691589355,0900220012200306153115608HG_1294344500_485096300,6312,"[219.65953063964844, 736.8396606445312, 269.200927734375, 757.3298950195312]",P3
TP,0.4736574590206146,TP,0.6680037975311279,0.6680037975311279,0900220012200306153115608HG_1294344500_485096300,6312,"[309.4981689453125, 633.4345092773438, 562.6231689453125, 655.23681640625]",P3
LP,0.437787801027298,localization_error,0.28457111120224,0.28457111120224,0900220012200306153115608HG_1294344500_485096300,6312,"[484.7360534667969, 670.0850219726562, 517.9417114257812, 757.163818359375]",P3
LP,0.42893192172050476,background_false_positive,0.08891861885786057,0.08891861885786057,0900220012200306153115608HG_1294344500_485096300,6312,"[482.19317626953125, 589.5642700195312, 501.03106689453125, 655.3362426757812]",P3
TP,0.36925485730171204,duplicate_prediction,0.5324296951293945,0.5324296951293945,0900220012200306153115608HG_1294344500_485096300,6312,"[307.8146057128906, 640.5930786132812, 577.4906005859375, 654.9909057617188]",P3
LP,0.7289068102836609,TP,0.8992792367935181,0.8992792367935181,0900220012200306153125640HG_1294330800_485084900,6313,"[416.58599853515625, 706.7140502929688, 430.40728759765625, 761.3289184570312]",P3
LP,0.6973081231117249,TP,0.8578947186470032,0.8578947186470032,0900220012200306153125640HG_1294330800_485084900,6313,"[449.3368225097656, 591.26416015625, 475.47021484375, 644.69287109375]",P3
TP,0.6688382625579834,TP,0.5394423604011536,0.5394423604011536,0900220012200306153125640HG_1294330800_485084900,6313,"[218.46963500976562, 639.751953125, 504.2872619628906, 663.3656616210938]",P4
LP,0.7988229393959045,TP,0.841751754283905,0.841751754283905,0900220012200306153136642HG_1294313400_485070100,6314,"[377.1611328125, 622.4221801757812, 420.3498229980469, 663.0084228515625]",P3
LC,0.6013480424880981,background_false_positive,0.0,0.0724310427904129,0900220012200306153136642HG_1294313400_485070100,6314,"[843.46484375, 701.0504150390625, 1024.0, 755.1974487304688]",P4
TP,0.5995198488235474,TP,0.7657988667488098,0.7657988667488098,0900220012200306153136642HG_1294313400_485070100,6314,"[99.2342300415039, 685.07275390625, 556.4578857421875, 735.8551635742188]",P5
LP,0.5441733598709106,TP,0.7486945390701294,0.7486945390701294,0900220012200306153136642HG_1294313400_485070100,6314,"[459.86865234375, 636.06103515625, 467.8350524902344, 655.9088745117188]",P3
TP,0.4996902346611023,localization_error,0.44460198283195496,0.4839721918106079,0900220012200306153136642HG_1294313400_485070100,6314,"[99.77314758300781, 681.6215209960938, 897.8119506835938, 734.8764038085938]",P5
LP,0.33944517374038696,localization_error,0.258714497089386,0.258714497089386,0900220012200306153136642HG_1294313400_485070100,6314,"[491.3327331542969, 590.5762939453125, 507.3835144042969, 639.7337036132812]",P4
LP,0.3099687695503235,TP,0.663536787033081,0.663536787033081,0900220012200306153136642HG_1294313400_485070100,6314,"[489.31427001953125, 621.5545043945312, 504.4125061035156, 638.8267822265625]",P3
LP,0.26494354009628296,TP,0.8410049676895142,0.8410049676895142,0900220012200306153136642HG_1294313400_485070100,6314,"[512.1091918945312, 623.0098266601562, 525.7348022460938, 640.5719604492188]",P3
LP,0.2618865370750427,localization_error,0.46524661779403687,0.46524661779403687,0900220012200306153136642HG_1294313400_485070100,6314,"[490.1784362792969, 585.859375, 504.20556640625, 611.6031494140625]",P3
LP,0.26092979311943054,duplicate_prediction,0.5090254545211792,0.5090254545211792,0900220012200306153136642HG_1294313400_485070100,6314,"[489.7804870605469, 622.4449462890625, 513.57763671875, 639.78076171875]",P3
LP,0.9403644800186157,TP,0.7749682664871216,0.7749682664871216,0900220012200306153332612HG_1294212200_485015900,6315,"[468.13433837890625, 599.2973022460938, 508.2001647949219, 737.646484375]",P3
TP,0.5850539207458496,classification_error,0.0,0.8624635338783264,0900220012200306153332612HG_1294212200_485015900,6315,"[25.086034774780273, 662.4103393554688, 1020.1652221679688, 739.5827026367188]",P5
LC,0.5075381994247437,localization_error,0.3108755052089691,0.3108755052089691,0900220012200306153332612HG_1294212200_485015900,6315,"[316.0080871582031, 657.5466918945312, 370.5328369140625, 735.2716674804688]",P3
TC,0.44905731081962585,TP,0.810706615447998,0.810706615447998,0900220012200306153332612HG_1294212200_485015900,6315,"[48.209571838378906, 655.1344604492188, 1019.0031127929688, 739.7032470703125]",P5
TC,0.3078042268753052,localization_error,0.42480504512786865,0.42480504512786865,0900220012200306153332612HG_1294212200_485015900,6315,"[65.78315734863281, 691.9157104492188, 687.5404663085938, 740.1228637695312]",P5
TP,0.2599290907382965,classification_error,0.0,0.7257401943206787,0900220012200306153332612HG_1294212200_485015900,6315,"[68.90644836425781, 684.1199340820312, 991.4714965820312, 739.5966796875]",P5
TC,0.7226027250289917,TP,0.9536805152893066,0.9536805152893066,0900220012200307100557475HJ_1295976400_484556900,6517,"[888.6062622070312, 723.2081298828125, 1024.0, 764.0466918945312]",P4
LP,0.702503502368927,TP,0.5412233471870422,0.5412233471870422,0900220012200307100557475HJ_1295976400_484556900,6517,"[253.51968383789062, 647.16015625, 338.2322692871094, 675.3355712890625]",P3
TP,0.5694823265075684,TP,0.6927011609077454,0.6927011609077454,0900220012200307100557475HJ_1295976400_484556900,6517,"[99.89775848388672, 658.6888427734375, 301.399658203125, 694.9772338867188]",P4
TP,0.46521759033203125,TP,0.6776202321052551,0.6776202321052551,0900220012200307100557475HJ_1295976400_484556900,6517,"[537.4588012695312, 637.5219116210938, 957.9330444335938, 658.6339721679688]",P4
TC,0.7391021847724915,TP,0.7984662652015686,0.7984662652015686,0900220012200307103714690HG_1294305600_485060200,6316,"[22.108007431030273, 684.6388549804688, 887.4781494140625, 746.7765502929688]",P5
MC,0.8278347849845886,TP,0.7579400539398193,0.7579400539398193,0900220012200307104717301HJ_1295992600_484547100,6518,"[551.1295776367188, 677.6522216796875, 590.8317260742188, 687.3118896484375]",P3
LC,0.7998555898666382,TP,0.9048948287963867,0.9048948287963867,0900220012200307104717301HJ_1295992600_484547100,6518,"[468.8099670410156, 595.9740600585938, 514.6098022460938, 659.3002319335938]",P4
MC,0.6926196217536926,TP,0.8322879672050476,0.8322879672050476,0900220012200307104717301HJ_1295992600_484547100,6518,"[422.7162170410156, 657.2468872070312, 458.81036376953125, 665.75537109375]",P3
AC,0.2797324061393738,background_false_positive,0.0,0.3641318082809448,0900220012200307113258908HJ_1295993200_484692400,6519,"[437.0002136230469, 631.3287963867188, 793.7320556640625, 706.6246337890625]",P5
TC,0.4704422354698181,background_false_positive,0.0,0.0,0900220012200307113424787HJ_1295976700_484576600,6520,"[0.0, 423.994384765625, 301.7513122558594, 490.5888366699219]",P4
TC,0.4204868674278259,TP,0.7442874312400818,0.7442874312400818,0900220012200307113424787HJ_1295976700_484576600,6520,"[445.71337890625, 651.2566528320312, 788.4557495117188, 665.4838256835938]",P4
LC,0.9308453798294067,TP,0.9084408283233643,0.9084408283233643,09002200122003071150523747C_1295524500_481722400,6988,"[526.5457153320312, 586.7171020507812, 687.8983764648438, 842.1437377929688]",P4
LC,0.7905686497688293,TP,0.8333603739738464,0.8333603739738464,0900220012200307120119496HG_1293993100_484928100,6317,"[677.7631225585938, 684.5524291992188, 729.8822631835938, 772.5489501953125]",P4
AC,0.3184026777744293,background_false_positive,0.0,0.0,0900220012200307120119496HG_1293993100_484928100,6317,"[409.0877990722656, 709.1689453125, 660.6112670898438, 765.4150390625]",P4
TC,0.2534347474575043,background_false_positive,0.0,0.0,0900220012200307120119496HG_1293993100_484928100,6317,"[855.2815551757812, 712.0750122070312, 974.7854614257812, 729.1466674804688]",P3
TP,0.7569440603256226,TP,0.8827336430549622,0.8827336430549622,0900220012200307120947327HJ_1296038100_484411800,6521,"[431.4303894042969, 655.0678100585938, 997.1159057617188, 739.7865600585938]",P5
TP,0.6243990659713745,TP,0.6982827186584473,0.6982827186584473,0900220012200307120947327HJ_1296038100_484411800,6521,"[112.73067474365234, 696.46533203125, 270.7622985839844, 736.7413330078125]",P4
LP,0.7249577641487122,TP,0.5115677714347839,0.5115677714347839,0900220012200307121443532HJ_1296024300_484087300,6522,"[605.182373046875, 619.0782470703125, 704.462646484375, 691.7268676757812]",P4
LC,0.33265477418899536,background_false_positive,0.0,0.0,0900220012200307121443532HJ_1296024300_484087300,6522,"[514.5541381835938, 622.0841674804688, 540.654052734375, 741.1121215820312]",P4
LC,0.7188723683357239,TP,0.8794503211975098,0.8794503211975098,0900220012200307122302884HJ_1296423300_484021600,6523,"[365.78997802734375, 592.7417602539062, 509.8604431152344, 758.3388061523438]",P4
LC,0.3715290129184723,localization_error,0.4898524284362793,0.4898524284362793,0900220012200307122302884HJ_1296423300_484021600,6523,"[364.2891540527344, 635.0087280273438, 474.2772521972656, 758.03955078125]",P4
LC,0.7326779365539551,TP,0.7902216911315918,0.7902216911315918,0900220012200307122556664HJ_1296561700_484026700,6524,"[129.37960815429688, 687.9473876953125, 388.3509826660156, 769.1139526367188]",P4
TC,0.3427918255329132,classification_error,0.0,0.7060040831565857,0900220012200307122556664HJ_1296561700_484026700,6524,"[128.78652954101562, 687.3956909179688, 398.3782653808594, 757.0552368164062]",P5
LC,0.9061248898506165,TP,0.7593358755111694,0.7593358755111694,0900220012200307123256322HJ_1296522000_484025900,6525,"[798.7880859375, 637.1668090820312, 1023.8045043945312, 704.4392700195312]",P4
TC,0.8673433065414429,TP,0.6042612791061401,0.6042612791061401,0900220012200307123256322HJ_1296522000_484025900,6525,"[245.12828063964844, 665.4702758789062, 414.352294921875, 740.204345703125]",P4
MC,0.6133641004562378,TP,0.7418195605278015,0.7418195605278015,0900220012200307123256322HJ_1296522000_484025900,6525,"[142.03941345214844, 646.3485717773438, 181.5782928466797, 656.8234252929688]",P3
LC,0.9215676188468933,TP,0.9527633786201477,0.9527633786201477,0900220012200307123355749HJ_1296445800_484022700,6526,"[0.127685546875, 632.5642700195312, 388.0050964355469, 793.2027587890625]",P5
MC,0.27491772174835205,TP,0.5263146758079529,0.5263146758079529,0900220012200307123355749HJ_1296445800_484022700,6526,"[546.9088134765625, 611.3367919921875, 575.1285400390625, 620.8014526367188]",P3
LC,0.648288905620575,TP,0.7481694221496582,0.7481694221496582,0900220012200307124145277HG_1294077300_484955000,6318,"[462.4686584472656, 692.7052001953125, 492.5865173339844, 771.3356323242188]",P4
LC,0.27832019329071045,background_false_positive,0.0,0.0,0900220012200307124145277HG_1294077300_484955000,6318,"[645.4942626953125, 612.435546875, 718.26806640625, 643.2643432617188]",P3
TC,0.8332937359809875,TP,0.8169234395027161,0.8169234395027161,0900220012200307124500812HG_1294179100_484997900,6319,"[524.1893920898438, 666.063720703125, 836.0152587890625, 731.4818725585938]",P4
TC,0.7916490435600281,TP,0.8657941222190857,0.8657941222190857,0900220012200307125403197HJ_1296226400_484033200,6527,"[7.960156440734863, 734.4527587890625, 145.3171844482422, 780.7890625]",P4
TC,0.7271145582199097,TP,0.6822605729103088,0.6822605729103088,0900220012200307125403197HJ_1296226400_484033200,6527,"[756.7576904296875, 715.7086181640625, 921.5751953125, 744.8598022460938]",P4
TC,0.7159215211868286,TP,0.7437257766723633,0.7437257766723633,0900220012200307125403197HJ_1296226400_484033200,6527,"[143.3790740966797, 702.5282592773438, 293.8917236328125, 740.4503784179688]",P4
TC,0.6021440625190735,localization_error,0.4803342819213867,0.4803342819213867,0900220012200307125403197HJ_1296226400_484033200,6527,"[141.8915252685547, 702.8787231445312, 376.6739196777344, 740.2631225585938]",P4
LC,0.3167290985584259,background_false_positive,0.0,0.0,0900220012200307125403197HJ_1296226400_484033200,6527,"[675.6029663085938, 701.150634765625, 724.4478149414062, 741.3849487304688]",P3
LC,0.8733826279640198,TP,0.6304752230644226,0.6304752230644226,0900220012200307125748015HJ_1295971800_484049900,6528,"[570.6109619140625, 617.1267700195312, 625.7117309570312, 739.6734619140625]",P4
MC,0.9339747428894043,TP,0.908990740776062,0.908990740776062,0900220012200307130851286HG_1294854000_484418000,6320,"[0.5028442740440369, 799.1090698242188, 69.42317199707031, 839.5768432617188]",P3
LP,0.6407904028892517,TP,0.5662853121757507,0.5662853121757507,0900220012200307130851286HG_1294854000_484418000,6320,"[480.4779357910156, 674.982421875, 509.7560729980469, 767.9068603515625]",P4
MC,0.9075095653533936,TP,0.8772745728492737,0.8772745728492737,0900220012200307130940205HG_1294871300_484352700,6321,"[177.2628173828125, 722.62548828125, 240.2537841796875, 741.4862670898438]",P3
LP,0.7621883749961853,TP,0.8205348253250122,0.8205348253250122,0900220012200307130940205HG_1294871300_484352700,6321,"[503.289306640625, 608.6232299804688, 541.8356323242188, 677.9300537109375]",P3
TC,0.6083343029022217,TP,0.9425020217895508,0.9425020217895508,0900220012200307131800462HJ_1295929000_483957100,6529,"[889.5979614257812, 735.5814819335938, 1000.8336791992188, 762.5765991210938]",P3
LC,0.538048505783081,TP,0.7860000729560852,0.7860000729560852,0900220012200307131800462HJ_1295929000_483957100,6529,"[343.38201904296875, 649.6659545898438, 445.8814392089844, 735.6220092773438]",P4
MC,0.5246432423591614,TP,0.8963909149169922,0.8963909149169922,0900220012200307131800462HJ_1295929000_483957100,6529,"[108.71099090576172, 734.4485473632812, 197.0998077392578, 769.1319580078125]",P3
MC,0.4609205722808838,background_false_positive,0.0,0.0,0900220012200307131800462HJ_1295929000_483957100,6529,"[932.693359375, 633.58203125, 967.2755737304688, 644.6890869140625]",P3
TC,0.36251047253608704,TP,0.8897233605384827,0.8897233605384827,0900220012200307131800462HJ_1295929000_483957100,6529,"[0.30369263887405396, 687.6608276367188, 72.10033416748047, 712.0827026367188]",P3
MC,0.3494386374950409,TP,0.8229384422302246,0.8229384422302246,0900220012200307131800462HJ_1295929000_483957100,6529,"[200.0325164794922, 725.1190185546875, 270.6719665527344, 749.139892578125]",P3
LC,0.8114443421363831,TP,0.8407572507858276,0.8407572507858276,0900220012200307132417117HJ_1295889200_483837800,6530,"[581.7682495117188, 606.5685424804688, 618.2409057617188, 739.9884643554688]",P4
LC,0.8346542119979858,TP,0.8577204346656799,0.8577204346656799,0900220012200307133450345HJ_1295915100_483467200,6531,"[869.2482299804688, 731.7355346679688, 1024.0, 791.7479858398438]",P4
TC,0.7871031165122986,TP,0.9287899136543274,0.9287899136543274,0900220012200307133450345HJ_1295915100_483467200,6531,"[869.3827514648438, 699.0706176757812, 1024.0, 736.48388671875]",P4
LC,0.9295979142189026,TP,0.5585883855819702,0.5585883855819702,0900220012200307140103897HJ_1295984900_483840400,6532,"[584.3720092773438, 620.6968994140625, 669.7060546875, 740.1138916015625]",P4
MC,0.6252399682998657,TP,0.8521132469177246,0.8521132469177246,0900220012200307142002325HJ_1295931700_483997600,6533,"[618.9510498046875, 615.7017822265625, 645.7255249023438, 621.8578491210938]",P3
MC,0.5993282794952393,TP,0.8327004909515381,0.8327004909515381,0900220012200307142002325HJ_1295931700_483997600,6533,"[402.9178771972656, 607.873291015625, 430.3091735839844, 614.6464233398438]",P3
LC,0.4293317198753357,localization_error,0.3367231786251068,0.3367231786251068,0900220012200307142002325HJ_1295931700_483997600,6533,"[0.47039794921875, 613.052734375, 399.83251953125, 753.4127197265625]",P5
LP,0.8078894019126892,TP,0.6970834136009216,0.6970834136009216,0900220012200307142316929HJ_1295928100_483784800,6534,"[456.1999206542969, 616.1500244140625, 525.1838989257812, 735.1760864257812]",P4
LC,0.7530072331428528,background_false_positive,0.0,0.06559093296527863,0900220012200307142413721HJ_1295926600_483674100,6535,"[449.9899597167969, 610.2794799804688, 508.51348876953125, 726.5037231445312]",P4
MC,0.6969651579856873,TP,0.6858747601509094,0.6858747601509094,0900220012200307142601220HJ_1295927200_483528300,6536,"[432.7987365722656, 620.7760009765625, 458.4349670410156, 627.7318725585938]",P3
TP,0.45162007212638855,localization_error,0.45721226930618286,0.45721226930618286,0900220012200307142601220HJ_1295927200_483528300,6536,"[904.6529541015625, 723.1138916015625, 1023.9888916015625, 772.8930053710938]",P4
TC,0.28358256816864014,localization_error,0.15332633256912231,0.46117210388183594,0900220012200307142601220HJ_1295927200_483528300,6536,"[904.0564575195312, 723.8414916992188, 1023.4744262695312, 773.1592407226562]",P4
LC,0.7131790518760681,TP,0.7926523685455322,0.7926523685455322,0900220012200307142846637HJ_1295930900_483361300,6004,"[490.58184814453125, 658.7775268554688, 546.0499877929688, 736.8319091796875]",P3
LC,0.8854174613952637,TP,0.9181786775588989,0.9181786775588989,0900220012200307143027830HJ_1295932600_483183100,6005,"[758.2437744140625, 671.3892822265625, 813.5482788085938, 747.6547241210938]",P4
TC,0.8248265385627747,TP,0.8548504114151001,0.8548504114151001,0900220012200307143027830HJ_1295932600_483183100,6005,"[30.93853187561035, 694.9774780273438, 224.0083465576172, 753.4219970703125]",P4
LC,0.3218320310115814,background_false_positive,0.0,0.06996523588895798,0900220012200307143027830HJ_1295932600_483183100,6005,"[301.2933349609375, 624.18896484375, 348.7921142578125, 735.9503173828125]",P3
LP,0.9143072366714478,TP,0.8555154800415039,0.8555154800415039,0900220012200307143633119HJ_1295927000_483481700,6537,"[670.7919921875, 694.7809448242188, 765.7998046875, 750.664306640625]",P4
MC,0.7874462604522705,TP,0.8926557302474976,0.8926557302474976,0900220012200307143633119HJ_1295927000_483481700,6537,"[124.9583969116211, 703.21728515625, 187.1352996826172, 721.5966186523438]",P3
MC,0.6876119375228882,TP,0.793316662311554,0.793316662311554,0900220012200307143633119HJ_1295927000_483481700,6537,"[591.6260375976562, 670.7703247070312, 642.135009765625, 683.2566528320312]",P3
MC,0.46760597825050354,TP,0.8600879311561584,0.8600879311561584,0900220012200307143633119HJ_1295927000_483481700,6537,"[746.0305786132812, 638.00048828125, 781.33935546875, 646.5504150390625]",P3
MC,0.26075050234794617,background_false_positive,0.0,0.0,0900220012200307143633119HJ_1295927000_483481700,6537,"[0.268524169921875, 714.2659301757812, 41.1652946472168, 725.4151611328125]",P3
TP,0.5751667618751526,localization_error,0.31172317266464233,0.31172317266464233,0900220012200307144036520HJ_1295928100_483688300,6538,"[666.5517578125, 664.88232421875, 953.7927856445312, 705.06689453125]",P4
LP,0.5472149848937988,TP,0.6410818696022034,0.6410818696022034,0900220012200307144036520HJ_1295928100_483688300,6538,"[460.7936706542969, 620.4244995117188, 499.3883972167969, 704.9774780273438]",P4
TP,0.4906849265098572,TP,0.6031626462936401,0.6031626462936401,0900220012200307144036520HJ_1295928100_483688300,6538,"[620.0118408203125, 672.0563354492188, 925.416015625, 715.0343017578125]",P4
TP,0.3749067187309265,background_false_positive,0.0,0.07101666927337646,0900220012200307144036520HJ_1295928100_483688300,6538,"[287.8184509277344, 668.407470703125, 478.1857604980469, 694.3677368164062]",P4
TP,0.271175354719162,background_false_positive,0.0,0.03121921792626381,0900220012200307144036520HJ_1295928100_483688300,6538,"[327.7843933105469, 670.4617919921875, 467.28204345703125, 692.0166625976562]",P3
LP,0.6284751296043396,TP,0.5045483112335205,0.5045483112335205,0900220012200307144417423HJ_1295930700_483856200,6539,"[497.5218811035156, 621.5405883789062, 542.5341796875, 738.7933349609375]",P4
MC,0.866272509098053,TP,0.8444782495498657,0.8444782495498657,0900220012200307144806384HJ_1295933100_484007300,6540,"[762.8551025390625, 687.2094116210938, 819.1765747070312, 701.2301025390625]",P3
LP,0.8528087139129639,TP,0.9144973158836365,0.9144973158836365,0900220012200307144806384HJ_1295933100_484007300,6540,"[763.073974609375, 643.1170043945312, 965.4623413085938, 725.3889770507812]",P4
LP,0.3151865303516388,localization_error,0.2512086033821106,0.2512086033821106,0900220012200307144806384HJ_1295933100_484007300,6540,"[959.3810424804688, 700.8585815429688, 1024.0, 721.719970703125]",P4
P,0.6578440070152283,localization_error,0.482268750667572,0.482268750667572,09002200122003071459263316G_1294672500_483249600,6499,"[723.3204956054688, 713.0429077148438, 744.1373291015625, 723.20263671875]",P3
MC,0.5252068638801575,background_false_positive,0.0,0.0,09002200122003071459263316G_1294672500_483249600,6499,"[613.0657958984375, 612.6897583007812, 658.9374389648438, 628.9918823242188]",P3
LP,0.9494195580482483,TP,0.8683297634124756,0.8683297634124756,0900220012200307151036459HG_1294936500_484112900,6323,"[240.74368286132812, 639.9003295898438, 381.8467102050781, 748.7117919921875]",P4
LP,0.9479353427886963,TP,0.9162276983261108,0.9162276983261108,0900220012200307151036459HG_1294936500_484112900,6323,"[555.6975708007812, 623.2174682617188, 708.6994018554688, 769.9833374023438]",P4
TP,0.9001072645187378,TP,0.960582435131073,0.960582435131073,0900220012200307151036459HG_1294936500_484112900,6323,"[763.0658569335938, 723.3521728515625, 947.6832275390625, 773.0875244140625]",P4
TP,0.7945912480354309,TP,0.8523075580596924,0.8523075580596924,0900220012200307151036459HG_1294936500_484112900,6323,"[2.870361328125, 737.0138549804688, 213.9943389892578, 780.4185180664062]",P4
LP,0.8897481560707092,TP,0.9294096827507019,0.9294096827507019,0900220012200307151054573HG_1294926500_484150600,6324,"[0.0, 717.3861694335938, 220.36880493164062, 827.3624267578125]",P4
LP,0.595578670501709,TP,0.9294716119766235,0.9294716119766235,0900220012200307151054573HG_1294926500_484150600,6324,"[546.1156616210938, 664.113525390625, 611.7890625, 763.4613037109375]",P4
LP,0.5633584856987,localization_error,0.3674828112125397,0.4272173345088959,0900220012200307151054573HG_1294926500_484150600,6324,"[512.74169921875, 592.9044189453125, 611.564453125, 765.3375244140625]",P4
TP,0.25456035137176514,background_false_positive,0.0,0.0952870324254036,0900220012200307151054573HG_1294926500_484150600,6324,"[181.62998962402344, 688.5399780273438, 742.95166015625, 729.9157104492188]",P5
LP,0.8789628744125366,TP,0.9457395672798157,0.9457395672798157,0900220012200307153208436HJ_1296031800_484124700,6541,"[563.9198608398438, 609.267333984375, 649.1454467773438, 734.2951049804688]",P4
LP,0.8327447175979614,TP,0.8564335703849792,0.8564335703849792,0900220012200307153208436HJ_1296031800_484124700,6541,"[781.4945678710938, 706.7203369140625, 836.3097534179688, 754.2472534179688]",P4
LP,0.6522660851478577,TP,0.8838598728179932,0.8838598728179932,0900220012200307153208436HJ_1296031800_484124700,6541,"[604.4606323242188, 601.8324584960938, 673.5382690429688, 649.1002197265625]",P3
TP,0.600899875164032,TP,0.7918986678123474,0.7918986678123474,0900220012200307153208436HJ_1296031800_484124700,6541,"[481.16357421875, 654.8507690429688, 793.6814575195312, 670.867431640625]",P5
TP,0.5602277517318726,duplicate_prediction,0.7603033185005188,0.7603033185005188,0900220012200307153208436HJ_1296031800_484124700,6541,"[470.7770690917969, 659.4547119140625, 792.4672241210938, 673.2826538085938]",P5
TP,0.3290958106517792,TP,0.8096610903739929,0.8096610903739929,0900220012200307153208436HJ_1296031800_484124700,6541,"[109.00593566894531, 696.1378173828125, 235.74465942382812, 739.8746948242188]",P4
TP,0.26486292481422424,localization_error,0.3985956907272339,0.3985956907272339,0900220012200307153208436HJ_1296031800_484124700,6541,"[476.099609375, 663.0057983398438, 705.5900268554688, 674.07373046875]",P3
AC,0.8959729671478271,TP,0.8823233842849731,0.8823233842849731,0900220012200307153315954HJ_1296042700_484254900,6542,"[399.32373046875, 610.9852905273438, 735.3269653320312, 762.1339721679688]",P5
LP,0.8666248321533203,TP,0.9085047841072083,0.9085047841072083,0900220012200307153447604HJ_1296047500_484359100,6543,"[462.5730895996094, 633.1778564453125, 525.597900390625, 741.6536254882812]",P4
LP,0.7220728993415833,TP,0.8675302863121033,0.8675302863121033,0900220012200307153447604HJ_1296047500_484359100,6543,"[621.3366088867188, 649.5308837890625, 675.6778564453125, 742.779296875]",P4
LP,0.5709211230278015,TP,0.7105437517166138,0.7105437517166138,0900220012200307153447604HJ_1296047500_484359100,6543,"[584.33984375, 609.1681518554688, 607.6295166015625, 645.6576538085938]",P3
TC,0.5533660054206848,TP,0.7440665364265442,0.7440665364265442,0900220012200307153447604HJ_1296047500_484359100,6543,"[726.4832153320312, 718.4141845703125, 958.4480590820312, 742.4003295898438]",P4
LP,0.38812577724456787,duplicate_prediction,0.8618475794792175,0.8618475794792175,0900220012200307153447604HJ_1296047500_484359100,6543,"[585.6843872070312, 600.2906494140625, 609.7807006835938, 643.0685424804688]",P3
MC,0.3121262788772583,TP,0.6667505502700806,0.6667505502700806,0900220012200307153447604HJ_1296047500_484359100,6543,"[794.2060546875, 630.7947387695312, 825.9197387695312, 637.1396484375]",P3
LC,0.7503113150596619,TP,0.8886623978614807,0.8886623978614807,0900220012200307155316135HJ_1296043000_484186700,6544,"[463.07861328125, 609.1849975585938, 521.7229614257812, 739.7306518554688]",P4
LC,0.4696504473686218,TP,0.5912763476371765,0.5912763476371765,0900220012200307155316135HJ_1296043000_484186700,6544,"[563.4182739257812, 616.1973876953125, 587.6493530273438, 722.22119140625]",P3
TC,0.26402485370635986,TP,0.5349856615066528,0.5349856615066528,0900220012200307160243726HJ_1296031100_484250300,6545,"[587.8909912109375, 619.8236694335938, 748.6997680664062, 629.2760009765625]",P3
LC,0.572660505771637,background_false_positive,0.0,0.24655725061893463,0900220012200307160338367HJ_1295959200_484241500,6546,"[486.1055603027344, 688.6925048828125, 514.2229614257812, 744.7089233398438]",P3
TC,0.3363073468208313,classification_error,0.0,0.5612562298774719,0900220012200307160338367HJ_1295959200_484241500,6546,"[250.17849731445312, 661.3287963867188, 917.5687866210938, 696.9869995117188]",P5
LC,0.3026045858860016,background_false_positive,0.0,0.19969454407691956,0900220012200307160338367HJ_1295959200_484241500,6546,"[476.9024353027344, 689.1810913085938, 510.81427001953125, 744.5552368164062]",P3
LC,0.8301510810852051,TP,0.8856081366539001,0.8856081366539001,0900220012200307161459681HJ_1295991700_484559400,6547,"[0.483551025390625, 698.8018798828125, 182.3914031982422, 768.4485473632812]",P4
MC,0.5625308752059937,TP,0.5847973227500916,0.5847973227500916,0900220012200307161459681HJ_1295991700_484559400,6547,"[776.56005859375, 620.7955932617188, 805.5751342773438, 629.0852661132812]",P3
LC,0.8552063703536987,TP,0.5276904702186584,0.5276904702186584,0900220012200307161612762HJ_1295979100_484631500,6548,"[625.6611328125, 632.3489379882812, 735.3331909179688, 749.6061401367188]",P4
MC,0.7330101132392883,TP,0.9020872116088867,0.9020872116088867,0900220012200307161612762HJ_1295979100_484631500,6548,"[0.5735718011856079, 732.6964111328125, 53.2208366394043, 765.33251953125]",P3
LP,0.9345357418060303,TP,0.8968582153320312,0.8968582153320312,09002200122003101038363506G_1295591400_483779600,6736,"[540.3563842773438, 646.3544921875, 606.9342041015625, 795.5769653320312]",P4
MC,0.9074815511703491,TP,0.6711695194244385,0.6711695194244385,09002200122003101038363506G_1295591400_483779600,6736,"[380.9928894042969, 659.4052124023438, 435.71826171875, 673.3126831054688]",P3
MC,0.8498551845550537,TP,0.7870655655860901,0.7870655655860901,09002200122003101038363506G_1295591400_483779600,6736,"[790.7080078125, 636.7745971679688, 848.6388549804688, 653.517578125]",P3
MC,0.45100703835487366,background_false_positive,0.0,0.0,09002200122003101038363506G_1295591400_483779600,6736,"[777.09375, 576.7982788085938, 811.9869384765625, 584.9340209960938]",P3
LP,0.29363805055618286,TP,0.8895490765571594,0.8895490765571594,09002200122003101038363506G_1295591400_483779600,6736,"[236.691162109375, 713.3662109375, 334.4467468261719, 796.7699584960938]",P4
AC,0.6270037889480591,TP,0.6797909140586853,0.6797909140586853,0900220012200310111333665HJ_1295256300_484812900,6325,"[345.25177001953125, 649.29296875, 605.3905639648438, 769.8156127929688]",P5
TP,0.9275110960006714,TP,0.9010967016220093,0.9010967016220093,09002200122003101132030766G_1295559100_483857600,6737,"[0.8890747427940369, 771.6238403320312, 136.3911895751953, 819.2947387695312]",P4
LP,0.8993439078330994,classification_error,0.0,0.9358881115913391,09002200122003101132030766G_1295559100_483857600,6737,"[626.17236328125, 632.8274536132812, 716.5778198242188, 766.7100830078125]",P4
TP,0.8950826525688171,TP,0.7612466216087341,0.7612466216087341,09002200122003101132030766G_1295559100_483857600,6737,"[915.001953125, 778.3861694335938, 1023.95703125, 818.5279541015625]",P4
LP,0.8785107135772705,TP,0.8215022087097168,0.8215022087097168,09002200122003101132030766G_1295559100_483857600,6737,"[525.796875, 549.51708984375, 575.5238647460938, 579.2590942382812]",P3
LP,0.4598061144351959,localization_error,0.2894744277000427,0.2894744277000427,09002200122003101132030766G_1295559100_483857600,6737,"[569.4630737304688, 552.1488647460938, 589.601318359375, 576.2279663085938]",P3
LP,0.3328588902950287,TP,0.5311830639839172,0.5311830639839172,09002200122003101132030766G_1295559100_483857600,6737,"[570.2636108398438, 551.5358276367188, 603.3583374023438, 578.0753173828125]",P3
LP,0.9607983231544495,TP,0.9605903029441833,0.9605903029441833,09002200122003101132444006G_1295527900_483908800,6738,"[239.9553680419922, 593.5826416015625, 390.2378845214844, 679.96728515625]",P4
LP,0.9235241413116455,TP,0.9664834141731262,0.9664834141731262,09002200122003101132444006G_1295527900_483908800,6738,"[538.4906616210938, 521.4099731445312, 749.416015625, 795.9773559570312]",P5
TP,0.9038314819335938,TP,0.9261011481285095,0.9261011481285095,09002200122003101132444006G_1295527900_483908800,6738,"[51.74604415893555, 711.1915893554688, 488.2464294433594, 768.5759887695312]",P5
LP,0.7851723432540894,TP,0.8976664543151855,0.8976664543151855,09002200122003101132444006G_1295527900_483908800,6738,"[469.47344970703125, 569.6622924804688, 490.57421875, 632.1242065429688]",P3
TP,0.5845643877983093,TP,0.8083405494689941,0.8083405494689941,09002200122003101132444006G_1295527900_483908800,6738,"[590.8826293945312, 612.1080932617188, 800.90625, 625.6043090820312]",P3
LP,0.27761200070381165,duplicate_prediction,0.6118437647819519,0.6118437647819519,09002200122003101132444006G_1295527900_483908800,6738,"[471.0947265625, 565.1663208007812, 489.3672790527344, 621.8526611328125]",P3
LC,0.6696473956108093,background_false_positive,0.0,0.0,0900220012200310120922496HG_1294917900_483594400,6326,"[526.8573608398438, 677.1716918945312, 554.99658203125, 769.9343872070312]",P4
LC,0.4095323383808136,localization_error,0.491813063621521,0.491813063621521,0900220012200310120922496HG_1294917900_483594400,6326,"[732.0471801757812, 697.4254150390625, 764.7805786132812, 734.8250122070312]",P3
MC,0.3292088806629181,background_false_positive,0.0,0.026956729590892792,0900220012200310120922496HG_1294917900_483594400,6326,"[896.8336791992188, 721.9574584960938, 946.7200317382812, 738.15625]",P3
MC,0.29125306010246277,background_false_positive,0.0,0.0,0900220012200310120922496HG_1294917900_483594400,6326,"[804.1078491210938, 703.3696899414062, 860.23828125, 723.6016235351562]",P3
LC,0.2576172947883606,background_false_positive,0.0,0.0,0900220012200310120922496HG_1294917900_483594400,6326,"[531.0548095703125, 606.4185791015625, 579.6026611328125, 678.1032104492188]",P4
LP,0.8919186592102051,TP,0.9123660922050476,0.9123660922050476,0900220012200310130157971HG_1294933700_483549600,6327,"[520.45654296875, 644.1033325195312, 620.6241455078125, 774.6510009765625]",P4
LP,0.8731592893600464,TP,0.8803050518035889,0.8803050518035889,0900220012200310130410815HG_1294922800_483612900,6328,"[345.3335876464844, 603.2393798828125, 475.9677734375, 772.5292358398438]",P4
LP,0.86385178565979,TP,0.8335509896278381,0.8335509896278381,0900220012200310130505622HG_1294920800_483639500,6329,"[542.1100463867188, 687.9837036132812, 580.2423095703125, 774.8192749023438]",P3
TP,0.32583901286125183,localization_error,0.3165326714515686,0.3165326714515686,0900220012200310130505622HG_1294920800_483639500,6329,"[0.5193817019462585, 643.4611206054688, 97.05647277832031, 660.1356811523438]",P4
LP,0.29793810844421387,TP,0.7415539026260376,0.7415539026260376,0900220012200310130505622HG_1294920800_483639500,6329,"[179.0142822265625, 636.5358276367188, 227.6883544921875, 662.58447265625]",P3
TP,0.28711968660354614,TP,0.5072179436683655,0.5072179436683655,0900220012200310130505622HG_1294920800_483639500,6329,"[0.34141847491264343, 644.6715698242188, 59.97555160522461, 658.3186645507812]",P3
TP,0.280251681804657,localization_error,0.20379821956157684,0.20379821956157684,0900220012200310130505622HG_1294920800_483639500,6329,"[1.099389672279358, 644.6403198242188, 106.2497329711914, 665.6660766601562]",P3
LC,0.7094857692718506,classification_error,0.0,0.8120894432067871,0900220012200310130549684HG_1294919700_483660200,6330,"[584.34912109375, 670.09375, 650.2861328125, 776.6882934570312]",P4
LP,0.4998660385608673,TP,0.8887842297554016,0.8887842297554016,0900220012200310130549684HG_1294919700_483660200,6330,"[589.1802978515625, 677.1181640625, 649.5092163085938, 776.6488647460938]",P3
TC,0.32314813137054443,TP,0.8149938583374023,0.8149938583374023,0900220012200310130549684HG_1294919700_483660200,6330,"[650.0839233398438, 709.6502685546875, 741.0079956054688, 720.5956420898438]",P3
MC,0.25663527846336365,TP,0.5042276382446289,0.5042276382446289,0900220012200310130549684HG_1294919700_483660200,6330,"[687.5595703125, 633.5624389648438, 717.1724853515625, 644.3450317382812]",P3
LC,0.8131004571914673,TP,0.6166693568229675,0.6166693568229675,09002200122003101409257426G_1295338600_484234900,6739,"[648.2561645507812, 602.6642456054688, 815.5719604492188, 801.0382690429688]",P4
AC,0.8223212957382202,classification_error,0.0,0.9252611994743347,0900220012200311100134261HJ_1296516100_484441000,6549,"[0.719677746295929, 582.2721557617188, 417.28985595703125, 829.197265625]",P5
LC,0.5221979022026062,localization_error,0.380059152841568,0.380059152841568,0900220012200311100134261HJ_1296516100_484441000,6549,"[541.3427734375, 627.0545043945312, 623.0380249023438, 703.9215087890625]",P4
AC,0.28035327792167664,TP,0.8467488288879395,0.8467488288879395,0900220012200311100134261HJ_1296516100_484441000,6549,"[724.2400512695312, 644.0700073242188, 1024.0, 787.8417358398438]",P5
AC,0.9364177584648132,TP,0.8877928853034973,0.8877928853034973,0900220012200311100332655HJ_1296510200_484309300,6550,"[0.0, 592.27294921875, 739.388427734375, 828.8662109375]",P5
MC,0.5120251774787903,background_false_positive,0.0,0.0,0900220012200311100332655HJ_1296510200_484309300,6550,"[434.5914611816406, 595.0795288085938, 460.4524841308594, 601.1629028320312]",P3
AC,0.30667513608932495,TP,0.9046919941902161,0.9046919941902161,0900220012200311100425222HJ_1296528000_484240800,6551,"[0.57373046875, 581.7609252929688, 356.461181640625, 674.1390991210938]",P5
LC,0.8969908952713013,TP,0.8296027779579163,0.8296027779579163,0900220012200311100549938HJ_1296544600_484201300,6552,"[437.0841979980469, 592.4309692382812, 490.45928955078125, 755.3722534179688]",P4
MC,0.7802078723907471,TP,0.7942075729370117,0.7942075729370117,0900220012200311100723068HJ_1296592700_484201200,6553,"[747.33203125, 715.1661987304688, 816.3029174804688, 736.1703491210938]",P3
LC,0.5463883280754089,TP,0.6376419067382812,0.6376419067382812,0900220012200311100723068HJ_1296592700_484201200,6553,"[295.4577331542969, 626.5375366210938, 386.1033630371094, 714.4595947265625]",P4
LC,0.29724299907684326,background_false_positive,0.0,0.0,0900220012200311100723068HJ_1296592700_484201200,6553,"[906.3612670898438, 632.5383911132812, 1024.0, 653.3268432617188]",P3
LC,0.6455045342445374,TP,0.9689640998840332,0.9689640998840332,0900220012200311101817972HJ_1296600500_483927900,6554,"[0.86767578125, 629.8668823242188, 317.091552734375, 735.8525390625]",P5
LP,0.5815709233283997,classification_error,0.0,0.9696577191352844,0900220012200311101817972HJ_1296600500_483927900,6554,"[0.7059570550918579, 626.06005859375, 318.0900573730469, 736.34619140625]",P4
MC,0.3427337110042572,background_false_positive,0.0,0.0,0900220012200311101817972HJ_1296600500_483927900,6554,"[933.560546875, 602.9645385742188, 964.8972778320312, 610.1729736328125]",P3
LP,0.5741287469863892,TP,0.6993640661239624,0.6993640661239624,0900220012200311102036362HG_1295327200_483686000,6331,"[0.5047851800918579, 625.8732299804688, 345.5489196777344, 735.5962524414062]",P4
LC,0.43671247363090515,classification_error,0.0,0.931799590587616,0900220012200311102036362HG_1295327200_483686000,6331,"[0.30449220538139343, 600.6327514648438, 421.599609375, 733.7662963867188]",P5
MC,0.6241033673286438,TP,0.5811185836791992,0.5811185836791992,0900220012200311102835939HG_1295314700_484017200,6332,"[219.71646118164062, 671.9122314453125, 261.48541259765625, 683.3324584960938]",P3
MC,0.4625700116157532,duplicate_prediction,0.8342009782791138,0.8342009782791138,0900220012200311102835939HG_1295314700_484017200,6332,"[218.59487915039062, 674.0344848632812, 261.63482666015625, 684.9140014648438]",P3
LP,0.4413042664527893,localization_error,0.4551140367984772,0.4551140367984772,0900220012200311102835939HG_1295314700_484017200,6332,"[432.7222595214844, 648.2976684570312, 475.3355407714844, 743.9144897460938]",P4
LP,0.2517269253730774,localization_error,0.3439665138721466,0.3439665138721466,0900220012200311102835939HG_1295314700_484017200,6332,"[432.6231384277344, 646.698974609375, 477.5137634277344, 791.8584594726562]",P4
LC,0.8587864637374878,TP,0.940460741519928,0.940460741519928,09002200122003111035313166G_1294763800_483699200,6500,"[573.3390502929688, 571.4711303710938, 642.3175659179688, 788.4442749023438]",P4
MC,0.7033109068870544,TP,0.6701675653457642,0.6701675653457642,09002200122003111035313166G_1294763800_483699200,6500,"[947.4857788085938, 627.3565063476562, 994.0584106445312, 639.521728515625]",P3
LC,0.5617969036102295,background_false_positive,0.0,0.0,09002200122003111035313166G_1294763800_483699200,6500,"[721.2684936523438, 601.85546875, 824.69970703125, 653.9005126953125]",P4
P,0.387262761592865,TP,0.6782310605049133,0.6782310605049133,09002200122003111035313166G_1294763800_483699200,6500,"[667.1495361328125, 722.7362670898438, 686.6425170898438, 730.3350830078125]",P3
AC,0.9061449766159058,TP,0.9232337474822998,0.9232337474822998,0900220012200311104249546HJ_1296793700_483656800,6555,"[0.6051269769668579, 611.5806884765625, 405.68505859375, 826.5997924804688]",P5
LC,0.7091248035430908,TP,0.7533660531044006,0.7533660531044006,0900220012200311104328531HG_1295315100_484070600,6333,"[592.66455078125, 694.4711303710938, 684.7208251953125, 794.7709350585938]",P4
MC,0.29079025983810425,TP,0.6191668510437012,0.6191668510437012,0900220012200311104328531HG_1295315100_484070600,6333,"[443.8981628417969, 671.5792236328125, 479.47540283203125, 681.5282592773438]",P3
TC,0.6633551120758057,TP,0.7368005514144897,0.7368005514144897,0900220012200311104443481HG_1295316400_483986500,6334,"[423.458984375, 680.4580688476562, 861.4682006835938, 725.553466796875]",P4
TC,0.3302515745162964,duplicate_prediction,0.6288058161735535,0.6288058161735535,0900220012200311104443481HG_1295316400_483986500,6334,"[431.07745361328125, 689.7946166992188, 820.6983642578125, 726.5192260742188]",P4
LC,0.9661216139793396,TP,0.9678710103034973,0.9678710103034973,0900220012200311104538838HG_1295320200_483894600,6335,"[0.056640625, 609.9228515625, 417.24932861328125, 837.3679809570312]",P5
MC,0.9283074140548706,TP,0.8824045062065125,0.8824045062065125,0900220012200311104538838HG_1295320200_483894600,6335,"[0.815112292766571, 720.669921875, 76.93544006347656, 745.6002197265625]",P3
LP,0.8360629081726074,TP,0.8793962001800537,0.8793962001800537,0900220012200311104538838HG_1295320200_483894600,6335,"[535.687744140625, 690.5228881835938, 589.9595336914062, 798.4387817382812]",P3
LP,0.6652103066444397,TP,0.8239901065826416,0.8239901065826416,0900220012200311104538838HG_1295320200_483894600,6335,"[491.28955078125, 713.0448608398438, 512.86572265625, 786.1213989257812]",P3
TP,0.5623980760574341,TP,0.704042375087738,0.704042375087738,0900220012200311104538838HG_1295320200_483894600,6335,"[319.714599609375, 679.1593627929688, 489.2695007324219, 696.26708984375]",P3
TP,0.557944118976593,duplicate_prediction,0.5067586898803711,0.5067586898803711,0900220012200311104538838HG_1295320200_483894600,6335,"[330.4024963378906, 683.3515625, 475.7035827636719, 694.7035522460938]",P3
TC,0.3755687177181244,classification_error,0.0,0.5692201256752014,0900220012200311104538838HG_1295320200_483894600,6335,"[895.4465942382812, 778.8976440429688, 1023.9638061523438, 806.6240234375]",P3
TP,0.3287017345428467,duplicate_prediction,0.5954985022544861,0.5954985022544861,0900220012200311104538838HG_1295320200_483894600,6335,"[327.1795349121094, 681.4302978515625, 480.4720153808594, 699.2318725585938]",P3
LC,0.3237338960170746,localization_error,0.4983067512512207,0.4983067512512207,0900220012200311104538838HG_1295320200_483894600,6335,"[314.8659362792969, 697.5300903320312, 453.6945495605469, 795.5977783203125]",P4
LP,0.32239845395088196,classification_error,0.0,0.5044190287590027,0900220012200311104538838HG_1295320200_483894600,6335,"[313.710693359375, 697.59375, 453.5486755371094, 795.224609375]",P4
LP,0.9095984697341919,TP,0.8729888796806335,0.8729888796806335,0900220012200311104556305HG_1295321100_483870900,6336,"[269.64501953125, 693.8112182617188, 379.2560729980469, 793.6055908203125]",P4
LP,0.8321232795715332,classification_error,0.135207861661911,0.8697471022605896,0900220012200311104556305HG_1295321100_483870900,6336,"[59.549072265625, 659.3126220703125, 351.1617126464844, 837.943359375]",P5
LP,0.5609907507896423,TP,0.8237330317497253,0.8237330317497253,0900220012200311104556305HG_1295321100_483870900,6336,"[511.7013854980469, 610.5082397460938, 530.3102416992188, 633.6791381835938]",P3
TP,0.5524442195892334,TP,0.6068554520606995,0.6068554520606995,0900220012200311104556305HG_1295321100_483870900,6336,"[267.8993225097656, 773.00830078125, 413.0013732910156, 794.5443725585938]",P3
TP,0.43633487820625305,localization_error,0.16509169340133667,0.16509169340133667,0900220012200311104556305HG_1295321100_483870900,6336,"[320.868408203125, 691.4884643554688, 636.8610229492188, 720.6439208984375]",P4
TC,0.4108082056045532,TP,0.6148878931999207,0.6148878931999207,0900220012200311104556305HG_1295321100_483870900,6336,"[979.9616088867188, 819.4057006835938, 1023.8602905273438, 844.9037475585938]",P3
LC,0.2630549371242523,TP,0.8087021708488464,0.8087021708488464,0900220012200311104556305HG_1295321100_483870900,6336,"[58.82807540893555, 666.0020751953125, 342.38604736328125, 836.8132934570312]",P5
MC,0.8448073863983154,TP,0.9157094955444336,0.9157094955444336,0900220012200311105522986HJ_1296764700_483684100,6556,"[634.8863525390625, 660.9953002929688, 687.3245239257812, 673.5662231445312]",P3
TP,0.8240922689437866,TP,0.9546851515769958,0.9546851515769958,0900220012200311105522986HJ_1296764700_483684100,6556,"[0.0, 640.9025268554688, 948.0172119140625, 748.8767700195312]",P5
LP,0.7904495596885681,TP,0.8413455486297607,0.8413455486297607,0900220012200311110009260HG_1295329400_483734300,6337,"[501.38873291015625, 578.9877319335938, 520.3228149414062, 811.5826416015625]",P5
LP,0.9351915121078491,TP,0.9394227266311646,0.9394227266311646,0900220012200311110019701HG_1295328300_483754600,6338,"[0.610888659954071, 720.6876220703125, 271.2008361816406, 828.6700439453125]",P5
LP,0.8842920064926147,TP,0.9717265963554382,0.9717265963554382,0900220012200311110019701HG_1295328300_483754600,6338,"[264.4481506347656, 637.6083984375, 338.23052978515625, 694.0074462890625]",P3
P,0.2879617512226105,TP,0.6349532008171082,0.6349532008171082,0900220012200311110019701HG_1295328300_483754600,6338,"[476.2998046875, 744.1925659179688, 496.8080139160156, 752.4857788085938]",P3
LP,0.9272608160972595,TP,0.882594883441925,0.882594883441925,0900220012200311110039967HG_1295326100_483795800,6339,"[292.0678405761719, 704.5928955078125, 387.9491271972656, 796.5614624023438]",P4
LP,0.912172257900238,TP,0.900682270526886,0.900682270526886,0900220012200311110039967HG_1295326100_483795800,6339,"[636.5656127929688, 709.9449462890625, 709.453125, 804.5402221679688]",P4
MC,0.4308805763721466,TP,0.7747710943222046,0.7747710943222046,0900220012200311110039967HG_1295326100_483795800,6339,"[679.6345825195312, 629.6898803710938, 705.2274780273438, 635.4105834960938]",P3
LP,0.42838892340660095,TP,0.7759833335876465,0.7759833335876465,0900220012200311110039967HG_1295326100_483795800,6339,"[915.810546875, 678.008544921875, 1023.9195556640625, 708.3387451171875]",P3
LP,0.2792538106441498,TP,0.9104430675506592,0.9104430675506592,0900220012200311110039967HG_1295326100_483795800,6339,"[846.7890625, 688.408203125, 972.9496459960938, 741.5816650390625]",P3
TP,0.2736559808254242,classification_error,0.0,0.6925305128097534,0900220012200311110039967HG_1295326100_483795800,6339,"[176.0979461669922, 660.593017578125, 974.8334350585938, 711.4186401367188]",P5
TC,0.9644734263420105,TP,0.9353299736976624,0.9353299736976624,09002200122003111145007067C_1295557400_482018900,6989,"[881.7761840820312, 826.6502075195312, 1023.6433715820312, 890.7599487304688]",P4
MC,0.8929921984672546,TP,0.8461036682128906,0.8461036682128906,09002200122003111228021506G_1295235400_481364600,6990,"[154.18148803710938, 730.6857299804688, 236.3647918701172, 764.0103759765625]",P3
LC,0.6621648073196411,background_false_positive,0.0,0.02357771247625351,09002200122003111228021506G_1295235400_481364600,6990,"[541.0458374023438, 598.5761108398438, 584.1329956054688, 732.56591796875]",P4
MC,0.629244327545166,background_false_positive,0.0,0.010905568487942219,09002200122003111228021506G_1295235400_481364600,6990,"[986.3878784179688, 764.3004150390625, 1024.0, 795.6936645507812]",P3
TC,0.5393097400665283,background_false_positive,0.0,0.0012820210540667176,09002200122003111228021506G_1295235400_481364600,6990,"[55.8837890625, 716.2908935546875, 151.3054656982422, 757.9103393554688]",P4
TC,0.36538147926330566,TP,0.5777670741081238,0.5777670741081238,09002200122003111228021506G_1295235400_481364600,6990,"[600.944091796875, 694.9195556640625, 1018.037109375, 781.3468627929688]",P5
MC,0.8273576498031616,TP,0.8766883015632629,0.8766883015632629,0900220012200311123013955HJ_1296656500_484110600,6557,"[134.07725524902344, 640.3056030273438, 187.2986297607422, 654.71142578125]",P3
LC,0.702089786529541,TP,0.9054006338119507,0.9054006338119507,0900220012200311123013955HJ_1296656500_484110600,6557,"[406.95782470703125, 652.750732421875, 558.6597900390625, 775.3214721679688]",P4
LC,0.9460715055465698,TP,0.9126242399215698,0.9126242399215698,0900220012200311123421746HJ_1296577400_484202700,6558,"[282.74200439453125, 567.2091064453125, 477.5677795410156, 765.93994140625]",P5
MC,0.891980767250061,TP,0.7463638186454773,0.7463638186454773,0900220012200311123421746HJ_1296577400_484202700,6558,"[179.519775390625, 657.8930053710938, 239.62515258789062, 675.3697509765625]",P3
MC,0.8472582101821899,TP,0.6842723488807678,0.6842723488807678,0900220012200311123421746HJ_1296577400_484202700,6558,"[474.5008850097656, 643.5682983398438, 523.7434692382812, 656.12158203125]",P3
LC,0.8943008184432983,TP,0.8804757595062256,0.8804757595062256,0900220012200311123430997HJ_1296564300_484202600,6559,"[297.5106506347656, 597.6544799804688, 460.8277282714844, 764.630859375]",P4
MC,0.4172496795654297,background_false_positive,0.0,0.0004992730682715774,0900220012200311123430997HJ_1296564300_484202600,6559,"[465.28692626953125, 593.630126953125, 490.4322204589844, 599.353759765625]",P3
TC,0.2652668356895447,background_false_positive,0.0,0.007488674484193325,0900220012200311123430997HJ_1296564300_484202600,6559,"[0.697802722454071, 603.5682983398438, 209.8793182373047, 632.1217651367188]",P4
MC,0.86678147315979,TP,0.9723703861236572,0.9723703861236572,0900220012200311123608695HJ_1296539500_484214400,6560,"[915.5618286132812, 707.8078002929688, 975.80322265625, 726.0925903320312]",P3
LC,0.7664981484413147,TP,0.7294415831565857,0.7294415831565857,0900220012200311123608695HJ_1296539500_484214400,6560,"[0.0, 622.3597412109375, 289.8517761230469, 696.1138305664062]",P4
LC,0.734001100063324,TP,0.8794806599617004,0.8794806599617004,0900220012200311123608695HJ_1296539500_484214400,6560,"[426.62066650390625, 613.5045166015625, 491.39752197265625, 706.4429931640625]",P3
TC,0.5772538185119629,background_false_positive,0.0,0.01580691523849964,0900220012200311123608695HJ_1296539500_484214400,6560,"[3.7009339332580566, 714.0106811523438, 195.56822204589844, 767.1002197265625]",P4
LC,0.43075641989707947,TP,0.753720223903656,0.753720223903656,0900220012200311123608695HJ_1296539500_484214400,6560,"[780.3104248046875, 656.1936645507812, 857.8400268554688, 700.71826171875]",P3
MC,0.2960815131664276,background_false_positive,0.0,0.0,0900220012200311123608695HJ_1296539500_484214400,6560,"[240.77627563476562, 607.8905029296875, 270.474609375, 617.103271484375]",P3
TC,0.27824723720550537,localization_error,0.15527461469173431,0.15527461469173431,0900220012200311123608695HJ_1296539500_484214400,6560,"[386.27294921875, 700.8690795898438, 512.7169799804688, 719.9381713867188]",P3
TC,0.2611633539199829,TP,0.930679440498352,0.930679440498352,0900220012200311123608695HJ_1296539500_484214400,6560,"[369.3167724609375, 703.4876098632812, 866.5953369140625, 730.2841186523438]",P5
AC,0.8097336292266846,TP,0.7651645541191101,0.7651645541191101,0900220012200311123618696HJ_1296534500_484228400,6561,"[1.378076195716858, 600.9943237304688, 361.3750915527344, 870.3038940429688]",P5
LC,0.6068487167358398,classification_error,0.0,0.955119252204895,0900220012200311123631260HJ_1296527100_484246900,6562,"[1.0697754621505737, 615.1355590820312, 295.8917541503906, 727.0138549804688]",P4
AC,0.4798649847507477,TP,0.9437726140022278,0.9437726140022278,0900220012200311123631260HJ_1296527100_484246900,6562,"[0.42753908038139343, 615.5914916992188, 294.04620361328125, 725.6447143554688]",P5
LC,0.30908632278442383,TP,0.6987950801849365,0.6987950801849365,0900220012200311123631260HJ_1296527100_484246900,6562,"[397.220703125, 604.4098510742188, 469.51251220703125, 685.2244873046875]",P4
TC,0.8068380355834961,TP,0.9031654000282288,0.9031654000282288,0900220012200311123655106HJ_1296512800_484287000,6563,"[73.05290985107422, 653.9558715820312, 889.7763671875, 722.0693359375]",P5
TC,0.40111401677131653,localization_error,0.44309401512145996,0.44309401512145996,0900220012200311123655106HJ_1296512800_484287000,6563,"[368.49346923828125, 670.3253784179688, 879.4953002929688, 723.2431030273438]",P4
AC,0.8544918298721313,TP,0.9448386430740356,0.9448386430740356,0900220012200311123905106HJ_1296517800_484474800,6564,"[292.5887756347656, 616.8805541992188, 712.3095703125, 767.7233276367188]",P5
AC,0.8289752006530762,TP,0.8925272822380066,0.8925272822380066,0900220012200311124749318HJ_1296524400_484490000,6565,"[5.983984470367432, 620.0983276367188, 953.1163940429688, 781.0897827148438]",P5
AC,0.6775656342506409,localization_error,0.36769959330558777,0.36769959330558777,0900220012200311124941487HJ_1296602300_484487800,6566,"[299.9303894042969, 613.7284545898438, 719.4276733398438, 774.733642578125]",P5
MC,0.6433647871017456,background_false_positive,0.0,0.0038733959663659334,0900220012200311124941487HJ_1296602300_484487800,6566,"[744.16162109375, 760.6813354492188, 791.1181640625, 775.7747802734375]",P3
AC,0.46217605471611023,TP,0.5280793905258179,0.5280793905258179,0900220012200311125018538HJ_1296646300_484491500,6567,"[277.7831726074219, 624.6668090820312, 492.78424072265625, 772.5281372070312]",P5
MC,0.2826898396015167,background_false_positive,0.0,0.0,0900220012200311125018538HJ_1296646300_484491500,6567,"[744.68896484375, 761.6651611328125, 793.5665283203125, 776.5714111328125]",P3
LC,0.4276975691318512,TP,0.7477017641067505,0.7477017641067505,0900220012200311125919257HJ_1297309900_484467100,6568,"[228.65879821777344, 629.2351684570312, 375.4139709472656, 714.5851440429688]",P4
TC,0.28460046648979187,localization_error,0.4957122802734375,0.4957122802734375,0900220012200311125919257HJ_1297309900_484467100,6568,"[624.8970336914062, 743.7559204101562, 783.2310180664062, 759.6627807617188]",P3
LP,0.8601418137550354,TP,0.9199826121330261,0.9199826121330261,0900220012200311130031593HJ_1297283500_484412100,6569,"[532.9179077148438, 632.0077514648438, 555.6227416992188, 765.79833984375]",P3
AC,0.8755303025245667,TP,0.5358992218971252,0.5358992218971252,0900220012200311130128745HJ_1297230600_484310800,6570,"[562.2136840820312, 641.6024780273438, 861.3173828125, 769.9442749023438]",P5
AC,0.8818747997283936,TP,0.6322329640388489,0.6322329640388489,0900220012200311130246769HJ_1297196800_484246200,6571,"[0.0, 612.3567504882812, 517.8851928710938, 824.9937744140625]",P5
AC,0.8805561661720276,TP,0.7049990892410278,0.7049990892410278,0900220012200311130301849HJ_1297182700_484218700,6572,"[1.131933569908142, 596.5894775390625, 983.6007690429688, 834.63818359375]",P5
AC,0.8406119346618652,TP,0.8353990316390991,0.8353990316390991,0900220012200311130343947HJ_1297140500_484137500,6573,"[0.11350097507238388, 606.3098754882812, 360.4417724609375, 820.52099609375]",P5
AC,0.9510014653205872,TP,0.9375391006469727,0.9375391006469727,0900220012200311130415138HJ_1297100000_484086800,6574,"[1.275146484375, 598.4099731445312, 549.2398071289062, 820.859375]",P5
AC,0.7530965209007263,TP,0.7511563897132874,0.7511563897132874,0900220012200311130440391HJ_1297069300_484050800,6575,"[0.5376953482627869, 603.5735473632812, 524.3766479492188, 841.2265625]",P5
AC,0.6237950325012207,localization_error,0.1636909395456314,0.1636909395456314,0900220012200311130440391HJ_1297069300_484050800,6575,"[387.9609069824219, 651.8538818359375, 514.4373779296875, 776.997314453125]",P4
LC,0.7252070307731628,TP,0.8079162836074829,0.8079162836074829,0900220012200311130455471HJ_1297050000_484028300,6576,"[522.8878173828125, 611.5969848632812, 531.6246948242188, 767.18017578125]",P4
LC,0.815679132938385,TP,0.917079508304596,0.917079508304596,0900220012200311130536329HJ_1297029300_484005600,6577,"[530.7925415039062, 617.6073608398438, 553.9049682617188, 770.181640625]",P4
MC,0.7387266755104065,TP,0.6970073580741882,0.6970073580741882,0900220012200311130556456HJ_1297009200_483983500,6578,"[793.5003051757812, 663.2133178710938, 847.2161254882812, 674.5575561523438]",P3
LC,0.41561976075172424,background_false_positive,0.0,0.0689079612493515,0900220012200311130556456HJ_1297009200_483983500,6578,"[493.17706298828125, 614.8658447265625, 515.4573364257812, 761.8289184570312]",P3
AC,0.35363176465034485,TP,0.7853292226791382,0.7853292226791382,0900220012200311130556456HJ_1297009200_483983500,6578,"[487.4776306152344, 622.0130004882812, 839.1417236328125, 769.7102661132812]",P5
AC,0.28883877396583557,duplicate_prediction,0.7490343451499939,0.7490343451499939,0900220012200311130556456HJ_1297009200_483983500,6578,"[486.46710205078125, 625.7169799804688, 725.763671875, 768.7686767578125]",P5
LC,0.9116024971008301,TP,0.9198373556137085,0.9198373556137085,0900220012200311130610380HJ_1296994500_483966900,6579,"[526.1256713867188, 561.5943603515625, 588.7750854492188, 764.9110717773438]",P4
AC,0.8306711316108704,TP,0.9234288930892944,0.9234288930892944,0900220012200311130659072HJ_1296931200_483890300,6580,"[544.8460083007812, 595.9747924804688, 1023.6754150390625, 818.04296875]",P5
AC,0.6990436911582947,TP,0.8897316455841064,0.8897316455841064,0900220012200311130659072HJ_1296931200_483890300,6580,"[1.0360840559005737, 585.59912109375, 498.323974609375, 770.72119140625]",P5
LC,0.9422845244407654,TP,0.9902572631835938,0.9902572631835938,0900220012200311130720653HJ_1296905600_483853800,6581,"[417.8544921875, 556.11572265625, 515.6737670898438, 766.1602783203125]",P4
LP,0.9125624299049377,TP,0.9156249761581421,0.9156249761581421,0900220012200311130729341HJ_1296895400_483839000,6582,"[468.48883056640625, 561.2765502929688, 519.3554077148438, 768.9014892578125]",P4
LC,0.7756909132003784,TP,0.9041344523429871,0.9041344523429871,0900220012200311130741389HJ_1296881700_483819800,6583,"[485.5368347167969, 555.7601318359375, 526.3194580078125, 767.549072265625]",P4
MC,0.3846863806247711,background_false_positive,0.0,0.0,0900220012200311130741389HJ_1296881700_483819800,6583,"[978.1117553710938, 762.6873779296875, 1023.9195556640625, 791.9808959960938]",P3
LC,0.3582194149494171,background_false_positive,0.0,0.0,0900220012200311130741389HJ_1296881700_483819800,6583,"[1.0288269519805908, 724.6452026367188, 197.59349060058594, 779.8155517578125]",P4
LC,0.7565227746963501,TP,0.6159152388572693,0.6159152388572693,0900220012200311130749484HJ_1296871700_483807600,6584,"[511.4848327636719, 555.1891479492188, 562.0508422851562, 765.1359252929688]",P4
LC,0.6851546764373779,localization_error,0.4795123040676117,0.4795123040676117,0900220012200311130749484HJ_1296871700_483807600,6584,"[511.530029296875, 554.6799926757812, 537.0160522460938, 766.3615112304688]",P4
LC,0.6340628266334534,TP,0.8623139262199402,0.8623139262199402,0900220012200311130749484HJ_1296871700_483807600,6584,"[511.6954040527344, 554.7194213867188, 525.8868408203125, 766.1141967773438]",P4
LC,0.40839308500289917,duplicate_prediction,0.6803017854690552,0.6803017854690552,0900220012200311130749484HJ_1296871700_483807600,6584,"[515.23095703125, 551.3880004882812, 524.9884033203125, 757.9857788085938]",P3
LC,0.7107036113739014,TP,0.8725391626358032,0.8725391626358032,0900220012200311130757485HJ_1296861100_483794800,6585,"[520.5633544921875, 556.7378540039062, 526.8150024414062, 767.1417846679688]",P4
LC,0.5894126892089844,duplicate_prediction,0.7117661237716675,0.7117661237716675,0900220012200311130757485HJ_1296861100_483794800,6585,"[518.94775390625, 558.8043823242188, 525.7496948242188, 764.6188354492188]",P4
LC,0.3797224462032318,duplicate_prediction,0.6336714029312134,0.6336714029312134,0900220012200311130757485HJ_1296861100_483794800,6585,"[517.7477416992188, 555.1296997070312, 528.34521484375, 768.8232421875]",P3
LC,0.8245961666107178,TP,0.8955882787704468,0.8955882787704468,0900220012200311130805564HJ_1296850500_483782100,6586,"[495.7464294433594, 555.8046875, 521.573486328125, 768.42822265625]",P4
LC,0.444611132144928,TP,0.7496994137763977,0.7496994137763977,0900220012200311130823410HJ_1296832000_483759700,6587,"[550.0664672851562, 606.1527709960938, 570.1395874023438, 686.9560546875]",P3
LC,0.9605441689491272,classification_error,0.0,0.9632042050361633,0900220012200311130854225HJ_1296818600_483743800,6588,"[429.4903869628906, 578.8059692382812, 511.299560546875, 766.4893798828125]",P4
LC,0.9164473414421082,TP,0.9279069900512695,0.9279069900512695,0900220012200311130902320HJ_1296809400_483732700,6589,"[442.3112487792969, 575.5745849609375, 510.5270690917969, 765.8292846679688]",P4
LC,0.9137141108512878,TP,0.9567976593971252,0.9567976593971252,0900220012200311130910336HJ_1296799600_483720900,6590,"[444.55206298828125, 592.8155517578125, 507.4668884277344, 766.1467895507812]",P4
LC,0.8948699235916138,TP,0.900883138179779,0.900883138179779,0900220012200311130918353HJ_1296790700_483710200,6591,"[453.3683776855469, 588.0838012695312, 504.9253845214844, 766.7818603515625]",P4
LC,0.8529762625694275,TP,0.9043654799461365,0.9043654799461365,0900220012200311130926369HJ_1296782300_483700000,6592,"[468.71051025390625, 594.5142822265625, 513.0848388671875, 767.8562622070312]",P4
TC,0.788530707359314,TP,0.9521946310997009,0.9521946310997009,0900220012200311131030550HJ_1296769800_483684900,6593,"[3.326617479324341, 735.0966796875, 186.31411743164062, 783.5685424804688]",P4
LC,0.6952101588249207,TP,0.8712220191955566,0.8712220191955566,0900220012200311131030550HJ_1296769800_483684900,6593,"[525.4299926757812, 575.8148803710938, 538.3985595703125, 655.9796752929688]",P3
LC,0.9070255160331726,TP,0.9073073267936707,0.9073073267936707,0900220012200311131147824HJ_1296711400_483614800,6594,"[543.7032470703125, 580.548828125, 614.60888671875, 759.5216674804688]",P4
LP,0.8720705509185791,TP,0.9258529543876648,0.9258529543876648,0900220012200311131208889HJ_1296685800_483584200,6595,"[531.8387451171875, 573.8710327148438, 605.868408203125, 766.54052734375]",P4
LP,0.8974854350090027,TP,0.9125896692276001,0.9125896692276001,0900220012200311131217952HJ_1296674900_483571200,6596,"[532.7144165039062, 585.2919921875, 589.8001708984375, 765.0548706054688]",P4
TP,0.3112182915210724,background_false_positive,0.0,0.0,0900220012200311131217952HJ_1296674900_483571200,6596,"[424.95703125, 624.680908203125, 528.7642822265625, 632.6437377929688]",P4
TP,0.2815952003002167,background_false_positive,0.0,0.0025556408800184727,0900220012200311131217952HJ_1296674900_483571200,6596,"[424.3020935058594, 624.8016967773438, 534.8748779296875, 635.2948608398438]",P3
LP,0.7628730535507202,TP,0.785212516784668,0.785212516784668,0900220012200311131225969HJ_1296665300_483559600,6597,"[524.2119750976562, 611.6273803710938, 545.6577758789062, 768.8837890625]",P3
TP,0.7594941258430481,TP,0.8899738192558289,0.8899738192558289,0900220012200311131342514HJ_1296563400_483438500,6598,"[90.48625946044922, 725.4100952148438, 272.2437744140625, 759.52587890625]",P4
LC,0.7408267259597778,TP,0.7786197066307068,0.7786197066307068,0900220012200311131342514HJ_1296563400_483438500,6598,"[504.8128967285156, 593.7474365234375, 526.8162231445312, 766.0521240234375]",P3
TP,0.5628427863121033,duplicate_prediction,0.6237771511077881,0.6237771511077881,0900220012200311131342514HJ_1296563400_483438500,6598,"[5.50244140625, 721.74658203125, 272.99053955078125, 760.17333984375]",P4
TC,0.2786599397659302,background_false_positive,0.0,0.0,0900220012200311131342514HJ_1296563400_483438500,6598,"[774.3081665039062, 733.2438354492188, 905.89453125, 773.6427612304688]",P4
LP,0.5373833179473877,TP,0.7924787998199463,0.7924787998199463,0900220012200311131350218HJ_1296555100_483428700,6599,"[504.1166076660156, 582.3565673828125, 518.8888549804688, 772.4884643554688]",P3
LP,0.83994460105896,TP,0.9210451245307922,0.9210451245307922,0900220012200311131358594HJ_1296545300_483417100,6600,"[529.6806640625, 602.7703247070312, 543.9152221679688, 766.1949462890625]",P3
LP,0.2575295865535736,duplicate_prediction,0.5117635726928711,0.5117635726928711,0900220012200311131358594HJ_1296545300_483417100,6600,"[524.1369018554688, 582.5468139648438, 540.129150390625, 770.3229370117188]",P4
LP,0.3354809582233429,TP,0.5352340936660767,0.5352340936660767,0900220012200311131406392HJ_1296536200_483406300,6601,"[522.501953125, 664.1044311523438, 540.7144775390625, 769.8317260742188]",P3
LC,0.41096171736717224,classification_error,0.0,0.684151291847229,0900220012200311131417237HJ_1296526700_483395200,6602,"[533.1286010742188, 650.9542236328125, 553.4951171875, 768.2911987304688]",P3
TC,0.7866494059562683,classification_error,0.0,0.8358281254768372,0900220012200311131640815HJ_1296480900_483341500,6603,"[51.64931869506836, 684.3010864257812, 1024.0, 763.9684448242188]",P5
TC,0.49371442198753357,classification_error,0.0,0.7396270036697388,0900220012200311131640815HJ_1296480900_483341500,6603,"[46.29462814331055, 703.7557983398438, 922.7340087890625, 764.5768432617188]",P5
TP,0.44297167658805847,TP,0.67237788438797,0.67237788438797,0900220012200311131640815HJ_1296480900_483341500,6603,"[250.76358032226562, 689.0658569335938, 1023.2133178710938, 760.1559448242188]",P5
TP,0.768029510974884,TP,0.853336751461029,0.853336751461029,0900220012200311132021307HJ_1296454300_483319100,6604,"[664.0613403320312, 711.0323486328125, 905.5203247070312, 745.9467163085938]",P4
TP,0.7164952754974365,TP,0.9504039883613586,0.9504039883613586,0900220012200311132021307HJ_1296454300_483319100,6604,"[13.70957088470459, 672.2036743164062, 695.0421142578125, 738.3482055664062]",P5
TP,0.3972940444946289,localization_error,0.4197183847427368,0.4197183847427368,0900220012200311132021307HJ_1296454300_483319100,6604,"[140.1122589111328, 702.7881469726562, 692.1358032226562, 740.4435424804688]",P4
LP,0.7674242854118347,TP,0.8669863343238831,0.8669863343238831,0900220012200311132103515HJ_1296502800_483364900,6605,"[557.3241577148438, 605.4971923828125, 667.5817260742188, 774.2276611328125]",P4
LP,0.7047077417373657,TP,0.8587905764579773,0.8587905764579773,0900220012200311132111266HJ_1296511700_483375300,6606,"[551.8231811523438, 592.7431640625, 636.2516479492188, 763.89453125]",P4
LP,0.9800854325294495,TP,0.9303465485572815,0.9303465485572815,0900220012200311132142394HJ_1296521200_483386600,6607,"[39.77216720581055, 573.8243408203125, 463.3923034667969, 822.7391967773438]",P5
LP,0.9033561944961548,TP,0.8093435764312744,0.8093435764312744,0900220012200311132142394HJ_1296521200_483386600,6607,"[561.4552001953125, 600.2411499023438, 670.0897827148438, 765.6781616210938]",P4
LP,0.8535366654396057,TP,0.7941632270812988,0.7941632270812988,0900220012200311132150879HJ_1296529600_483396400,6608,"[17.747802734375, 681.8349609375, 305.98480224609375, 828.3570556640625]",P5
LP,0.785176694393158,localization_error,0.4809378981590271,0.4809378981590271,0900220012200311132150879HJ_1296529600_483396400,6608,"[557.34423828125, 591.2803955078125, 670.513671875, 767.2218017578125]",P4
LP,0.9345337748527527,TP,0.9381614923477173,0.9381614923477173,0900220012200311132201990HJ_1296542600_483411800,6609,"[564.3641967773438, 594.46875, 706.2343139648438, 774.759765625]",P4
LP,0.9162923693656921,TP,0.8423027992248535,0.8423027992248535,0900220012200311132210022HJ_1296551800_483422700,6610,"[571.08544921875, 582.4994506835938, 683.8362426757812, 771.4386596679688]",P4
LP,0.7873601317405701,localization_error,0.4947068989276886,0.4947068989276886,0900220012200311132210022HJ_1296551800_483422700,6610,"[459.1545104980469, 611.3729858398438, 510.49658203125, 709.7721557617188]",P4
LP,0.6618962287902832,TP,0.8898413181304932,0.8898413181304932,0900220012200311132210022HJ_1296551800_483422700,6610,"[458.6999206542969, 653.6166381835938, 508.14111328125, 710.0802612304688]",P3
LP,0.39962971210479736,localization_error,0.4621414542198181,0.4621414542198181,0900220012200311132218679HJ_1296561800_483434100,6611,"[573.2387084960938, 612.95166015625, 655.2672729492188, 707.2579345703125]",P4
LP,0.26428547501564026,localization_error,0.2890218496322632,0.2890218496322632,0900220012200311132218679HJ_1296561800_483434100,6611,"[573.1719970703125, 610.9434204101562, 681.0367431640625, 725.618896484375]",P4
LP,0.958725094795227,TP,0.8891567587852478,0.8891567587852478,0900220012200311132226274HJ_1296570700_483444700,6612,"[588.7081298828125, 605.8624877929688, 758.1981811523438, 775.2830200195312]",P4
TP,0.8640592098236084,TP,0.9702911376953125,0.9702911376953125,0900220012200311132235743HJ_1296583900_483460300,6613,"[925.6316528320312, 751.3970947265625, 1024.0, 800.6701049804688]",P4
LP,0.8258799314498901,TP,0.9921985864639282,0.9921985864639282,0900220012200311132235743HJ_1296583900_483460300,6613,"[629.994140625, 595.8508911132812, 896.2107543945312, 736.6815795898438]",P5
LC,0.9416718482971191,TP,0.8891513347625732,0.8891513347625732,0900220012200311132339730HJ_1296668200_483560600,6614,"[549.8665161132812, 594.5272216796875, 673.4657592773438, 768.6549682617188]",P4
MC,0.8400166630744934,TP,0.8702557682991028,0.8702557682991028,09002200122003111331352816G_1296856200_482036400,6740,"[363.19189453125, 658.40478515625, 427.8902282714844, 675.1373901367188]",P3
LC,0.4820360839366913,TP,0.7419760227203369,0.7419760227203369,09002200122003111331352816G_1296856200_482036400,6740,"[1.1312744617462158, 615.4884643554688, 328.09063720703125, 767.03369140625]",P5
MC,0.321749210357666,TP,0.5918211936950684,0.5918211936950684,09002200122003111331352816G_1296856200_482036400,6740,"[307.06744384765625, 592.7254028320312, 338.95416259765625, 599.6769409179688]",P3
LP,0.9357384443283081,TP,0.9622455835342407,0.9622455835342407,0900220012200311133141312HJ_1296748700_483657300,6616,"[217.00157165527344, 672.3218383789062, 317.7967834472656, 751.5526733398438]",P4
LP,0.5081145763397217,TP,0.5882911682128906,0.5882911682128906,0900220012200311133908626HJ_1296789400_483706300,6617,"[396.582763671875, 617.6239624023438, 473.5472106933594, 654.5270385742188]",P4
LP,0.34842339158058167,duplicate_prediction,0.7049102783203125,0.7049102783203125,0900220012200311133908626HJ_1296789400_483706300,6617,"[395.236083984375, 629.8834838867188, 465.8216247558594, 654.95361328125]",P3
LC,0.9476282596588135,TP,0.9462321400642395,0.9462321400642395,0900220012200311133944255HJ_1296832500_483758200,6618,"[554.5282592773438, 592.02880859375, 665.6974487304688, 766.1199340820312]",P4
LP,0.9115369915962219,TP,0.9474515318870544,0.9474515318870544,0900220012200311133944255HJ_1296832500_483758200,6618,"[308.836181640625, 621.4174194335938, 440.151611328125, 766.6723022460938]",P4
TP,0.8847252130508423,TP,0.9079170823097229,0.9079170823097229,0900220012200311133944255HJ_1296832500_483758200,6618,"[261.0619812011719, 665.89013671875, 343.984619140625, 690.8632202148438]",P3
LC,0.9460590481758118,TP,0.9381611347198486,0.9381611347198486,0900220012200311133952319HJ_1296842400_483769900,6619,"[546.0218505859375, 586.4852905273438, 624.7003784179688, 764.5403442382812]",P4
TP,0.6366192102432251,localization_error,0.4463576078414917,0.4463576078414917,0900220012200311133952319HJ_1296842400_483769900,6619,"[364.8514404296875, 645.1403198242188, 451.0233459472656, 659.21240234375]",P4
TP,0.8985679149627686,TP,0.9217116832733154,0.9217116832733154,0900220012200311135302616HJ_1296888100_483825800,6620,"[109.934326171875, 665.2078247070312, 241.0840301513672, 724.0421752929688]",P4
TP,0.48243051767349243,background_false_positive,0.0,0.0,0900220012200311135302616HJ_1296888100_483825800,6620,"[404.0446472167969, 594.041748046875, 481.7842712402344, 599.9764404296875]",P3
LP,0.960198163986206,TP,0.7919495701789856,0.7919495701789856,0900220012200311135408992HJ_1296965000_483929000,6621,"[0.12153320759534836, 699.2672119140625, 239.830078125, 787.6427612304688]",P4
LP,0.8796070218086243,TP,0.8753764629364014,0.8753764629364014,0900220012200311135408992HJ_1296965000_483929000,6621,"[529.5077514648438, 557.7332153320312, 561.4188842773438, 672.9940795898438]",P3
LP,0.936957836151123,TP,0.9076164960861206,0.9076164960861206,0900220012200311135709388HJ_1297123300_484111600,6622,"[116.87139892578125, 635.6502685546875, 286.42529296875, 686.347412109375]",P4
TP,0.7151470184326172,TP,0.8117874264717102,0.8117874264717102,0900220012200312094333611HJ_1297717500_483050300,6623,"[165.65567016601562, 683.2735595703125, 837.1419067382812, 730.4108276367188]",P5
LP,0.7162214517593384,classification_error,0.045820970088243484,0.5534688830375671,09002200122003120947171827C_1296579800_482579000,6741,"[641.63525390625, 577.2672729492188, 839.1201171875, 748.1265869140625]",P4
LP,0.576732873916626,TP,0.6793581247329712,0.6793581247329712,09002200122003120947171827C_1296579800_482579000,6741,"[643.5791625976562, 581.2560424804688, 687.8182373046875, 615.0665893554688]",P3
LP,0.31674063205718994,background_false_positive,0.0,0.0,09002200122003120947171827C_1296579800_482579000,6741,"[561.9435424804688, 540.9519653320312, 581.0966186523438, 573.1390991210938]",P3
LC,0.8471575379371643,classification_error,0.0,0.7144577503204346,09002200122003120947448447C_1296530200_482579300,6742,"[278.7519226074219, 699.60205078125, 365.651611328125, 758.79443359375]",P4
LP,0.807383120059967,TP,0.8767641186714172,0.8767641186714172,09002200122003120947448447C_1296530200_482579300,6742,"[474.2193298339844, 631.935546875, 540.2293090820312, 762.5621948242188]",P4
LP,0.3208237886428833,TP,0.7925595045089722,0.7925595045089722,09002200122003120951481147C_1296450700_482580200,6743,"[657.5105590820312, 616.7188720703125, 690.8351440429688, 656.6028442382812]",P3
LP,0.2869471609592438,duplicate_prediction,0.5150737166404724,0.5150737166404724,09002200122003120951481147C_1296450700_482580200,6743,"[656.5614013671875, 615.91796875, 707.315673828125, 674.1830444335938]",P4
LP,0.9397112727165222,TP,0.8988049626350403,0.8988049626350403,0900220012200312095909911HJ_1296915600_482963200,6624,"[641.0042724609375, 652.8700561523438, 736.1088256835938, 752.9815673828125]",P4
TP,0.5211405754089355,classification_error,0.0,0.8722627758979797,0900220012200312095909911HJ_1296915600_482963200,6624,"[879.4779663085938, 734.4221801757812, 1022.1080322265625, 774.3541870117188]",P4
TC,0.33461451530456543,TP,0.816611111164093,0.816611111164093,0900220012200312095909911HJ_1296915600_482963200,6624,"[877.0380859375, 733.1580200195312, 1023.8152465820312, 774.6062622070312]",P4
LP,0.27330657839775085,localization_error,0.3819940686225891,0.3819940686225891,0900220012200312095909911HJ_1296915600_482963200,6624,"[659.7638549804688, 601.1852416992188, 1021.1720581054688, 738.23193359375]",P5
LP,0.8944793343544006,TP,0.8420790433883667,0.8420790433883667,0900220012200312103209500HJ_1296473600_482945600,6626,"[930.4783325195312, 683.7509765625, 1024.0, 711.8709106445312]",P4
LP,0.9546420574188232,TP,0.932534396648407,0.932534396648407,0900220012200312111901799HJ_1294801500_482931600,6340,"[570.43115234375, 571.7066650390625, 695.2302856445312, 751.9234619140625]",P4
TP,0.8469041585922241,classification_error,0.0,0.9539732933044434,0900220012200312111901799HJ_1294801500_482931600,6340,"[874.8181762695312, 705.0492553710938, 1024.0, 735.9359741210938]",P4
MC,0.4332980215549469,TP,0.7285076975822449,0.7285076975822449,0900220012200312111901799HJ_1294801500_482931600,6340,"[376.38623046875, 633.1363525390625, 407.9548034667969, 641.859375]",P3
TP,0.2586149573326111,background_false_positive,0.0,0.4941288232803345,0900220012200312111901799HJ_1294801500_482931600,6340,"[378.3291931152344, 686.6572265625, 737.4260864257812, 716.6703491210938]",P4
LP,0.9016356468200684,TP,0.9356632828712463,0.9356632828712463,0900220012200312111928743HJ_1294756600_482932100,6341,"[465.0918884277344, 609.721435546875, 524.8051147460938, 747.365478515625]",P4
LP,0.42869046330451965,TP,0.5867477059364319,0.5867477059364319,0900220012200312111928743HJ_1294756600_482932100,6341,"[461.3392639160156, 592.8117065429688, 493.6300964355469, 627.1544799804688]",P3
LP,0.29334279894828796,background_false_positive,0.0,0.0,0900220012200312111928743HJ_1294756600_482932100,6341,"[0.87109375, 674.5782470703125, 276.51513671875, 778.4830932617188]",P4
LP,0.2670948803424835,TP,0.6065689921379089,0.6065689921379089,0900220012200312111928743HJ_1294756600_482932100,6341,"[297.09039306640625, 667.0120239257812, 435.1405944824219, 743.5026245117188]",P4
LP,0.26077157258987427,localization_error,0.4116456210613251,0.4116456210613251,0900220012200312111928743HJ_1294756600_482932100,6341,"[288.229248046875, 589.5541381835938, 497.75445556640625, 736.4754028320312]",P5
LP,0.25095510482788086,TP,0.8904304504394531,0.8904304504394531,0900220012200312111928743HJ_1294756600_482932100,6341,"[964.4252319335938, 680.6817626953125, 1023.2029418945312, 695.37158203125]",P3
LP,0.8877518773078918,TP,0.6053613424301147,0.6053613424301147,0900220012200312112056234HJ_1294678100_482933800,6342,"[413.1328125, 630.08154296875, 484.8749084472656, 760.7301635742188]",P4
LP,0.6757796406745911,TP,0.6950083374977112,0.6950083374977112,0900220012200312112056234HJ_1294678100_482933800,6342,"[547.7395629882812, 625.9002075195312, 575.5343627929688, 741.580078125]",P3
LP,0.448233425617218,background_false_positive,0.0,0.0,0900220012200312112056234HJ_1294678100_482933800,6342,"[590.6736450195312, 612.4923706054688, 699.5523681640625, 714.5337524414062]",P4
LP,0.318873792886734,background_false_positive,0.0,0.0,0900220012200312112056234HJ_1294678100_482933800,6342,"[584.8436279296875, 604.5467529296875, 729.5933227539062, 755.1063842773438]",P5
LP,0.9119306206703186,TP,0.8941465020179749,0.8941465020179749,0900220012200312112537730HJ_1294513800_482936800,6343,"[511.5586853027344, 615.8007202148438, 537.1292114257812, 743.8670654296875]",P3
LP,0.7669219374656677,TP,0.7422590851783752,0.7422590851783752,0900220012200312112537730HJ_1294513800_482936800,6343,"[564.5347290039062, 616.35791015625, 609.2987670898438, 741.41357421875]",P4
TC,0.6227874159812927,background_false_positive,0.0,0.0,0900220012200312112537730HJ_1294513800_482936800,6343,"[155.68728637695312, 725.53125, 236.7252197265625, 744.9197387695312]",P3
LP,0.38729873299598694,TP,0.7506518363952637,0.7506518363952637,0900220012200312112537730HJ_1294513800_482936800,6343,"[566.57763671875, 617.24169921875, 625.6471557617188, 741.7633666992188]",P4
LP,0.8547868728637695,TP,0.6852629780769348,0.6852629780769348,0900220012200312114427307HJ_1294667000_482932500,6344,"[511.3150329589844, 607.8892822265625, 523.9814453125, 633.8953247070312]",P3
LP,0.8347994089126587,TP,0.9498908519744873,0.9498908519744873,0900220012200312114427307HJ_1294667000_482932500,6344,"[591.945556640625, 633.3001098632812, 623.7142333984375, 710.3624267578125]",P3
LP,0.7792460322380066,TP,0.9576976299285889,0.9576976299285889,0900220012200312114427307HJ_1294667000_482932500,6344,"[686.4584350585938, 612.40869140625, 1023.9962768554688, 722.6337280273438]",P5
TC,0.2942785322666168,localization_error,0.23128843307495117,0.23128843307495117,0900220012200312114427307HJ_1294667000_482932500,6344,"[260.9271545410156, 690.1475830078125, 580.2594604492188, 731.0869140625]",P4
TC,0.2611354887485504,localization_error,0.3160289227962494,0.3160289227962494,0900220012200312114427307HJ_1294667000_482932500,6344,"[174.0619354248047, 674.0935668945312, 518.2966918945312, 725.8497924804688]",P4
LC,0.8678081035614014,TP,0.8195632100105286,0.8195632100105286,0900220012200312123119200HJ_1296485000_482944400,6627,"[605.7355346679688, 619.6425170898438, 727.7229614257812, 747.7587280273438]",P4
LC,0.8648061752319336,TP,0.9436772465705872,0.9436772465705872,0900220012200312125154046HJ_1297128700_483042800,6628,"[602.6989135742188, 609.36083984375, 742.9169921875, 751.93603515625]",P4
LP,0.4879917800426483,classification_error,0.0,0.8864501118659973,09002200122003121254407867C_1296330500_482581500,6744,"[890.2853393554688, 701.4452514648438, 1024.0, 747.0055541992188]",P4
LC,0.41296011209487915,TP,0.8973469138145447,0.8973469138145447,09002200122003121254407867C_1296330500_482581500,6744,"[888.6550903320312, 700.3623657226562, 1024.0, 746.9542846679688]",P4
LP,0.8227187395095825,TP,0.8270803093910217,0.8270803093910217,09002200122003121256231127C_1296518600_482577900,6745,"[265.7234802246094, 608.3566284179688, 459.05548095703125, 669.6695556640625]",P4
LP,0.7935478091239929,TP,0.5827020406723022,0.5827020406723022,0900220012200312125703700HJ_1297466900_483061400,6629,"[525.4703369140625, 627.6403198242188, 539.5150756835938, 732.0748901367188]",P3
TP,0.46690917015075684,background_false_positive,0.0,0.0,0900220012200312125703700HJ_1297466900_483061400,6629,"[366.5150451660156, 604.58056640625, 684.7454223632812, 619.2203979492188]",P5
LC,0.8377703428268433,TP,0.7885424494743347,0.7885424494743347,0900220012200312150309223HJ_1294673300_482935500,6345,"[538.1564331054688, 577.6098022460938, 563.0406494140625, 758.1732788085938]",P4
TC,0.8214461207389832,TP,0.8984981179237366,0.8984981179237366,0900220012200312150309223HJ_1294673300_482935500,6345,"[86.0561752319336, 690.5855712890625, 781.6610717773438, 759.6787109375]",P5
TC,0.751542329788208,duplicate_prediction,0.6499868035316467,0.6499868035316467,0900220012200312150309223HJ_1294673300_482935500,6345,"[85.49053192138672, 690.5807495117188, 581.380615234375, 758.1475830078125]",P5
LC,0.6111922860145569,background_false_positive,0.0,0.14719530940055847,0900220012200312150309223HJ_1294673300_482935500,6345,"[637.31103515625, 635.5443725585938, 824.7572631835938, 769.0847778320312]",P4
TC,0.7395910620689392,TP,0.8644770979881287,0.8644770979881287,0900220012200312165835440HJ_1297469700_483065900,6630,"[156.400390625, 654.38671875, 1007.4278564453125, 702.1583251953125]",P5
LC,0.4158223867416382,TP,0.9004120230674744,0.9004120230674744,0900220012200312165835440HJ_1297469700_483065900,6630,"[185.6829071044922, 682.635009765625, 275.5588073730469, 730.440185546875]",P3
TC,0.308538556098938,duplicate_prediction,0.7387770414352417,0.7387770414352417,0900220012200312165835440HJ_1297469700_483065900,6630,"[151.5452423095703, 658.5380249023438, 822.5914306640625, 701.4451293945312]",P5
AC,0.7571082711219788,TP,0.8838380575180054,0.8838380575180054,0900220012200312170629411HJ_1297349400_483068400,6631,"[381.8442077636719, 610.2501220703125, 555.0816040039062, 750.3287963867188]",P4
TC,0.48130813241004944,TP,0.6422812938690186,0.6422812938690186,0900220012200312170629411HJ_1297349400_483068400,6631,"[513.15673828125, 640.0266723632812, 751.97900390625, 651.4664306640625]",P3
LC,0.4955100119113922,TP,0.540427029132843,0.540427029132843,0900220012200313091400998HG_1297275500_482367300,6632,"[645.9869995117188, 709.1378784179688, 700.1178588867188, 800.1015625]",P3
LC,0.8562899231910706,TP,0.722793459892273,0.722793459892273,0900220012200313092436165HG_1296881900_482365700,6633,"[597.4494018554688, 621.7926635742188, 870.8434448242188, 790.4651489257812]",P5
TC,0.4362739324569702,background_false_positive,0.0,0.0,0900220012200313092436165HG_1296881900_482365700,6633,"[906.9280395507812, 771.3029174804688, 1022.6093139648438, 818.6381225585938]",P4
MC,0.8463267683982849,TP,0.7753959894180298,0.7753959894180298,0900220012200313093818799HG_1296804700_482363800,6634,"[606.4736938476562, 631.3045654296875, 640.5851440429688, 639.2476196289062]",P3
LP,0.69534832239151,localization_error,0.4421977996826172,0.4421977996826172,0900220012200313093818799HG_1296804700_482363800,6634,"[660.2699584960938, 673.2720947265625, 797.69970703125, 749.8189697265625]",P4
MC,0.612725019454956,duplicate_prediction,0.5594268441200256,0.5594268441200256,0900220012200313093818799HG_1296804700_482363800,6634,"[601.2164306640625, 630.1494140625, 647.3980712890625, 639.9036254882812]",P3
TP,0.37167054414749146,TP,0.7578108310699463,0.7578108310699463,0900220012200313093818799HG_1296804700_482363800,6634,"[330.8733825683594, 663.71142578125, 745.7274780273438, 679.9482421875]",P5
LP,0.9205878376960754,TP,0.9101817607879639,0.9101817607879639,0900220012200313093841960HG_1296755400_482362900,6635,"[575.4476928710938, 637.9088745117188, 789.3930053710938, 802.6295776367188]",P4
LP,0.9134901165962219,TP,0.9550266265869141,0.9550266265869141,0900220012200313093841960HG_1296755400_482362900,6635,"[757.6672973632812, 626.47705078125, 1024.0, 733.2450561523438]",P4
MC,0.8903107047080994,TP,0.840455949306488,0.840455949306488,0900220012200313093841960HG_1296755400_482362900,6635,"[272.9418640136719, 747.8421630859375, 360.600830078125, 774.9090576171875]",P3
LP,0.2518562972545624,localization_error,0.29497382044792175,0.29497382044792175,0900220012200313093841960HG_1296755400_482362900,6635,"[561.9740600585938, 594.20166015625, 588.2062377929688, 614.4104614257812]",P3
LP,0.8648669123649597,TP,0.9063740968704224,0.9063740968704224,0900220012200313093901649HG_1296717500_482361800,6636,"[440.36651611328125, 600.0904541015625, 487.9541931152344, 674.1550903320312]",P3
TP,0.6917953491210938,TP,0.9484042525291443,0.9484042525291443,0900220012200313093901649HG_1296717500_482361800,6636,"[128.51708984375, 710.136474609375, 621.9747314453125, 741.4222412109375]",P5
TP,0.5390118956565857,TP,0.7740543484687805,0.7740543484687805,0900220012200313093901649HG_1296717500_482361800,6636,"[880.9195556640625, 664.5919189453125, 1023.4347534179688, 702.37451171875]",P4
MC,0.9424667358398438,TP,0.8598430752754211,0.8598430752754211,0900220012200313094502383HG_1296642000_482362400,6637,"[546.0249633789062, 676.01904296875, 603.901611328125, 690.1845703125]",P3
LP,0.7925758957862854,TP,0.7797223329544067,0.7797223329544067,0900220012200313094502383HG_1296642000_482362400,6637,"[478.5940856933594, 680.8195190429688, 513.7064208984375, 797.1396484375]",P4
TP,0.6822802424430847,TP,0.8612671494483948,0.8612671494483948,0900220012200313094502383HG_1296642000_482362400,6637,"[655.6357421875, 649.6083374023438, 963.265625, 711.0305786132812]",P4
LP,0.9279826879501343,TP,0.9462120532989502,0.9462120532989502,0900220012200313103120087HG_1295021900_482314200,6751,"[496.6199645996094, 720.3878173828125, 532.6416625976562, 834.3180541992188]",P3
TP,0.8494359254837036,TP,0.9225268959999084,0.9225268959999084,0900220012200313103120087HG_1295021900_482314200,6751,"[56.41162109375, 709.18310546875, 460.9658203125, 746.3507690429688]",P5
LP,0.702305793762207,TP,0.8364400863647461,0.8364400863647461,0900220012200313103120087HG_1295021900_482314200,6751,"[477.767578125, 610.5941162109375, 510.2915954589844, 692.4497680664062]",P4
TP,0.536733865737915,TP,0.7069874405860901,0.7069874405860901,0900220012200313103120087HG_1295021900_482314200,6751,"[516.5169067382812, 629.4965209960938, 677.1950073242188, 639.4442138671875]",P3
LP,0.9090322852134705,TP,0.7967193126678467,0.7967193126678467,0900220012200313103134147HG_1294997800_482312500,6752,"[420.80126953125, 742.2005004882812, 471.6266784667969, 840.7802734375]",P3
LP,0.7623128294944763,TP,0.8767966628074646,0.8767966628074646,0900220012200313103134147HG_1294997800_482312500,6752,"[464.2351989746094, 611.671630859375, 478.68170166015625, 635.948486328125]",P3
LP,0.7352391481399536,TP,0.9171618223190308,0.9171618223190308,0900220012200313103134147HG_1294997800_482312500,6752,"[614.75, 622.2233276367188, 654.0849609375, 663.09521484375]",P4
TP,0.6632927060127258,TP,0.9498003721237183,0.9498003721237183,0900220012200313103134147HG_1294997800_482312500,6752,"[348.8033142089844, 719.4369506835938, 676.8245239257812, 749.4003295898438]",P4
TP,0.5981324911117554,TP,0.7565427422523499,0.7565427422523499,0900220012200313103134147HG_1294997800_482312500,6752,"[703.7467041015625, 671.9385986328125, 823.01171875, 719.6778564453125]",P4
TP,0.5721707344055176,TP,0.8745629191398621,0.8745629191398621,0900220012200313103134147HG_1294997800_482312500,6752,"[136.9990997314453, 701.0097045898438, 350.4338073730469, 724.283935546875]",P4
TP,0.5503385663032532,localization_error,0.4603773355484009,0.4603773355484009,0900220012200313103134147HG_1294997800_482312500,6752,"[357.21734619140625, 599.1034545898438, 460.70465087890625, 608.0442504882812]",P3
LP,0.3402676582336426,TP,0.9222769141197205,0.9222769141197205,0900220012200313103134147HG_1294997800_482312500,6752,"[576.63330078125, 607.0718994140625, 595.7305908203125, 630.890625]",P3
LP,0.3117046356201172,localization_error,0.49258068203926086,0.49258068203926086,0900220012200313103134147HG_1294997800_482312500,6752,"[457.4195251464844, 600.0135498046875, 479.3540954589844, 637.0346069335938]",P3
LP,0.9560729265213013,TP,0.9282835721969604,0.9282835721969604,0900220012200313103312325HG_1294970100_482305300,6753,"[487.0033264160156, 668.3834838867188, 589.2830200195312, 841.6552124023438]",P4
TP,0.46132463216781616,TP,0.8117069005966187,0.8117069005966187,0900220012200313103312325HG_1294970100_482305300,6753,"[363.0901794433594, 654.1067504882812, 520.1922607421875, 664.85400390625]",P3
LP,0.8453446626663208,TP,0.8687800765037537,0.8687800765037537,0900220012200313103334602HG_1294940500_482290500,6754,"[525.31982421875, 749.1028442382812, 553.6915283203125, 840.7655639648438]",P3
TP,0.8379158973693848,TP,0.9364176392555237,0.9364176392555237,0900220012200313103334602HG_1294940500_482290500,6754,"[961.4136962890625, 863.6282348632812, 1024.0, 904.8753051757812]",P3
TP,0.6754996180534363,TP,0.862287700176239,0.862287700176239,0900220012200313103334602HG_1294940500_482290500,6754,"[466.4413146972656, 662.2623901367188, 837.03125, 684.2504272460938]",P4
LP,0.46248871088027954,background_false_positive,0.0,0.023387175053358078,0900220012200313103334602HG_1294940500_482290500,6754,"[502.1744079589844, 633.111328125, 531.8267822265625, 668.0819702148438]",P3
LP,0.28775373101234436,background_false_positive,0.0,0.0,0900220012200313103334602HG_1294940500_482290500,6754,"[692.9893798828125, 629.3123168945312, 753.6080322265625, 655.8321533203125]",P3
LP,0.2807207405567169,background_false_positive,0.0,0.02050945535302162,0900220012200313103334602HG_1294940500_482290500,6754,"[690.8742065429688, 631.5921630859375, 752.2017822265625, 663.7427368164062]",P3
TP,0.8015931248664856,TP,0.8278952240943909,0.8278952240943909,0900220012200313103344182HG_1294923000_482280700,6755,"[430.6188659667969, 729.1681518554688, 788.1622314453125, 767.4682006835938]",P4
LP,0.7340576648712158,TP,0.702355682849884,0.702355682849884,0900220012200313103344182HG_1294923000_482280700,6755,"[731.0968017578125, 642.7655639648438, 835.9757080078125, 691.6328125]",P4
LP,0.600051760673523,background_false_positive,0.0,0.009639959782361984,0900220012200313103344182HG_1294923000_482280700,6755,"[581.8596801757812, 769.208984375, 618.6233520507812, 838.9421997070312]",P3
TP,0.3971231281757355,TP,0.6043508052825928,0.6043508052825928,0900220012200313103344182HG_1294923000_482280700,6755,"[138.87974548339844, 700.4734497070312, 370.74517822265625, 728.6857299804688]",P4
LP,0.9515899419784546,TP,0.8964998126029968,0.8964998126029968,0900220012200313103401259HG_1294888500_482263900,6756,"[410.59014892578125, 619.0609741210938, 456.7813415527344, 697.20849609375]",P3
TP,0.3031158149242401,TP,0.6732991337776184,0.6732991337776184,0900220012200313103401259HG_1294888500_482263900,6756,"[293.7897644042969, 619.9224853515625, 435.4314880371094, 629.7465209960938]",P3
LC,0.8473867177963257,TP,0.6730198264122009,0.6730198264122009,0900220012200313141159729HG_1296379300_482365400,6006,"[547.0594482421875, 647.5972900390625, 674.2398071289062, 801.8693237304688]",P4
LC,0.9437355995178223,TP,0.8629090189933777,0.8629090189933777,0900220012200313142223268HG_1296643600_482360600,6638,"[558.1356811523438, 585.1246337890625, 691.6995239257812, 796.4025268554688]",P4
MC,0.25791308283805847,background_false_positive,0.0,1.3700218005396891e-05,0900220012200313142223268HG_1296643600_482360600,6638,"[695.5206909179688, 586.6708374023438, 719.48583984375, 595.2706298828125]",P3
LC,0.8363801836967468,TP,0.7661145329475403,0.7661145329475403,0900220012200313143056145HG_1296744900_482360900,6639,"[510.98297119140625, 621.66796875, 559.2894897460938, 790.0623168945312]",P4
MC,0.2925017178058624,TP,0.5294458866119385,0.5294458866119385,0900220012200313143056145HG_1296744900_482360900,6639,"[356.3002624511719, 620.7726440429688, 389.0919494628906, 629.7577514648438]",P3
LC,0.7254002094268799,classification_error,0.0,0.5644071102142334,0900220012200313143321273HJ_1298265200_482585700,6640,"[306.0124206542969, 617.1285400390625, 440.4951171875, 786.6695556640625]",P4
TC,0.42065027356147766,localization_error,0.21018484234809875,0.21018484234809875,0900220012200313143321273HJ_1298265200_482585700,6640,"[644.81396484375, 707.556640625, 813.0050048828125, 723.4059448242188]",P3
AC,0.2970693111419678,TP,0.6219213604927063,0.6219213604927063,0900220012200313143321273HJ_1298265200_482585700,6640,"[305.1872253417969, 612.7598876953125, 450.5452575683594, 785.6002197265625]",P5
LC,0.25433313846588135,background_false_positive,0.0,0.03354955464601517,0900220012200313143321273HJ_1298265200_482585700,6640,"[451.5228576660156, 623.12060546875, 473.50323486328125, 684.7802124023438]",P3
LC,0.9177047610282898,TP,0.9006577730178833,0.9006577730178833,0900220012200313143909066HG_1296994100_482363900,6641,"[827.9635620117188, 652.0048217773438, 1024.0, 716.5244140625]",P4
LC,0.5449967384338379,TP,0.6537865400314331,0.6537865400314331,0900220012200313144107689HG_1297210100_482364400,6642,"[616.1712036132812, 689.5436401367188, 647.74169921875, 789.2848510742188]",P4
LC,0.9133361577987671,TP,0.8512498736381531,0.8512498736381531,0900220012200313144535390HG_1297248500_482363800,6643,"[491.4248046875, 658.9999389648438, 582.2136840820312, 802.5296020507812]",P4
LC,0.8086627721786499,TP,0.663769006729126,0.663769006729126,0900220012200313144722535HG_1297336800_482361500,6644,"[467.8978576660156, 631.3788452148438, 492.76837158203125, 795.6749267578125]",P4
TC,0.32648444175720215,background_false_positive,0.0,0.0,0900220012200313144722535HG_1297336800_482361500,6644,"[935.9594116210938, 800.916015625, 1023.4019775390625, 823.5203247070312]",P3
LC,0.8847422003746033,TP,0.8865392804145813,0.8865392804145813,0900220012200313145327008HG_1297812000_482357900,6645,"[655.5792236328125, 625.9077758789062, 1023.6848754882812, 775.5726318359375]",P5
MC,0.8690148591995239,TP,0.8755407929420471,0.8755407929420471,0900220012200313145327008HG_1297812000_482357900,6645,"[530.5553588867188, 680.6317749023438, 589.32177734375, 694.74267578125]",P3
LC,0.8261624574661255,TP,0.8944531083106995,0.8944531083106995,09002200122003141055496447C_1296539500_482581900,6747,"[454.3309631347656, 667.0140380859375, 496.03839111328125, 734.369873046875]",P4
MC,0.43368959426879883,TP,0.7875407934188843,0.7875407934188843,09002200122003141055496447C_1296539500_482581900,6747,"[374.12591552734375, 650.5753173828125, 418.68505859375, 660.3017578125]",P3
LP,0.9320656657218933,TP,0.7803827524185181,0.7803827524185181,09002200122003141100169937C_1296348400_482584100,6748,"[629.3893432617188, 625.6915893554688, 789.4655151367188, 859.6570434570312]",P4
MC,0.8447842001914978,TP,0.8709484338760376,0.8709484338760376,09002200122003141100169937C_1296348400_482584100,6748,"[743.992431640625, 686.8186645507812, 791.6043701171875, 698.3644409179688]",P3
TP,0.561903715133667,classification_error,0.0,0.7331224679946899,09002200122003141100169937C_1296348400_482584100,6748,"[818.1650390625, 800.9581909179688, 1024.0, 856.2734375]",P4
TC,0.5105593800544739,classification_error,0.0,0.6300660967826843,09002200122003141100169937C_1296348400_482584100,6748,"[285.4543151855469, 842.9439697265625, 377.73931884765625, 862.3443603515625]",P4
LP,0.4517877995967865,localization_error,0.17354874312877655,0.17354874312877655,09002200122003141105214507C_1296239500_482654800,6749,"[403.6455078125, 641.041015625, 503.3376159667969, 735.3681640625]",P4
LP,0.3795735538005829,TP,0.6595115661621094,0.6595115661621094,09002200122003141105214507C_1296239500_482654800,6749,"[456.23443603515625, 641.6281127929688, 505.281005859375, 679.3673706054688]",P3
TC,0.512267529964447,TP,0.5504688620567322,0.5504688620567322,09002200122003141118424516G_1294886700_481463000,6991,"[141.85092163085938, 723.2396850585938, 492.8136291503906, 763.8930053710938]",P4
LC,0.36112600564956665,TP,0.5982773303985596,0.5982773303985596,0900220012200314114513859HJ_1297889000_483361900,6646,"[722.3107299804688, 634.6275634765625, 925.7855834960938, 745.64794921875]",P4
LC,0.29176780581474304,duplicate_prediction,0.716156542301178,0.716156542301178,0900220012200314114513859HJ_1297889000_483361900,6646,"[744.5953979492188, 653.3946533203125, 947.4755249023438, 746.4130249023438]",P4
AC,0.843718945980072,TP,0.9469809532165527,0.9469809532165527,0900220012200314114630818HJ_1297891400_483275900,6647,"[341.3736877441406, 590.2723999023438, 520.023681640625, 793.0098876953125]",P5
LC,0.5697619318962097,classification_error,0.0,0.6661891341209412,0900220012200314114630818HJ_1297891400_483275900,6647,"[340.2937927246094, 587.9580078125, 466.92364501953125, 793.2775268554688]",P4
TC,0.46227842569351196,TP,0.7033700942993164,0.7033700942993164,0900220012200314114630818HJ_1297891400_483275900,6647,"[503.6183776855469, 639.7683715820312, 721.23046875, 653.5099487304688]",P3
TC,0.2934196889400482,localization_error,0.49115410447120667,0.49115410447120667,0900220012200314114630818HJ_1297891400_483275900,6647,"[502.5174865722656, 633.2365112304688, 725.17333984375, 653.547119140625]",P4
LC,0.9434834122657776,TP,0.8694407939910889,0.8694407939910889,0900220012200314121323382HJ_1297129600_484088200,6648,"[531.6173095703125, 545.1287231445312, 738.4896850585938, 797.2808837890625]",P5
MC,0.9389243125915527,TP,0.91552734375,0.91552734375,0900220012200314121323382HJ_1297129600_484088200,6648,"[339.3549499511719, 712.5119018554688, 429.26861572265625, 742.8455200195312]",P3
AC,0.9344403147697449,TP,0.9705488681793213,0.9705488681793213,0900220012200314121323382HJ_1297129600_484088200,6648,"[0.938281238079071, 559.6405639648438, 501.8816833496094, 853.1604614257812]",P5
LC,0.9042345881462097,TP,0.8135990500450134,0.8135990500450134,09002200122003141225329437C_1296736800_482576300,6750,"[687.7426147460938, 627.4633178710938, 1017.4013671875, 817.287109375]",P5
LC,0.758950412273407,TP,0.8675093054771423,0.8675093054771423,09002200122003141225329437C_1296736800_482576300,6750,"[488.6574401855469, 612.3734741210938, 551.5479736328125, 741.6422119140625]",P4
LC,0.8261314630508423,TP,0.926837146282196,0.926837146282196,0900220012200314122712807HJ_1296632200_483395000,6649,"[319.39520263671875, 553.1593627929688, 483.3661193847656, 788.163818359375]",P5
AC,0.5859227776527405,background_false_positive,0.0,0.0,0900220012200314122712807HJ_1296632200_483395000,6649,"[528.275390625, 660.8951416015625, 815.0548706054688, 799.1497192382812]",P5
LP,0.9640112519264221,TP,0.935774028301239,0.935774028301239,09002200122003141228346936G_1294531300_482018400,6992,"[451.1783142089844, 634.1340942382812, 522.1664428710938, 779.8547973632812]",P4
LP,0.8458324074745178,TP,0.9334413409233093,0.9334413409233093,09002200122003141228346936G_1294531300_482018400,6992,"[314.1214904785156, 767.5374145507812, 354.3892517089844, 821.20458984375]",P3
LP,0.8349080085754395,TP,0.8361806273460388,0.8361806273460388,09002200122003141228346936G_1294531300_482018400,6992,"[724.7137451171875, 629.8207397460938, 866.5765991210938, 783.1554565429688]",P4
TP,0.588251531124115,TP,0.947499692440033,0.947499692440033,09002200122003141228346936G_1294531300_482018400,6992,"[1.538183569908142, 704.9300537109375, 977.7576293945312, 790.2150268554688]",P5
LP,0.47357070446014404,background_false_positive,0.0,0.0,09002200122003141228346936G_1294531300_482018400,6992,"[455.8511657714844, 576.1742553710938, 476.7724609375, 606.75830078125]",P3
LP,0.43130624294281006,background_false_positive,0.0,0.0,09002200122003141228346936G_1294531300_482018400,6992,"[562.1900024414062, 585.3264770507812, 579.616943359375, 607.0516967773438]",P3
TP,0.4288494884967804,background_false_positive,0.0,0.005945846904069185,09002200122003141228346936G_1294531300_482018400,6992,"[377.9568786621094, 614.7077026367188, 777.2835693359375, 634.0463256835938]",P4
TP,0.4209795296192169,localization_error,0.3963869512081146,0.3963869512081146,09002200122003141228346936G_1294531300_482018400,6992,"[0.563671886920929, 705.9721069335938, 436.5574645996094, 785.9716796875]",P5
TP,0.3897899091243744,duplicate_prediction,0.6460151076316833,0.6460151076316833,09002200122003141228346936G_1294531300_482018400,6992,"[111.2451171875, 727.0882568359375, 1017.6863403320312, 791.7904663085938]",P5
LC,0.9395703673362732,localization_error,0.23175905644893646,0.23175905644893646,0900220012200314124139288HJ_1296501500_483235500,6650,"[203.3226776123047, 701.9181518554688, 323.3729248046875, 798.482421875]",P4
TC,0.3562382161617279,background_false_positive,0.0,0.0,0900220012200314124139288HJ_1296501500_483235500,6650,"[746.5081176757812, 707.3507690429688, 963.3079223632812, 750.0658569335938]",P4
MC,0.2672676742076874,background_false_positive,0.0,0.0,0900220012200314124139288HJ_1296501500_483235500,6650,"[879.3961181640625, 790.2785034179688, 961.7105712890625, 814.3699340820312]",P3
LP,0.8904668092727661,TP,0.776715874671936,0.776715874671936,0900220012200314132406125HJ_1296721200_483490500,6651,"[0.5443481802940369, 628.5537109375, 400.0521545410156, 772.7029418945312]",P5
TP,0.6958221197128296,TP,0.6414464116096497,0.6414464116096497,0900220012200314132406125HJ_1296721200_483490500,6651,"[168.1398468017578, 673.1005859375, 701.2799072265625, 733.8536987304688]",P5
LP,0.5925524234771729,localization_error,0.34390220046043396,0.34390220046043396,0900220012200314132406125HJ_1296721200_483490500,6651,"[0.0, 704.7338256835938, 234.17112731933594, 770.8663330078125]",P4
TP,0.3294471204280853,duplicate_prediction,0.7051595449447632,0.7051595449447632,0900220012200314132406125HJ_1296721200_483490500,6651,"[136.33047485351562, 689.0193481445312, 665.0087280273438, 732.7603759765625]",P4
LP,0.7883238792419434,TP,0.8322960138320923,0.8322960138320923,0900220012200314140107934HJ_1296929200_483846900,6652,"[349.9521179199219, 564.970703125, 437.5402526855469, 633.1461181640625]",P3
P,0.618411660194397,TP,0.664533257484436,0.664533257484436,0900220012200314151951258HJ_1297870500_483283300,6653,"[277.77978515625, 759.1793823242188, 300.3447265625, 768.1600952148438]",P3
LC,0.5674542188644409,TP,0.9166644811630249,0.9166644811630249,0900220012200314151951258HJ_1297870500_483283300,6653,"[649.4195556640625, 694.8185424804688, 757.7455444335938, 803.8148803710938]",P4
LP,0.8553352355957031,TP,0.9179485440254211,0.9179485440254211,0900220012200315093433431HJ_1296785900_482235200,6654,"[606.3888549804688, 599.2158203125, 660.9915771484375, 633.4464721679688]",P3
TP,0.8458153605461121,TP,0.9474359750747681,0.9474359750747681,0900220012200315093433431HJ_1296785900_482235200,6654,"[1.7746704816818237, 738.0501708984375, 365.2968444824219, 784.6636352539062]",P5
MC,0.7914770245552063,TP,0.9166771769523621,0.9166771769523621,0900220012200315093433431HJ_1296785900_482235200,6654,"[946.8734741210938, 736.9066772460938, 1017.2291259765625, 759.9120483398438]",P3
LC,0.9634878635406494,TP,0.950650155544281,0.950650155544281,09002200122003151055458416G_1295850200_481749800,6993,"[632.2937622070312, 608.1435546875, 977.7886962890625, 924.7877197265625]",P5
MC,0.46107059717178345,background_false_positive,0.0,0.0,09002200122003151055458416G_1295850200_481749800,6993,"[575.30810546875, 616.270263671875, 608.5549926757812, 623.7836303710938]",P3
LC,0.9419099688529968,TP,0.9355318546295166,0.9355318546295166,09002200122003151235277596G_1295845200_481745700,6994,"[345.1232604980469, 605.0442504882812, 560.34765625, 867.6685791015625]",P5
LC,0.9490309357643127,TP,0.9474297761917114,0.9474297761917114,0900220012200315141340888HG_1296531200_483154500,6655,"[523.812255859375, 585.5345458984375, 633.0309448242188, 768.071533203125]",P4
LC,0.6808276176452637,TP,0.9252421259880066,0.9252421259880066,0900220012200315143107720HG_1296530700_482928000,6656,"[570.5875244140625, 656.26171875, 654.7372436523438, 776.0086059570312]",P4
TP,0.5627252459526062,TP,0.8491982817649841,0.8491982817649841,0900220012200315143107720HG_1296530700_482928000,6656,"[497.6552734375, 694.7818603515625, 593.5458984375, 701.9820556640625]",P3
TP,0.4818156957626343,TP,0.5499230027198792,0.5499230027198792,0900220012200315143107720HG_1296530700_482928000,6656,"[52.02699661254883, 708.1109619140625, 239.66397094726562, 745.650390625]",P4
LC,0.4680231213569641,localization_error,0.387367308139801,0.387367308139801,0900220012200315143107720HG_1296530700_482928000,6656,"[523.576904296875, 577.1607666015625, 656.0902099609375, 773.8663940429688]",P5
TC,0.366862028837204,classification_error,0.0,0.5659753084182739,0900220012200315143107720HG_1296530700_482928000,6656,"[48.57857131958008, 707.0955200195312, 239.1250457763672, 746.2660522460938]",P4
LP,0.7667900919914246,TP,0.8398925065994263,0.8398925065994263,0900220012200315144856644HG_1296528900_482432600,6657,"[506.734375, 671.9580078125, 527.8203125, 772.1039428710938]",P4
AC,0.9227194786071777,TP,0.8877105116844177,0.8877105116844177,0900220012200315150232315HJ_1296975400_482047300,6658,"[316.6619567871094, 588.1910400390625, 749.4028930664062, 801.6224975585938]",P5
LP,0.9449318647384644,TP,0.8820071816444397,0.8820071816444397,0900220012200315151539425HJ_1296659100_482044700,6659,"[0.902099609375, 616.0380249023438, 389.4921875, 810.8492431640625]",P5
MC,0.6626632809638977,TP,0.7793349027633667,0.7793349027633667,0900220012200315151539425HJ_1296659100_482044700,6659,"[810.7879028320312, 640.2724609375, 851.7472534179688, 650.9827270507812]",P3
MC,0.3386354446411133,localization_error,0.38271456956863403,0.38271456956863403,0900220012200315151539425HJ_1296659100_482044700,6659,"[676.1695556640625, 607.9696655273438, 706.3099975585938, 617.5514526367188]",P3
MC,0.2945002019405365,localization_error,0.449144572019577,0.449144572019577,0900220012200315151539425HJ_1296659100_482044700,6659,"[661.7418823242188, 607.96240234375, 682.3375854492188, 616.6979370117188]",P3
LP,0.8543623685836792,localization_error,0.4606478214263916,0.4606478214263916,0900220012200315154038595HJ_1296568800_482042800,6660,"[424.3224792480469, 685.2868041992188, 474.1551818847656, 796.9027709960938]",P4
TP,0.9186837673187256,TP,0.9613847136497498,0.9613847136497498,0900220012200315154720073HG_1294851400_482002800,6757,"[803.1666259765625, 809.240234375, 1023.7228393554688, 885.3386840820312]",P4
LP,0.4161117970943451,TP,0.6009284257888794,0.6009284257888794,0900220012200315154720073HG_1294851400_482002800,6757,"[635.5609130859375, 781.6646728515625, 674.8690795898438, 839.4988403320312]",P3
LP,0.25672298669815063,localization_error,0.11217309534549713,0.11217309534549713,0900220012200315154720073HG_1294851400_482002800,6757,"[643.06201171875, 780.4314575195312, 755.1276245117188, 878.0844116210938]",P4
LP,0.8579151034355164,TP,0.8588135242462158,0.8588135242462158,0900220012200315161117226HJ_1296881600_482040100,6661,"[359.2541198730469, 663.8735961914062, 483.2084045410156, 740.1923217773438]",P4
LP,0.5717803835868835,classification_error,0.0,0.8768433332443237,0900220012200315161117226HJ_1296881600_482040100,6661,"[129.472412109375, 747.7362670898438, 281.0627136230469, 789.88427734375]",P4
AC,0.8850750923156738,TP,0.9152472615242004,0.9152472615242004,0900220012200315162223937HJ_1297328400_482030800,6662,"[492.5033264160156, 612.1279296875, 730.2820434570312, 799.4276733398438]",P5
AC,0.9022762775421143,TP,0.8752074241638184,0.8752074241638184,0900220012200315162328572HJ_1297400000_482025700,6663,"[504.75054931640625, 623.2745361328125, 745.6744995117188, 799.8184814453125]",P5
LC,0.6546148657798767,TP,0.7260849475860596,0.7260849475860596,0900220012200316084211511HJ_1298004400_481663100,6664,"[469.9422912597656, 675.3322143554688, 508.40069580078125, 796.1146850585938]",P4
LC,0.2595025897026062,duplicate_prediction,0.6535629034042358,0.6535629034042358,0900220012200316084211511HJ_1298004400_481663100,6664,"[451.63043212890625, 668.5234375, 508.3601989746094, 797.7697143554688]",P4
AC,0.48076242208480835,background_false_positive,0.0,0.0,0900220012200316084343107HJ_1297933100_481702700,6665,"[0.0, 636.6487426757812, 362.1509704589844, 777.7882080078125]",P5
LC,0.4154202938079834,TP,0.8339688777923584,0.8339688777923584,0900220012200316084343107HJ_1297933100_481702700,6665,"[669.3662719726562, 709.490478515625, 739.2988891601562, 788.3411865234375]",P3
LC,0.27706000208854675,duplicate_prediction,0.5627317428588867,0.5627317428588867,0900220012200316084343107HJ_1297933100_481702700,6665,"[644.8975830078125, 697.8746337890625, 738.5673217773438, 789.1276245117188]",P4
LC,0.693104088306427,TP,0.5400876998901367,0.5400876998901367,0900220012200316084601730HJ_1297722500_481673600,6666,"[565.646484375, 679.5797119140625, 610.6607666015625, 793.8019409179688]",P4
LC,0.6666341423988342,TP,0.7682424783706665,0.7682424783706665,0900220012200316084601730HJ_1297722500_481673600,6666,"[0.5645996332168579, 615.3522338867188, 301.07843017578125, 693.5917358398438]",P5
LC,0.553480327129364,TP,0.6948580741882324,0.6948580741882324,0900220012200316084601730HJ_1297722500_481673600,6666,"[404.7098693847656, 588.4841918945312, 478.08740234375, 643.7540893554688]",P4
LC,0.41031038761138916,duplicate_prediction,0.879280686378479,0.879280686378479,0900220012200316084601730HJ_1297722500_481673600,6666,"[404.4439392089844, 598.8107299804688, 465.1392517089844, 645.1683959960938]",P3
AC,0.8609411120414734,TP,0.7057644128799438,0.7057644128799438,0900220012200316090612549HJ_1297293200_481785000,6667,"[0.692431628704071, 582.8463134765625, 787.9796752929688, 836.3060913085938]",P5
TC,0.796541154384613,background_false_positive,0.0,0.058709800243377686,0900220012200316090612549HJ_1297293200_481785000,6667,"[789.8349609375, 746.0302734375, 1020.91015625, 805.03125]",P4
P,0.8516230583190918,TP,0.9460169672966003,0.9460169672966003,09002200122003161001101646G_1296050900_481062900,6995,"[633.0001220703125, 696.3972778320312, 704.1950073242188, 725.7998046875]",P3
LC,0.8210163116455078,background_false_positive,0.0,0.23433557152748108,09002200122003161001101646G_1296050900_481062900,6995,"[489.38214111328125, 665.759765625, 580.1093139648438, 865.6913452148438]",P4
P,0.7698227763175964,TP,0.6683787107467651,0.6683787107467651,09002200122003161001101646G_1296050900_481062900,6995,"[638.3695678710938, 664.2639770507812, 661.8998413085938, 672.4450073242188]",P3
LC,0.3092893064022064,background_false_positive,0.0,0.08868582546710968,09002200122003161001101646G_1296050900_481062900,6995,"[266.7867736816406, 671.7156372070312, 378.40142822265625, 731.1607666015625]",P4
LC,0.25724485516548157,background_false_positive,0.0,0.04151763767004013,09002200122003161001101646G_1296050900_481062900,6995,"[305.77520751953125, 672.2861328125, 378.5445251464844, 714.7484741210938]",P3
TC,0.5769289135932922,classification_error,0.0,0.5849242210388184,0900220012200316101158973HJ_1294210800_482438700,6346,"[434.81109619140625, 688.1909790039062, 667.7459716796875, 700.8744506835938]",P3
TC,0.5158147215843201,classification_error,0.0,0.698996365070343,0900220012200316101158973HJ_1294210800_482438700,6346,"[414.13018798828125, 768.7115478515625, 464.12139892578125, 795.1185913085938]",P4
LP,0.45226481556892395,TP,0.6714769601821899,0.6714769601821899,0900220012200316101430746HJ_1294210500_482551900,6347,"[243.993896484375, 615.5029907226562, 412.411865234375, 711.7765502929688]",P4
AC,0.6025279760360718,TP,0.6707789897918701,0.6707789897918701,0900220012200316104656952HJ_1294137800_483062700,6348,"[334.3350830078125, 622.8756103515625, 765.46630859375, 805.4938354492188]",P5
AC,0.5386649966239929,localization_error,0.47199881076812744,0.47199881076812744,0900220012200316104656952HJ_1294137800_483062700,6348,"[334.3682556152344, 619.7984619140625, 939.5061645507812, 806.5322265625]",P5
LC,0.4425911009311676,TP,0.8959997892379761,0.8959997892379761,0900220012200316104656952HJ_1294137800_483062700,6348,"[765.1459350585938, 723.0399780273438, 956.9462890625, 797.8887939453125]",P4
LC,0.31933650374412537,duplicate_prediction,0.6410870552062988,0.6410870552062988,0900220012200316104656952HJ_1294137800_483062700,6348,"[767.8751831054688, 722.13037109375, 1016.6197509765625, 802.8749389648438]",P4
LC,0.9357307553291321,TP,0.9070417284965515,0.9070417284965515,0900220012200316105228994HJ_1294110100_483361500,6349,"[396.09210205078125, 663.8238525390625, 492.6122131347656, 837.6599731445312]",P4
LC,0.8725950717926025,TP,0.8568181991577148,0.8568181991577148,0900220012200316105304192HJ_1294095000_483407800,6350,"[256.1455078125, 683.0675659179688, 357.6414489746094, 796.3590698242188]",P4
LC,0.7295224070549011,TP,0.6219868659973145,0.6219868659973145,0900220012200316105441775HJ_1294075000_483471700,6351,"[595.8605346679688, 707.6387939453125, 622.904296875, 791.9100952148438]",P4
TC,0.640322744846344,TP,0.6517619490623474,0.6517619490623474,0900220012200316112612725HJ_1294134200_483080700,6352,"[339.06427001953125, 671.9446411132812, 799.6010131835938, 698.2169189453125]",P4
TC,0.4103728234767914,duplicate_prediction,0.8123518824577332,0.8123518824577332,0900220012200316112612725HJ_1294134200_483080700,6352,"[337.31488037109375, 663.697509765625, 813.3107299804688, 695.4624633789062]",P5
LC,0.26051345467567444,background_false_positive,0.0,0.13529103994369507,0900220012200316112612725HJ_1294134200_483080700,6352,"[633.7601318359375, 679.2279663085938, 721.3182983398438, 788.0523071289062]",P4
TC,0.875593900680542,localization_error,0.31678298115730286,0.31678298115730286,0900220012200316112739689HJ_1294136100_483024400,6353,"[788.3131103515625, 732.9099731445312, 1022.6148681640625, 812.1885986328125]",P4
LC,0.8046488761901855,TP,0.5374369025230408,0.5374369025230408,0900220012200316112739689HJ_1294136100_483024400,6353,"[582.0685424804688, 635.2551879882812, 734.7378540039062, 801.98291015625]",P4
MC,0.46914592385292053,TP,0.5644683241844177,0.5644683241844177,0900220012200316112739689HJ_1294136100_483024400,6353,"[432.91534423828125, 601.0396118164062, 472.5016784667969, 608.2002563476562]",P3
LC,0.676948606967926,TP,0.6953393220901489,0.6953393220901489,0900220012200316112756688HJ_1294153300_483006900,6354,"[526.2296752929688, 664.8150024414062, 545.8041381835938, 788.3958740234375]",P3
TC,0.4538615047931671,localization_error,0.462209016084671,0.462209016084671,0900220012200316112756688HJ_1294153300_483006900,6354,"[387.3759765625, 653.6177978515625, 640.4405517578125, 666.8596801757812]",P3
LC,0.4538429379463196,TP,0.7397475242614746,0.7397475242614746,0900220012200316112756688HJ_1294153300_483006900,6354,"[626.2069702148438, 675.3207397460938, 710.6354370117188, 789.2055053710938]",P4
TC,0.3122371733188629,TP,0.8288258910179138,0.8288258910179138,0900220012200316112756688HJ_1294153300_483006900,6354,"[382.58721923828125, 649.2027587890625, 808.2601928710938, 667.1715087890625]",P4
TC,0.2733604609966278,localization_error,0.3640379011631012,0.3640379011631012,0900220012200316112756688HJ_1294153300_483006900,6354,"[400.71337890625, 657.2615356445312, 682.8421020507812, 666.7462768554688]",P3
LC,0.8362330794334412,TP,0.9095863699913025,0.9095863699913025,0900220012200316112847121HJ_1294204400_482950000,6355,"[846.0431518554688, 774.7557983398438, 1020.3048706054688, 854.5526733398438]",P4
TC,0.8331100344657898,TP,0.9151550531387329,0.9151550531387329,0900220012200316112847121HJ_1294204400_482950000,6355,"[179.21142578125, 727.3888549804688, 1012.59033203125, 810.43408203125]",P5
TC,0.959778904914856,TP,0.9617679119110107,0.9617679119110107,09002200122003161237150426G_1296175000_480946800,6996,"[0.737109363079071, 731.9027709960938, 410.10015869140625, 864.9920043945312]",P5
TC,0.7318094372749329,TP,0.9016335606575012,0.9016335606575012,09002200122003161237150426G_1296175000_480946800,6996,"[862.0545043945312, 841.0353393554688, 1022.2107543945312, 871.7680053710938]",P4
LC,0.6538704037666321,TP,0.75492924451828,0.75492924451828,09002200122003161237150426G_1296175000_480946800,6996,"[473.03594970703125, 615.0307006835938, 538.1170043945312, 733.8243408203125]",P4
MC,0.9097645878791809,TP,0.8542730808258057,0.8542730808258057,0900220012200316141710218HJ_1294209200_482431500,6356,"[823.69482421875, 711.0115356445312, 892.37255859375, 729.9789428710938]",P3
MC,0.8873973488807678,TP,0.7677793502807617,0.7677793502807617,0900220012200316141710218HJ_1294209200_482431500,6356,"[583.3507080078125, 665.4777221679688, 634.56201171875, 678.7623291015625]",P3
LP,0.8579177856445312,TP,0.8675044178962708,0.8675044178962708,0900220012200316141710218HJ_1294209200_482431500,6356,"[754.2001342773438, 713.3240356445312, 816.6265869140625, 756.8564453125]",P3
TP,0.5515739321708679,TP,0.7055202722549438,0.7055202722549438,0900220012200316141710218HJ_1294209200_482431500,6356,"[638.8328247070312, 633.2492065429688, 806.3963012695312, 650.6316528320312]",P3
TP,0.34946638345718384,TP,0.8715566396713257,0.8715566396713257,0900220012200316141710218HJ_1294209200_482431500,6356,"[935.1644897460938, 696.2804565429688, 1023.7867431640625, 715.3290405273438]",P4
LP,0.8927343487739563,TP,0.9730733633041382,0.9730733633041382,0900220012200316141802160HJ_1294208700_482469500,6357,"[569.6769409179688, 663.42138671875, 632.187744140625, 740.6301879882812]",P3
LP,0.8812770247459412,localization_error,0.32744044065475464,0.32744044065475464,0900220012200316141802160HJ_1294208700_482469500,6357,"[702.90869140625, 708.1273803710938, 823.9996337890625, 803.0455322265625]",P4
LP,0.8661046624183655,TP,0.63568514585495,0.63568514585495,0900220012200316141802160HJ_1294208700_482469500,6357,"[566.8495483398438, 619.0557250976562, 609.3961791992188, 667.4887084960938]",P3
TP,0.3992634415626526,TP,0.6827409267425537,0.6827409267425537,0900220012200316141802160HJ_1294208700_482469500,6357,"[197.17041015625, 670.918701171875, 801.2399291992188, 704.3912963867188]",P4
LP,0.34036311507225037,localization_error,0.45282289385795593,0.45282289385795593,0900220012200316141802160HJ_1294208700_482469500,6357,"[555.6845092773438, 612.8720092773438, 609.9276733398438, 668.3825073242188]",P4
TP,0.27951139211654663,duplicate_prediction,0.923897922039032,0.923897922039032,0900220012200316141802160HJ_1294208700_482469500,6357,"[205.9621124267578, 663.28466796875, 925.9539184570312, 703.74853515625]",P5
LP,0.960812509059906,TP,0.923114001750946,0.923114001750946,0900220012200316141814737HJ_1294208600_482488900,6358,"[619.4938354492188, 683.7086181640625, 771.5809936523438, 803.3129272460938]",P4
LP,0.7833420634269714,TP,0.5307988524436951,0.5307988524436951,0900220012200316141814737HJ_1294208600_482488900,6358,"[598.1510620117188, 686.73974609375, 667.8299560546875, 796.67431640625]",P4
TP,0.7642667889595032,TP,0.7816916108131409,0.7816916108131409,0900220012200316141814737HJ_1294208600_482488900,6358,"[604.7494506835938, 656.1184692382812, 901.0501098632812, 687.439453125]",P4
LP,0.7028259038925171,TP,0.9310346841812134,0.9310346841812134,0900220012200316141814737HJ_1294208600_482488900,6358,"[723.8287353515625, 692.1046752929688, 864.0997924804688, 804.50830078125]",P4
LP,0.6871774792671204,TP,0.6761801242828369,0.6761801242828369,0900220012200316141814737HJ_1294208600_482488900,6358,"[655.2658081054688, 595.5506591796875, 666.4302978515625, 615.9647827148438]",P3
LP,0.607883870601654,background_false_positive,0.049824994057416916,0.049824994057416916,0900220012200316141814737HJ_1294208600_482488900,6358,"[578.598876953125, 638.8330078125, 597.414306640625, 677.208984375]",P3
TP,0.4721859395503998,TP,0.760952889919281,0.760952889919281,0900220012200316141814737HJ_1294208600_482488900,6358,"[734.1285400390625, 675.9607543945312, 1017.6011962890625, 728.2931518554688]",P5
LP,0.30729740858078003,duplicate_prediction,0.6652796268463135,0.6652796268463135,0900220012200316141814737HJ_1294208600_482488900,6358,"[747.4476928710938, 713.412109375, 863.0759887695312, 804.27197265625]",P4
LP,0.2763248085975647,localization_error,0.4230451285839081,0.4230451285839081,0900220012200316141814737HJ_1294208600_482488900,6358,"[653.5922241210938, 589.360107421875, 667.3786010742188, 615.7774047851562]",P3
MC,0.8300211429595947,TP,0.8351410627365112,0.8351410627365112,0900220012200316143303621HJ_1294208400_482685700,6359,"[311.676025390625, 695.6229858398438, 365.2892150878906, 710.1011962890625]",P3
MC,0.81434565782547,TP,0.7064445614814758,0.7064445614814758,0900220012200316143303621HJ_1294208400_482685700,6359,"[485.4242858886719, 685.5677490234375, 545.7584838867188, 698.5065307617188]",P3
TP,0.38355064392089844,TP,0.7235764861106873,0.7235764861106873,0900220012200316143303621HJ_1294208400_482685700,6359,"[401.43310546875, 674.8779296875, 832.0728759765625, 704.96923828125]",P4
TP,0.7722135782241821,TP,0.9684410691261292,0.9684410691261292,0900220012200316143505378HJ_1294208800_482750900,6360,"[189.80361938476562, 660.3602905273438, 885.8642578125, 698.5866088867188]",P5
TP,0.2784482538700104,duplicate_prediction,0.6828351020812988,0.6828351020812988,0900220012200316143505378HJ_1294208800_482750900,6360,"[193.7893524169922, 665.0576171875, 752.8178100585938, 699.2730712890625]",P4
MC,0.9094107151031494,TP,0.930052638053894,0.930052638053894,0900220012200316143833772HJ_1294208900_482794800,6361,"[347.4750061035156, 698.4854736328125, 419.4090881347656, 718.08154296875]",P3
LP,0.8904198408126831,TP,0.9037589430809021,0.9037589430809021,0900220012200316143833772HJ_1294208900_482794800,6361,"[386.0038757324219, 736.5435180664062, 431.9715270996094, 784.6735229492188]",P3
MC,0.8583208322525024,TP,0.9105181097984314,0.9105181097984314,0900220012200316143833772HJ_1294208900_482794800,6361,"[785.5014038085938, 752.650390625, 874.5869140625, 783.0072631835938]",P3
TP,0.506618082523346,TP,0.6934843063354492,0.6934843063354492,0900220012200316143833772HJ_1294208900_482794800,6361,"[185.71011352539062, 677.5924682617188, 331.8138122558594, 702.4096069335938]",P3
LP,0.9476855993270874,TP,0.8379709720611572,0.8379709720611572,0900220012200316144610386HJ_1294202500_482964900,6362,"[336.8186950683594, 588.2452392578125, 469.45928955078125, 795.5354614257812]",P4
LP,0.9223334789276123,TP,0.832676887512207,0.832676887512207,0900220012200316144610386HJ_1294202500_482964900,6362,"[529.1162109375, 617.5934448242188, 569.8549194335938, 691.8703002929688]",P3
LP,0.8630951046943665,TP,0.8867087960243225,0.8867087960243225,0900220012200316144610386HJ_1294202500_482964900,6362,"[590.921875, 610.0894775390625, 862.80615234375, 805.8674926757812]",P5
LP,0.5945163369178772,localization_error,0.3826310634613037,0.3826310634613037,0900220012200316144610386HJ_1294202500_482964900,6362,"[567.6921997070312, 710.5502319335938, 607.6915893554688, 798.3671875]",P4
LP,0.33591118454933167,TP,0.6546933054924011,0.6546933054924011,0900220012200316144610386HJ_1294202500_482964900,6362,"[346.51025390625, 687.1419677734375, 375.54376220703125, 712.7196044921875]",P3
LP,0.2887610197067261,localization_error,0.2741748094558716,0.2741748094558716,0900220012200316144610386HJ_1294202500_482964900,6362,"[345.7210388183594, 671.9390258789062, 393.61895751953125, 713.4525756835938]",P3
MC,0.26195991039276123,localization_error,0.335067480802536,0.335067480802536,0900220012200316144610386HJ_1294202500_482964900,6362,"[759.88818359375, 637.8653564453125, 780.1300048828125, 646.470703125]",P3
LP,0.9414513111114502,TP,0.9884587526321411,0.9884587526321411,0900220012200316144810520HJ_1294137100_483068600,6363,"[601.04541015625, 643.7937622070312, 733.1915283203125, 809.1589965820312]",P4
LP,0.671323299407959,TP,0.8274281620979309,0.8274281620979309,0900220012200316144810520HJ_1294137100_483068600,6363,"[496.5586853027344, 597.1788940429688, 521.43115234375, 805.3775634765625]",P5
LP,0.578441858291626,TP,0.7964792847633362,0.7964792847633362,0900220012200316144810520HJ_1294137100_483068600,6363,"[568.688232421875, 577.6637573242188, 604.9386596679688, 613.6265869140625]",P3
LP,0.4842628836631775,background_false_positive,0.006973983719944954,0.006973983719944954,0900220012200316144810520HJ_1294137100_483068600,6363,"[489.2541198730469, 569.5996704101562, 504.8575134277344, 604.3091430664062]",P3
LC,0.5843735337257385,background_false_positive,0.0,0.0998956561088562,0900220012200316145549848HJ_1294145700_483136300,6364,"[533.8558349609375, 630.8280639648438, 558.9822998046875, 789.3529663085938]",P4
LP,0.381619393825531,TP,0.807923436164856,0.807923436164856,0900220012200316145549848HJ_1294145700_483136300,6364,"[532.7115478515625, 631.8986206054688, 545.0436401367188, 671.1273193359375]",P3
MC,0.8731040358543396,TP,0.7705984115600586,0.7705984115600586,0900220012200316145802693HJ_1294185900_482977800,6365,"[816.0806884765625, 680.9984741210938, 864.6607666015625, 695.2252197265625]",P3
LP,0.7335540056228638,background_false_positive,0.0,0.39768198132514954,0900220012200316145802693HJ_1294185900_482977800,6365,"[360.4017639160156, 612.0658569335938, 450.8781433105469, 683.5015869140625]",P4
MC,0.43965548276901245,TP,0.5656325817108154,0.5656325817108154,0900220012200316145802693HJ_1294185900_482977800,6365,"[581.1034545898438, 612.0436401367188, 612.0507202148438, 620.8043823242188]",P3
LP,0.33233240246772766,background_false_positive,0.0,0.0,0900220012200316145802693HJ_1294185900_482977800,6365,"[320.5851745605469, 619.9476928710938, 366.5485534667969, 642.617919921875]",P3
LP,0.311594158411026,background_false_positive,0.0,0.0,0900220012200316145802693HJ_1294185900_482977800,6365,"[874.5504150390625, 696.0968017578125, 1024.0, 747.9436645507812]",P4
MC,0.26267632842063904,background_false_positive,0.0,0.0,0900220012200316145802693HJ_1294185900_482977800,6365,"[847.8435668945312, 631.1312866210938, 888.0552978515625, 639.6802368164062]",P3
LC,0.737758994102478,TP,0.7368065714836121,0.7368065714836121,0900220012200316145839483HJ_1294206100_482912900,6366,"[543.1604614257812, 632.9686889648438, 575.8571166992188, 774.5741577148438]",P4
LC,0.676310122013092,TP,0.7483508586883545,0.7483508586883545,0900220012200316145839483HJ_1294206100_482912900,6366,"[343.0684509277344, 690.78125, 411.3964538574219, 772.09716796875]",P4
MC,0.893445611000061,TP,0.911823034286499,0.911823034286499,0900220012200316150325440HJ_1294206100_482864200,6367,"[447.119873046875, 746.0170288085938, 535.5850219726562, 771.0633544921875]",P3
TC,0.8561145067214966,TP,0.8249441385269165,0.8249441385269165,0900220012200316150325440HJ_1294206100_482864200,6367,"[94.88545227050781, 692.3539428710938, 434.7529296875, 738.6890869140625]",P5
LC,0.5164321064949036,background_false_positive,0.0,0.027980484068393707,0900220012200316150325440HJ_1294206100_482864200,6367,"[625.7036743164062, 658.5671997070312, 704.7083740234375, 742.7670288085938]",P4
LC,0.5405212640762329,localization_error,0.4117264151573181,0.4117264151573181,0900220012200316150700432HJ_1294206800_482727100,6368,"[548.8319702148438, 598.1557006835938, 620.2737426757812, 801.3914184570312]",P4
AC,0.9629396200180054,TP,0.9285168051719666,0.9285168051719666,0900220012200316153415974HJ_1294207100_482043500,6758,"[0.0, 586.8173828125, 1024.0, 899.4840698242188]",P5
TP,0.3621094226837158,localization_error,0.1996365636587143,0.1996365636587143,0900220012200316174811914HJ_1297428900_481650200,6668,"[142.26206970214844, 749.1279296875, 442.0614318847656, 763.1975708007812]",P4
TP,0.34814146161079407,TP,0.5984372496604919,0.5984372496604919,0900220012200316174811914HJ_1297428900_481650200,6668,"[76.84850311279297, 749.03759765625, 441.1781921386719, 780.27587890625]",P4
TP,0.27360862493515015,localization_error,0.37785327434539795,0.37785327434539795,0900220012200316174811914HJ_1297428900_481650200,6668,"[152.25355529785156, 749.48876953125, 442.128173828125, 773.7699584960938]",P4
LP,0.843743622303009,TP,0.8903687000274658,0.8903687000274658,0900220012200317104454359HJ_1294653000_482426800,6369,"[15.882471084594727, 698.3035278320312, 310.63116455078125, 858.0932006835938]",P5
MC,0.834639847278595,TP,0.7860715389251709,0.7860715389251709,0900220012200317104454359HJ_1294653000_482426800,6369,"[652.623046875, 658.9364624023438, 702.8761596679688, 669.51025390625]",P3
TP,0.4010411500930786,TP,0.6349524855613708,0.6349524855613708,0900220012200317104454359HJ_1294653000_482426800,6369,"[184.740478515625, 668.0164794921875, 312.495849609375, 692.0040893554688]",P3
LP,0.6494218707084656,TP,0.572536826133728,0.572536826133728,0900220012200317104513120HJ_1294619200_482427300,6370,"[537.3153076171875, 696.7886962890625, 570.7885131835938, 793.67578125]",P3
LP,0.8408549427986145,TP,0.8029780387878418,0.8029780387878418,0900220012200317104525821HJ_1294597100_482427100,6371,"[447.43798828125, 645.0767822265625, 484.56768798828125, 671.55078125]",P3
MC,0.7353583574295044,TP,0.8613046407699585,0.8613046407699585,0900220012200317104525821HJ_1294597100_482427100,6371,"[735.2350463867188, 714.6583251953125, 814.8975830078125, 737.6417236328125]",P3
MC,0.5002377033233643,TP,0.6822715997695923,0.6822715997695923,0900220012200317104525821HJ_1294597100_482427100,6371,"[830.2761840820312, 647.838134765625, 879.9879150390625, 662.1080932617188]",P3
LC,0.37455812096595764,background_false_positive,0.0,0.0014166434993967414,0900220012200317104525821HJ_1294597100_482427100,6371,"[656.3551635742188, 689.6159057617188, 735.4342651367188, 750.517578125]",P3
MC,0.32150763273239136,TP,0.8088951110839844,0.8088951110839844,0900220012200317104525821HJ_1294597100_482427100,6371,"[695.0769653320312, 630.2403564453125, 727.0861206054688, 638.0946655273438]",P3
LC,0.31478917598724365,background_false_positive,0.0,0.07833129912614822,0900220012200317104525821HJ_1294597100_482427100,6371,"[652.0014038085938, 685.9237670898438, 793.6129150390625, 794.0140991210938]",P4
LC,0.2612193822860718,background_false_positive,0.0,0.0,0900220012200317104525821HJ_1294597100_482427100,6371,"[610.0082397460938, 681.750244140625, 691.0047607421875, 774.0286865234375]",P4
LP,0.7833226919174194,TP,0.8403315544128418,0.8403315544128418,0900220012200317104812230HJ_1294399000_482429900,6372,"[618.2347412109375, 726.8101806640625, 650.5726928710938, 797.0687866210938]",P4
TP,0.4335528314113617,TP,0.7731115221977234,0.7731115221977234,0900220012200317104812230HJ_1294399000_482429900,6372,"[562.1788940429688, 688.9967041015625, 639.8778686523438, 697.6668090820312]",P3
LP,0.8494453430175781,classification_error,0.17581914365291595,0.9268838763237,09002200122003171152385637C_1295432700_482008900,6997,"[639.4808959960938, 632.5777587890625, 753.4389038085938, 884.7879028320312]",P4
LP,0.847540020942688,TP,0.8677746653556824,0.8677746653556824,09002200122003171152385637C_1295432700_482008900,6997,"[0.0, 705.2694702148438, 243.71890258789062, 754.8173217773438]",P4
LP,0.7436050772666931,TP,0.9388454556465149,0.9388454556465149,09002200122003171152385637C_1295432700_482008900,6997,"[0.0, 707.3800048828125, 394.8355407714844, 834.1866455078125]",P5
LP,0.5653418302536011,localization_error,0.37219226360321045,0.37219226360321045,09002200122003171152385637C_1295432700_482008900,6997,"[0.0, 761.0430297851562, 262.5462341308594, 833.197265625]",P4
LP,0.5441003441810608,localization_error,0.15666237473487854,0.15666237473487854,09002200122003171152385637C_1295432700_482008900,6997,"[272.053466796875, 704.1160278320312, 393.00250244140625, 772.0498046875]",P4
TP,0.47376564145088196,TP,0.8269504308700562,0.8269504308700562,09002200122003171152385637C_1295432700_482008900,6997,"[527.1121215820312, 710.2413940429688, 822.5036010742188, 729.5210571289062]",P5
LP,0.4208078682422638,localization_error,0.38776618242263794,0.38776618242263794,09002200122003171152385637C_1295432700_482008900,6997,"[630.4801635742188, 632.4990234375, 682.3710327148438, 885.8338012695312]",P4
LP,0.9191228151321411,TP,0.9744800925254822,0.9744800925254822,09002200122003171153332867C_1295495200_482022400,6998,"[207.3528289794922, 707.7252197265625, 386.5630798339844, 770.662109375]",P4
MC,0.8523253202438354,TP,0.8914279937744141,0.8914279937744141,09002200122003171153332867C_1295495200_482022400,6998,"[465.87481689453125, 853.1171875, 596.85986328125, 895.0711059570312]",P3
LP,0.9689937829971313,TP,0.9242110848426819,0.9242110848426819,09002200122003171154015047C_1295537700_482028300,6999,"[71.29936981201172, 735.1954956054688, 336.8744812011719, 896.7080078125]",P5
LP,0.9319340586662292,TP,0.9469879269599915,0.9469879269599915,09002200122003171154015047C_1295537700_482028300,6999,"[0.637451171875, 732.16748046875, 248.14183044433594, 787.3538208007812]",P4
TP,0.8559302687644958,TP,0.6434540152549744,0.6434540152549744,09002200122003171154015047C_1295537700_482028300,6999,"[275.7643737792969, 716.4689331054688, 667.6399536132812, 767.5173950195312]",P4
MC,0.680267870426178,TP,0.8200858235359192,0.8200858235359192,09002200122003171154015047C_1295537700_482028300,6999,"[474.83502197265625, 703.9855346679688, 517.1092529296875, 716.1689453125]",P3
LP,0.6058231592178345,localization_error,0.3293011486530304,0.3293011486530304,09002200122003171154015047C_1295537700_482028300,6999,"[555.1676635742188, 794.5834350585938, 596.2661743164062, 889.0470581054688]",P4
LP,0.51866215467453,localization_error,0.4944397211074829,0.4944397211074829,09002200122003171154015047C_1295537700_482028300,6999,"[555.1692504882812, 810.1826171875, 587.2249145507812, 889.2048950195312]",P3
AC,0.41657784581184387,background_false_positive,0.0,0.0,09002200122003171154015047C_1295537700_482028300,6999,"[915.8623046875, 740.32763671875, 1023.8224487304688, 791.7301635742188]",P4
LP,0.38338741660118103,background_false_positive,0.0,0.0,09002200122003171154015047C_1295537700_482028300,6999,"[310.0489807128906, 675.7907104492188, 356.1484375, 695.7022705078125]",P3
LP,0.9707291126251221,TP,0.6391573548316956,0.6391573548316956,09002200122003171155203197C_1295577800_482033100,7000,"[410.71826171875, 717.8878784179688, 464.6940612792969, 788.1180419921875]",P3
TP,0.9364449977874756,TP,0.9025455117225647,0.9025455117225647,09002200122003171155203197C_1295577800_482033100,7000,"[62.4667854309082, 829.0927734375, 380.4390563964844, 915.5908203125]",P5
LP,0.8327518105506897,TP,0.8901575803756714,0.8901575803756714,09002200122003171155203197C_1295577800_482033100,7000,"[1.60980224609375, 869.5679931640625, 105.84000396728516, 897.3070678710938]",P4
LP,0.8218752145767212,TP,0.8324524164199829,0.8324524164199829,09002200122003171155203197C_1295577800_482033100,7000,"[629.9096069335938, 656.4977416992188, 698.3109741210938, 860.5608520507812]",P4
LP,0.8161031007766724,TP,0.5652588605880737,0.5652588605880737,09002200122003171155203197C_1295577800_482033100,7000,"[757.0515747070312, 718.6222534179688, 1024.0, 906.6183471679688]",P5
MC,0.7995730042457581,TP,0.9428004026412964,0.9428004026412964,09002200122003171155203197C_1295577800_482033100,7000,"[259.0982360839844, 822.5797119140625, 369.654296875, 864.7195434570312]",P3
LP,0.6173610687255859,TP,0.5598362684249878,0.5598362684249878,09002200122003171155203197C_1295577800_482033100,7000,"[511.8417053222656, 679.1060791015625, 531.3255004882812, 701.9968872070312]",P3
LP,0.3864368796348572,background_false_positive,0.04159793257713318,0.04159793257713318,09002200122003171155203197C_1295577800_482033100,7000,"[637.9957275390625, 656.4850463867188, 662.1988525390625, 705.3310546875]",P3
MC,0.3300594389438629,TP,0.6134108901023865,0.6134108901023865,09002200122003171155203197C_1295577800_482033100,7000,"[785.0308837890625, 666.6168823242188, 820.5263671875, 675.2071533203125]",P3
LP,0.26171770691871643,duplicate_prediction,0.843659520149231,0.843659520149231,09002200122003171155203197C_1295577800_482033100,7000,"[705.0365600585938, 671.9013061523438, 1024.0, 909.4981689453125]",P5
TC,0.8977128863334656,TP,0.7860411405563354,0.7860411405563354,0900220012200317134545389HJ_1294284900_482418200,6373,"[333.3671875, 695.3826904296875, 935.1563720703125, 746.9163818359375]",P5
TC,0.6938515305519104,TP,0.5008193254470825,0.5008193254470825,0900220012200317170003365HJ_1294887300_480891900,6759,"[776.8875122070312, 732.4696655273438, 1019.197265625, 868.4474487304688]",P5
AC,0.6723491549491882,TP,0.7090809941291809,0.7090809941291809,0900220012200317170003365HJ_1294887300_480891900,6759,"[0.15993653237819672, 676.9016723632812, 267.0899658203125, 835.7916870117188]",P5
AC,0.37506380677223206,duplicate_prediction,0.6710355281829834,0.6710355281829834,0900220012200317170003365HJ_1294887300_480891900,6759,"[1.8820068836212158, 692.0585327148438, 244.33811950683594, 805.6043090820312]",P4
AC,0.8726006150245667,TP,0.817891538143158,0.817891538143158,0900220012200317170512829HJ_1294879300_481298200,6760,"[1.1508057117462158, 568.9638061523438, 782.2301025390625, 895.6549682617188]",P5
TC,0.7936534285545349,background_false_positive,0.0,0.11541877686977386,0900220012200317172006628HJ_1294877000_481277900,6761,"[244.86460876464844, 705.2092895507812, 757.0451049804688, 734.7916870117188]",P5
MC,0.7271060347557068,TP,0.6324422955513,0.6324422955513,0900220012200317172006628HJ_1294877000_481277900,6761,"[966.9122924804688, 640.0130004882812, 1009.1617431640625, 649.1588745117188]",P3
TC,0.8426235318183899,TP,0.9698857069015503,0.9698857069015503,0900220012200317172254786HJ_1294879600_481141100,6762,"[305.05157470703125, 690.5574340820312, 980.5896606445312, 747.6823120117188]",P5
TC,0.8641220927238464,TP,0.9048035740852356,0.9048035740852356,0900220012200317172439762HJ_1294885700_480996300,6763,"[273.4762878417969, 681.6336669921875, 936.8707885742188, 750.669189453125]",P5
TC,0.7169982194900513,TP,0.7250401377677917,0.7250401377677917,0900220012200317172610898HJ_1294885600_480894800,6764,"[379.31048583984375, 647.1027221679688, 848.9569702148438, 673.9286499023438]",P5
TC,0.8420498967170715,TP,0.7998579740524292,0.7998579740524292,0900220012200317172901493HJ_1294913200_480812100,6765,"[181.0139617919922, 657.9865112304688, 896.658203125, 700.5294799804688]",P5
TC,0.667919397354126,localization_error,0.4147030711174011,0.4147030711174011,0900220012200317172901493HJ_1294913200_480812100,6765,"[412.70489501953125, 669.0011596679688, 891.4821166992188, 702.0687866210938]",P4
AC,0.9221754670143127,TP,0.9492058753967285,0.9492058753967285,0900220012200318090455168HJ_1294974600_480927800,6766,"[446.22705078125, 571.2431030273438, 1021.0824584960938, 901.4481811523438]",P5
P,0.2562125027179718,background_false_positive,0.0,0.004086634609848261,0900220012200318090455168HJ_1294974600_480927800,6766,"[586.5578002929688, 661.6219482421875, 631.0753784179688, 679.4334716796875]",P3
TP,0.7750363349914551,TP,0.8546988368034363,0.8546988368034363,0900220012200318101331312HJ_1294581400_482815900,6374,"[184.8782958984375, 687.9563598632812, 667.1785278320312, 719.5380249023438]",P5
TP,0.7011736631393433,TP,0.9291498064994812,0.9291498064994812,0900220012200318101628842HJ_1294702700_482811600,6375,"[190.39639282226562, 696.8167114257812, 681.8781127929688, 733.0178833007812]",P5
LP,0.2995958626270294,background_false_positive,0.0,0.0,0900220012200318101628842HJ_1294702700_482811600,6375,"[899.0358276367188, 685.4515991210938, 906.6395874023438, 708.92431640625]",P3
LC,0.8623279929161072,TP,0.8257603049278259,0.8257603049278259,0900220012200318102119318HJ_1295035900_482796000,6376,"[581.8262939453125, 592.506103515625, 777.9006958007812, 778.228271484375]",P5
LP,0.8403838872909546,TP,0.7408422231674194,0.7408422231674194,0900220012200318102119318HJ_1295035900_482796000,6376,"[513.2821655273438, 594.2493286132812, 523.1438598632812, 622.1952514648438]",P3
LP,0.7912200093269348,TP,0.8749972581863403,0.8749972581863403,0900220012200318102119318HJ_1295035900_482796000,6376,"[410.6419982910156, 623.5414428710938, 440.6576232910156, 659.7140502929688]",P3
TP,0.7379183769226074,localization_error,0.16369374096393585,0.16369374096393585,0900220012200318102119318HJ_1295035900_482796000,6376,"[482.9559631347656, 730.3148803710938, 610.7213745117188, 774.8241577148438]",P4
TP,0.694495439529419,TP,0.9502608776092529,0.9502608776092529,0900220012200318102119318HJ_1295035900_482796000,6376,"[50.00849533081055, 722.18994140625, 610.3184814453125, 781.1077270507812]",P5
LP,0.7104000449180603,TP,0.8920723795890808,0.8920723795890808,0900220012200318102128710HJ_1295053000_482794600,6377,"[460.3422546386719, 684.7535400390625, 482.2169494628906, 730.5070190429688]",P3
LP,0.6372184157371521,localization_error,0.47206106781959534,0.47206106781959534,0900220012200318102128710HJ_1295053000_482794600,6377,"[409.864013671875, 608.1098022460938, 454.3481140136719, 644.6834106445312]",P3
LC,0.5995787382125854,background_false_positive,0.0,0.0,0900220012200318102128710HJ_1295053000_482794600,6377,"[730.7799072265625, 623.3524780273438, 1023.3970947265625, 750.2689208984375]",P5
LP,0.2543776035308838,TP,0.5217220187187195,0.5217220187187195,0900220012200318102128710HJ_1295053000_482794600,6377,"[410.330078125, 615.6368408203125, 454.25079345703125, 649.1536254882812]",P3
LP,0.8444722294807434,TP,0.885789692401886,0.885789692401886,0900220012200318102138367HJ_1295071700_482793100,6378,"[509.0583190917969, 615.0202026367188, 558.9335327148438, 706.1435546875]",P4
TP,0.7958733439445496,TP,0.8516097664833069,0.8516097664833069,0900220012200318102138367HJ_1295071700_482793100,6378,"[213.94351196289062, 664.9257202148438, 418.88818359375, 687.3484497070312]",P4
TP,0.6726856231689453,TP,0.5685624480247498,0.5685624480247498,0900220012200318102138367HJ_1295071700_482793100,6378,"[400.12872314453125, 589.7156372070312, 552.3521728515625, 601.2286376953125]",P3
LP,0.9448174238204956,TP,0.9236028790473938,0.9236028790473938,0900220012200318102156505HJ_1295105500_482790800,6379,"[412.6686706542969, 624.0033569335938, 508.8384704589844, 728.4630737304688]",P4
TP,0.889502763748169,TP,0.9265543818473816,0.9265543818473816,0900220012200318102156505HJ_1295105500_482790800,6379,"[166.90869140625, 715.0035400390625, 401.6508483886719, 778.0172119140625]",P4
LP,0.6816458702087402,TP,0.5928525328636169,0.5928525328636169,0900220012200318102156505HJ_1295105500_482790800,6379,"[563.3995971679688, 587.7704467773438, 575.3422241210938, 612.0616455078125]",P3
TP,0.4234994649887085,TP,0.5744745135307312,0.5744745135307312,0900220012200318102156505HJ_1295105500_482790800,6379,"[391.1756896972656, 604.5448608398438, 704.38525390625, 616.068359375]",P3
TP,0.36441147327423096,background_false_positive,0.0,0.2566626965999603,0900220012200318102156505HJ_1295105500_482790800,6379,"[753.3771362304688, 637.08203125, 963.6730346679688, 661.8720703125]",P4
TP,0.3392021059989929,localization_error,0.24268387258052826,0.24268387258052826,0900220012200318102156505HJ_1295105500_482790800,6379,"[545.4420166015625, 606.1082153320312, 649.1056518554688, 613.9813842773438]",P3
LP,0.3226914703845978,TP,0.7667174935340881,0.7667174935340881,0900220012200318102156505HJ_1295105500_482790800,6379,"[569.6741333007812, 563.2703247070312, 589.9542236328125, 585.4169921875]",P3
TP,0.28766581416130066,localization_error,0.1252613663673401,0.1252613663673401,0900220012200318102156505HJ_1295105500_482790800,6379,"[593.0244140625, 606.0940551757812, 649.3078002929688, 614.0748901367188]",P3
LP,0.2869516611099243,localization_error,0.4139234721660614,0.4139234721660614,0900220012200318102156505HJ_1295105500_482790800,6379,"[561.9098510742188, 555.2218627929688, 586.2739868164062, 590.1249389648438]",P3
LP,0.25679922103881836,localization_error,0.24098627269268036,0.24098627269268036,0900220012200318102156505HJ_1295105500_482790800,6379,"[563.1995239257812, 572.7568359375, 586.8663330078125, 613.4314575195312]",P3
LP,0.7976685762405396,TP,0.8715952634811401,0.8715952634811401,0900220012200318103603332HJ_1295067600_482794800,6380,"[599.7307739257812, 652.850341796875, 638.9449462890625, 703.3856811523438]",P3
LP,0.7970486879348755,TP,0.6608623266220093,0.6608623266220093,0900220012200318103603332HJ_1295067600_482794800,6380,"[522.2971801757812, 610.2725830078125, 539.3565673828125, 651.2931518554688]",P3
TP,0.490791380405426,localization_error,0.36572444438934326,0.36572444438934326,0900220012200318103603332HJ_1295067600_482794800,6380,"[336.5402526855469, 704.3057861328125, 828.9743041992188, 731.2501831054688]",P5
TP,0.3628276586532593,background_false_positive,0.0,0.021788593381643295,0900220012200318103603332HJ_1295067600_482794800,6380,"[468.5528869628906, 601.369140625, 656.4828491210938, 610.9658203125]",P3
LP,0.33229705691337585,TP,0.7463630437850952,0.7463630437850952,0900220012200318103603332HJ_1295067600_482794800,6380,"[591.3632202148438, 611.0128173828125, 617.4647827148438, 635.8899536132812]",P3
LP,0.3058653473854065,TP,0.6830768585205078,0.6830768585205078,0900220012200318103603332HJ_1295067600_482794800,6380,"[507.92022705078125, 733.16552734375, 521.3046264648438, 768.0856323242188]",P3
TP,0.2826698124408722,background_false_positive,0.0,0.007914511486887932,0900220012200318103603332HJ_1295067600_482794800,6380,"[457.7067565917969, 599.9293823242188, 691.1204223632812, 609.4957885742188]",P4
LP,0.7154346704483032,TP,0.7940188646316528,0.7940188646316528,0900220012200318103832173HJ_1294955000_482803700,6381,"[535.2335815429688, 564.5208129882812, 547.3703002929688, 761.4464111328125]",P3
TC,0.41095873713493347,background_false_positive,0.0,0.0,0900220012200318103832173HJ_1294955000_482803700,6381,"[946.0009155273438, 787.5430908203125, 1022.7028198242188, 813.4186401367188]",P3
LP,0.33201315999031067,duplicate_prediction,0.6577902436256409,0.6577902436256409,0900220012200318103832173HJ_1294955000_482803700,6381,"[536.6878051757812, 560.7272338867188, 551.0269775390625, 773.7018432617188]",P4
LP,0.9426191449165344,TP,0.9129413366317749,0.9129413366317749,0900220012200318111422680HG_1294848100_482958800,6382,"[673.0399780273438, 690.4644775390625, 847.2907104492188, 796.0380859375]",P4
MC,0.8279612064361572,TP,0.6377018094062805,0.6377018094062805,0900220012200318111422680HG_1294848100_482958800,6382,"[393.05615234375, 617.8733520507812, 431.9288024902344, 625.8319702148438]",P3
LP,0.6082589030265808,localization_error,0.3606945276260376,0.3606945276260376,0900220012200318111422680HG_1294848100_482958800,6382,"[518.406005859375, 624.0315551757812, 566.822021484375, 674.4152221679688]",P3
MC,0.7692202925682068,TP,0.7310711741447449,0.7310711741447449,0900220012200318111934545HG_1294817000_483423200,6383,"[401.03009033203125, 663.3671264648438, 458.77880859375, 678.7779541015625]",P3
MC,0.7136686444282532,TP,0.7204780578613281,0.7204780578613281,0900220012200318111934545HG_1294817000_483423200,6383,"[640.7854614257812, 672.866943359375, 696.2808837890625, 687.9014282226562]",P3
TC,0.6866843104362488,TP,0.7674115896224976,0.7674115896224976,0900220012200318111934545HG_1294817000_483423200,6383,"[549.5512084960938, 726.32373046875, 947.4002075195312, 780.39404296875]",P5
LC,0.5373154878616333,TP,0.6776735186576843,0.6776735186576843,0900220012200318111934545HG_1294817000_483423200,6383,"[844.5543823242188, 765.6481323242188, 938.8886108398438, 806.8995361328125]",P3
MC,0.28349053859710693,localization_error,0.16871672868728638,0.16871672868728638,0900220012200318111934545HG_1294817000_483423200,6383,"[547.463623046875, 591.34375, 577.009033203125, 597.47265625]",P3
TP,0.27182942628860474,classification_error,0.0,0.7837709188461304,0900220012200318111934545HG_1294817000_483423200,6383,"[545.0657348632812, 726.1695556640625, 947.0540161132812, 781.3314819335938]",P5
LC,0.8837043046951294,TP,0.943413496017456,0.943413496017456,0900220012200318112159649HG_1294809800_483474600,6384,"[341.2847595214844, 629.3831176757812, 542.3390502929688, 759.9078979492188]",P4
LC,0.4361441433429718,TP,0.5707933902740479,0.5707933902740479,0900220012200318112159649HG_1294809800_483474600,6384,"[787.3389892578125, 675.9382934570312, 915.9688720703125, 726.1502075195312]",P4
LC,0.7900159955024719,TP,0.8844499588012695,0.8844499588012695,0900220012200318112310720HJ_1295012300_482795900,6385,"[467.4325256347656, 642.3009033203125, 512.6617431640625, 770.2981567382812]",P4
LC,0.6236090660095215,TP,0.871091365814209,0.871091365814209,0900220012200318115844545HG_1294746700_483555600,6386,"[886.8201293945312, 746.7444458007812, 1024.0, 820.45458984375]",P4
AC,0.5238820314407349,background_false_positive,0.0,0.14524048566818237,0900220012200318115844545HG_1294746700_483555600,6386,"[0.0, 634.2151489257812, 398.2046813964844, 846.14013671875]",P5
MC,0.42382246255874634,background_false_positive,0.0,0.0,0900220012200318115844545HG_1294746700_483555600,6386,"[507.9826354980469, 624.7903442382812, 537.4058837890625, 633.6212158203125]",P3
AC,0.3593147397041321,background_false_positive,0.0,0.11597669869661331,0900220012200318115844545HG_1294746700_483555600,6386,"[565.9202880859375, 630.6793823242188, 1023.2015991210938, 833.8041381835938]",P5
LC,0.3446715176105499,TP,0.8607794642448425,0.8607794642448425,0900220012200318115844545HG_1294746700_483555600,6386,"[0.5036255121231079, 756.3751220703125, 152.45916748046875, 842.7882080078125]",P4
LC,0.5644776225090027,TP,0.7933480739593506,0.7933480739593506,0900220012200318120621331HJ_1294703000_482815500,6387,"[518.198486328125, 552.625732421875, 527.079345703125, 770.7706909179688]",P4
LC,0.4891808331012726,background_false_positive,0.0,0.0,0900220012200318120621331HJ_1294703000_482815500,6387,"[571.1793823242188, 583.7051391601562, 772.45947265625, 775.7516479492188]",P5
TC,0.8158029317855835,localization_error,0.40065836906433105,0.40065836906433105,0900220012200318120829766HG_1294739800_483573900,6388,"[381.5378723144531, 649.3036499023438, 922.1611328125, 684.8861694335938]",P5
TP,0.3770983815193176,localization_error,0.18817584216594696,0.4405237138271332,0900220012200318120829766HG_1294739800_483573900,6388,"[378.6236572265625, 653.9916381835938, 929.2599487304688, 683.5243530273438]",P5
LC,0.8893032073974609,localization_error,0.19151996076107025,0.19151996076107025,0900220012200318121514644HJ_1294418200_482822000,6389,"[609.1300048828125, 590.62451171875, 707.8878173828125, 767.8666381835938]",P4
MC,0.8041638135910034,TP,0.922235369682312,0.922235369682312,0900220012200318121514644HJ_1294418200_482822000,6389,"[954.8703002929688, 667.2528686523438, 1003.3031616210938, 681.8192749023438]",P3
P,0.7779672741889954,TP,0.7084953188896179,0.7084953188896179,0900220012200318122300932HG_1294832300_483280900,6390,"[615.387939453125, 730.3577270507812, 642.397705078125, 744.7809448242188]",P3
LC,0.6299600601196289,background_false_positive,0.0,0.25913262367248535,0900220012200318122300932HG_1294832300_483280900,6390,"[448.00445556640625, 619.9249877929688, 511.6117858886719, 773.2467041015625]",P4
LC,0.3403766453266144,TP,0.9492895007133484,0.9492895007133484,0900220012200318122300932HG_1294832300_483280900,6390,"[766.1948852539062, 734.8541259765625, 843.5984497070312, 785.6810913085938]",P3
P,0.3099859058856964,localization_error,0.27542829513549805,0.27542829513549805,0900220012200318122300932HG_1294832300_483280900,6390,"[516.3895874023438, 698.4402465820312, 534.5540161132812, 710.4328002929688]",P3
AC,0.27074769139289856,background_false_positive,0.0,0.03426401689648628,0900220012200318122300932HG_1294832300_483280900,6390,"[718.19287109375, 604.3212890625, 1023.7001342773438, 757.7966918945312]",P5
MC,0.7837221622467041,TP,0.8321611881256104,0.8321611881256104,0900220012200318122340914HG_1294835800_483212800,6391,"[562.167724609375, 680.1544189453125, 618.2514038085938, 694.4113159179688]",P3
LC,0.6687784790992737,localization_error,0.3915874660015106,0.3915874660015106,0900220012200318122340914HG_1294835800_483212800,6391,"[534.2326049804688, 728.6296997070312, 548.3701782226562, 797.2719116210938]",P3
MC,0.5218999981880188,TP,0.6223868131637573,0.6223868131637573,0900220012200318122340914HG_1294835800_483212800,6391,"[411.6170959472656, 633.5209350585938, 452.2170104980469, 644.1818237304688]",P3
LC,0.5092822313308716,TP,0.7312312722206116,0.7312312722206116,0900220012200318122340914HG_1294835800_483212800,6391,"[644.8172607421875, 661.5267333984375, 721.7583618164062, 715.744384765625]",P3
LP,0.41731950640678406,TP,0.7674379348754883,0.7674379348754883,0900220012200318122340914HG_1294835800_483212800,6391,"[461.5423889160156, 587.1376953125, 508.1234436035156, 629.7482299804688]",P3
MC,0.40213829278945923,duplicate_prediction,0.6166113615036011,0.6166113615036011,0900220012200318122340914HG_1294835800_483212800,6391,"[411.6875, 635.6324462890625, 452.5685729980469, 646.4508056640625]",P3
LC,0.32490211725234985,background_false_positive,0.0,0.05197562277317047,0900220012200318122340914HG_1294835800_483212800,6391,"[516.0224609375, 631.5228881835938, 526.1129150390625, 668.4246215820312]",P3
TP,0.7153506875038147,TP,0.8649480938911438,0.8649480938911438,0900220012200318122422167HG_1294839700_483138700,6392,"[28.406982421875, 689.021484375, 685.0015869140625, 742.5496215820312]",P5
LC,0.37800469994544983,background_false_positive,0.0,0.02604212611913681,0900220012200318122422167HG_1294839700_483138700,6392,"[400.4400329589844, 647.6166381835938, 438.4435729980469, 709.7664184570312]",P3
LC,0.9459584355354309,localization_error,0.3493841290473938,0.3493841290473938,0900220012200318122550290HG_1294841700_483021400,6393,"[190.25967407226562, 617.4760131835938, 433.6691589355469, 804.4864501953125]",P5
LC,0.8732844591140747,TP,0.5660789012908936,0.5660789012908936,0900220012200318123049063HJ_1293905100_482817700,6394,"[545.5211791992188, 565.5961303710938, 653.5817260742188, 729.8560791015625]",P4
TC,0.4658983647823334,TP,0.7031801342964172,0.7031801342964172,0900220012200318123049063HJ_1293905100_482817700,6394,"[112.73756408691406, 700.36865234375, 364.3406677246094, 744.5486450195312]",P4
MC,0.42051708698272705,TP,0.8172785043716431,0.8172785043716431,0900220012200318124758294HG_1294836900_482439200,6395,"[439.8331604003906, 617.234375, 475.3069763183594, 624.0123291015625]",P3
TC,0.4197554886341095,TP,0.8235280513763428,0.8235280513763428,0900220012200318124758294HG_1294836900_482439200,6395,"[246.64675903320312, 753.1469116210938, 676.2678833007812, 786.630615234375]",P5
LC,0.780368447303772,TP,0.92430180311203,0.92430180311203,0900220012200318160956850HJ_1294796600_480789900,6767,"[447.2169494628906, 594.8541259765625, 559.5913696289062, 842.0419311523438]",P4
LP,0.343983918428421,background_false_positive,0.0,0.4304620325565338,0900220012200319093738758HJ_1297988300_484832100,6669,"[0.4553588926792145, 662.9452514648438, 147.20716857910156, 700.4320678710938]",P4
LP,0.2519833445549011,background_false_positive,0.0,0.2993687093257904,0900220012200319093738758HJ_1297988300_484832100,6669,"[0.26472169160842896, 670.7650756835938, 127.45991516113281, 700.9107666015625]",P3
TC,0.7456328272819519,TP,0.8005334138870239,0.8005334138870239,0900220012200319095234383HJ_1297983300_484866300,6671,"[679.6451416015625, 754.8255004882812, 1023.7839965820312, 839.29345703125]",P5
LC,0.8977342247962952,TP,0.7253772616386414,0.7253772616386414,0900220012200319101414796HJ_1297941800_485034400,6672,"[577.2366333007812, 601.07373046875, 1023.9514770507812, 792.9906616210938]",P5
TC,0.6630362272262573,TP,0.7600056529045105,0.7600056529045105,0900220012200319101414796HJ_1297941800_485034400,6672,"[4.433068752288818, 731.5585327148438, 131.5946502685547, 763.1149291992188]",P4
LC,0.8528531193733215,TP,0.9260052442550659,0.9260052442550659,0900220012200319101618757HJ_1297959500_485052500,6673,"[708.4695434570312, 690.1310424804688, 1022.990234375, 802.9191284179688]",P5
AC,0.9600881338119507,TP,0.7823823094367981,0.7823823094367981,0900220012200319112926198HJ_1297914700_485051300,6674,"[553.9724731445312, 580.5756225585938, 795.4662475585938, 800.8871459960938]",P5
TC,0.46520933508872986,TP,0.5643324255943298,0.5643324255943298,0900220012200319112926198HJ_1297914700_485051300,6674,"[421.599609375, 688.228271484375, 565.3185424804688, 697.6320190429688]",P3
TC,0.3402423858642578,background_false_positive,0.0,0.0,0900220012200319112926198HJ_1297914700_485051300,6674,"[453.40557861328125, 631.6070556640625, 526.6862182617188, 639.5632934570312]",P3
TC,0.3236418068408966,duplicate_prediction,0.708243727684021,0.708243727684021,0900220012200319112926198HJ_1297914700_485051300,6674,"[419.6426696777344, 684.5657348632812, 566.6741333007812, 696.4205932617188]",P3
LC,0.8589012026786804,TP,0.9060194492340088,0.9060194492340088,0900220012200319134016475HJ_1298027000_484678100,6675,"[619.0866088867188, 634.4606323242188, 677.1945190429688, 844.9349975585938]",P4
TC,0.5600996613502502,localization_error,0.33796969056129456,0.33796969056129456,0900220012200319134016475HJ_1298027000_484678100,6675,"[324.98504638671875, 744.5466918945312, 640.6744995117188, 778.2340087890625]",P4
