seed,checkpoint,batch,batch_hash,scope,instances_or_assigned_positives,box_loss,cls_loss,dfl_loss,loc_norm,cls_norm,cls_to_loc_norm_ratio,log10_cls_to_loc_ratio,cosine,conflict,finite
42,epoch5,0,886703586ffce1566642efa3528edf8bf420c0925651ae888df1adf072710d17,all,27,2.1491036415100098,1.947946310043335,0.019030779600143433,0.013928554952144623,0.011211314238607883,0.8049158205662708,-0.09424953649570242,0.353096604347229,0,1
42,epoch5,0,886703586ffce1566642efa3528edf8bf420c0925651ae888df1adf072710d17,D00,60,2.1491036415100098,1.947946310043335,0.019030779600143433,0.04754521697759628,0.031540077179670334,0.6633701386730928,-0.17824408195940952,0.7866698503494263,0,1
42,epoch5,0,886703586ffce1566642efa3528edf8bf420c0925651ae888df1adf072710d17,D10,106,2.1491036415100098,1.947946310043335,0.019030779600143433,0.016128284856677055,0.024781031534075737,1.5364951545865384,0.1865311950254286,-0.7617153525352478,1,1
42,epoch5,0,886703586ffce1566642efa3528edf8bf420c0925651ae888df1adf072710d17,D20,100,2.1491036415100098,1.947946310043335,0.019030779600143433,0.015021678991615772,0.005358161870390177,0.35669527177226934,-0.4477026474792025,-0.15875771641731262,1,1
42,epoch5,1,2a6bc5cbae2770f2ef1e8306a3806f5601b8e59e9d7cce214dc29219d96ecf10,all,31,2.3530030250549316,2.297785520553589,0.02130359224975109,0.007174561731517315,0.005580725613981485,0.7778489924291506,-0.10910470650669223,-0.1481947898864746,1,1
42,epoch5,1,2a6bc5cbae2770f2ef1e8306a3806f5601b8e59e9d7cce214dc29219d96ecf10,D00,94,2.3530030250549316,2.297785520553589,0.02130359224975109,0.01678471453487873,0.008149157278239727,0.4855106270235179,-0.31380125966501377,-0.1633865237236023,1,1
42,epoch5,1,2a6bc5cbae2770f2ef1e8306a3806f5601b8e59e9d7cce214dc29219d96ecf10,D10,38,2.3530030250549316,2.297785520553589,0.02130359224975109,0.007076739799231291,0.00641362089663744,0.9062959891974717,-0.0427299419680638,0.23906639218330383,0,1
42,epoch5,1,2a6bc5cbae2770f2ef1e8306a3806f5601b8e59e9d7cce214dc29219d96ecf10,D20,110,2.3530030250549316,2.297785520553589,0.02130359224975109,0.007913160137832165,0.00875743106007576,1.1066920051582434,0.04402677257572404,-0.015667255967855453,1,1
42,epoch5,1,2a6bc5cbae2770f2ef1e8306a3806f5601b8e59e9d7cce214dc29219d96ecf10,D40,28,2.3530030250549316,2.297785520553589,0.02130359224975109,0.0,0.00038507950375787914,,,,,1
42,epoch5,2,a2bc40b1696e829db4e198594caa9d2c0539cd5454ab0301acbe1229f059b476,all,20,1.9693629741668701,1.8480250835418701,0.02174924872815609,0.006975042633712292,0.00533390324562788,0.7647126370020543,-0.11650173296405399,-0.10563156753778458,1,1
42,epoch5,2,a2bc40b1696e829db4e198594caa9d2c0539cd5454ab0301acbe1229f059b476,D00,70,1.9693629741668701,1.8480250835418701,0.02174924872815609,0.011998056434094906,0.00782008096575737,0.6517789784297919,-0.18589965077355433,-0.4623229205608368,1,1
42,epoch5,2,a2bc40b1696e829db4e198594caa9d2c0539cd5454ab0301acbe1229f059b476,D10,40,1.9693629741668701,1.8480250835418701,0.02174924872815609,0.03421097248792648,0.02644593082368374,0.7730248192452543,-0.11180656211243771,0.031217457726597786,0,1
42,epoch5,2,a2bc40b1696e829db4e198594caa9d2c0539cd5454ab0301acbe1229f059b476,D20,90,1.9693629741668701,1.8480250835418701,0.02174924872815609,0.004783108364790678,0.003919443115592003,0.819434312725116,-0.08648585449664818,-0.20198318362236023,1,1
42,epoch5,3,e07c1c00a84116748407ba9562508b567be535ceb684974e9c70405b37eda097,all,17,1.6164073944091797,1.6117395162582397,0.01606789603829384,0.005874679423868656,0.004476488567888737,0.7619970801642197,-0.1180466927955661,-0.1909516453742981,1,1
42,epoch5,3,e07c1c00a84116748407ba9562508b567be535ceb684974e9c70405b37eda097,D00,50,1.6164073944091797,1.6117395162582397,0.01606789603829384,0.019291343167424202,0.013606873340904713,0.7053357157567746,-0.15160412443079596,-0.6780442595481873,1,1
42,epoch5,3,e07c1c00a84116748407ba9562508b567be535ceb684974e9c70405b37eda097,D10,30,1.6164073944091797,1.6117395162582397,0.01606789603829384,0.01674720086157322,0.009725313633680344,0.5807127838297602,-0.2360386132888531,-0.3589160740375519,1,1
42,epoch5,3,e07c1c00a84116748407ba9562508b567be535ceb684974e9c70405b37eda097,D20,80,1.6164073944091797,1.6117395162582397,0.01606789603829384,0.006230657454580069,0.007067493163049221,1.134309374984819,0.05473152150946546,0.015485581010580063,0,1
42,epoch5,3,e07c1c00a84116748407ba9562508b567be535ceb684974e9c70405b37eda097,D40,10,1.6164073944091797,1.6117395162582397,0.01606789603829384,0.0,0.00034082267666235566,,,,,1
42,epoch5,4,aebb281f8c5a342bc96208dae814f3fceb96b28b4c180382086623c0d6c23b4f,all,30,2.0166573524475098,2.5215842723846436,0.01661686971783638,0.007084087003022432,0.0046632373705506325,0.6582693533494236,-0.1815963636243947,0.2972494065761566,0,1
42,epoch5,4,aebb281f8c5a342bc96208dae814f3fceb96b28b4c180382086623c0d6c23b4f,D00,90,2.0166573524475098,2.5215842723846436,0.01661686971783638,0.011716064065694809,0.008458676747977734,0.7219725584076602,-0.14147930929825095,0.20247934758663177,0,1
42,epoch5,4,aebb281f8c5a342bc96208dae814f3fceb96b28b4c180382086623c0d6c23b4f,D10,25,2.0166573524475098,2.5215842723846436,0.01661686971783638,0.01425946969538927,0.006803387776017189,0.47711365999936384,-0.32137814919789415,0.23906411230564117,0,1
42,epoch5,4,aebb281f8c5a342bc96208dae814f3fceb96b28b4c180382086623c0d6c23b4f,D20,100,2.0166573524475098,2.5215842723846436,0.01661686971783638,0.011867533437907696,0.007952267304062843,0.6700859404079225,-0.1738694942373639,0.26149019598960876,0,1
42,epoch5,4,aebb281f8c5a342bc96208dae814f3fceb96b28b4c180382086623c0d6c23b4f,D40,68,2.0166573524475098,2.5215842723846436,0.01661686971783638,0.0017677547875791788,0.003163321176543832,1.789456998657482,0.25272126658735033,0.4135756492614746,0,1
42,epoch5,5,8e0e3fb15223ff04644b68ef88ac40dacd3d12281c3c25fc017b9c5e9508482d,all,29,2.0831360816955566,2.0181212425231934,0.01877116784453392,0.004989726468920708,0.003265724051743746,0.6544895941861381,-0.18409725396191193,-0.08034886419773102,1,1
42,epoch5,5,8e0e3fb15223ff04644b68ef88ac40dacd3d12281c3c25fc017b9c5e9508482d,D00,130,2.0831360816955566,2.0181212425231934,0.01877116784453392,0.010915780439972878,0.007149932906031609,0.6550088603696186,-0.18375282522408465,0.16444312036037445,0,1
42,epoch5,5,8e0e3fb15223ff04644b68ef88ac40dacd3d12281c3c25fc017b9c5e9508482d,D10,30,2.0831360816955566,2.0181212425231934,0.01877116784453392,0.009097149595618248,0.00983506627380848,1.0811151526567901,0.033871954360306974,-0.06356716901063919,1,1
42,epoch5,5,8e0e3fb15223ff04644b68ef88ac40dacd3d12281c3c25fc017b9c5e9508482d,D20,90,2.0831360816955566,2.0181212425231934,0.01877116784453392,0.008950604125857353,0.006336863152682781,0.7079816137076436,-0.1499780207975167,0.5447430610656738,0,1
42,epoch5,5,8e0e3fb15223ff04644b68ef88ac40dacd3d12281c3c25fc017b9c5e9508482d,D40,39,2.0831360816955566,2.0181212425231934,0.01877116784453392,0.0,0.0001721345615806058,,,,,1
42,epoch5,6,334f79e24468133a4814f9bcc1ad52d87fcf4ccd83ce8a62073ff99c81b54eaf,all,37,2.0238029956817627,2.332700252532959,0.01469980925321579,0.007273386232554913,0.007310979533940554,1.0051686106283448,0.002238917998780056,-0.16680708527565002,1,1
42,epoch5,6,334f79e24468133a4814f9bcc1ad52d87fcf4ccd83ce8a62073ff99c81b54eaf,D00,100,2.0238029956817627,2.332700252532959,0.01469980925321579,0.01905006915330887,0.028864644467830658,1.5151989336908556,0.18046965602803375,-0.1384926438331604,1,1
42,epoch5,6,334f79e24468133a4814f9bcc1ad52d87fcf4ccd83ce8a62073ff99c81b54eaf,D10,114,2.0238029956817627,2.332700252532959,0.01469980925321579,0.013027925975620747,0.007415648549795151,0.5692117504867703,-0.24472614316454497,-0.1449509859085083,1,1
42,epoch5,6,334f79e24468133a4814f9bcc1ad52d87fcf4ccd83ce8a62073ff99c81b54eaf,D20,130,2.0238029956817627,2.332700252532959,0.01469980925321579,0.011393208988010883,0.007967430166900158,0.6993139663534931,-0.15532779815803735,-0.04637394845485687,1,1
42,epoch5,6,334f79e24468133a4814f9bcc1ad52d87fcf4ccd83ce8a62073ff99c81b54eaf,D40,10,2.0238029956817627,2.332700252532959,0.01469980925321579,0.0,0.0005706178490072489,,,,,1
42,epoch5,7,4cffd353e7e306aaebfb783e40e9e05baabcb5e8900af458869ea4f4d3293421,all,24,1.8346972465515137,1.9253134727478027,0.01701119914650917,0.008040586486458778,0.004585647489875555,0.5703125633432691,-0.24388706129134766,-0.04311554878950119,1,1
42,epoch5,7,4cffd353e7e306aaebfb783e40e9e05baabcb5e8900af458869ea4f4d3293421,D00,70,1.8346972465515137,1.9253134727478027,0.01701119914650917,0.021207492798566818,0.011445246636867523,0.5396793833942022,-0.2678641723538222,-0.19120050966739655,1,1
42,epoch5,7,4cffd353e7e306aaebfb783e40e9e05baabcb5e8900af458869ea4f4d3293421,D10,33,1.8346972465515137,1.9253134727478027,0.01701119914650917,0.028036197647452354,0.01566917449235916,0.5588908556500712,-0.25267299607957394,0.3563261926174164,0,1
42,epoch5,7,4cffd353e7e306aaebfb783e40e9e05baabcb5e8900af458869ea4f4d3293421,D20,100,1.8346972465515137,1.9253134727478027,0.01701119914650917,0.006269744131714106,0.00535220094025135,0.8536554008924276,-0.06871740764038234,-0.00012986757792532444,1,1
42,epoch5,7,4cffd353e7e306aaebfb783e40e9e05baabcb5e8900af458869ea4f4d3293421,D40,30,1.8346972465515137,1.9253134727478027,0.01701119914650917,0.0,0.00019815734412986785,,,,,1
42,epoch5,8,9a9e818c03cf6b59f252a010c001516b61a837cff7c0a45a33324e5e3da2f928,all,26,1.9859164953231812,2.386019706726074,0.015086126513779163,0.011325201950967312,0.005917430855333805,0.5225011333973063,-0.2819127631543973,-0.553310751914978,1,1
42,epoch5,8,9a9e818c03cf6b59f252a010c001516b61a837cff7c0a45a33324e5e3da2f928,D00,105,1.9859164953231812,2.386019706726074,0.015086126513779163,0.02772853709757328,0.016065940260887146,0.579400932849544,-0.23702080990705288,-0.7054535150527954,1,1
42,epoch5,8,9a9e818c03cf6b59f252a010c001516b61a837cff7c0a45a33324e5e3da2f928,D10,48,1.9859164953231812,2.386019706726074,0.015086126513779163,0.0062124705873429775,0.006112169474363327,0.9838548751950633,-0.0070689580220890755,-0.024981996044516563,1,1
42,epoch5,8,9a9e818c03cf6b59f252a010c001516b61a837cff7c0a45a33324e5e3da2f928,D20,50,1.9859164953231812,2.386019706726074,0.015086126513779163,0.013866707682609558,0.009774085134267807,0.70485982383011,-0.1518972429945363,-0.025785941630601883,1,1
42,epoch5,8,9a9e818c03cf6b59f252a010c001516b61a837cff7c0a45a33324e5e3da2f928,D40,50,1.9859164953231812,2.386019706726074,0.015086126513779163,0.0,0.0001066946133505553,,,,,1
42,epoch5,9,7936e23f50a0735d5eecfc1973eab44248d15d7b1c60fca12b65c3f3ad89c533,all,22,1.7091237306594849,1.9929782152175903,0.013146123848855495,0.013126231729984283,0.0067646699026227,0.5153550570930534,-0.28789345793789306,-0.31793972849845886,1,1
42,epoch5,9,7936e23f50a0735d5eecfc1973eab44248d15d7b1c60fca12b65c3f3ad89c533,D00,70,1.7091237306594849,1.9929782152175903,0.013146123848855495,0.027651788666844368,0.014826081693172455,0.5361708015275531,-0.27069684026126567,-0.5548849105834961,1,1
42,epoch5,9,7936e23f50a0735d5eecfc1973eab44248d15d7b1c60fca12b65c3f3ad89c533,D10,75,1.7091237306594849,1.9929782152175903,0.013146123848855495,0.010409250855445862,0.007350935600697994,0.7061925687814669,-0.15107685680150174,0.1534687727689743,0,1
42,epoch5,9,7936e23f50a0735d5eecfc1973eab44248d15d7b1c60fca12b65c3f3ad89c533,D20,60,1.7091237306594849,1.9929782152175903,0.013146123848855495,0.016783341765403748,0.006325609050691128,0.3768980658983176,-0.4237760911835691,0.12996800243854523,0,1
42,epoch5,10,a3c4b7957b7c11b073f1daa1e16883390b82c9915792752861bbb60388b3807f,all,22,1.7987306118011475,2.409271001815796,0.012875785119831562,0.010028518736362457,0.006521017290651798,0.650247305916397,-0.18692143848321055,0.28163182735443115,0,1
42,epoch5,10,a3c4b7957b7c11b073f1daa1e16883390b82c9915792752861bbb60388b3807f,D00,70,1.7987306118011475,2.409271001815796,0.012875785119831562,0.016303611919283867,0.008103817701339722,0.4970565873047155,-0.3035941662863234,-0.24081586301326752,1,1
42,epoch5,10,a3c4b7957b7c11b073f1daa1e16883390b82c9915792752861bbb60388b3807f,D10,40,1.7987306118011475,2.409271001815796,0.012875785119831562,0.042197078466415405,0.02274017222225666,0.5389039490104873,-0.26848863394492867,0.37635529041290283,0,1
42,epoch5,10,a3c4b7957b7c11b073f1daa1e16883390b82c9915792752861bbb60388b3807f,D20,60,1.7987306118011475,2.409271001815796,0.012875785119831562,0.014386294409632683,0.010343029163777828,0.7189501944887496,-0.14330119446817266,0.23605139553546906,0,1
42,epoch5,10,a3c4b7957b7c11b073f1daa1e16883390b82c9915792752861bbb60388b3807f,D40,45,1.7987306118011475,2.409271001815796,0.012875785119831562,0.0040129004046320915,0.002200707560405135,0.5484082181219494,-0.26089604575292613,0.23874078691005707,0,1
42,epoch5,11,1a50ac51658d5ba7bc54cdce02199aa8c5d6d07979efd6817b6007444dd0f941,all,27,1.7925841808319092,2.0794782638549805,0.01265987753868103,0.0050465380772948265,0.00527105713263154,1.0444897178814245,0.01890416907521785,-0.115875244140625,1,1
42,epoch5,11,1a50ac51658d5ba7bc54cdce02199aa8c5d6d07979efd6817b6007444dd0f941,D00,70,1.7925841808319092,2.0794782638549805,0.01265987753868103,0.01683969423174858,0.01804230734705925,1.0714153771891732,0.0299578751715066,-0.08558277040719986,1,1
42,epoch5,11,1a50ac51658d5ba7bc54cdce02199aa8c5d6d07979efd6817b6007444dd0f941,D10,70,1.7925841808319092,2.0794782638549805,0.01265987753868103,0.011646803468465805,0.009917697869241238,0.8515381835105065,-0.06979587322561562,0.18062880635261536,0,1
42,epoch5,11,1a50ac51658d5ba7bc54cdce02199aa8c5d6d07979efd6817b6007444dd0f941,D20,70,1.7925841808319092,2.0794782638549805,0.01265987753868103,0.010075501166284084,0.006195080932229757,0.6148657848366412,-0.21121967327520083,0.229379802942276,0,1
42,epoch5,11,1a50ac51658d5ba7bc54cdce02199aa8c5d6d07979efd6817b6007444dd0f941,D40,60,1.7925841808319092,2.0794782638549805,0.01265987753868103,0.0,5.053454515291378e-05,,,,,1
42,epoch5,12,a4534ce8b8156f22da77d962aa5685381556c24601b584a139224fe097731d2e,all,10,1.9389324188232422,2.2980337142944336,0.01981925778090954,0.013251655735075474,0.0187895018607378,1.417898429930106,0.15164512160813087,-0.0033373902551829815,1,1
42,epoch5,12,a4534ce8b8156f22da77d962aa5685381556c24601b584a139224fe097731d2e,D00,50,1.9389324188232422,2.2980337142944336,0.01981925778090954,0.02463259920477867,0.03653790429234505,1.48331501635673,0.17123339333251827,-0.05650600045919418,1,1
42,epoch5,12,a4534ce8b8156f22da77d962aa5685381556c24601b584a139224fe097731d2e,D10,10,1.9389324188232422,2.2980337142944336,0.01981925778090954,0.06449823081493378,0.052690763026475906,0.8169334625264791,-0.08781331437866334,0.657985270023346,0,1
42,epoch5,12,a4534ce8b8156f22da77d962aa5685381556c24601b584a139224fe097731d2e,D20,30,1.9389324188232422,2.2980337142944336,0.01981925778090954,0.0065053594298660755,0.016902998089790344,2.598318858784152,0.4146924454719023,-0.2949899435043335,1,1
42,epoch5,12,a4534ce8b8156f22da77d962aa5685381556c24601b584a139224fe097731d2e,D40,10,1.9389324188232422,2.2980337142944336,0.01981925778090954,0.0,0.0005165786715224385,,,,,1
42,epoch5,13,bebf1379a39279f25bf2470ca784661aff6818b4b2ece729feeecbe448c06b0a,all,32,1.838108777999878,1.9870717525482178,0.01638280786573887,0.008405822329223156,0.0038495806511491537,0.4579659788627631,-0.3391667834392801,-0.2342175543308258,1,1
42,epoch5,13,bebf1379a39279f25bf2470ca784661aff6818b4b2ece729feeecbe448c06b0a,D00,39,1.838108777999878,1.9870717525482178,0.01638280786573887,0.014063358306884766,0.02408977970480919,1.7129464512765742,0.23374378662073717,0.011790454387664795,0,1
42,epoch5,13,bebf1379a39279f25bf2470ca784661aff6818b4b2ece729feeecbe448c06b0a,D10,72,1.838108777999878,1.9870717525482178,0.01638280786573887,0.028018247336149216,0.011275721713900566,0.40244207921430547,-0.395296615886671,-0.5882326364517212,1,1
42,epoch5,13,bebf1379a39279f25bf2470ca784661aff6818b4b2ece729feeecbe448c06b0a,D20,150,1.838108777999878,1.9870717525482178,0.01638280786573887,0.0074704233556985855,0.003390466095879674,0.4538519350838878,-0.3430858085176558,0.08997614681720734,0,1
42,epoch5,13,bebf1379a39279f25bf2470ca784661aff6818b4b2ece729feeecbe448c06b0a,D40,40,1.838108777999878,1.9870717525482178,0.01638280786573887,0.0010419957106932998,0.0005703081842511892,0.5473229672622456,-0.2617563272165775,0.05182633176445961,0,1
42,epoch5,14,a5027d0cd59953da796d4dea2969bf081ed8077a4b089ab997a63f25a61d4f65,all,14,1.8557087182998657,1.9646579027175903,0.018703393638134003,0.0062304334715008736,0.006796381901949644,1.0908361244907792,0.03775951174779959,0.09102171659469604,0,1
42,epoch5,14,a5027d0cd59953da796d4dea2969bf081ed8077a4b089ab997a63f25a61d4f65,D00,50,1.8557087182998657,1.9646579027175903,0.018703393638134003,0.012690098024904728,0.009221313521265984,0.7266542388536997,-0.13867218869773848,0.12745508551597595,0,1
42,epoch5,14,a5027d0cd59953da796d4dea2969bf081ed8077a4b089ab997a63f25a61d4f65,D10,10,1.8557087182998657,1.9646579027175903,0.018703393638134003,0.10984840244054794,0.05811164155602455,0.5290167199971405,-0.2765306015229557,0.07458553463220596,0,1
42,epoch5,14,a5027d0cd59953da796d4dea2969bf081ed8077a4b089ab997a63f25a61d4f65,D20,50,1.8557087182998657,1.9646579027175903,0.018703393638134003,0.006055352743715048,0.010785819962620735,1.7812042368325312,0.25071371948793036,-0.2773333489894867,1,1
42,epoch5,14,a5027d0cd59953da796d4dea2969bf081ed8077a4b089ab997a63f25a61d4f65,D40,30,1.8557087182998657,1.9646579027175903,0.018703393638134003,0.008595757186412811,0.002468716586008668,0.2872017592482641,-0.5418129041599833,0.21280790865421295,0,1
42,epoch5,15,97e557dc2e2ba54a9bf43e9ee0ceab14f58ba53dd8f70b1de2ba8002bd1b4024,all,22,1.874267578125,1.9142155647277832,0.01851816102862358,0.007468817289918661,0.00794034730643034,1.0631331572601388,0.026587663245391628,-0.34422963857650757,1,1
42,epoch5,15,97e557dc2e2ba54a9bf43e9ee0ceab14f58ba53dd8f70b1de2ba8002bd1b4024,D00,70,1.874267578125,1.9142155647277832,0.01851816102862358,0.01899142935872078,0.018720827996730804,0.9857513957017818,-0.006232599347152988,0.03896356001496315,0,1
42,epoch5,15,97e557dc2e2ba54a9bf43e9ee0ceab14f58ba53dd8f70b1de2ba8002bd1b4024,D10,70,1.874267578125,1.9142155647277832,0.01851816102862358,0.03200311213731766,0.020592886954545975,0.643465137583709,-0.19147497784299003,-0.2083658128976822,1,1
42,epoch5,15,97e557dc2e2ba54a9bf43e9ee0ceab14f58ba53dd8f70b1de2ba8002bd1b4024,D20,80,1.874267578125,1.9142155647277832,0.01851816102862358,0.0045368606224656105,0.0038997679948806763,0.8595741239150744,-0.06571666671484656,-0.022142667323350906,1,1
42,epoch5,16,765c81fe9136f77108d5a3192e09f930584736691268a02f9f4277315c467459,all,26,1.881479263305664,1.9503332376480103,0.01526378933340311,0.009246443398296833,0.005583320744335651,0.6038344154428158,-0.21908213806521615,0.15732531249523163,0,1
42,epoch5,16,765c81fe9136f77108d5a3192e09f930584736691268a02f9f4277315c467459,D00,40,1.881479263305664,1.9503332376480103,0.01526378933340311,0.0007980071241036057,0.010212852619588375,12.797946673797407,1.1071402962281516,-0.19139572978019714,1,1
42,epoch5,16,765c81fe9136f77108d5a3192e09f930584736691268a02f9f4277315c467459,D10,30,1.881479263305664,1.9503332376480103,0.01526378933340311,0.04791821166872978,0.0168296005576849,0.35121512200897664,-0.4544267932680197,-0.03484468534588814,1,1
42,epoch5,16,765c81fe9136f77108d5a3192e09f930584736691268a02f9f4277315c467459,D20,130,1.881479263305664,1.9503332376480103,0.01526378933340311,0.013218010775744915,0.00878613255918026,0.6647091387837901,-0.17736835026740017,0.0011837233323603868,0,1
42,epoch5,16,765c81fe9136f77108d5a3192e09f930584736691268a02f9f4277315c467459,D40,49,1.881479263305664,1.9503332376480103,0.01526378933340311,0.002904754364863038,0.0009670662693679333,0.3329253175641691,-0.47765317732656776,0.19705668091773987,0,1
42,epoch5,17,818c4a2cdd8fd7a454c6ebf5b64ab47888fd393095b89e325426239237aed862,all,15,1.476550817489624,1.8247103691101074,0.029498808085918427,0.014719839207828045,0.010970007628202438,0.7452532241227583,-0.12769613644166627,0.3210330903530121,0,1
42,epoch5,17,818c4a2cdd8fd7a454c6ebf5b64ab47888fd393095b89e325426239237aed862,D00,40,1.476550817489624,1.8247103691101074,0.029498808085918427,0.03892871364951134,0.03196116164326668,0.8210176665744484,-0.08564749767562804,0.2846239507198334,0,1
42,epoch5,17,818c4a2cdd8fd7a454c6ebf5b64ab47888fd393095b89e325426239237aed862,D20,110,1.476550817489624,1.8247103691101074,0.029498808085918427,0.010670945979654789,0.0054987408220767975,0.5153002210451341,-0.2879396712422798,-0.08948515355587006,1,1
42,epoch5,18,9d33f9b80970a78760c50e7a00a3f75a106deb72dde43191034a7f3622269186,all,28,1.6214326620101929,1.7119239568710327,0.014330028556287289,0.003699441673234105,0.002797495573759079,0.7561939938124415,-0.1213667764107656,-0.2247895747423172,1,1
42,epoch5,18,9d33f9b80970a78760c50e7a00a3f75a106deb72dde43191034a7f3622269186,D00,59,1.6214326620101929,1.7119239568710327,0.014330028556287289,0.0018427626928314567,0.016454769298434258,8.929402229839503,0.9508223864393226,0.06935889273881912,0,1
42,epoch5,18,9d33f9b80970a78760c50e7a00a3f75a106deb72dde43191034a7f3622269186,D10,50,1.6214326620101929,1.7119239568710327,0.014330028556287289,0.010526628233492374,0.004794368054717779,0.45545144640556684,-0.34155791437060906,0.15631462633609772,0,1
42,epoch5,18,9d33f9b80970a78760c50e7a00a3f75a106deb72dde43191034a7f3622269186,D20,149,1.6214326620101929,1.7119239568710327,0.014330028556287289,0.005344025790691376,0.0036846206057816744,0.6894840612857488,-0.16147576890170054,0.1675054281949997,0,1
42,epoch5,18,9d33f9b80970a78760c50e7a00a3f75a106deb72dde43191034a7f3622269186,D40,20,1.6214326620101929,1.7119239568710327,0.014330028556287289,0.0,0.0003955850552301854,,,,,1
42,epoch5,19,2a337a00f71b9d5b9e4f4820456a997dde9a26e2a8570d0031a4032304e5e290,all,22,1.8767375946044922,2.492689371109009,0.022121280431747437,0.005208475515246391,0.004728897474706173,0.9079235298051446,-0.04195072855182608,-0.1307976245880127,1,1
42,epoch5,19,2a337a00f71b9d5b9e4f4820456a997dde9a26e2a8570d0031a4032304e5e290,D00,70,1.8767375946044922,2.492689371109009,0.022121280431747437,0.008006352931261063,0.008103161118924618,1.01209142146177,0.005219743771676863,-0.2100626528263092,1,1
42,epoch5,19,2a337a00f71b9d5b9e4f4820456a997dde9a26e2a8570d0031a4032304e5e290,D10,14,1.8767375946044922,2.492689371109009,0.022121280431747437,0.06236819177865982,0.03525642305612564,0.5652949372213343,-0.24772490406169895,-0.18582239747047424,1,1
42,epoch5,19,2a337a00f71b9d5b9e4f4820456a997dde9a26e2a8570d0031a4032304e5e290,D20,110,1.8767375946044922,2.492689371109009,0.022121280431747437,0.006165552418678999,0.005533583462238312,0.8975000270006479,-0.04696552968420344,-0.3117837607860565,1,1
42,epoch5,19,2a337a00f71b9d5b9e4f4820456a997dde9a26e2a8570d0031a4032304e5e290,D40,20,1.8767375946044922,2.492689371109009,0.022121280431747437,0.0213317908346653,0.013283437117934227,0.6227061394371041,-0.20571685242455756,0.2705957293510437,0,1
42,epoch5,20,416079114cddbd6704444b9e0affb7f2e5045d6c83762da189425d38df68e659,all,14,1.5889384746551514,1.9712891578674316,0.020725399255752563,0.009062769822776318,0.005385173950344324,0.5942083993803357,-0.22606121355768385,-0.04851182550191879,1,1
42,epoch5,20,416079114cddbd6704444b9e0affb7f2e5045d6c83762da189425d38df68e659,D00,20,1.5889384746551514,1.9712891578674316,0.020725399255752563,0.038375452160835266,0.022469377145171165,0.5855143296032008,-0.2324624717420114,-0.24162039160728455,1,1
42,epoch5,20,416079114cddbd6704444b9e0affb7f2e5045d6c83762da189425d38df68e659,D10,10,1.5889384746551514,1.9712891578674316,0.020725399255752563,0.012487866915762424,0.008262375369668007,0.6616322407503461,-0.17938334015621984,0.45454156398773193,0,1
42,epoch5,20,416079114cddbd6704444b9e0affb7f2e5045d6c83762da189425d38df68e659,D20,100,1.5889384746551514,1.9712891578674316,0.020725399255752563,0.006753436755388975,0.007424636743962765,1.0993864328466834,0.04115037318257982,0.031218089163303375,0,1
42,epoch5,20,416079114cddbd6704444b9e0affb7f2e5045d6c83762da189425d38df68e659,D40,10,1.5889384746551514,1.9712891578674316,0.020725399255752563,0.025937628000974655,0.014999003149569035,0.5782719664652997,-0.23786786096379212,-0.16470970213413239,1,1
42,epoch5,21,a0b7e0d587d81d840d751b4be2adc2060e7cdecb840ca465510a9bbe0ae50148,all,22,1.7115999460220337,2.002979040145874,0.022318799048662186,0.007839033380150795,0.003812510287389159,0.4863495411363869,-0.31305148953873896,0.0097345607355237,0,1
42,epoch5,21,a0b7e0d587d81d840d751b4be2adc2060e7cdecb840ca465510a9bbe0ae50148,D00,45,1.7115999460220337,2.002979040145874,0.022318799048662186,0.04312639310956001,0.014591559767723083,0.33834407924293836,-0.47064141892816624,-0.25102347135543823,1,1
42,epoch5,21,a0b7e0d587d81d840d751b4be2adc2060e7cdecb840ca465510a9bbe0ae50148,D10,10,1.7115999460220337,2.002979040145874,0.022318799048662186,0.05459592491388321,0.02696293033659458,0.4938634225745697,-0.3063931381678262,0.4284721612930298,0,1
42,epoch5,21,a0b7e0d587d81d840d751b4be2adc2060e7cdecb840ca465510a9bbe0ae50148,D20,136,1.7115999460220337,2.002979040145874,0.022318799048662186,0.0035213844384998083,0.0034115167800337076,0.968799868237929,-0.01376592893142063,-0.01999271847307682,1,1
42,epoch5,21,a0b7e0d587d81d840d751b4be2adc2060e7cdecb840ca465510a9bbe0ae50148,D40,20,1.7115999460220337,2.002979040145874,0.022318799048662186,0.006543105002492666,0.005200138781219721,0.7947509292971261,-0.09976895559516123,0.1476115584373474,0,1
42,epoch5,22,2297f487f0ecec69d9bb03ab1c1ab6462947f9be30d9f1404026cda7df27620b,all,24,1.4674780368804932,1.9702106714248657,0.01329231821000576,0.003907409030944109,0.004625864792615175,1.1838701185315816,0.07330405889104306,0.05052143707871437,0,1
42,epoch5,22,2297f487f0ecec69d9bb03ab1c1ab6462947f9be30d9f1404026cda7df27620b,D00,60,1.4674780368804932,1.9702106714248657,0.01329231821000576,0.024451851844787598,0.022023623809218407,0.9006934913975926,-0.04542297554904093,0.1558305025100708,0,1
42,epoch5,22,2297f487f0ecec69d9bb03ab1c1ab6462947f9be30d9f1404026cda7df27620b,D10,20,1.4674780368804932,1.9702106714248657,0.01329231821000576,0.0,0.014842701144516468,,,,,1
42,epoch5,22,2297f487f0ecec69d9bb03ab1c1ab6462947f9be30d9f1404026cda7df27620b,D20,106,1.4674780368804932,1.9702106714248657,0.01329231821000576,0.0005746797542087734,0.006919350475072861,12.040358868391863,1.0806394314599814,0.212448388338089,0,1
42,epoch5,22,2297f487f0ecec69d9bb03ab1c1ab6462947f9be30d9f1404026cda7df27620b,D40,47,1.4674780368804932,1.9702106714248657,0.01329231821000576,0.0,0.00024296322953887284,,,,,1
42,epoch5,23,bde13578b9281c4539c651383b60b4fb0bfefe18442c462348aed858a8942b34,all,32,1.82465660572052,1.9310712814331055,0.022100292146205902,0.008084028027951717,0.003790763672441244,0.4689201545732054,-0.328901100526624,-0.26153847575187683,1,1
42,epoch5,23,bde13578b9281c4539c651383b60b4fb0bfefe18442c462348aed858a8942b34,D00,16,1.82465660572052,1.9310712814331055,0.022100292146205902,0.017246507108211517,0.021848002448678017,1.2668073779574536,0.10271058406274065,0.025447921827435493,0,1
42,epoch5,23,bde13578b9281c4539c651383b60b4fb0bfefe18442c462348aed858a8942b34,D10,70,1.82465660572052,1.9310712814331055,0.022100292146205902,0.024040905758738518,0.010672938078641891,0.443949083522464,-0.3526668362215011,0.015020357444882393,0,1
42,epoch5,23,bde13578b9281c4539c651383b60b4fb0bfefe18442c462348aed858a8942b34,D20,180,1.82465660572052,1.9310712814331055,0.022100292146205902,0.008133577182888985,0.004129138775169849,0.5076657763642455,-0.29442211301284066,-0.3575809895992279,1,1
42,epoch5,23,bde13578b9281c4539c651383b60b4fb0bfefe18442c462348aed858a8942b34,D40,39,1.82465660572052,1.9310712814331055,0.022100292146205902,0.0,0.00014709214156027883,,,,,1
42,epoch5,24,9af470d40aa040f9f4f93f72a3dfeb98d56790738cccce74e880be9521001a33,all,32,1.6767756938934326,1.5655248165130615,0.02065521664917469,0.005447206553071737,0.007294492330402136,1.3391253405451817,0.1268212283634202,0.23921173810958862,0,1
42,epoch5,24,9af470d40aa040f9f4f93f72a3dfeb98d56790738cccce74e880be9521001a33,D00,50,1.6767756938934326,1.5655248165130615,0.02065521664917469,0.01059566531330347,0.016727522015571594,1.5787137023447904,0.1983033784152744,0.016898099333047867,0,1
42,epoch5,24,9af470d40aa040f9f4f93f72a3dfeb98d56790738cccce74e880be9521001a33,D10,80,1.6767756938934326,1.5655248165130615,0.02065521664917469,0.020047884434461594,0.021847452968358994,1.0897635129422438,0.03733226292474398,0.2574908435344696,0,1
42,epoch5,24,9af470d40aa040f9f4f93f72a3dfeb98d56790738cccce74e880be9521001a33,D20,150,1.6767756938934326,1.5655248165130615,0.02065521664917469,0.002354548778384924,0.006066284142434597,2.5764104775080074,0.4110150566361244,-0.15936781466007233,1,1
42,epoch5,24,9af470d40aa040f9f4f93f72a3dfeb98d56790738cccce74e880be9521001a33,D40,40,1.6767756938934326,1.5655248165130615,0.02065521664917469,0.0,9.92181376204826e-05,,,,,1
42,epoch5,25,6542ffe3661e0f2f2f4c6f405b5127dcd77840963b39b61cd6d0a59e03ed4389,all,26,2.0342369079589844,2.1062092781066895,0.02092094160616398,0.004591352306306362,0.003902452765032649,0.849957159609057,-0.07060296347895885,0.05093461275100708,0,1
42,epoch5,25,6542ffe3661e0f2f2f4c6f405b5127dcd77840963b39b61cd6d0a59e03ed4389,D00,50,2.0342369079589844,2.1062092781066895,0.02092094160616398,0.013328133150935173,0.00810801051557064,0.6083380488288218,-0.215855019506786,-0.02314135618507862,1,1
42,epoch5,25,6542ffe3661e0f2f2f4c6f405b5127dcd77840963b39b61cd6d0a59e03ed4389,D10,79,2.0342369079589844,2.1062092781066895,0.02092094160616398,0.010593382641673088,0.00871265958994627,0.8224624640359651,-0.08488391348016368,0.2504456341266632,0,1
42,epoch5,25,6542ffe3661e0f2f2f4c6f405b5127dcd77840963b39b61cd6d0a59e03ed4389,D20,120,2.0342369079589844,2.1062092781066895,0.02092094160616398,0.003910992294549942,0.0044050198048353195,1.126317689496299,0.05166090502272545,-0.03296849876642227,1,1
42,epoch5,25,6542ffe3661e0f2f2f4c6f405b5127dcd77840963b39b61cd6d0a59e03ed4389,D40,7,2.0342369079589844,2.1062092781066895,0.02092094160616398,0.0,0.0018608446698635817,,,,,1
42,epoch5,26,d3630edb5cad7433911883c7c4c6d5fe7e5856e35b45f6a8bb6c8d5499c386f1,all,43,1.7032878398895264,2.0179946422576904,0.010871484875679016,0.0059382617473602295,0.0045938873663544655,0.773608096409124,-0.11147899367246207,-0.41481924057006836,1,1
42,epoch5,26,d3630edb5cad7433911883c7c4c6d5fe7e5856e35b45f6a8bb6c8d5499c386f1,D00,42,1.7032878398895264,2.0179946422576904,0.010871484875679016,0.03900350630283356,0.030172880738973618,0.7735940585624117,-0.11148687442591826,-0.4963671565055847,1,1
42,epoch5,26,d3630edb5cad7433911883c7c4c6d5fe7e5856e35b45f6a8bb6c8d5499c386f1,D10,82,1.7032878398895264,2.0179946422576904,0.010871484875679016,0.017040176317095757,0.011726786382496357,0.6881845682976485,-0.16229507013170896,0.2231568992137909,0,1
42,epoch5,26,d3630edb5cad7433911883c7c4c6d5fe7e5856e35b45f6a8bb6c8d5499c386f1,D20,170,1.7032878398895264,2.0179946422576904,0.010871484875679016,0.004637046251446009,0.004340875428169966,0.9361294222192229,-0.02866410481952104,-0.1417001634836197,1,1
42,epoch5,26,d3630edb5cad7433911883c7c4c6d5fe7e5856e35b45f6a8bb6c8d5499c386f1,D40,109,1.7032878398895264,2.0179946422576904,0.010871484875679016,3.2793388982099714e-06,9.586531632521655e-06,2.9233122681386994,0.46587520916037417,0.10894051939249039,0,1
42,epoch5,27,3708d434b5f52016554190e86c55f7d348fc1df0fd5af7c3b5cd80296ff25431,all,20,1.7452442646026611,2.0428969860076904,0.018629079684615135,0.008426090702414513,0.004585541784763336,0.5442075034214076,-0.2642354745517637,-0.475765585899353,1,1
42,epoch5,27,3708d434b5f52016554190e86c55f7d348fc1df0fd5af7c3b5cd80296ff25431,D00,18,1.7452442646026611,2.0428969860076904,0.018629079684615135,0.017422424629330635,0.026164988055825233,1.5017994689313507,0.1766119464160081,-0.22149479389190674,1,1
42,epoch5,27,3708d434b5f52016554190e86c55f7d348fc1df0fd5af7c3b5cd80296ff25431,D10,30,1.7452442646026611,2.0428969860076904,0.018629079684615135,0.012003680691123009,0.020474402233958244,1.7056770136429507,0.23189679677722025,0.08528877049684525,0,1
42,epoch5,27,3708d434b5f52016554190e86c55f7d348fc1df0fd5af7c3b5cd80296ff25431,D20,120,1.7452442646026611,2.0428969860076904,0.018629079684615135,0.0101566007360816,0.004438066855072975,0.4369638002315698,-0.35955454017114913,-0.3656311333179474,1,1
42,epoch5,27,3708d434b5f52016554190e86c55f7d348fc1df0fd5af7c3b5cd80296ff25431,D40,14,1.7452442646026611,2.0428969860076904,0.018629079684615135,0.0,0.0011297791497781873,,,,,1
42,epoch5,28,a98b1fcfc47c8cf2bad69c00d1f7c9b8bcef8312c34a4da3914256dbb3ec791e,all,37,1.7201600074768066,2.007054567337036,0.019060395658016205,0.005418552551418543,0.006689812522381544,1.2346124650263277,0.09153065742359251,-0.3037278354167938,1,1
42,epoch5,28,a98b1fcfc47c8cf2bad69c00d1f7c9b8bcef8312c34a4da3914256dbb3ec791e,D00,30,1.7201600074768066,2.007054567337036,0.019060395658016205,0.012171303853392601,0.008284460753202438,0.6806551584769817,-0.16707285974868488,0.15948812663555145,0,1
42,epoch5,28,a98b1fcfc47c8cf2bad69c00d1f7c9b8bcef8312c34a4da3914256dbb3ec791e,D10,100,1.7201600074768066,2.007054567337036,0.019060395658016205,0.01609698310494423,0.015062592923641205,0.9357401213283681,-0.02884474906550354,-0.48152637481689453,1,1
42,epoch5,28,a98b1fcfc47c8cf2bad69c00d1f7c9b8bcef8312c34a4da3914256dbb3ec791e,D20,180,1.7201600074768066,2.007054567337036,0.019060395658016205,0.004176491871476173,0.008362893015146255,2.0023726305470833,0.30154490048170457,0.2093980461359024,0,1
42,epoch5,28,a98b1fcfc47c8cf2bad69c00d1f7c9b8bcef8312c34a4da3914256dbb3ec791e,D40,38,1.7201600074768066,2.007054567337036,0.019060395658016205,0.0,0.00016234436770901084,,,,,1
42,epoch5,29,2225223d7da6b47c0e6dcf38e16fd1007a3c71319a5a080ce19997478a3e9f8d,all,29,1.9069017171859741,1.714307427406311,0.015061475336551666,0.007557121105492115,0.005332131404429674,0.7055770749200464,-0.15145553841686105,-0.24265000224113464,1,1
42,epoch5,29,2225223d7da6b47c0e6dcf38e16fd1007a3c71319a5a080ce19997478a3e9f8d,D00,30,1.9069017171859741,1.714307427406311,0.015061475336551666,0.012539922259747982,0.014492284506559372,1.1556917344757627,0.06284200720765273,0.0561852902173996,0,1
42,epoch5,29,2225223d7da6b47c0e6dcf38e16fd1007a3c71319a5a080ce19997478a3e9f8d,D10,70,1.9069017171859741,1.714307427406311,0.015061475336551666,0.03250577673316002,0.014481568709015846,0.4455075424868346,-0.3511449389162572,-0.19876128435134888,1,1
42,epoch5,29,2225223d7da6b47c0e6dcf38e16fd1007a3c71319a5a080ce19997478a3e9f8d,D20,120,1.9069017171859741,1.714307427406311,0.015061475336551666,0.008451002649962902,0.007941249758005142,0.9396813711849922,-0.027019382777253294,-0.12129244953393936,1,1
42,epoch5,29,2225223d7da6b47c0e6dcf38e16fd1007a3c71319a5a080ce19997478a3e9f8d,D40,58,1.9069017171859741,1.714307427406311,0.015061475336551666,0.00015355147479567677,9.366752055939287e-05,0.6100073000538193,-0.21466496768739513,-0.041751861572265625,1,1
42,epoch5,30,b04a9f5f8c8525ee7d89d5ab3951357bcb40fe551b1336bd27c9a1653c34a525,all,16,1.6994643211364746,1.6797634363174438,0.026736952364444733,0.003302929224446416,0.006276245228946209,1.900205787787697,0.2788006365639079,-0.24356435239315033,1,1
42,epoch5,30,b04a9f5f8c8525ee7d89d5ab3951357bcb40fe551b1336bd27c9a1653c34a525,D00,10,1.6994643211364746,1.6797634363174438,0.026736952364444733,0.025431238114833832,0.07228520512580872,2.842378526731868,0.4536819135366175,-0.2422046661376953,1,1
42,epoch5,30,b04a9f5f8c8525ee7d89d5ab3951357bcb40fe551b1336bd27c9a1653c34a525,D10,34,1.6994643211364746,1.6797634363174438,0.026736952364444733,0.008676815778017044,0.012084518559277058,1.3927365600977175,0.1438689762116733,-0.11654460430145264,1,1
42,epoch5,30,b04a9f5f8c8525ee7d89d5ab3951357bcb40fe551b1336bd27c9a1653c34a525,D20,100,1.6994643211364746,1.6797634363174438,0.026736952364444733,0.0031715570949018,0.003325155470520258,1.048429957595707,0.020539421882180674,0.011804057285189629,0,1
42,epoch5,30,b04a9f5f8c8525ee7d89d5ab3951357bcb40fe551b1336bd27c9a1653c34a525,D40,3,1.6994643211364746,1.6797634363174438,0.026736952364444733,0.0,0.002247076015919447,,,,,1
42,epoch5,31,a97e08f577b4294fca98444b9e8371a1e6f50330c8c6f36739d4652e1115e800,all,27,1.8342419862747192,2.148627758026123,0.01755940169095993,0.010743358172476292,0.01409248448908329,1.3117392404534383,0.11784751058269685,-0.405872642993927,1,1
42,epoch5,31,a97e08f577b4294fca98444b9e8371a1e6f50330c8c6f36739d4652e1115e800,D00,70,1.8342419862747192,2.148627758026123,0.01755940169095993,0.02475854381918907,0.034662194550037384,1.4000094190988932,0.14613095757031877,-0.6001242995262146,1,1
42,epoch5,31,a97e08f577b4294fca98444b9e8371a1e6f50330c8c6f36739d4652e1115e800,D10,60,1.8342419862747192,2.148627758026123,0.01755940169095993,0.021311698481440544,0.018390534445643425,0.8629314299683323,-0.06402371270833009,0.530815064907074,0,1
42,epoch5,31,a97e08f577b4294fca98444b9e8371a1e6f50330c8c6f36739d4652e1115e800,D20,80,1.8342419862747192,2.148627758026123,0.01755940169095993,0.007543469779193401,0.01197119988501072,1.5869619996397415,0.20056652754605284,-0.40432435274124146,1,1
42,epoch5,31,a97e08f577b4294fca98444b9e8371a1e6f50330c8c6f36739d4652e1115e800,D40,46,1.8342419862747192,2.148627758026123,0.01755940169095993,0.0034093977883458138,0.0026608973275870085,0.7804596274106326,-0.10764955774733484,-0.16397646069526672,1,1
42,epoch20,0,886703586ffce1566642efa3528edf8bf420c0925651ae888df1adf072710d17,all,27,1.8417505025863647,1.6671380996704102,0.014739761129021645,0.01941162347793579,0.016956377774477005,0.8735167253656275,-0.05872877509494898,0.5760573148727417,0,1
42,epoch20,0,886703586ffce1566642efa3528edf8bf420c0925651ae888df1adf072710d17,D00,60,1.8417505025863647,1.6671380996704102,0.014739761129021645,0.07760035991668701,0.06096505746245384,0.7856285399694911,-0.10478274807481677,0.8233690857887268,0,1
42,epoch20,0,886703586ffce1566642efa3528edf8bf420c0925651ae888df1adf072710d17,D10,106,1.8417505025863647,1.6671380996704102,0.014739761129021645,0.009621191769838333,0.007377940695732832,0.7668427022587874,-0.11529371107959058,-0.008330533280968666,1,1
42,epoch20,0,886703586ffce1566642efa3528edf8bf420c0925651ae888df1adf072710d17,D20,100,1.8417505025863647,1.6671380996704102,0.014739761129021645,0.028287023305892944,0.011799609288573265,0.4171385995964832,-0.3797196211919786,-0.1574993133544922,1,1
42,epoch20,1,2a6bc5cbae2770f2ef1e8306a3806f5601b8e59e9d7cce214dc29219d96ecf10,all,31,2.0218541622161865,1.834288239479065,0.0189531110227108,0.007215381134301424,0.005134474951773882,0.7116013494235173,-0.14776323702623562,-0.17637211084365845,1,1
42,epoch20,1,2a6bc5cbae2770f2ef1e8306a3806f5601b8e59e9d7cce214dc29219d96ecf10,D00,95,2.0218541622161865,1.834288239479065,0.0189531110227108,0.018319444730877876,0.00971239898353815,0.5301688520704813,-0.275585791071575,-0.2741827666759491,1,1
42,epoch20,1,2a6bc5cbae2770f2ef1e8306a3806f5601b8e59e9d7cce214dc29219d96ecf10,D10,38,2.0218541622161865,1.834288239479065,0.0189531110227108,0.005593971349298954,0.00960421934723854,1.7168874753786785,0.23474183247977967,0.1781582236289978,0,1
42,epoch20,1,2a6bc5cbae2770f2ef1e8306a3806f5601b8e59e9d7cce214dc29219d96ecf10,D20,110,2.0218541622161865,1.834288239479065,0.0189531110227108,0.008668108843266964,0.007533722091466188,0.8691309982013065,-0.060914760365724116,-0.026471655815839767,1,1
42,epoch20,1,2a6bc5cbae2770f2ef1e8306a3806f5601b8e59e9d7cce214dc29219d96ecf10,D40,28,2.0218541622161865,1.834288239479065,0.0189531110227108,0.0,0.005434475373476744,,,,,1
42,epoch20,2,a2bc40b1696e829db4e198594caa9d2c0539cd5454ab0301acbe1229f059b476,all,20,1.9135782718658447,1.6391853094100952,0.023438310250639915,0.00890771858394146,0.005765204783529043,0.6472145172976573,-0.18895174987607657,-0.09401041269302368,1,1
42,epoch20,2,a2bc40b1696e829db4e198594caa9d2c0539cd5454ab0301acbe1229f059b476,D00,70,1.9135782718658447,1.6391853094100952,0.023438310250639915,0.010665711015462875,0.013716754503548145,1.2860609558670721,0.10926155347881687,-0.39725247025489807,1,1
42,epoch20,2,a2bc40b1696e829db4e198594caa9d2c0539cd5454ab0301acbe1229f059b476,D10,40,1.9135782718658447,1.6391853094100952,0.023438310250639915,0.042740561068058014,0.016929423436522484,0.3960973607614763,-0.40219805133604014,-0.05955665558576584,1,1
42,epoch20,2,a2bc40b1696e829db4e198594caa9d2c0539cd5454ab0301acbe1229f059b476,D20,90,1.9135782718658447,1.6391853094100952,0.023438310250639915,0.003077257424592972,0.003574969479814172,1.1617388429201798,0.06510851030393609,0.018502825871109962,0,1
42,epoch20,3,e07c1c00a84116748407ba9562508b567be535ceb684974e9c70405b37eda097,all,17,1.4555020332336426,1.3591673374176025,0.013997177593410015,0.007508306298404932,0.006873488426208496,0.9154512553208841,-0.03836477545704765,-0.2260054051876068,1,1
42,epoch20,3,e07c1c00a84116748407ba9562508b567be535ceb684974e9c70405b37eda097,D00,50,1.4555020332336426,1.3591673374176025,0.013997177593410015,0.029331127181649208,0.026169342920184135,0.8922037928551475,-0.049535934857504633,-0.3937441110610962,1,1
42,epoch20,3,e07c1c00a84116748407ba9562508b567be535ceb684974e9c70405b37eda097,D10,30,1.4555020332336426,1.3591673374176025,0.013997177593410015,0.01809006556868553,0.011097200214862823,0.6134416800607082,-0.21222671937829693,-0.1574828326702118,1,1
42,epoch20,3,e07c1c00a84116748407ba9562508b567be535ceb684974e9c70405b37eda097,D20,80,1.4555020332336426,1.3591673374176025,0.013997177593410015,0.004639007616788149,0.003639226546511054,0.7844838480844529,-0.10541599377240113,-0.06418493390083313,1,1
42,epoch20,3,e07c1c00a84116748407ba9562508b567be535ceb684974e9c70405b37eda097,D40,10,1.4555020332336426,1.3591673374176025,0.013997177593410015,0.04919041320681572,0.02475106157362461,0.5031684013216453,-0.29828664014334816,0.0027538698632270098,0,1
42,epoch20,4,aebb281f8c5a342bc96208dae814f3fceb96b28b4c180382086623c0d6c23b4f,all,30,1.7651623487472534,2.148998498916626,0.013311371207237244,0.006114788819104433,0.005727291107177734,0.9366294203462857,-0.028432204771560433,0.09222329407930374,0,1
42,epoch20,4,aebb281f8c5a342bc96208dae814f3fceb96b28b4c180382086623c0d6c23b4f,D00,90,1.7651623487472534,2.148998498916626,0.013311371207237244,0.01168786734342575,0.006288396660238504,0.5380277235757328,-0.2691953453638162,0.3097291588783264,0,1
42,epoch20,4,aebb281f8c5a342bc96208dae814f3fceb96b28b4c180382086623c0d6c23b4f,D10,24,1.7651623487472534,2.148998498916626,0.013311371207237244,0.009280025027692318,0.00577981723472476,0.6228234533287718,-0.20563504180159292,0.08195709437131882,0,1
42,epoch20,4,aebb281f8c5a342bc96208dae814f3fceb96b28b4c180382086623c0d6c23b4f,D20,100,1.7651623487472534,2.148998498916626,0.013311371207237244,0.00891753751784563,0.013907850719988346,1.559606639406471,0.19301507535632761,0.010584071278572083,0,1
42,epoch20,4,aebb281f8c5a342bc96208dae814f3fceb96b28b4c180382086623c0d6c23b4f,D40,67,1.7651623487472534,2.148998498916626,0.013311371207237244,0.016944782808423042,0.008803244680166245,0.5195253772028439,-0.2843932336506312,0.2841505706310272,0,1
42,epoch20,5,8e0e3fb15223ff04644b68ef88ac40dacd3d12281c3c25fc017b9c5e9508482d,all,29,1.8262615203857422,1.7003607749938965,0.015799768269062042,0.007937504909932613,0.005199154373258352,0.6550111694107275,-0.18375129424930672,0.28959864377975464,0,1
42,epoch20,5,8e0e3fb15223ff04644b68ef88ac40dacd3d12281c3c25fc017b9c5e9508482d,D00,130,1.8262615203857422,1.7003607749938965,0.015799768269062042,0.014278581365942955,0.008605856448411942,0.6027108875772836,-0.21989096321596519,0.43550121784210205,0,1
42,epoch20,5,8e0e3fb15223ff04644b68ef88ac40dacd3d12281c3c25fc017b9c5e9508482d,D10,30,1.8262615203857422,1.7003607749938965,0.015799768269062042,0.03931275010108948,0.009440376423299313,0.24013523345540994,-0.6195441141093628,0.5915297269821167,0,1
42,epoch20,5,8e0e3fb15223ff04644b68ef88ac40dacd3d12281c3c25fc017b9c5e9508482d,D20,90,1.8262615203857422,1.7003607749938965,0.015799768269062042,0.007884500548243523,0.0074902744963765144,0.9499998700672508,-0.02227645411018364,-0.25501134991645813,1,1
42,epoch20,5,8e0e3fb15223ff04644b68ef88ac40dacd3d12281c3c25fc017b9c5e9508482d,D40,40,1.8262615203857422,1.7003607749938965,0.015799768269062042,5.139151198818581e-06,0.005486616864800453,1067.6114892400421,3.02841323885723,-0.04141811281442642,1,1
42,epoch20,6,334f79e24468133a4814f9bcc1ad52d87fcf4ccd83ce8a62073ff99c81b54eaf,all,37,1.9971321821212769,1.9920563697814941,0.014964636415243149,0.005418338812887669,0.006000915076583624,1.1075193493456483,0.04435132247130257,0.05966940522193909,0,1
42,epoch20,6,334f79e24468133a4814f9bcc1ad52d87fcf4ccd83ce8a62073ff99c81b54eaf,D00,100,1.9971321821212769,1.9920563697814941,0.014964636415243149,0.012470702640712261,0.019874999299645424,1.5937353228807538,0.20241619826665813,-0.05298854410648346,1,1
42,epoch20,6,334f79e24468133a4814f9bcc1ad52d87fcf4ccd83ce8a62073ff99c81b54eaf,D10,117,1.9971321821212769,1.9920563697814941,0.014964636415243149,0.010718954727053642,0.0064202300272881985,0.5989604575046983,-0.22260184815220588,0.04439347982406616,0,1
42,epoch20,6,334f79e24468133a4814f9bcc1ad52d87fcf4ccd83ce8a62073ff99c81b54eaf,D20,130,1.9971321821212769,1.9920563697814941,0.014964636415243149,0.008492795750498772,0.00616399897262454,0.7257915006683796,-0.13918812188144655,0.03296787664294243,0,1
42,epoch20,6,334f79e24468133a4814f9bcc1ad52d87fcf4ccd83ce8a62073ff99c81b54eaf,D40,10,1.9971321821212769,1.9920563697814941,0.014964636415243149,0.0,0.002226225333288312,,,,,1
42,epoch20,7,4cffd353e7e306aaebfb783e40e9e05baabcb5e8900af458869ea4f4d3293421,all,24,1.7983226776123047,1.6561802625656128,0.018835967406630516,0.012420132756233215,0.009665673598647118,0.7782262708743001,-0.10889411264411489,0.024125799536705017,0,1
42,epoch20,7,4cffd353e7e306aaebfb783e40e9e05baabcb5e8900af458869ea4f4d3293421,D00,70,1.7983226776123047,1.6561802625656128,0.018835967406630516,0.030393481254577637,0.03165204077959061,1.0414088637780976,0.017621269780555456,0.30836543440818787,0,1
42,epoch20,7,4cffd353e7e306aaebfb783e40e9e05baabcb5e8900af458869ea4f4d3293421,D10,34,1.7983226776123047,1.6561802625656128,0.018835967406630516,0.03254561498761177,0.011632519774138927,0.35742202992835603,-0.4468186829958278,0.21307775378227234,0,1
42,epoch20,7,4cffd353e7e306aaebfb783e40e9e05baabcb5e8900af458869ea4f4d3293421,D20,100,1.7983226776123047,1.6561802625656128,0.018835967406630516,0.011541713960468769,0.008267614990472794,0.7163247173504725,-0.14489006290851167,-0.390251487493515,1,1
42,epoch20,7,4cffd353e7e306aaebfb783e40e9e05baabcb5e8900af458869ea4f4d3293421,D40,30,1.7983226776123047,1.6561802625656128,0.018835967406630516,0.022592097520828247,0.004822839051485062,0.21347460310131716,-0.6706537852245711,-0.3229377269744873,1,1
42,epoch20,8,9a9e818c03cf6b59f252a010c001516b61a837cff7c0a45a33324e5e3da2f928,all,26,1.877882480621338,1.941218614578247,0.013785836286842823,0.006354061886668205,0.006945976056158543,1.0931552414892691,0.03868184148735485,-0.279441237449646,1,1
42,epoch20,8,9a9e818c03cf6b59f252a010c001516b61a837cff7c0a45a33324e5e3da2f928,D00,105,1.877882480621338,1.941218614578247,0.013785836286842823,0.014252026565372944,0.014318115077912807,1.004637130883578,0.0020092254260019892,0.14986398816108704,0,1
42,epoch20,8,9a9e818c03cf6b59f252a010c001516b61a837cff7c0a45a33324e5e3da2f928,D10,48,1.877882480621338,1.941218614578247,0.013785836286842823,0.006021026987582445,0.004208020865917206,0.6988875609751759,-0.15559268916978136,0.09422621876001358,0,1
42,epoch20,8,9a9e818c03cf6b59f252a010c001516b61a837cff7c0a45a33324e5e3da2f928,D20,50,1.877882480621338,1.941218614578247,0.013785836286842823,0.016835665330290794,0.016304776072502136,0.9684663927814317,-0.01391544534529882,-0.48615705966949463,1,1
42,epoch20,8,9a9e818c03cf6b59f252a010c001516b61a837cff7c0a45a33324e5e3da2f928,D40,50,1.877882480621338,1.941218614578247,0.013785836286842823,0.008513747714459896,0.007019418757408857,0.8244804747369898,-0.08381962481556926,-0.3758604824542999,1,1
42,epoch20,9,7936e23f50a0735d5eecfc1973eab44248d15d7b1c60fca12b65c3f3ad89c533,all,22,1.80516517162323,1.9677138328552246,0.013287420384585857,0.007736350875347853,0.008594462648034096,1.110919448524581,0.04568256989537392,-0.2965185046195984,1,1
42,epoch20,9,7936e23f50a0735d5eecfc1973eab44248d15d7b1c60fca12b65c3f3ad89c533,D00,70,1.80516517162323,1.9677138328552246,0.013287420384585857,0.017415545880794525,0.022227056324481964,1.276276751623012,0.10594485829613712,-0.3315434157848358,1,1
42,epoch20,9,7936e23f50a0735d5eecfc1973eab44248d15d7b1c60fca12b65c3f3ad89c533,D10,75,1.80516517162323,1.9677138328552246,0.013287420384585857,0.012003752402961254,0.009532494470477104,0.7941262157427951,-0.10011046678656288,0.27858105301856995,0,1
42,epoch20,9,7936e23f50a0735d5eecfc1973eab44248d15d7b1c60fca12b65c3f3ad89c533,D20,60,1.80516517162323,1.9677138328552246,0.013287420384585857,0.007678316906094551,0.008653990924358368,1.1270687352705369,0.0519504026818053,0.07239514589309692,0,1
42,epoch20,10,a3c4b7957b7c11b073f1daa1e16883390b82c9915792752861bbb60388b3807f,all,22,1.7931541204452515,1.9599461555480957,0.01282539963722229,0.011651362292468548,0.0060674333944916725,0.5207488396797744,-0.2833716890638126,0.18659241497516632,0,1
42,epoch20,10,a3c4b7957b7c11b073f1daa1e16883390b82c9915792752861bbb60388b3807f,D00,70,1.7931541204452515,1.9599461555480957,0.01282539963722229,0.02098357118666172,0.008639400824904442,0.41172213957536963,-0.385395779014432,-0.10917092859745026,1,1
42,epoch20,10,a3c4b7957b7c11b073f1daa1e16883390b82c9915792752861bbb60388b3807f,D10,40,1.7931541204452515,1.9599461555480957,0.01282539963722229,0.0479247123003006,0.01080333162099123,0.22542298330966648,-0.6470018069425001,0.3551766872406006,0,1
42,epoch20,10,a3c4b7957b7c11b073f1daa1e16883390b82c9915792752861bbb60388b3807f,D20,60,1.7931541204452515,1.9599461555480957,0.01282539963722229,0.013463705778121948,0.01493475865572691,1.1092606227325148,0.04503359638974099,0.20988839864730835,0,1
42,epoch20,10,a3c4b7957b7c11b073f1daa1e16883390b82c9915792752861bbb60388b3807f,D40,45,1.7931541204452515,1.9599461555480957,0.01282539963722229,0.009164778515696526,0.008055138401687145,0.8789234118305316,-0.056048967097481306,0.2029014676809311,0,1
42,epoch20,11,1a50ac51658d5ba7bc54cdce02199aa8c5d6d07979efd6817b6007444dd0f941,all,27,1.570916771888733,1.9673057794570923,0.011323289014399052,0.007443671114742756,0.009637120179831982,1.2946730223941427,0.11216009853272815,0.4921186864376068,0,1
42,epoch20,11,1a50ac51658d5ba7bc54cdce02199aa8c5d6d07979efd6817b6007444dd0f941,D00,70,1.570916771888733,1.9673057794570923,0.011323289014399052,0.01421179249882698,0.030255720019340515,2.1289165333533946,0.32815863475225937,0.39386066794395447,0,1
42,epoch20,11,1a50ac51658d5ba7bc54cdce02199aa8c5d6d07979efd6817b6007444dd0f941,D10,70,1.570916771888733,1.9673057794570923,0.011323289014399052,0.014771301299333572,0.017750147730112076,1.2016644553119296,0.07978321512909177,0.3376251459121704,0,1
42,epoch20,11,1a50ac51658d5ba7bc54cdce02199aa8c5d6d07979efd6817b6007444dd0f941,D20,70,1.570916771888733,1.9673057794570923,0.011323289014399052,0.01506616361439228,0.017886541783809662,1.1871994916292528,0.07452370196573221,0.5840027928352356,0,1
42,epoch20,11,1a50ac51658d5ba7bc54cdce02199aa8c5d6d07979efd6817b6007444dd0f941,D40,60,1.570916771888733,1.9673057794570923,0.011323289014399052,0.007209466304630041,0.003194750752300024,0.4431327670188709,-0.3534661353005037,0.32068195939064026,0,1
42,epoch20,12,a4534ce8b8156f22da77d962aa5685381556c24601b584a139224fe097731d2e,all,10,1.7877941131591797,1.7113069295883179,0.015868110582232475,0.017162343487143517,0.014661566354334354,0.8542869664225915,-0.0683962194756512,-0.2363688051700592,1,1
42,epoch20,12,a4534ce8b8156f22da77d962aa5685381556c24601b584a139224fe097731d2e,D00,50,1.7877941131591797,1.7113069295883179,0.015868110582232475,0.035055868327617645,0.025954579934477806,0.7403776078777179,-0.13054672460606315,-0.29347288608551025,1,1
42,epoch20,12,a4534ce8b8156f22da77d962aa5685381556c24601b584a139224fe097731d2e,D10,10,1.7877941131591797,1.7113069295883179,0.015868110582232475,0.07199835032224655,0.02665998414158821,0.3702860415865754,-0.43146265893674063,0.7092136144638062,0,1
42,epoch20,12,a4534ce8b8156f22da77d962aa5685381556c24601b584a139224fe097731d2e,D20,30,1.7877941131591797,1.7113069295883179,0.015868110582232475,0.009934008121490479,0.02483637072145939,2.5001359388593887,0.3979636230286252,-0.6784626245498657,1,1
42,epoch20,12,a4534ce8b8156f22da77d962aa5685381556c24601b584a139224fe097731d2e,D40,10,1.7877941131591797,1.7113069295883179,0.015868110582232475,0.0,0.0007847919478081167,,,,,1
42,epoch20,13,bebf1379a39279f25bf2470ca784661aff6818b4b2ece729feeecbe448c06b0a,all,32,1.7516456842422485,1.6369482278823853,0.017115600407123566,0.016191476956009865,0.0038409214466810226,0.237218720510569,-0.6248510408827102,0.1904417872428894,0,1
42,epoch20,13,bebf1379a39279f25bf2470ca784661aff6818b4b2ece729feeecbe448c06b0a,D00,40,1.7516456842422485,1.6369482278823853,0.017115600407123566,0.025754079222679138,0.02147485874593258,0.8338430025105202,-0.07891571142673916,0.15766145288944244,0,1
42,epoch20,13,bebf1379a39279f25bf2470ca784661aff6818b4b2ece729feeecbe448c06b0a,D10,72,1.7516456842422485,1.6369482278823853,0.017115600407123566,0.05992574244737625,0.009969056583940983,0.16635683058403997,-0.7789593623692241,0.09366481751203537,0,1
42,epoch20,13,bebf1379a39279f25bf2470ca784661aff6818b4b2ece729feeecbe448c06b0a,D20,150,1.7516456842422485,1.6369482278823853,0.017115600407123566,0.006436884868890047,0.003748886985704303,0.5824070279434324,-0.23477339300367958,-0.19179700314998627,1,1
42,epoch20,13,bebf1379a39279f25bf2470ca784661aff6818b4b2ece729feeecbe448c06b0a,D40,40,1.7516456842422485,1.6369482278823853,0.017115600407123566,0.020933836698532104,0.009823116473853588,0.46924587285723846,-0.3285995384257629,-0.03025227040052414,1,1
42,epoch20,14,a5027d0cd59953da796d4dea2969bf081ed8077a4b089ab997a63f25a61d4f65,all,14,1.510141134262085,1.8544492721557617,0.014370893128216267,0.005651581101119518,0.008648458868265152,1.5302724518191881,0.18476876009061838,0.0029343748465180397,0,1
42,epoch20,14,a5027d0cd59953da796d4dea2969bf081ed8077a4b089ab997a63f25a61d4f65,D00,50,1.510141134262085,1.8544492721557617,0.014370893128216267,0.012025744654238224,0.014328865334391594,1.1915158475730385,0.0760998229877641,-0.22549039125442505,1,1
42,epoch20,14,a5027d0cd59953da796d4dea2969bf081ed8077a4b089ab997a63f25a61d4f65,D10,10,1.510141134262085,1.8544492721557617,0.014370893128216267,0.0,0.06754225492477417,,,,,1
42,epoch20,14,a5027d0cd59953da796d4dea2969bf081ed8077a4b089ab997a63f25a61d4f65,D20,50,1.510141134262085,1.8544492721557617,0.014370893128216267,0.007775070145726204,0.011884304694831371,1.5285141448355843,0.1842694620320899,0.12593455612659454,0,1
42,epoch20,14,a5027d0cd59953da796d4dea2969bf081ed8077a4b089ab997a63f25a61d4f65,D40,30,1.510141134262085,1.8544492721557617,0.014370893128216267,0.0097480658441782,0.022100744768977165,2.267192807502045,0.3554884551391263,0.33836066722869873,0,1
42,epoch20,15,97e557dc2e2ba54a9bf43e9ee0ceab14f58ba53dd8f70b1de2ba8002bd1b4024,all,22,1.742120385169983,1.719380497932434,0.01611599512398243,0.008362025022506714,0.006095991004258394,0.7290089407590624,-0.13726714534661502,-0.36996909976005554,1,1
42,epoch20,15,97e557dc2e2ba54a9bf43e9ee0ceab14f58ba53dd8f70b1de2ba8002bd1b4024,D00,70,1.742120385169983,1.719380497932434,0.01611599512398243,0.011247478425502777,0.015777209773659706,1.4027330550718033,0.14697503115680968,-0.16956304013729095,1,1
42,epoch20,15,97e557dc2e2ba54a9bf43e9ee0ceab14f58ba53dd8f70b1de2ba8002bd1b4024,D10,70,1.742120385169983,1.719380497932434,0.01611599512398243,0.034019410610198975,0.0166985671967268,0.49085410056224166,-0.3090475765872632,-0.7477779984474182,1,1
42,epoch20,15,97e557dc2e2ba54a9bf43e9ee0ceab14f58ba53dd8f70b1de2ba8002bd1b4024,D20,80,1.742120385169983,1.719380497932434,0.01611599512398243,0.0031132670119404793,0.004877917468547821,1.5668162897172917,0.19501807812828903,-0.15297110378742218,1,1
42,epoch20,16,765c81fe9136f77108d5a3192e09f930584736691268a02f9f4277315c467459,all,26,1.8391607999801636,1.6869510412216187,0.016677191480994225,0.008202888071537018,0.005212633404880762,0.6354631880164182,-0.1969096027880123,0.1101621761918068,0,1
42,epoch20,16,765c81fe9136f77108d5a3192e09f930584736691268a02f9f4277315c467459,D00,40,1.8391607999801636,1.6869510412216187,0.016677191480994225,0.011949120089411736,0.014975286088883877,1.253254296285269,0.09803920209401766,0.5319145917892456,0,1
42,epoch20,16,765c81fe9136f77108d5a3192e09f930584736691268a02f9f4277315c467459,D10,30,1.8391607999801636,1.6869510412216187,0.016677191480994225,0.02950253151357174,0.016064096242189407,0.5444989096884656,-0.26400298554412366,0.12251973897218704,0,1
42,epoch20,16,765c81fe9136f77108d5a3192e09f930584736691268a02f9f4277315c467459,D20,130,1.8391607999801636,1.6869510412216187,0.016677191480994225,0.012537503615021706,0.008087574504315853,0.6450705621034313,-0.19039277675073474,0.22733339667320251,0,1
42,epoch20,16,765c81fe9136f77108d5a3192e09f930584736691268a02f9f4277315c467459,D40,49,1.8391607999801636,1.6869510412216187,0.016677191480994225,0.01347670704126358,0.010322785004973412,0.7659723531398768,-0.11578690542676665,0.09201579540967941,0,1
42,epoch20,17,818c4a2cdd8fd7a454c6ebf5b64ab47888fd393095b89e325426239237aed862,all,15,1.3583639860153198,1.64491868019104,0.02308163046836853,0.013069793581962585,0.013061272911727428,0.9993480639015664,-0.0002832245823024671,-0.23401618003845215,1,1
42,epoch20,17,818c4a2cdd8fd7a454c6ebf5b64ab47888fd393095b89e325426239237aed862,D00,40,1.3583639860153198,1.64491868019104,0.02308163046836853,0.034575000405311584,0.03554096445441246,1.0279382223507503,0.011967014952669918,-0.12024132162332535,1,1
42,epoch20,17,818c4a2cdd8fd7a454c6ebf5b64ab47888fd393095b89e325426239237aed862,D20,110,1.3583639860153198,1.64491868019104,0.02308163046836853,0.01302530150860548,0.01023851241916418,0.7860480168078919,-0.10455092368354,-0.2777329683303833,1,1
42,epoch20,18,9d33f9b80970a78760c50e7a00a3f75a106deb72dde43191034a7f3622269186,all,28,1.560930848121643,1.5301629304885864,0.014005651697516441,0.005214273929595947,0.0036344071850180626,0.6970111724260125,-0.15676026051880687,0.05744359642267227,0,1
42,epoch20,18,9d33f9b80970a78760c50e7a00a3f75a106deb72dde43191034a7f3622269186,D00,60,1.560930848121643,1.5301629304885864,0.014005651697516441,0.0052728671580553055,0.015371542423963547,2.9152151880937485,0.4646706179466237,0.00894536916166544,0,1
42,epoch20,18,9d33f9b80970a78760c50e7a00a3f75a106deb72dde43191034a7f3622269186,D10,50,1.560930848121643,1.5301629304885864,0.014005651697516441,0.0177298691123724,0.005864998791366816,0.3307976361356247,-0.48043760255637796,-0.4270317852497101,1,1
42,epoch20,18,9d33f9b80970a78760c50e7a00a3f75a106deb72dde43191034a7f3622269186,D20,148,1.560930848121643,1.5301629304885864,0.014005651697516441,0.006578899919986725,0.0048822276294231415,0.7421039518462523,-0.12953525570328997,0.05388105288147926,0,1
42,epoch20,18,9d33f9b80970a78760c50e7a00a3f75a106deb72dde43191034a7f3622269186,D40,20,1.560930848121643,1.5301629304885864,0.014005651697516441,0.04285767301917076,0.02553524635732174,0.5958150445055548,-0.22488853491880129,0.28954488039016724,0,1
42,epoch20,19,2a337a00f71b9d5b9e4f4820456a997dde9a26e2a8570d0031a4032304e5e290,all,22,1.6062614917755127,1.7066289186477661,0.020183637738227844,0.009674311615526676,0.006289456505328417,0.650119280345924,-0.187006954059458,0.07795793563127518,0,1
42,epoch20,19,2a337a00f71b9d5b9e4f4820456a997dde9a26e2a8570d0031a4032304e5e290,D00,70,1.6062614917755127,1.7066289186477661,0.020183637738227844,0.01149564515799284,0.012969120405614376,1.1281768206456024,0.052377172530730695,-0.21144698560237885,1,1
42,epoch20,19,2a337a00f71b9d5b9e4f4820456a997dde9a26e2a8570d0031a4032304e5e290,D10,14,1.6062614917755127,1.7066289186477661,0.020183637738227844,0.05832790210843086,0.02317148819565773,0.3972624997309558,-0.400922428975776,-0.22900322079658508,1,1
42,epoch20,19,2a337a00f71b9d5b9e4f4820456a997dde9a26e2a8570d0031a4032304e5e290,D20,110,1.6062614917755127,1.7066289186477661,0.020183637738227844,0.011950420215725899,0.008824214339256287,0.7384020126459028,-0.1317071282337446,0.15473057329654694,0,1
42,epoch20,19,2a337a00f71b9d5b9e4f4820456a997dde9a26e2a8570d0031a4032304e5e290,D40,20,1.6062614917755127,1.7066289186477661,0.020183637738227844,0.053369686007499695,0.018689420074224472,0.3501879338693911,-0.4556988221138515,0.35466301441192627,0,1
42,epoch20,20,416079114cddbd6704444b9e0affb7f2e5045d6c83762da189425d38df68e659,all,14,1.444812297821045,1.6328248977661133,0.01837490126490593,0.01088494062423706,0.013610947877168655,1.2504384127609942,0.09706230649697031,0.31999117136001587,0,1
42,epoch20,20,416079114cddbd6704444b9e0affb7f2e5045d6c83762da189425d38df68e659,D00,20,1.444812297821045,1.6328248977661133,0.01837490126490593,0.053930919617414474,0.0544307641685009,1.0092682371194914,0.004006605700684588,0.4331613779067993,0,1
42,epoch20,20,416079114cddbd6704444b9e0affb7f2e5045d6c83762da189425d38df68e659,D10,10,1.444812297821045,1.6328248977661133,0.01837490126490593,0.020876532420516014,0.011039847508072853,0.5288161503882538,-0.27669528968468604,0.09186794608831406,0,1
42,epoch20,20,416079114cddbd6704444b9e0affb7f2e5045d6c83762da189425d38df68e659,D20,100,1.444812297821045,1.6328248977661133,0.01837490126490593,0.0038543022237718105,0.009039005264639854,2.3451729365929967,0.3701748737627424,-0.002351798117160797,1,1
42,epoch20,20,416079114cddbd6704444b9e0affb7f2e5045d6c83762da189425d38df68e659,D40,10,1.444812297821045,1.6328248977661133,0.01837490126490593,0.05944252759218216,0.05388547480106354,0.9065138543696537,-0.04262555413845349,0.07648475468158722,0,1
42,epoch20,21,a0b7e0d587d81d840d751b4be2adc2060e7cdecb840ca465510a9bbe0ae50148,all,22,1.6002699136734009,1.7449300289154053,0.02270613983273506,0.0077115753665566444,0.005987073294818401,0.77637486638372,-0.10992853248967811,0.3152872920036316,0,1
42,epoch20,21,a0b7e0d587d81d840d751b4be2adc2060e7cdecb840ca465510a9bbe0ae50148,D00,44,1.6002699136734009,1.7449300289154053,0.02270613983273506,0.029790952801704407,0.014266491867601871,0.47888672653617353,-0.3197672002762154,0.18335533142089844,0,1
42,epoch20,21,a0b7e0d587d81d840d751b4be2adc2060e7cdecb840ca465510a9bbe0ae50148,D10,10,1.6002699136734009,1.7449300289154053,0.02270613983273506,0.01790144480764866,0.051488008350133896,2.876192894114048,0.4588180089848764,-0.600291907787323,1,1
42,epoch20,21,a0b7e0d587d81d840d751b4be2adc2060e7cdecb840ca465510a9bbe0ae50148,D20,138,1.6002699136734009,1.7449300289154053,0.02270613983273506,0.007628948427736759,0.009966726414859295,1.3064351541063008,0.1160878580643223,0.39926761388778687,0,1
42,epoch20,21,a0b7e0d587d81d840d751b4be2adc2060e7cdecb840ca465510a9bbe0ae50148,D40,20,1.6002699136734009,1.7449300289154053,0.02270613983273506,0.0015210891142487526,0.004003813955932856,2.6322020967918704,0.42031923074435823,0.42818981409072876,0,1
42,epoch20,22,2297f487f0ecec69d9bb03ab1c1ab6462947f9be30d9f1404026cda7df27620b,all,24,1.1839063167572021,1.4875290393829346,0.009234782308340073,0.0037381723523139954,0.009199020452797413,2.460833687109974,0.39108226335290164,-0.06641096621751785,1,1
42,epoch20,22,2297f487f0ecec69d9bb03ab1c1ab6462947f9be30d9f1404026cda7df27620b,D00,60,1.1839063167572021,1.4875290393829346,0.009234782308340073,0.02298234961926937,0.057248905301094055,2.4909944478911834,0.3963727595505936,-0.1171896904706955,1,1
42,epoch20,22,2297f487f0ecec69d9bb03ab1c1ab6462947f9be30d9f1404026cda7df27620b,D10,20,1.1839063167572021,1.4875290393829346,0.009234782308340073,0.010153474286198616,0.007953953929245472,0.7833726372909713,-0.10603160215384067,0.31993725895881653,0,1
42,epoch20,22,2297f487f0ecec69d9bb03ab1c1ab6462947f9be30d9f1404026cda7df27620b,D20,107,1.1839063167572021,1.4875290393829346,0.009234782308340073,0.0008414539624936879,0.004199354909360409,4.990593777603026,0.6981522207726891,0.09575110673904419,0,1
42,epoch20,22,2297f487f0ecec69d9bb03ab1c1ab6462947f9be30d9f1404026cda7df27620b,D40,47,1.1839063167572021,1.4875290393829346,0.009234782308340073,0.011518223211169243,0.0024846107698976994,0.21571128848140117,-0.6661271270490485,-0.07377190887928009,1,1
42,epoch20,23,bde13578b9281c4539c651383b60b4fb0bfefe18442c462348aed858a8942b34,all,32,1.6787188053131104,1.5741093158721924,0.019807761535048485,0.008486769162118435,0.0051346588879823685,0.6050192705725337,-0.21823079233921674,-0.15903177857398987,1,1
42,epoch20,23,bde13578b9281c4539c651383b60b4fb0bfefe18442c462348aed858a8942b34,D00,14,1.6787188053131104,1.5741093158721924,0.019807761535048485,0.015974771231412888,0.05027373880147934,3.1470709704199553,0.49790653691202047,-0.225161612033844,1,1
42,epoch20,23,bde13578b9281c4539c651383b60b4fb0bfefe18442c462348aed858a8942b34,D10,70,1.6787188053131104,1.5741093158721924,0.019807761535048485,0.012690693140029907,0.011095411144196987,0.8742951249210363,-0.058341943235530304,0.40916773676872253,0,1
42,epoch20,23,bde13578b9281c4539c651383b60b4fb0bfefe18442c462348aed858a8942b34,D20,180,1.6787188053131104,1.5741093158721924,0.019807761535048485,0.011786303482949734,0.006172919180244207,0.5237366566348861,-0.28088702850995956,-0.25176674127578735,1,1
42,epoch20,23,bde13578b9281c4539c651383b60b4fb0bfefe18442c462348aed858a8942b34,D40,39,1.6787188053131104,1.5741093158721924,0.019807761535048485,0.04459763318300247,0.009705987758934498,0.21763459327778292,-0.6622720718618461,0.4224555194377899,0,1
42,epoch20,24,9af470d40aa040f9f4f93f72a3dfeb98d56790738cccce74e880be9521001a33,all,32,1.6156598329544067,1.3171042203903198,0.018083464354276657,0.009252469055354595,0.0029849286656826735,0.3226088785409375,-0.49132368453454406,0.4321011006832123,0,1
42,epoch20,24,9af470d40aa040f9f4f93f72a3dfeb98d56790738cccce74e880be9521001a33,D00,50,1.6156598329544067,1.3171042203903198,0.018083464354276657,0.028505738824605942,0.012250538915395737,0.42975693388522745,-0.36677710748838155,0.13625125586986542,0,1
42,epoch20,24,9af470d40aa040f9f4f93f72a3dfeb98d56790738cccce74e880be9521001a33,D10,80,1.6156598329544067,1.3171042203903198,0.018083464354276657,0.03842569887638092,0.008474750444293022,0.22054902557679146,-0.6564948566684229,0.5543786883354187,0,1
42,epoch20,24,9af470d40aa040f9f4f93f72a3dfeb98d56790738cccce74e880be9521001a33,D20,150,1.6156598329544067,1.3171042203903198,0.018083464354276657,0.0018217605538666248,0.0025461860932409763,1.3976513476684864,0.1453988476127125,-0.07328856736421585,1,1
42,epoch20,24,9af470d40aa040f9f4f93f72a3dfeb98d56790738cccce74e880be9521001a33,D40,40,1.6156598329544067,1.3171042203903198,0.018083464354276657,0.011932453140616417,0.008430074900388718,0.706482967169082,-0.1508983042381398,0.0048834350891411304,0,1
42,epoch20,25,6542ffe3661e0f2f2f4c6f405b5127dcd77840963b39b61cd6d0a59e03ed4389,all,26,1.8706140518188477,1.87765371799469,0.01979030855000019,0.006796913221478462,0.004543378483504057,0.6684473282882053,-0.1749328082000587,0.18497905135154724,0,1
42,epoch20,25,6542ffe3661e0f2f2f4c6f405b5127dcd77840963b39b61cd6d0a59e03ed4389,D00,50,1.8706140518188477,1.87765371799469,0.01979030855000019,0.015746425837278366,0.015511772595345974,0.9850979997392888,-0.006520562772528312,-0.15551041066646576,1,1
42,epoch20,25,6542ffe3661e0f2f2f4c6f405b5127dcd77840963b39b61cd6d0a59e03ed4389,D10,80,1.8706140518188477,1.87765371799469,0.01979030855000019,0.01489005796611309,0.011539827100932598,0.7750021609852041,-0.11069708652253979,0.45986950397491455,0,1
42,epoch20,25,6542ffe3661e0f2f2f4c6f405b5127dcd77840963b39b61cd6d0a59e03ed4389,D20,120,1.8706140518188477,1.87765371799469,0.01979030855000019,0.007325162645429373,0.004793942905962467,0.6544486638742019,-0.184124414614468,-0.08338568359613419,1,1
42,epoch20,25,6542ffe3661e0f2f2f4c6f405b5127dcd77840963b39b61cd6d0a59e03ed4389,D40,7,1.8706140518188477,1.87765371799469,0.01979030855000019,5.000982491765171e-05,0.006823187228292227,136.4369349328372,2.1349319543830623,0.24816212058067322,0,1
42,epoch20,26,d3630edb5cad7433911883c7c4c6d5fe7e5856e35b45f6a8bb6c8d5499c386f1,all,43,1.591102957725525,1.5820685625076294,0.01010443177074194,0.005315718706697226,0.0036795225460082293,0.6921966245829435,-0.15977052282371132,0.029616069048643112,0,1
42,epoch20,26,d3630edb5cad7433911883c7c4c6d5fe7e5856e35b45f6a8bb6c8d5499c386f1,D00,44,1.591102957725525,1.5820685625076294,0.01010443177074194,0.03230805695056915,0.011107441037893295,0.34379786611393914,-0.46369682322144246,-0.2861870527267456,1,1
42,epoch20,26,d3630edb5cad7433911883c7c4c6d5fe7e5856e35b45f6a8bb6c8d5499c386f1,D10,80,1.591102957725525,1.5820685625076294,0.01010443177074194,0.018130026757717133,0.006801702547818422,0.3751623005698679,-0.42578080962420983,-0.41812166571617126,1,1
42,epoch20,26,d3630edb5cad7433911883c7c4c6d5fe7e5856e35b45f6a8bb6c8d5499c386f1,D20,170,1.591102957725525,1.5820685625076294,0.01010443177074194,0.009159404784440994,0.007268414366990328,0.7935465827798247,-0.10042757420159901,0.18985164165496826,0,1
42,epoch20,26,d3630edb5cad7433911883c7c4c6d5fe7e5856e35b45f6a8bb6c8d5499c386f1,D40,111,1.591102957725525,1.5820685625076294,0.01010443177074194,0.012777719646692276,0.006642728112637997,0.5198680434624794,-0.2841068780356602,0.18461303412914276,0,1
42,epoch20,27,3708d434b5f52016554190e86c55f7d348fc1df0fd5af7c3b5cd80296ff25431,all,20,2.039324998855591,1.9601054191589355,0.022276639938354492,0.007839268073439598,0.005171423777937889,0.659681966414608,-0.18066538797301546,-0.048525553196668625,1,1
42,epoch20,27,3708d434b5f52016554190e86c55f7d348fc1df0fd5af7c3b5cd80296ff25431,D00,19,2.039324998855591,1.9601054191589355,0.022276639938354492,0.027107926085591316,0.01847255602478981,0.6814448278508674,-0.16656930040139614,-0.33389538526535034,1,1
42,epoch20,27,3708d434b5f52016554190e86c55f7d348fc1df0fd5af7c3b5cd80296ff25431,D10,30,2.039324998855591,1.9601054191589355,0.022276639938354492,0.03015284612774849,0.009766130708158016,0.3238875251371587,-0.4896057789686083,0.08658808469772339,0,1
42,epoch20,27,3708d434b5f52016554190e86c55f7d348fc1df0fd5af7c3b5cd80296ff25431,D20,120,2.039324998855591,1.9601054191589355,0.022276639938354492,0.008438902907073498,0.007936707697808743,0.9404904624694977,-0.026645604279333927,-0.20730966329574585,1,1
42,epoch20,27,3708d434b5f52016554190e86c55f7d348fc1df0fd5af7c3b5cd80296ff25431,D40,14,2.039324998855591,1.9601054191589355,0.022276639938354492,0.0,0.013448946177959442,,,,,1
42,epoch20,28,a98b1fcfc47c8cf2bad69c00d1f7c9b8bcef8312c34a4da3914256dbb3ec791e,all,37,1.8206226825714111,1.5827168226242065,0.021581999957561493,0.01024694088846445,0.005173963960260153,0.5049276673475077,-0.29677083162745843,-0.1733892858028412,1,1
42,epoch20,28,a98b1fcfc47c8cf2bad69c00d1f7c9b8bcef8312c34a4da3914256dbb3ec791e,D00,30,1.8206226825714111,1.5827168226242065,0.021581999957561493,0.011545014567673206,0.011125597171485424,0.9636711245594979,-0.01607115402052361,-0.01169087179005146,1,1
42,epoch20,28,a98b1fcfc47c8cf2bad69c00d1f7c9b8bcef8312c34a4da3914256dbb3ec791e,D10,100,1.8206226825714111,1.5827168226242065,0.021581999957561493,0.032046154141426086,0.015694469213485718,0.4897457942760584,-0.3100292848493933,-0.22947122156620026,1,1
42,epoch20,28,a98b1fcfc47c8cf2bad69c00d1f7c9b8bcef8312c34a4da3914256dbb3ec791e,D20,180,1.8206226825714111,1.5827168226242065,0.021581999957561493,0.005662314593791962,0.004641989711672068,0.819804275227209,-0.0862898211954814,-0.1139214038848877,1,1
42,epoch20,28,a98b1fcfc47c8cf2bad69c00d1f7c9b8bcef8312c34a4da3914256dbb3ec791e,D40,40,1.8206226825714111,1.5827168226242065,0.021581999957561493,0.019885335117578506,0.008656950667500496,0.43534346372909793,-0.361167971676953,0.3473864495754242,0,1
42,epoch20,29,2225223d7da6b47c0e6dcf38e16fd1007a3c71319a5a080ce19997478a3e9f8d,all,29,1.8106770515441895,1.5530321598052979,0.013622170314192772,0.008945624344050884,0.0065675838850438595,0.7341671897290775,-0.1342050282194074,0.316887766122818,0,1
42,epoch20,29,2225223d7da6b47c0e6dcf38e16fd1007a3c71319a5a080ce19997478a3e9f8d,D00,30,1.8106770515441895,1.5530321598052979,0.013622170314192772,0.022807292640209198,0.01243962999433279,0.5454233516696214,-0.26326627218067716,-0.022753167897462845,1,1
42,epoch20,29,2225223d7da6b47c0e6dcf38e16fd1007a3c71319a5a080ce19997478a3e9f8d,D10,70,1.8106770515441895,1.5530321598052979,0.013622170314192772,0.028138207271695137,0.020940029993653297,0.7441849365690525,-0.12831912500401474,0.6408151388168335,0,1
42,epoch20,29,2225223d7da6b47c0e6dcf38e16fd1007a3c71319a5a080ce19997478a3e9f8d,D20,120,1.8106770515441895,1.5530321598052979,0.013622170314192772,0.010669846087694168,0.008459385484457016,0.7928310694390861,-0.10081933907076263,0.017817284911870956,0,1
42,epoch20,29,2225223d7da6b47c0e6dcf38e16fd1007a3c71319a5a080ce19997478a3e9f8d,D40,59,1.8106770515441895,1.5530321598052979,0.013622170314192772,0.014028760604560375,0.007738600950688124,0.5516239936529042,-0.25835685184276014,-0.08420854806900024,1,1
42,epoch20,30,b04a9f5f8c8525ee7d89d5ab3951357bcb40fe551b1336bd27c9a1653c34a525,all,16,1.7492196559906006,1.651825189590454,0.029254548251628876,0.006363031454384327,0.006172346882522106,0.9700324329324456,-0.013213744900644054,0.1556076854467392,0,1
42,epoch20,30,b04a9f5f8c8525ee7d89d5ab3951357bcb40fe551b1336bd27c9a1653c34a525,D00,10,1.7492196559906006,1.651825189590454,0.029254548251628876,0.028985103592276573,0.05885996297001839,2.030697002087042,0.3076451276695255,-0.011623851954936981,1,1
42,epoch20,30,b04a9f5f8c8525ee7d89d5ab3951357bcb40fe551b1336bd27c9a1653c34a525,D10,34,1.7492196559906006,1.651825189590454,0.029254548251628876,0.00648332666605711,0.026517681777477264,4.090135071599627,0.6117376502767229,0.37330570816993713,0,1
42,epoch20,30,b04a9f5f8c8525ee7d89d5ab3951357bcb40fe551b1336bd27c9a1653c34a525,D20,100,1.7492196559906006,1.651825189590454,0.029254548251628876,0.007275959011167288,0.005039695184677839,0.6926502990111426,-0.15948597396211647,0.03915463015437126,0,1
42,epoch20,30,b04a9f5f8c8525ee7d89d5ab3951357bcb40fe551b1336bd27c9a1653c34a525,D40,3,1.7492196559906006,1.651825189590454,0.029254548251628876,0.0,0.013241439126431942,,,,,1
42,epoch20,31,a97e08f577b4294fca98444b9e8371a1e6f50330c8c6f36739d4652e1115e800,all,27,1.7156565189361572,1.6723922491073608,0.015268432907760143,0.0075903055258095264,0.007808122783899307,1.0286967708149732,0.012287376541674435,0.08377072960138321,0,1
42,epoch20,31,a97e08f577b4294fca98444b9e8371a1e6f50330c8c6f36739d4652e1115e800,D00,70,1.7156565189361572,1.6723922491073608,0.015268432907760143,0.017474204301834106,0.014731939882040024,0.843067851764429,-0.07413747109169905,-0.13569559156894684,1,1
42,epoch20,31,a97e08f577b4294fca98444b9e8371a1e6f50330c8c6f36739d4652e1115e800,D10,60,1.7156565189361572,1.6723922491073608,0.015268432907760143,0.016048116609454155,0.013553423807024956,0.8445491852321447,-0.07337505272069611,0.3337293565273285,0,1
42,epoch20,31,a97e08f577b4294fca98444b9e8371a1e6f50330c8c6f36739d4652e1115e800,D20,80,1.7156565189361572,1.6723922491073608,0.015268432907760143,0.007882463745772839,0.013344787992537022,1.692971692980318,0.2286496966291817,-0.01794084720313549,1,1
42,epoch20,31,a97e08f577b4294fca98444b9e8371a1e6f50330c8c6f36739d4652e1115e800,D40,47,1.7156565189361572,1.6723922491073608,0.015268432907760143,0.00891220010817051,0.012122510932385921,1.3602152987198155,0.1336076551684698,-0.43494918942451477,1,1
42,epoch50,0,886703586ffce1566642efa3528edf8bf420c0925651ae888df1adf072710d17,all,27,1.658692717552185,1.3255174160003662,0.01223853137344122,0.01965380273759365,0.009008686058223248,0.4583686006470136,-0.3387851402396094,-0.3181973993778229,1,1
42,epoch50,0,886703586ffce1566642efa3528edf8bf420c0925651ae888df1adf072710d17,D00,60,1.658692717552185,1.3255174160003662,0.01223853137344122,0.045786939561367035,0.024487577378749847,0.5348157709018702,-0.2717957945389437,-0.25622689723968506,1,1
42,epoch50,0,886703586ffce1566642efa3528edf8bf420c0925651ae888df1adf072710d17,D10,106,1.658692717552185,1.3255174160003662,0.01223853137344122,0.026596982032060623,0.014090103097259998,0.5297632295376768,-0.27591818904195214,-0.1008528620004654,1,1
42,epoch50,0,886703586ffce1566642efa3528edf8bf420c0925651ae888df1adf072710d17,D20,100,1.658692717552185,1.3255174160003662,0.01223853137344122,0.030263515189290047,0.011392966844141483,0.37645880767259116,-0.424282537601925,-0.23117297887802124,1,1
42,epoch50,1,2a6bc5cbae2770f2ef1e8306a3806f5601b8e59e9d7cce214dc29219d96ecf10,all,31,1.6935620307922363,1.5144866704940796,0.013366283848881721,0.01095321960747242,0.007807422429323196,0.712797032207487,-0.14703411719031045,-0.016795238479971886,1,1
42,epoch50,1,2a6bc5cbae2770f2ef1e8306a3806f5601b8e59e9d7cce214dc29219d96ecf10,D00,95,1.6935620307922363,1.5144866704940796,0.013366283848881721,0.02595367282629013,0.01966727152466774,0.757783750157531,-0.12045471193062537,0.03304373472929001,0,1
42,epoch50,1,2a6bc5cbae2770f2ef1e8306a3806f5601b8e59e9d7cce214dc29219d96ecf10,D10,39,1.6935620307922363,1.5144866704940796,0.013366283848881721,0.011098859831690788,0.02023794874548912,1.8234259241389206,0.260888124989443,0.3283333480358124,0,1
42,epoch50,1,2a6bc5cbae2770f2ef1e8306a3806f5601b8e59e9d7cce214dc29219d96ecf10,D20,110,1.6935620307922363,1.5144866704940796,0.013366283848881721,0.015417931601405144,0.009876701049506664,0.6405983179096819,-0.1934142060460689,0.026073744520545006,0,1
42,epoch50,1,2a6bc5cbae2770f2ef1e8306a3806f5601b8e59e9d7cce214dc29219d96ecf10,D40,28,1.6935620307922363,1.5144866704940796,0.013366283848881721,0.0,0.02888614684343338,,,,,1
42,epoch50,2,a2bc40b1696e829db4e198594caa9d2c0539cd5454ab0301acbe1229f059b476,all,20,1.6617099046707153,1.1229115724563599,0.015547377988696098,0.014514396898448467,0.006622251123189926,0.4562539642207124,-0.340793349096124,-0.35417094826698303,1,1
42,epoch50,2,a2bc40b1696e829db4e198594caa9d2c0539cd5454ab0301acbe1229f059b476,D00,70,1.6617099046707153,1.1229115724563599,0.015547377988696098,0.02325020730495453,0.017034612596035004,0.7326649768152818,-0.13509456830731995,-0.023755991831421852,1,1
42,epoch50,2,a2bc40b1696e829db4e198594caa9d2c0539cd5454ab0301acbe1229f059b476,D10,40,1.6617099046707153,1.1229115724563599,0.015547377988696098,0.07869380712509155,0.02674831636250019,0.3399037019518081,-0.4686441054125643,-0.48624205589294434,1,1
42,epoch50,2,a2bc40b1696e829db4e198594caa9d2c0539cd5454ab0301acbe1229f059b476,D20,90,1.6617099046707153,1.1229115724563599,0.015547377988696098,0.008758170530200005,0.003955952823162079,0.45168711998940025,-0.34516229331569886,-0.24395392835140228,1,1
42,epoch50,3,e07c1c00a84116748407ba9562508b567be535ceb684974e9c70405b37eda097,all,17,1.3309166431427002,0.9314882159233093,0.011824080720543861,0.0125364875420928,0.008084842003881931,0.6449048807918549,-0.1905043362074113,-0.1581023633480072,1,1
42,epoch50,3,e07c1c00a84116748407ba9562508b567be535ceb684974e9c70405b37eda097,D00,50,1.3309166431427002,0.9314882159233093,0.011824080720543861,0.041280150413513184,0.029411930590867996,0.7124957224293424,-0.14721773866107896,-0.11000784486532211,1,1
42,epoch50,3,e07c1c00a84116748407ba9562508b567be535ceb684974e9c70405b37eda097,D10,30,1.3309166431427002,0.9314882159233093,0.011824080720543861,0.03388398140668869,0.015423199161887169,0.45517670951273254,-0.34181996802967485,-0.4060715138912201,1,1
42,epoch50,3,e07c1c00a84116748407ba9562508b567be535ceb684974e9c70405b37eda097,D20,80,1.3309166431427002,0.9314882159233093,0.011824080720543861,0.01051952876150608,0.004605640657246113,0.43781815342332153,-0.3587062350747872,0.21659249067306519,0,1
42,epoch50,3,e07c1c00a84116748407ba9562508b567be535ceb684974e9c70405b37eda097,D40,10,1.3309166431427002,0.9314882159233093,0.011824080720543861,0.12096074223518372,0.029860345646739006,0.24685980835568616,-0.6075496124990363,-0.6911323070526123,1,1
42,epoch50,4,aebb281f8c5a342bc96208dae814f3fceb96b28b4c180382086623c0d6c23b4f,all,30,1.7919780015945435,1.6974843740463257,0.014709755778312683,0.011187274940311909,0.01126561127603054,1.0070022714321927,0.0030304501656882505,-0.09723819047212601,1,1
42,epoch50,4,aebb281f8c5a342bc96208dae814f3fceb96b28b4c180382086623c0d6c23b4f,D00,90,1.7919780015945435,1.6974843740463257,0.014709755778312683,0.017547491937875748,0.013215737417340279,0.7531411021089855,-0.12312365045730536,0.06053580716252327,0,1
42,epoch50,4,aebb281f8c5a342bc96208dae814f3fceb96b28b4c180382086623c0d6c23b4f,D10,24,1.7919780015945435,1.6974843740463257,0.014709755778312683,0.020960362628102303,0.019972732290625572,0.9528810471936884,-0.02096131108441588,0.266668438911438,0,1
42,epoch50,4,aebb281f8c5a342bc96208dae814f3fceb96b28b4c180382086623c0d6c23b4f,D20,100,1.7919780015945435,1.6974843740463257,0.014709755778312683,0.011600655503571033,0.02481367252767086,2.1389888286944183,0.330208516385909,0.00960479024797678,0,1
42,epoch50,4,aebb281f8c5a342bc96208dae814f3fceb96b28b4c180382086623c0d6c23b4f,D40,67,1.7919780015945435,1.6974843740463257,0.014709755778312683,0.03529676795005798,0.014827761799097061,0.4200883723993404,-0.3766593391063551,-0.20454998314380646,1,1
42,epoch50,5,8e0e3fb15223ff04644b68ef88ac40dacd3d12281c3c25fc017b9c5e9508482d,all,29,1.7371593713760376,1.3509804010391235,0.015072975307703018,0.008460947312414646,0.008034387603402138,0.9495848758700314,-0.02246621104851139,0.034415025264024734,0,1
42,epoch50,5,8e0e3fb15223ff04644b68ef88ac40dacd3d12281c3c25fc017b9c5e9508482d,D00,130,1.7371593713760376,1.3509804010391235,0.015072975307703018,0.014864650554955006,0.009303407743573189,0.6258746352077531,-0.20351264872234306,0.12733951210975647,0,1
42,epoch50,5,8e0e3fb15223ff04644b68ef88ac40dacd3d12281c3c25fc017b9c5e9508482d,D10,30,1.7371593713760376,1.3509804010391235,0.015072975307703018,0.04018094390630722,0.008317919448018074,0.20701154924119158,-0.6840054244377619,0.01038262527436018,0,1
42,epoch50,5,8e0e3fb15223ff04644b68ef88ac40dacd3d12281c3c25fc017b9c5e9508482d,D20,90,1.7371593713760376,1.3509804010391235,0.015072975307703018,0.006244821939617395,0.01792333647608757,2.8701116940390596,0.45789879818379564,0.26927536725997925,0,1
42,epoch50,5,8e0e3fb15223ff04644b68ef88ac40dacd3d12281c3c25fc017b9c5e9508482d,D40,40,1.7371593713760376,1.3509804010391235,0.015072975307703018,0.009411409497261047,0.014502326026558876,1.5409302964427816,0.1877829939715481,0.2918088734149933,0,1
42,epoch50,6,334f79e24468133a4814f9bcc1ad52d87fcf4ccd83ce8a62073ff99c81b54eaf,all,37,1.7702807188034058,1.6605608463287354,0.012925311923027039,0.011792781762778759,0.00871846079826355,0.7393048539049025,-0.1311764424333568,0.31175702810287476,0,1
42,epoch50,6,334f79e24468133a4814f9bcc1ad52d87fcf4ccd83ce8a62073ff99c81b54eaf,D00,100,1.7702807188034058,1.6605608463287354,0.012925311923027039,0.026511454954743385,0.027490416541695595,1.036925984960967,0.01574775786423672,0.30473124980926514,0,1
42,epoch50,6,334f79e24468133a4814f9bcc1ad52d87fcf4ccd83ce8a62073ff99c81b54eaf,D10,117,1.7702807188034058,1.6605608463287354,0.012925311923027039,0.02173999696969986,0.007187769748270512,0.3306242295382319,-0.480665322666665,0.044064853340387344,0,1
42,epoch50,6,334f79e24468133a4814f9bcc1ad52d87fcf4ccd83ce8a62073ff99c81b54eaf,D20,130,1.7702807188034058,1.6605608463287354,0.012925311923027039,0.013451601378619671,0.009230359457433224,0.6861903796899751,-0.16355537499573838,-0.11208901554346085,1,1
42,epoch50,6,334f79e24468133a4814f9bcc1ad52d87fcf4ccd83ce8a62073ff99c81b54eaf,D40,10,1.7702807188034058,1.6605608463287354,0.012925311923027039,0.020297911018133163,0.03960252180695534,1.9510639184286687,0.2902714974653265,-0.15442168712615967,1,1
42,epoch50,7,4cffd353e7e306aaebfb783e40e9e05baabcb5e8900af458869ea4f4d3293421,all,24,1.6952074766159058,1.361801266670227,0.017262503504753113,0.01831226423382759,0.010804231278598309,0.5899997477450133,-0.2291481740408595,0.2049640268087387,0,1
42,epoch50,7,4cffd353e7e306aaebfb783e40e9e05baabcb5e8900af458869ea4f4d3293421,D00,70,1.6952074766159058,1.361801266670227,0.017262503504753113,0.04689427837729454,0.041469838470220566,0.8843261887211298,-0.05338751345748733,0.4606434106826782,0,1
42,epoch50,7,4cffd353e7e306aaebfb783e40e9e05baabcb5e8900af458869ea4f4d3293421,D10,35,1.6952074766159058,1.361801266670227,0.017262503504753113,0.042953550815582275,0.01610536128282547,0.3749483099074296,-0.42602859965703654,0.11779285222291946,0,1
42,epoch50,7,4cffd353e7e306aaebfb783e40e9e05baabcb5e8900af458869ea4f4d3293421,D20,100,1.6952074766159058,1.361801266670227,0.017262503504753113,0.013371274806559086,0.010049350559711456,0.7515626374518825,-0.12403481818274413,-0.22791928052902222,1,1
42,epoch50,7,4cffd353e7e306aaebfb783e40e9e05baabcb5e8900af458869ea4f4d3293421,D40,30,1.6952074766159058,1.361801266670227,0.017262503504753113,0.0659644678235054,0.022286327555775642,0.33785351858526264,-0.471271553742983,-0.5283902883529663,1,1
42,epoch50,8,9a9e818c03cf6b59f252a010c001516b61a837cff7c0a45a33324e5e3da2f928,all,26,1.709181785583496,1.5217293500900269,0.012882331386208534,0.010353128425776958,0.01005551777780056,0.9712540368730079,-0.012667163106830562,-0.14852440357208252,1,1
42,epoch50,8,9a9e818c03cf6b59f252a010c001516b61a837cff7c0a45a33324e5e3da2f928,D00,107,1.709181785583496,1.5217293500900269,0.012882331386208534,0.028588496148586273,0.015969697386026382,0.5586057168948392,-0.2528946239461892,0.18830429017543793,0,1
42,epoch50,8,9a9e818c03cf6b59f252a010c001516b61a837cff7c0a45a33324e5e3da2f928,D10,48,1.709181785583496,1.5217293500900269,0.012882331386208534,0.004464052617549896,0.0029124580323696136,0.6524246647361701,-0.1854696289371938,-0.22112269699573517,1,1
42,epoch50,8,9a9e818c03cf6b59f252a010c001516b61a837cff7c0a45a33324e5e3da2f928,D20,50,1.709181785583496,1.5217293500900269,0.012882331386208534,0.015929263085126877,0.029403388500213623,1.8458724890837863,0.2662016971232886,-0.12652510404586792,1,1
42,epoch50,8,9a9e818c03cf6b59f252a010c001516b61a837cff7c0a45a33324e5e3da2f928,D40,50,1.709181785583496,1.5217293500900269,0.012882331386208534,0.012625262141227722,0.007738805841654539,0.6129619927956594,-0.21256645342750818,-0.06192627176642418,1,1
42,epoch50,9,7936e23f50a0735d5eecfc1973eab44248d15d7b1c60fca12b65c3f3ad89c533,all,22,1.7396680116653442,1.7670706510543823,0.012969417497515678,0.013540985994040966,0.01304451934993267,0.963336004901949,-0.01622220755560697,-0.22416749596595764,1,1
42,epoch50,9,7936e23f50a0735d5eecfc1973eab44248d15d7b1c60fca12b65c3f3ad89c533,D00,70,1.7396680116653442,1.7670706510543823,0.012969417497515678,0.029057666659355164,0.024694854393601418,0.8498567583936018,-0.07065426755811423,0.4298856556415558,0,1
42,epoch50,9,7936e23f50a0735d5eecfc1973eab44248d15d7b1c60fca12b65c3f3ad89c533,D10,75,1.7396680116653442,1.7670706510543823,0.012969417497515678,0.028293509036302567,0.026048317551612854,0.9206464110970126,-0.03590713548671686,-0.4448971152305603,1,1
42,epoch50,9,7936e23f50a0735d5eecfc1973eab44248d15d7b1c60fca12b65c3f3ad89c533,D20,60,1.7396680116653442,1.7670706510543823,0.012969417497515678,0.022878052666783333,0.017060402780771255,0.745710442634887,-0.12742977517815174,-0.2915831506252289,1,1
42,epoch50,10,a3c4b7957b7c11b073f1daa1e16883390b82c9915792752861bbb60388b3807f,all,22,1.7049909830093384,1.4713612794876099,0.011848559603095055,0.012486638501286507,0.013316582888364792,1.0664665984358221,0.02794725796437711,-0.21964655816555023,1,1
42,epoch50,10,a3c4b7957b7c11b073f1daa1e16883390b82c9915792752861bbb60388b3807f,D00,70,1.7049909830093384,1.4713612794876099,0.011848559603095055,0.024322839453816414,0.009962869808077812,0.4096096521541021,-0.3876298180774518,-0.16531836986541748,1,1
42,epoch50,10,a3c4b7957b7c11b073f1daa1e16883390b82c9915792752861bbb60388b3807f,D10,40,1.7049909830093384,1.4713612794876099,0.011848559603095055,0.017017779871821404,0.019963715225458145,1.1731092643003755,0.06933846452196955,-0.12641248106956482,1,1
42,epoch50,10,a3c4b7957b7c11b073f1daa1e16883390b82c9915792752861bbb60388b3807f,D20,60,1.7049909830093384,1.4713612794876099,0.011848559603095055,0.018241319805383682,0.03354329988360405,1.8388636481064375,0.26454952745972776,0.08081768453121185,0,1
42,epoch50,10,a3c4b7957b7c11b073f1daa1e16883390b82c9915792752861bbb60388b3807f,D40,45,1.7049909830093384,1.4713612794876099,0.011848559603095055,0.02999098412692547,0.015735900029540062,0.5246876849036974,-0.2800991291333448,0.04213567450642586,0,1
42,epoch50,11,1a50ac51658d5ba7bc54cdce02199aa8c5d6d07979efd6817b6007444dd0f941,all,27,1.6077587604522705,1.5888856649398804,0.011000450700521469,0.009102880023419857,0.011841523461043835,1.3008546120104851,0.11422876102746718,-0.3674320578575134,1,1
42,epoch50,11,1a50ac51658d5ba7bc54cdce02199aa8c5d6d07979efd6817b6007444dd0f941,D00,70,1.6077587604522705,1.5888856649398804,0.011000450700521469,0.022358903661370277,0.032388560473918915,1.448575518927477,0.16094114130612439,-0.5279465913772583,1,1
42,epoch50,11,1a50ac51658d5ba7bc54cdce02199aa8c5d6d07979efd6817b6007444dd0f941,D10,70,1.6077587604522705,1.5888856649398804,0.011000450700521469,0.026720771566033363,0.019573558121919632,0.7325221905942622,-0.13517921451424322,-0.13131162524223328,1,1
42,epoch50,11,1a50ac51658d5ba7bc54cdce02199aa8c5d6d07979efd6817b6007444dd0f941,D20,70,1.6077587604522705,1.5888856649398804,0.011000450700521469,0.018890760838985443,0.019562233239412308,1.0355450162198405,0.015168982873055048,0.19635415077209473,0,1
42,epoch50,11,1a50ac51658d5ba7bc54cdce02199aa8c5d6d07979efd6817b6007444dd0f941,D40,60,1.6077587604522705,1.5888856649398804,0.011000450700521469,0.016704730689525604,0.01050619874149561,0.6289355354937466,-0.20139386650081897,-0.18683099746704102,1,1
42,epoch50,12,a4534ce8b8156f22da77d962aa5685381556c24601b584a139224fe097731d2e,all,10,1.5574768781661987,1.5922187566757202,0.014501103200018406,0.02822159044444561,0.01761961355805397,0.6243309920019674,-0.20458510600838525,-0.11654706299304962,1,1
42,epoch50,12,a4534ce8b8156f22da77d962aa5685381556c24601b584a139224fe097731d2e,D00,50,1.5574768781661987,1.5922187566757202,0.014501103200018406,0.05562125891447067,0.03068159706890583,0.551616372367357,-0.25836285213491783,-0.20555734634399414,1,1
42,epoch50,12,a4534ce8b8156f22da77d962aa5685381556c24601b584a139224fe097731d2e,D10,10,1.5574768781661987,1.5922187566757202,0.014501103200018406,0.09426914155483246,0.050146009773015976,0.5319451195367905,-0.27413317129852005,0.41429203748703003,0,1
42,epoch50,12,a4534ce8b8156f22da77d962aa5685381556c24601b584a139224fe097731d2e,D20,30,1.5574768781661987,1.5922187566757202,0.014501103200018406,0.007020763121545315,0.030430784448981285,4.3343984011645835,0.636928827490328,-0.13557037711143494,1,1
42,epoch50,12,a4534ce8b8156f22da77d962aa5685381556c24601b584a139224fe097731d2e,D40,10,1.5574768781661987,1.5922187566757202,0.014501103200018406,0.037650950253009796,0.053485579788684845,1.4205638749956713,0.15246076634791741,-0.597409188747406,1,1
42,epoch50,13,bebf1379a39279f25bf2470ca784661aff6818b4b2ece729feeecbe448c06b0a,all,32,1.5250622034072876,1.2453374862670898,0.01319052092730999,0.01212732121348381,0.00536326551809907,0.4422465129509311,-0.3543355827532063,0.009562427178025246,0,1
42,epoch50,13,bebf1379a39279f25bf2470ca784661aff6818b4b2ece729feeecbe448c06b0a,D00,40,1.5250622034072876,1.2453374862670898,0.01319052092730999,0.03547489270567894,0.04355847090482712,1.2278675869780469,0.08915153509066473,-0.30202722549438477,1,1
42,epoch50,13,bebf1379a39279f25bf2470ca784661aff6818b4b2ece729feeecbe448c06b0a,D10,72,1.5250622034072876,1.2453374862670898,0.01319052092730999,0.044529806822538376,0.008942141197621822,0.20081248574147945,-0.6972092879411177,-0.07542715221643448,1,1
42,epoch50,13,bebf1379a39279f25bf2470ca784661aff6818b4b2ece729feeecbe448c06b0a,D20,150,1.5250622034072876,1.2453374862670898,0.01319052092730999,0.007047267165035009,0.0058976756408810616,0.8368741389772134,-0.0773398524700695,0.04119115322828293,0,1
42,epoch50,13,bebf1379a39279f25bf2470ca784661aff6818b4b2ece729feeecbe448c06b0a,D40,40,1.5250622034072876,1.2453374862670898,0.01319052092730999,0.0312918983399868,0.007869791239500046,0.2514961270164783,-0.5994686985934345,-0.14715507626533508,1,1
42,epoch50,14,a5027d0cd59953da796d4dea2969bf081ed8077a4b089ab997a63f25a61d4f65,all,14,1.5364598035812378,1.589418649673462,0.01460246555507183,0.008685944601893425,0.010356515645980835,1.1923303820891566,0.07639661046930131,-0.19615140557289124,1,1
42,epoch50,14,a5027d0cd59953da796d4dea2969bf081ed8077a4b089ab997a63f25a61d4f65,D00,50,1.5364598035812378,1.589418649673462,0.01460246555507183,0.014812098816037178,0.01114591397345066,0.7524871466144211,-0.12350091394289694,-0.04325444623827934,1,1
42,epoch50,14,a5027d0cd59953da796d4dea2969bf081ed8077a4b089ab997a63f25a61d4f65,D10,10,1.5364598035812378,1.589418649673462,0.01460246555507183,0.0064729913137853146,0.07270228862762451,11.231636982548217,1.05044305819172,0.49681487679481506,0,1
42,epoch50,14,a5027d0cd59953da796d4dea2969bf081ed8077a4b089ab997a63f25a61d4f65,D20,50,1.5364598035812378,1.589418649673462,0.01460246555507183,0.008542251773178577,0.01114524807780981,1.30472015737165,0.11551737210190828,-0.13478660583496094,1,1
42,epoch50,14,a5027d0cd59953da796d4dea2969bf081ed8077a4b089ab997a63f25a61d4f65,D40,30,1.5364598035812378,1.589418649673462,0.01460246555507183,0.026308517903089523,0.048715393990278244,1.8516966318561559,0.2675698366100482,-0.30326929688453674,1,1
42,epoch50,15,97e557dc2e2ba54a9bf43e9ee0ceab14f58ba53dd8f70b1de2ba8002bd1b4024,all,22,1.560145378112793,1.483689308166504,0.014176957309246063,0.011779546737670898,0.015207987278699875,1.2910502939866821,0.11094316091509465,-0.3710111975669861,1,1
42,epoch50,15,97e557dc2e2ba54a9bf43e9ee0ceab14f58ba53dd8f70b1de2ba8002bd1b4024,D00,70,1.560145378112793,1.483689308166504,0.014176957309246063,0.035506993532180786,0.05117072910070419,1.441145081864704,0.1587077039795682,-0.2519828677177429,1,1
42,epoch50,15,97e557dc2e2ba54a9bf43e9ee0ceab14f58ba53dd8f70b1de2ba8002bd1b4024,D10,70,1.560145378112793,1.483689308166504,0.014176957309246063,0.022494351491332054,0.021559296175837517,0.9584315504336789,-0.01843889825848238,-0.6033697724342346,1,1
42,epoch50,15,97e557dc2e2ba54a9bf43e9ee0ceab14f58ba53dd8f70b1de2ba8002bd1b4024,D20,80,1.560145378112793,1.483689308166504,0.014176957309246063,0.003286631777882576,0.006113395560532808,1.86007924638013,0.2695314471923569,-0.40190908312797546,1,1
42,epoch50,16,765c81fe9136f77108d5a3192e09f930584736691268a02f9f4277315c467459,all,26,1.7294777631759644,1.340501308441162,0.015036055818200111,0.016831429675221443,0.00797704141587019,0.47393724536743725,-0.32427916000296975,-0.3311845660209656,1,1
42,epoch50,16,765c81fe9136f77108d5a3192e09f930584736691268a02f9f4277315c467459,D00,40,1.7294777631759644,1.340501308441162,0.015036055818200111,0.008917976170778275,0.014543951489031315,1.63085785502408,0.21241610974113576,-0.2748717665672302,1,1
42,epoch50,16,765c81fe9136f77108d5a3192e09f930584736691268a02f9f4277315c467459,D10,30,1.7294777631759644,1.340501308441162,0.015036055818200111,0.05131123587489128,0.024619493633508682,0.4798070678620318,-0.3189333588882568,0.022856026887893677,0,1
42,epoch50,16,765c81fe9136f77108d5a3192e09f930584736691268a02f9f4277315c467459,D20,130,1.7294777631759644,1.340501308441162,0.015036055818200111,0.028870830312371254,0.013206223957240582,0.4574244597177958,-0.33968061621276435,-0.38215184211730957,1,1
42,epoch50,16,765c81fe9136f77108d5a3192e09f930584736691268a02f9f4277315c467459,D40,49,1.7294777631759644,1.340501308441162,0.015036055818200111,0.022838525474071503,0.012653780169785023,0.5540541653685487,-0.25644777575754124,-0.00309935980476439,1,1
42,epoch50,17,818c4a2cdd8fd7a454c6ebf5b64ab47888fd393095b89e325426239237aed862,all,15,1.2902257442474365,1.2706058025360107,0.02341022714972496,0.013542423956096172,0.01179774384945631,0.8711692890212251,-0.05989744299023562,-0.23878537118434906,1,1
42,epoch50,17,818c4a2cdd8fd7a454c6ebf5b64ab47888fd393095b89e325426239237aed862,D00,40,1.2902257442474365,1.2706058025360107,0.02341022714972496,0.044115085154771805,0.03511675447225571,0.7960259931280497,-0.09907275074503274,-0.2684885859489441,1,1
42,epoch50,17,818c4a2cdd8fd7a454c6ebf5b64ab47888fd393095b89e325426239237aed862,D20,110,1.2902257442474365,1.2706058025360107,0.02341022714972496,0.006629538722336292,0.007399352733045816,1.1161187893987046,0.04771041936402306,0.21469271183013916,0,1
42,epoch50,18,9d33f9b80970a78760c50e7a00a3f75a106deb72dde43191034a7f3622269186,all,28,1.4262874126434326,1.273415207862854,0.013548539951443672,0.009542894549667835,0.007783500477671623,0.8156330804202953,-0.08850516843503495,0.11769990622997284,0,1
42,epoch50,18,9d33f9b80970a78760c50e7a00a3f75a106deb72dde43191034a7f3622269186,D00,60,1.4262874126434326,1.273415207862854,0.013548539951443672,0.02605147287249565,0.03759799897670746,1.443219704341641,0.1593324496798691,-0.32437071204185486,1,1
42,epoch50,18,9d33f9b80970a78760c50e7a00a3f75a106deb72dde43191034a7f3622269186,D10,50,1.4262874126434326,1.273415207862854,0.013548539951443672,0.012406417168676853,0.006395060569047928,0.5154639314558824,-0.28780171819367323,-0.14048859477043152,1,1
42,epoch50,18,9d33f9b80970a78760c50e7a00a3f75a106deb72dde43191034a7f3622269186,D20,149,1.4262874126434326,1.273415207862854,0.013548539951443672,0.01279099378734827,0.008478673174977303,0.6628627388877057,-0.17857639303598213,0.2423398494720459,0,1
42,epoch50,18,9d33f9b80970a78760c50e7a00a3f75a106deb72dde43191034a7f3622269186,D40,20,1.4262874126434326,1.273415207862854,0.013548539951443672,0.04172363877296448,0.021110251545906067,0.5059542304250032,-0.29588876848215734,-0.30222928524017334,1,1
42,epoch50,19,2a337a00f71b9d5b9e4f4820456a997dde9a26e2a8570d0031a4032304e5e290,all,22,1.4135686159133911,1.4192931652069092,0.014896662905812263,0.013888217508792877,0.013004065491259098,0.9363379773556969,-0.0285673615113723,-0.0148668447509408,1,1
42,epoch50,19,2a337a00f71b9d5b9e4f4820456a997dde9a26e2a8570d0031a4032304e5e290,D00,70,1.4135686159133911,1.4192931652069092,0.014896662905812263,0.013547423295676708,0.02429521083831787,1.7933455173037243,0.25366397154884573,-0.11350984871387482,1,1
42,epoch50,19,2a337a00f71b9d5b9e4f4820456a997dde9a26e2a8570d0031a4032304e5e290,D10,15,1.4135686159133911,1.4192931652069092,0.014896662905812263,0.10897396504878998,0.06571084260940552,0.6029957942705431,-0.21968571693358874,-0.36137235164642334,1,1
42,epoch50,19,2a337a00f71b9d5b9e4f4820456a997dde9a26e2a8570d0031a4032304e5e290,D20,110,1.4135686159133911,1.4192931652069092,0.014896662905812263,0.009627638384699821,0.016835564747452736,1.748670242352237,0.24270791958209384,0.21401375532150269,0,1
42,epoch50,19,2a337a00f71b9d5b9e4f4820456a997dde9a26e2a8570d0031a4032304e5e290,D40,20,1.4135686159133911,1.4192931652069092,0.014896662905812263,0.06649485975503922,0.01452154852449894,0.21838603131121642,-0.6607751439822794,0.22900664806365967,0,1
42,epoch50,20,416079114cddbd6704444b9e0affb7f2e5045d6c83762da189425d38df68e659,all,14,1.4238052368164062,1.135170340538025,0.01787620224058628,0.009185856208205223,0.007903562858700752,0.8604056801630459,-0.06529673118168763,0.2252570390701294,0,1
42,epoch50,20,416079114cddbd6704444b9e0affb7f2e5045d6c83762da189425d38df68e659,D00,20,1.4238052368164062,1.135170340538025,0.01787620224058628,0.04157058149576187,0.027296658605337143,0.6566340335681867,-0.18267661139069516,0.09029916673898697,0,1
42,epoch50,20,416079114cddbd6704444b9e0affb7f2e5045d6c83762da189425d38df68e659,D10,10,1.4238052368164062,1.135170340538025,0.01787620224058628,0.029735276475548744,0.03313023969531059,1.1141729158816975,0.04695259710844444,0.07683166861534119,0,1
42,epoch50,20,416079114cddbd6704444b9e0affb7f2e5045d6c83762da189425d38df68e659,D20,100,1.4238052368164062,1.135170340538025,0.01787620224058628,0.005700914189219475,0.007681926246732473,1.3474902431015583,0.12952562923354838,0.183980330824852,0,1
42,epoch50,20,416079114cddbd6704444b9e0affb7f2e5045d6c83762da189425d38df68e659,D40,10,1.4238052368164062,1.135170340538025,0.01787620224058628,0.0829588919878006,0.05545276403427124,0.6684366522448946,-0.17493974454871125,0.7685785889625549,0,1
42,epoch50,21,a0b7e0d587d81d840d751b4be2adc2060e7cdecb840ca465510a9bbe0ae50148,all,22,1.4625818729400635,1.5343425273895264,0.01863371953368187,0.009366888552904129,0.0070122843608260155,0.7486247243383624,-0.12573583382538403,0.08220173418521881,0,1
42,epoch50,21,a0b7e0d587d81d840d751b4be2adc2060e7cdecb840ca465510a9bbe0ae50148,D00,42,1.4625818729400635,1.5343425273895264,0.01863371953368187,0.030988547950983047,0.016739120706915855,0.5401711862522052,-0.26746858561583037,0.021069897338747978,0,1
42,epoch50,21,a0b7e0d587d81d840d751b4be2adc2060e7cdecb840ca465510a9bbe0ae50148,D10,10,1.4625818729400635,1.5343425273895264,0.01863371953368187,0.041367657482624054,0.044173937290906906,1.0678375324844438,0.028505181425826046,-0.22044691443443298,1,1
42,epoch50,21,a0b7e0d587d81d840d751b4be2adc2060e7cdecb840ca465510a9bbe0ae50148,D20,139,1.4625818729400635,1.5343425273895264,0.01863371953368187,0.008441918529570103,0.007346250116825104,0.8702109705386135,-0.06037544596360622,0.19896674156188965,0,1
42,epoch50,21,a0b7e0d587d81d840d751b4be2adc2060e7cdecb840ca465510a9bbe0ae50148,D40,20,1.4625818729400635,1.5343425273895264,0.01863371953368187,0.0393647700548172,0.04286090284585953,1.0888137485923024,0.036953596122604515,0.020352348685264587,0,1
42,epoch50,22,2297f487f0ecec69d9bb03ab1c1ab6462947f9be30d9f1404026cda7df27620b,all,24,1.0591893196105957,1.1530200242996216,0.008780242875218391,0.008443656377494335,0.013654989190399647,1.6171891157005824,0.20876080970400393,-0.2552826702594757,1,1
42,epoch50,22,2297f487f0ecec69d9bb03ab1c1ab6462947f9be30d9f1404026cda7df27620b,D00,60,1.0591893196105957,1.1530200242996216,0.008780242875218391,0.03273831307888031,0.0799204632639885,2.441190634087548,0.3876016950663436,-0.3522774279117584,1,1
42,epoch50,22,2297f487f0ecec69d9bb03ab1c1ab6462947f9be30d9f1404026cda7df27620b,D10,20,1.0591893196105957,1.1530200242996216,0.008780242875218391,0.016453465446829796,0.014187287539243698,0.8622674405638516,-0.06435801265898777,0.18207921087741852,0,1
42,epoch50,22,2297f487f0ecec69d9bb03ab1c1ab6462947f9be30d9f1404026cda7df27620b,D20,107,1.0591893196105957,1.1530200242996216,0.008780242875218391,0.0013387837680056691,0.003988565411418676,2.9792454216563122,0.47410628061714555,-0.019331173971295357,1,1
42,epoch50,22,2297f487f0ecec69d9bb03ab1c1ab6462947f9be30d9f1404026cda7df27620b,D40,47,1.0591893196105957,1.1530200242996216,0.008780242875218391,0.03466358780860901,0.007204239722341299,0.20783306569760393,-0.6822853561647415,0.1366770714521408,0,1
42,epoch50,23,bde13578b9281c4539c651383b60b4fb0bfefe18442c462348aed858a8942b34,all,32,1.3712713718414307,1.2608048915863037,0.015916207805275917,0.009777548722922802,0.007858523167669773,0.8037314249578728,-0.0948890509343031,-0.24357794225215912,1,1
42,epoch50,23,bde13578b9281c4539c651383b60b4fb0bfefe18442c462348aed858a8942b34,D00,16,1.3712713718414307,1.2608048915863037,0.015916207805275917,0.03796869516372681,0.05531757324934006,1.4569258440618578,0.1634374472165691,-0.10118109732866287,1,1
42,epoch50,23,bde13578b9281c4539c651383b60b4fb0bfefe18442c462348aed858a8942b34,D10,70,1.3712713718414307,1.2608048915863037,0.015916207805275917,0.021558048203587532,0.009928067214787006,0.4605271832138705,-0.33674472991586313,-0.16143980622291565,1,1
42,epoch50,23,bde13578b9281c4539c651383b60b4fb0bfefe18442c462348aed858a8942b34,D20,180,1.3712713718414307,1.2608048915863037,0.015916207805275917,0.01320649590343237,0.009472828358411789,0.7172855258259536,-0.14430793274652495,-0.12513414025306702,1,1
42,epoch50,23,bde13578b9281c4539c651383b60b4fb0bfefe18442c462348aed858a8942b34,D40,39,1.3712713718414307,1.2608048915863037,0.015916207805275917,0.024902954697608948,0.0058584064245224,0.2352494511458471,-0.628471381140272,0.09505156427621841,0,1
42,epoch50,24,9af470d40aa040f9f4f93f72a3dfeb98d56790738cccce74e880be9521001a33,all,32,1.5488866567611694,1.0921305418014526,0.016398729756474495,0.011194489896297455,0.0043302904814481735,0.38682338557296875,-0.4124872783369914,-0.1430785357952118,1,1
42,epoch50,24,9af470d40aa040f9f4f93f72a3dfeb98d56790738cccce74e880be9521001a33,D00,50,1.5488866567611694,1.0921305418014526,0.016398729756474495,0.023148827254772186,0.014864569529891014,0.6421305652460925,-0.19237665728832717,0.05064855143427849,0,1
42,epoch50,24,9af470d40aa040f9f4f93f72a3dfeb98d56790738cccce74e880be9521001a33,D10,80,1.5488866567611694,1.0921305418014526,0.016398729756474495,0.04027111828327179,0.01084341574460268,0.2692603584615857,-0.5698275803747332,-0.13192211091518402,1,1
42,epoch50,24,9af470d40aa040f9f4f93f72a3dfeb98d56790738cccce74e880be9521001a33,D20,150,1.5488866567611694,1.0921305418014526,0.016398729756474495,0.004534598905593157,0.003751539159566164,0.827314441182188,-0.08232939478177766,0.04042000696063042,0,1
42,epoch50,24,9af470d40aa040f9f4f93f72a3dfeb98d56790738cccce74e880be9521001a33,D40,40,1.5488866567611694,1.0921305418014526,0.016398729756474495,0.021198969334363937,0.010095332749187946,0.4762180929628129,-0.322194108459403,-0.13762208819389343,1,1
42,epoch50,25,6542ffe3661e0f2f2f4c6f405b5127dcd77840963b39b61cd6d0a59e03ed4389,all,26,1.7764803171157837,1.596335530281067,0.01834213361144066,0.009093375876545906,0.009562429040670395,1.051581851502949,0.021843082321985032,0.0428871214389801,0,1
42,epoch50,25,6542ffe3661e0f2f2f4c6f405b5127dcd77840963b39b61cd6d0a59e03ed4389,D00,50,1.7764803171157837,1.596335530281067,0.01834213361144066,0.026979545131325722,0.01762278378009796,0.6531905447003366,-0.18496011054619238,0.1674908548593521,0,1
42,epoch50,25,6542ffe3661e0f2f2f4c6f405b5127dcd77840963b39b61cd6d0a59e03ed4389,D10,80,1.7764803171157837,1.596335530281067,0.01834213361144066,0.019826723262667656,0.012208853848278522,0.615777689865019,-0.21057604999604565,-0.04345734044909477,1,1
42,epoch50,25,6542ffe3661e0f2f2f4c6f405b5127dcd77840963b39b61cd6d0a59e03ed4389,D20,120,1.7764803171157837,1.596335530281067,0.01834213361144066,0.013132134452462196,0.014477456919848919,1.1024450726008583,0.04235696071529457,0.36900240182876587,0,1
42,epoch50,25,6542ffe3661e0f2f2f4c6f405b5127dcd77840963b39b61cd6d0a59e03ed4389,D40,7,1.7764803171157837,1.596335530281067,0.01834213361144066,0.057345133274793625,0.04129279404878616,0.7200749512764084,-0.14262229630260095,0.21469396352767944,0,1
42,epoch50,26,d3630edb5cad7433911883c7c4c6d5fe7e5856e35b45f6a8bb6c8d5499c386f1,all,43,1.4084861278533936,1.2561010122299194,0.00944485329091549,0.009747532196342945,0.006005590315908194,0.6161139245235174,-0.21033897579449892,0.023133916780352592,0,1
42,epoch50,26,d3630edb5cad7433911883c7c4c6d5fe7e5856e35b45f6a8bb6c8d5499c386f1,D00,45,1.4084861278533936,1.2561010122299194,0.00944485329091549,0.04540981724858284,0.020622415468096733,0.4541400234051883,-0.34281022199671773,0.002882016822695732,0,1
42,epoch50,26,d3630edb5cad7433911883c7c4c6d5fe7e5856e35b45f6a8bb6c8d5499c386f1,D10,82,1.4084861278533936,1.2561010122299194,0.00944485329091549,0.025133175775408745,0.009359927847981453,0.3724132569485931,-0.42897486765539683,-0.5031446814537048,1,1
42,epoch50,26,d3630edb5cad7433911883c7c4c6d5fe7e5856e35b45f6a8bb6c8d5499c386f1,D20,170,1.4084861278533936,1.2561010122299194,0.00944485329091549,0.00854318868368864,0.009947777725756168,1.1644103968754997,0.06610607454545765,-0.07485616207122803,1,1
42,epoch50,26,d3630edb5cad7433911883c7c4c6d5fe7e5856e35b45f6a8bb6c8d5499c386f1,D40,111,1.4084861278533936,1.2561010122299194,0.00944485329091549,0.01904219388961792,0.009301016107201576,0.4884424641990766,-0.31118658640270686,-0.22625961899757385,1,1
42,epoch50,27,3708d434b5f52016554190e86c55f7d348fc1df0fd5af7c3b5cd80296ff25431,all,20,1.8307828903198242,1.4078270196914673,0.01799544133245945,0.008645331487059593,0.0056493147276341915,0.6534526450593751,-0.18478587975074023,-0.01377588789910078,1,1
42,epoch50,27,3708d434b5f52016554190e86c55f7d348fc1df0fd5af7c3b5cd80296ff25431,D00,19,1.8307828903198242,1.4078270196914673,0.01799544133245945,0.053548313677310944,0.022227397188544273,0.4150905166218574,-0.3818571886302601,-0.10395314544439316,1,1
42,epoch50,27,3708d434b5f52016554190e86c55f7d348fc1df0fd5af7c3b5cd80296ff25431,D10,30,1.8307828903198242,1.4078270196914673,0.01799544133245945,0.03709877282381058,0.018769798800349236,0.5059412312501744,-0.29589992668992,0.40451347827911377,0,1
42,epoch50,27,3708d434b5f52016554190e86c55f7d348fc1df0fd5af7c3b5cd80296ff25431,D20,120,1.8307828903198242,1.4078270196914673,0.01799544133245945,0.007565351203083992,0.00827242061495781,1.093461544995503,0.03880351431474492,-0.035040248185396194,1,1
42,epoch50,27,3708d434b5f52016554190e86c55f7d348fc1df0fd5af7c3b5cd80296ff25431,D40,14,1.8307828903198242,1.4078270196914673,0.01799544133245945,0.0,0.014124313369393349,,,,,1
42,epoch50,28,a98b1fcfc47c8cf2bad69c00d1f7c9b8bcef8312c34a4da3914256dbb3ec791e,all,37,1.4806079864501953,1.2741496562957764,0.014825114980340004,0.010175676085054874,0.005271515343338251,0.5180506237890751,-0.28562779902311086,0.03518777713179588,0,1
42,epoch50,28,a98b1fcfc47c8cf2bad69c00d1f7c9b8bcef8312c34a4da3914256dbb3ec791e,D00,30,1.4806079864501953,1.2741496562957764,0.014825114980340004,0.017124630510807037,0.027578026056289673,1.6104304287841826,0.20694196787178834,0.14304891228675842,0,1
42,epoch50,28,a98b1fcfc47c8cf2bad69c00d1f7c9b8bcef8312c34a4da3914256dbb3ec791e,D10,100,1.4806079864501953,1.2741496562957764,0.014825114980340004,0.030642397701740265,0.01125260442495346,0.3672233659546294,-0.43506969298737924,0.09475391358137131,0,1
42,epoch50,28,a98b1fcfc47c8cf2bad69c00d1f7c9b8bcef8312c34a4da3914256dbb3ec791e,D20,180,1.4806079864501953,1.2741496562957764,0.014825114980340004,0.007559469901025295,0.0059703257866203785,0.7897810117361033,-0.10249331197370032,0.2876800000667572,0,1
42,epoch50,28,a98b1fcfc47c8cf2bad69c00d1f7c9b8bcef8312c34a4da3914256dbb3ec791e,D40,40,1.4806079864501953,1.2741496562957764,0.014825114980340004,0.03959060087800026,0.025268781930208206,0.6382520439150391,-0.195007785752695,-0.2335709184408188,1,1
42,epoch50,29,2225223d7da6b47c0e6dcf38e16fd1007a3c71319a5a080ce19997478a3e9f8d,all,29,1.5196864604949951,1.0992136001586914,0.011452550068497658,0.01371083315461874,0.007986432872712612,0.5824907051707677,-0.23471100030237685,0.04541264846920967,0,1
42,epoch50,29,2225223d7da6b47c0e6dcf38e16fd1007a3c71319a5a080ce19997478a3e9f8d,D00,30,1.5196864604949951,1.0992136001586914,0.011452550068497658,0.05372172221541405,0.0172821506857872,0.3216976294335653,-0.4925521393706905,0.21201929450035095,0,1
42,epoch50,29,2225223d7da6b47c0e6dcf38e16fd1007a3c71319a5a080ce19997478a3e9f8d,D10,70,1.5196864604949951,1.0992136001586914,0.011452550068497658,0.042016517370939255,0.020211126655340195,0.48102812703175707,-0.31782952849614104,0.40051376819610596,0,1
42,epoch50,29,2225223d7da6b47c0e6dcf38e16fd1007a3c71319a5a080ce19997478a3e9f8d,D20,120,1.5196864604949951,1.0992136001586914,0.011452550068497658,0.011480754241347313,0.011044228449463844,0.9619776033258037,-0.01683503904871949,0.07987400144338608,0,1
42,epoch50,29,2225223d7da6b47c0e6dcf38e16fd1007a3c71319a5a080ce19997478a3e9f8d,D40,59,1.5196864604949951,1.0992136001586914,0.011452550068497658,0.02398989349603653,0.008910278789699078,0.37141802197542817,-0.4301370272128485,-0.19737382233142853,1,1
42,epoch50,30,b04a9f5f8c8525ee7d89d5ab3951357bcb40fe551b1336bd27c9a1653c34a525,all,16,1.3227425813674927,1.1589716672897339,0.019727181643247604,0.004360690247267485,0.011368040926754475,2.606936122986027,0.41613038990459417,0.1581893414258957,0,1
42,epoch50,30,b04a9f5f8c8525ee7d89d5ab3951357bcb40fe551b1336bd27c9a1653c34a525,D00,10,1.3227425813674927,1.1589716672897339,0.019727181643247604,0.020205257460474968,0.0761483758687973,3.768740686316762,0.5761962562142472,-0.16405390202999115,1,1
42,epoch50,30,b04a9f5f8c8525ee7d89d5ab3951357bcb40fe551b1336bd27c9a1653c34a525,D10,34,1.3227425813674927,1.1589716672897339,0.019727181643247604,0.032670922577381134,0.055321577936410904,1.6932970841390125,0.22873316052080833,0.445860892534256,0,1
42,epoch50,30,b04a9f5f8c8525ee7d89d5ab3951357bcb40fe551b1336bd27c9a1653c34a525,D20,100,1.3227425813674927,1.1589716672897339,0.019727181643247604,0.0032498352229595184,0.007714311592280865,2.373754686939387,0.3754358352531954,-0.194692462682724,1,1
42,epoch50,30,b04a9f5f8c8525ee7d89d5ab3951357bcb40fe551b1336bd27c9a1653c34a525,D40,3,1.3227425813674927,1.1589716672897339,0.019727181643247604,0.0,0.01353140827268362,,,,,1
42,epoch50,31,a97e08f577b4294fca98444b9e8371a1e6f50330c8c6f36739d4652e1115e800,all,27,1.458846926689148,1.3572947978973389,0.013327157124876976,0.014622571878135204,0.01015149150043726,0.6942343375050563,-0.15849390950619913,0.14720390737056732,0,1
42,epoch50,31,a97e08f577b4294fca98444b9e8371a1e6f50330c8c6f36739d4652e1115e800,D00,70,1.458846926689148,1.3572947978973389,0.013327157124876976,0.02380239963531494,0.017393765971064568,0.7307568244194141,-0.13622712014588764,-0.04123276099562645,1,1
42,epoch50,31,a97e08f577b4294fca98444b9e8371a1e6f50330c8c6f36739d4652e1115e800,D10,60,1.458846926689148,1.3572947978973389,0.013327157124876976,0.029960907995700836,0.022312073037028313,0.7447061697939837,-0.12801504806829722,0.3754757046699524,0,1
42,epoch50,31,a97e08f577b4294fca98444b9e8371a1e6f50330c8c6f36739d4652e1115e800,D20,80,1.458846926689148,1.3572947978973389,0.013327157124876976,0.02130359411239624,0.01903389021754265,0.893459109158821,-0.04892531900954867,0.2419171929359436,0,1
42,epoch50,31,a97e08f577b4294fca98444b9e8371a1e6f50330c8c6f36739d4652e1115e800,D40,47,1.458846926689148,1.3572947978973389,0.013327157124876976,0.02787247858941555,0.01929398439824581,0.6922234897894088,-0.1597536675197419,-0.29883086681365967,1,1
42,best,0,886703586ffce1566642efa3528edf8bf420c0925651ae888df1adf072710d17,all,27,1.5668376684188843,1.3621305227279663,0.011210182681679726,0.023467950522899628,0.009228997863829136,0.39325964382035133,-0.40532061846536527,-0.02653432823717594,1,1
42,best,0,886703586ffce1566642efa3528edf8bf420c0925651ae888df1adf072710d17,D00,60,1.5668376684188843,1.3621305227279663,0.011210182681679726,0.06458323448896408,0.02516009844839573,0.3895763141546443,-0.4094074556554325,0.2786042392253876,0,1
42,best,0,886703586ffce1566642efa3528edf8bf420c0925651ae888df1adf072710d17,D10,106,1.5668376684188843,1.3621305227279663,0.011210182681679726,0.029907306656241417,0.013310641050338745,0.4450631814938414,-0.35157833188112514,-0.053231917321681976,1,1
42,best,0,886703586ffce1566642efa3528edf8bf420c0925651ae888df1adf072710d17,D20,100,1.5668376684188843,1.3621305227279663,0.011210182681679726,0.039220307022333145,0.011929699219763279,0.3041714898603464,-0.5168814950055305,-0.2789256274700165,1,1
42,best,1,2a6bc5cbae2770f2ef1e8306a3806f5601b8e59e9d7cce214dc29219d96ecf10,all,31,1.657863974571228,1.3415926694869995,0.013604633510112762,0.01527906209230423,0.008713613264262676,0.5702976538495486,-0.24389841505752227,0.21505692601203918,0,1
42,best,1,2a6bc5cbae2770f2ef1e8306a3806f5601b8e59e9d7cce214dc29219d96ecf10,D00,95,1.657863974571228,1.3415926694869995,0.013604633510112762,0.03473929688334465,0.021449362859129906,0.6174380250457386,-0.2094066279167403,0.15001638233661652,0,1
42,best,1,2a6bc5cbae2770f2ef1e8306a3806f5601b8e59e9d7cce214dc29219d96ecf10,D10,39,1.657863974571228,1.3415926694869995,0.013604633510112762,0.024222619831562042,0.03291605785489082,1.358897513307014,0.1331867039115837,0.3149575889110565,0,1
42,best,1,2a6bc5cbae2770f2ef1e8306a3806f5601b8e59e9d7cce214dc29219d96ecf10,D20,110,1.657863974571228,1.3415926694869995,0.013604633510112762,0.021281003952026367,0.009073616936802864,0.42637165790004367,-0.3702116717739514,0.08133502304553986,0,1
42,best,1,2a6bc5cbae2770f2ef1e8306a3806f5601b8e59e9d7cce214dc29219d96ecf10,D40,28,1.657863974571228,1.3415926694869995,0.013604633510112762,0.0,0.042410433292388916,,,,,1
42,best,2,a2bc40b1696e829db4e198594caa9d2c0539cd5454ab0301acbe1229f059b476,all,20,1.6898781061172485,1.1700392961502075,0.017852598801255226,0.01333269290626049,0.01096418872475624,0.8223536536724628,-0.08494137369106884,-0.3637503683567047,1,1
42,best,2,a2bc40b1696e829db4e198594caa9d2c0539cd5454ab0301acbe1229f059b476,D00,70,1.6898781061172485,1.1700392961502075,0.017852598801255226,0.018982259556651115,0.02134402096271515,1.1244194032336106,0.05092833128312727,0.10563204437494278,0,1
42,best,2,a2bc40b1696e829db4e198594caa9d2c0539cd5454ab0301acbe1229f059b476,D10,40,1.6898781061172485,1.1700392961502075,0.017852598801255226,0.0706648901104927,0.045378781855106354,0.6421687175081061,-0.19235085439784513,-0.38690975308418274,1,1
42,best,2,a2bc40b1696e829db4e198594caa9d2c0539cd5454ab0301acbe1229f059b476,D20,90,1.6898781061172485,1.1700392961502075,0.017852598801255226,0.007611991837620735,0.006268417462706566,0.8234924046720828,-0.0843404021095452,-0.26784655451774597,1,1
42,best,3,e07c1c00a84116748407ba9562508b567be535ceb684974e9c70405b37eda097,all,17,1.303562045097351,0.8257865905761719,0.012573761865496635,0.01693965494632721,0.007479293271899223,0.4415257155825866,-0.35504399693266486,0.18140488862991333,0,1
42,best,3,e07c1c00a84116748407ba9562508b567be535ceb684974e9c70405b37eda097,D00,50,1.303562045097351,0.8257865905761719,0.012573761865496635,0.05115782469511032,0.022256042808294296,0.4350466999121942,-0.36146412137736983,0.11298928409814835,0,1
42,best,3,e07c1c00a84116748407ba9562508b567be535ceb684974e9c70405b37eda097,D10,30,1.303562045097351,0.8257865905761719,0.012573761865496635,0.06378394365310669,0.02003743313252926,0.31414541003460367,-0.5028692813601267,-0.012988763861358166,1,1
42,best,3,e07c1c00a84116748407ba9562508b567be535ceb684974e9c70405b37eda097,D20,80,1.303562045097351,0.8257865905761719,0.012573761865496635,0.014446410350501537,0.0062989527359604836,0.436022000146341,-0.36049159719676144,0.11191821098327637,0,1
42,best,3,e07c1c00a84116748407ba9562508b567be535ceb684974e9c70405b37eda097,D40,10,1.303562045097351,0.8257865905761719,0.012573761865496635,0.1306014508008957,0.05070239305496216,0.38822228041140894,-0.41091954369763106,-0.6047775745391846,1,1
42,best,4,aebb281f8c5a342bc96208dae814f3fceb96b28b4c180382086623c0d6c23b4f,all,30,1.771939754486084,1.7607675790786743,0.013509023934602737,0.012979402206838131,0.014200249686837196,1.0940603781702571,0.03904129017163454,-0.004943859297782183,1,1
42,best,4,aebb281f8c5a342bc96208dae814f3fceb96b28b4c180382086623c0d6c23b4f,D00,90,1.771939754486084,1.7607675790786743,0.013509023934602737,0.02317637950181961,0.020302973687648773,0.8760200740609532,-0.05748594182962112,0.06145324185490608,0,1
42,best,4,aebb281f8c5a342bc96208dae814f3fceb96b28b4c180382086623c0d6c23b4f,D10,25,1.771939754486084,1.7607675790786743,0.013509023934602737,0.022770149633288383,0.02416282892227173,1.0611625005286458,0.025781894437661598,0.3816129267215729,0,1
42,best,4,aebb281f8c5a342bc96208dae814f3fceb96b28b4c180382086623c0d6c23b4f,D20,100,1.771939754486084,1.7607675790786743,0.013509023934602737,0.0119620431214571,0.02732229046523571,2.284082258174269,0.3587117403916247,-0.030392149463295937,1,1
42,best,4,aebb281f8c5a342bc96208dae814f3fceb96b28b4c180382086623c0d6c23b4f,D40,67,1.771939754486084,1.7607675790786743,0.013509023934602737,0.04326528310775757,0.015754293650388718,0.3641324525983267,-0.43874061368811457,0.07859469205141068,0,1
42,best,5,8e0e3fb15223ff04644b68ef88ac40dacd3d12281c3c25fc017b9c5e9508482d,all,29,1.6385911703109741,1.3000150918960571,0.013336095958948135,0.013898355886340141,0.01936424896121025,1.3932762349424515,0.14403722943035105,-0.19156786799430847,1,1
42,best,5,8e0e3fb15223ff04644b68ef88ac40dacd3d12281c3c25fc017b9c5e9508482d,D00,130,1.6385911703109741,1.3000150918960571,0.013336095958948135,0.022382548078894615,0.011552861891686916,0.5161549011741234,-0.2872199444393031,0.0629563257098198,0,1
42,best,5,8e0e3fb15223ff04644b68ef88ac40dacd3d12281c3c25fc017b9c5e9508482d,D10,30,1.6385911703109741,1.3000150918960571,0.013336095958948135,0.0635991245508194,0.016949554905295372,0.2665061040541791,-0.5742928394453329,0.5455575585365295,0,1
42,best,5,8e0e3fb15223ff04644b68ef88ac40dacd3d12281c3c25fc017b9c5e9508482d,D20,90,1.6385911703109741,1.3000150918960571,0.013336095958948135,0.012238673865795135,0.049504294991493225,4.044906787642141,0.6069085180177357,-0.03911948204040527,1,1
42,best,5,8e0e3fb15223ff04644b68ef88ac40dacd3d12281c3c25fc017b9c5e9508482d,D40,40,1.6385911703109741,1.3000150918960571,0.013336095958948135,0.02882971055805683,0.03151329234242439,1.0930838961759053,0.03865349611984153,-0.00030376785434782505,1,1
42,best,6,334f79e24468133a4814f9bcc1ad52d87fcf4ccd83ce8a62073ff99c81b54eaf,all,37,1.861952543258667,1.5566331148147583,0.013532441109418869,0.017892606556415558,0.008256783708930016,0.4614634364700469,-0.3358627041036631,0.23626838624477386,0,1
42,best,6,334f79e24468133a4814f9bcc1ad52d87fcf4ccd83ce8a62073ff99c81b54eaf,D00,100,1.861952543258667,1.5566331148147583,0.013532441109418869,0.038789596408605576,0.023977316915988922,0.6181378291079483,-0.20891467742400893,0.28712645173072815,0,1
42,best,6,334f79e24468133a4814f9bcc1ad52d87fcf4ccd83ce8a62073ff99c81b54eaf,D10,117,1.861952543258667,1.5566331148147583,0.013532441109418869,0.020793329924345016,0.007755911909043789,0.37299999265452416,-0.4282911767438584,0.004091245587915182,0,1
42,best,6,334f79e24468133a4814f9bcc1ad52d87fcf4ccd83ce8a62073ff99c81b54eaf,D20,130,1.861952543258667,1.5566331148147583,0.013532441109418869,0.020416168496012688,0.013872496783733368,0.6794858098101361,-0.1678196085201622,-0.053938426077365875,1,1
42,best,6,334f79e24468133a4814f9bcc1ad52d87fcf4ccd83ce8a62073ff99c81b54eaf,D40,10,1.861952543258667,1.5566331148147583,0.013532441109418869,0.030770692974328995,0.055726125836372375,1.811013027326453,0.25792157437570584,-0.06387345492839813,1,1
42,best,7,4cffd353e7e306aaebfb783e40e9e05baabcb5e8900af458869ea4f4d3293421,all,24,1.582011103630066,1.2282600402832031,0.015859350562095642,0.016862522810697556,0.009053979068994522,0.5369290924398746,-0.2700830640125422,0.1872038096189499,0,1
42,best,7,4cffd353e7e306aaebfb783e40e9e05baabcb5e8900af458869ea4f4d3293421,D00,70,1.582011103630066,1.2282600402832031,0.015859350562095642,0.04262834042310715,0.027765564620494843,0.6513405012934592,-0.18619191592790116,0.2982653081417084,0,1
42,best,7,4cffd353e7e306aaebfb783e40e9e05baabcb5e8900af458869ea4f4d3293421,D10,34,1.582011103630066,1.2282600402832031,0.015859350562095642,0.0627184733748436,0.010840247385203838,0.17283978390889637,-0.7623562853325302,0.04645148664712906,0,1
42,best,7,4cffd353e7e306aaebfb783e40e9e05baabcb5e8900af458869ea4f4d3293421,D20,100,1.582011103630066,1.2282600402832031,0.015859350562095642,0.019101742655038834,0.012222560122609138,0.6398662333242647,-0.19391080758036272,-0.2027192860841751,1,1
42,best,7,4cffd353e7e306aaebfb783e40e9e05baabcb5e8900af458869ea4f4d3293421,D40,30,1.582011103630066,1.2282600402832031,0.015859350562095642,0.05318360775709152,0.02273029461503029,0.4273928673445329,-0.3691727299463029,-0.4193250238895416,1,1
42,best,8,9a9e818c03cf6b59f252a010c001516b61a837cff7c0a45a33324e5e3da2f928,all,26,1.7020647525787354,1.502945899963379,0.011921829544007778,0.013834326528012753,0.012843395583331585,0.9283715804542665,-0.03227816274520593,-0.14840388298034668,1,1
42,best,8,9a9e818c03cf6b59f252a010c001516b61a837cff7c0a45a33324e5e3da2f928,D00,106,1.7020647525787354,1.502945899963379,0.011921829544007778,0.02847445383667946,0.021839236840605736,0.766976496401608,-0.11521794457707694,0.23443688452243805,0,1
42,best,8,9a9e818c03cf6b59f252a010c001516b61a837cff7c0a45a33324e5e3da2f928,D10,48,1.7020647525787354,1.502945899963379,0.011921829544007778,0.009816797450184822,0.003848434891551733,0.3920254962049032,-0.4066856868034772,0.34863871335983276,0,1
42,best,8,9a9e818c03cf6b59f252a010c001516b61a837cff7c0a45a33324e5e3da2f928,D20,50,1.7020647525787354,1.502945899963379,0.011921829544007778,0.03006945177912712,0.03733481094241142,1.241619275823565,0.09398844627785857,-0.33386656641960144,1,1
42,best,8,9a9e818c03cf6b59f252a010c001516b61a837cff7c0a45a33324e5e3da2f928,D40,50,1.7020647525787354,1.502945899963379,0.011921829544007778,0.03550541028380394,0.01774730160832405,0.49984781098050335,-0.301162205488633,-0.3900443911552429,1,1
42,best,9,7936e23f50a0735d5eecfc1973eab44248d15d7b1c60fca12b65c3f3ad89c533,all,22,1.7409518957138062,1.7098331451416016,0.01316069159656763,0.02021469548344612,0.011032423004508018,0.5457625128977335,-0.2629962982754592,0.13043808937072754,0,1
42,best,9,7936e23f50a0735d5eecfc1973eab44248d15d7b1c60fca12b65c3f3ad89c533,D00,70,1.7409518957138062,1.7098331451416016,0.01316069159656763,0.027148302644491196,0.022692758589982986,0.8358813030466821,-0.07785538893865931,0.07659000158309937,0,1
42,best,9,7936e23f50a0735d5eecfc1973eab44248d15d7b1c60fca12b65c3f3ad89c533,D10,75,1.7409518957138062,1.7098331451416016,0.01316069159656763,0.050014521926641464,0.02005649171769619,0.40101336462065845,-0.3968411533541686,-0.3496836721897125,1,1
42,best,9,7936e23f50a0735d5eecfc1973eab44248d15d7b1c60fca12b65c3f3ad89c533,D20,60,1.7409518957138062,1.7098331451416016,0.01316069159656763,0.030295144766569138,0.026546640321612358,0.876267155221081,-0.05736346649185254,0.4416601359844208,0,1
42,best,10,a3c4b7957b7c11b073f1daa1e16883390b82c9915792752861bbb60388b3807f,all,22,1.6754286289215088,1.4569741487503052,0.011714831925928593,0.01610562950372696,0.011746883392333984,0.7293650577033124,-0.1370550466297741,-0.24582824110984802,1,1
42,best,10,a3c4b7957b7c11b073f1daa1e16883390b82c9915792752861bbb60388b3807f,D00,70,1.6754286289215088,1.4569741487503052,0.011714831925928593,0.030264470726251602,0.013374177739024162,0.44191018108317065,-0.3546659926958955,0.10180176794528961,0,1
42,best,10,a3c4b7957b7c11b073f1daa1e16883390b82c9915792752861bbb60388b3807f,D10,40,1.6754286289215088,1.4569741487503052,0.011714831925928593,0.04172975569963455,0.030782494693994522,0.7376629500436807,-0.13214202892559976,-0.2178121954202652,1,1
42,best,10,a3c4b7957b7c11b073f1daa1e16883390b82c9915792752861bbb60388b3807f,D20,60,1.6754286289215088,1.4569741487503052,0.011714831925928593,0.022623922675848007,0.02462003380060196,1.08823010727865,0.036720737048756336,-0.12721584737300873,1,1
42,best,10,a3c4b7957b7c11b073f1daa1e16883390b82c9915792752861bbb60388b3807f,D40,45,1.6754286289215088,1.4569741487503052,0.011714831925928593,0.02486366592347622,0.015933724120259285,0.6408437182714355,-0.19324786840260108,0.12295325100421906,0,1
42,best,11,1a50ac51658d5ba7bc54cdce02199aa8c5d6d07979efd6817b6007444dd0f941,all,27,1.624761939048767,1.5552446842193604,0.01230582781136036,0.010173957794904709,0.013419167138636112,1.318972164928447,0.12023563046256339,-0.29137587547302246,1,1
42,best,11,1a50ac51658d5ba7bc54cdce02199aa8c5d6d07979efd6817b6007444dd0f941,D00,70,1.624761939048767,1.5552446842193604,0.01230582781136036,0.025869565084576607,0.030175112187862396,1.1664329140907261,0.06685976595186532,-0.28383854031562805,1,1
42,best,11,1a50ac51658d5ba7bc54cdce02199aa8c5d6d07979efd6817b6007444dd0f941,D10,70,1.624761939048767,1.5552446842193604,0.01230582781136036,0.025492703542113304,0.021316060796380043,0.8361632088635262,-0.07770894529919897,0.15721146762371063,0,1
42,best,11,1a50ac51658d5ba7bc54cdce02199aa8c5d6d07979efd6817b6007444dd0f941,D20,70,1.624761939048767,1.5552446842193604,0.01230582781136036,0.017194146290421486,0.025188419967889786,1.46494158781944,0.16582030824409263,-0.29069626331329346,1,1
42,best,11,1a50ac51658d5ba7bc54cdce02199aa8c5d6d07979efd6817b6007444dd0f941,D40,60,1.624761939048767,1.5552446842193604,0.01230582781136036,0.021886197850108147,0.014216156676411629,0.649548942843966,-0.18738811971605118,0.2742764353752136,0,1
42,best,12,a4534ce8b8156f22da77d962aa5685381556c24601b584a139224fe097731d2e,all,10,1.705561637878418,1.6678359508514404,0.017551099881529808,0.024128729477524757,0.022436708211898804,0.9298752440652946,-0.031575314293835303,0.08430993556976318,0,1
42,best,12,a4534ce8b8156f22da77d962aa5685381556c24601b584a139224fe097731d2e,D00,50,1.705561637878418,1.6678359508514404,0.017551099881529808,0.04930827394127846,0.046366021037101746,0.9403294281263899,-0.026719972194230238,0.10459836572408676,0,1
42,best,12,a4534ce8b8156f22da77d962aa5685381556c24601b584a139224fe097731d2e,D10,10,1.705561637878418,1.6678359508514404,0.017551099881529808,0.08297906070947647,0.059082094579935074,0.7120120916623934,-0.14751263094507605,0.39119330048561096,0,1
42,best,12,a4534ce8b8156f22da77d962aa5685381556c24601b584a139224fe097731d2e,D20,30,1.705561637878418,1.6678359508514404,0.017551099881529808,0.005279258359223604,0.023959452286362648,4.538412529953592,0.656903969587624,-0.2935509979724884,1,1
42,best,12,a4534ce8b8156f22da77d962aa5685381556c24601b584a139224fe097731d2e,D40,10,1.705561637878418,1.6678359508514404,0.017551099881529808,0.05252796784043312,0.07781926542520523,1.4814825058833567,0.17069652747102637,-0.5544641017913818,1,1
42,best,13,bebf1379a39279f25bf2470ca784661aff6818b4b2ece729feeecbe448c06b0a,all,32,1.5147191286087036,1.2465286254882812,0.012890016660094261,0.015472075901925564,0.007378023117780685,0.47686058189919167,-0.3216085755975735,0.2010284960269928,0,1
42,best,13,bebf1379a39279f25bf2470ca784661aff6818b4b2ece729feeecbe448c06b0a,D00,40,1.5147191286087036,1.2465286254882812,0.012890016660094261,0.029566681012511253,0.051376085728406906,1.7376345253857517,0.2399584370728617,-0.3658677339553833,1,1
42,best,13,bebf1379a39279f25bf2470ca784661aff6818b4b2ece729feeecbe448c06b0a,D10,72,1.5147191286087036,1.2465286254882812,0.012890016660094261,0.05343874543905258,0.008781122975051403,0.16432127855745343,-0.7843061945581007,0.23184198141098022,0,1
42,best,13,bebf1379a39279f25bf2470ca784661aff6818b4b2ece729feeecbe448c06b0a,D20,150,1.5147191286087036,1.2465286254882812,0.012890016660094261,0.01085541769862175,0.0072817113250494,0.6707905238850383,-0.1734130812083288,0.05383980646729469,0,1
42,best,13,bebf1379a39279f25bf2470ca784661aff6818b4b2ece729feeecbe448c06b0a,D40,40,1.5147191286087036,1.2465286254882812,0.012890016660094261,0.04299749433994293,0.017690036445856094,0.4114201703475257,-0.38571442033236525,-0.32243287563323975,1,1
42,best,14,a5027d0cd59953da796d4dea2969bf081ed8077a4b089ab997a63f25a61d4f65,all,14,1.468711256980896,1.2380950450897217,0.014586953446269035,0.00866515003144741,0.010245771147310734,1.1824112808349492,0.07276856447175788,-0.03404829278588295,1,1
42,best,14,a5027d0cd59953da796d4dea2969bf081ed8077a4b089ab997a63f25a61d4f65,D00,50,1.468711256980896,1.2380950450897217,0.014586953446269035,0.01951286382973194,0.013042819686233997,0.6684216012598072,-0.1749495235357561,-0.08586092293262482,1,1
42,best,14,a5027d0cd59953da796d4dea2969bf081ed8077a4b089ab997a63f25a61d4f65,D10,10,1.468711256980896,1.2380950450897217,0.014586953446269035,0.01562679186463356,0.07394921034574509,4.73220677579423,0.6750637130531957,0.10871460288763046,0,1
42,best,14,a5027d0cd59953da796d4dea2969bf081ed8077a4b089ab997a63f25a61d4f65,D20,50,1.468711256980896,1.2380950450897217,0.014586953446269035,0.007161965128034353,0.014386342838406563,2.008714449347645,0.3029182036039982,-0.30349281430244446,1,1
42,best,14,a5027d0cd59953da796d4dea2969bf081ed8077a4b089ab997a63f25a61d4f65,D40,30,1.468711256980896,1.2380950450897217,0.014586953446269035,0.0346812941133976,0.04272175952792168,1.2318386790364317,0.09055383656894535,-0.011287928558886051,1,1
42,best,15,97e557dc2e2ba54a9bf43e9ee0ceab14f58ba53dd8f70b1de2ba8002bd1b4024,all,22,1.5625940561294556,1.3835548162460327,0.014116652309894562,0.0111186932772398,0.014937840402126312,1.3434888461852246,0.12823406521629033,-0.1776546984910965,1,1
42,best,15,97e557dc2e2ba54a9bf43e9ee0ceab14f58ba53dd8f70b1de2ba8002bd1b4024,D00,70,1.5625940561294556,1.3835548162460327,0.014116652309894562,0.03140594810247421,0.04852311685681343,1.545029517927233,0.18893678107506393,-0.10616767406463623,1,1
42,best,15,97e557dc2e2ba54a9bf43e9ee0ceab14f58ba53dd8f70b1de2ba8002bd1b4024,D10,70,1.5625940561294556,1.3835548162460327,0.014116652309894562,0.026095516979694366,0.029085954651236534,1.114595839349307,0.047117417554732206,-0.23244725167751312,1,1
42,best,15,97e557dc2e2ba54a9bf43e9ee0ceab14f58ba53dd8f70b1de2ba8002bd1b4024,D20,80,1.5625940561294556,1.3835548162460327,0.014116652309894562,0.0037015913985669613,0.004996172618120909,1.349736391773315,0.1302489575490587,-0.23268912732601166,1,1
42,best,16,765c81fe9136f77108d5a3192e09f930584736691268a02f9f4277315c467459,all,26,1.677097201347351,1.2136070728302002,0.015625612810254097,0.020194223150610924,0.009261034429073334,0.4585982020701383,-0.33856765225010177,-0.2234201282262802,1,1
42,best,16,765c81fe9136f77108d5a3192e09f930584736691268a02f9f4277315c467459,D00,40,1.677097201347351,1.2136070728302002,0.015625612810254097,0.011913061141967773,0.02201082743704319,1.8476214614145337,0.2666129982377333,0.37916335463523865,0,1
42,best,16,765c81fe9136f77108d5a3192e09f930584736691268a02f9f4277315c467459,D10,30,1.677097201347351,1.2136070728302002,0.015625612810254097,0.07426922023296356,0.03345159813761711,0.45040998185638675,-0.34639199334074366,-0.0715208649635315,1,1
42,best,16,765c81fe9136f77108d5a3192e09f930584736691268a02f9f4277315c467459,D20,130,1.677097201347351,1.2136070728302002,0.015625612810254097,0.032766420394182205,0.013277394697070122,0.40521346358076915,-0.39231613324834386,-0.3719997704029083,1,1
42,best,16,765c81fe9136f77108d5a3192e09f930584736691268a02f9f4277315c467459,D40,49,1.677097201347351,1.2136070728302002,0.015625612810254097,0.02773982472717762,0.019097188487648964,0.6884394070788349,-0.16213427810761516,0.03937038779258728,0,1
42,best,17,818c4a2cdd8fd7a454c6ebf5b64ab47888fd393095b89e325426239237aed862,all,15,1.3821409940719604,1.3173630237579346,0.025190675631165504,0.015626417472958565,0.01435854658484459,0.9188636237123435,-0.03674894113205841,-0.3711313009262085,1,1
42,best,17,818c4a2cdd8fd7a454c6ebf5b64ab47888fd393095b89e325426239237aed862,D00,40,1.3821409940719604,1.3173630237579346,0.025190675631165504,0.054056037217378616,0.04798712953925133,0.8877293269996458,-0.05171943254312189,-0.3680928945541382,1,1
42,best,17,818c4a2cdd8fd7a454c6ebf5b64ab47888fd393095b89e325426239237aed862,D20,110,1.3821409940719604,1.3173630237579346,0.025190675631165504,0.008436957374215126,0.008992155082523823,1.0658054419008305,0.027677933376715216,0.06844310462474823,0,1
42,best,18,9d33f9b80970a78760c50e7a00a3f75a106deb72dde43191034a7f3622269186,all,28,1.4613895416259766,1.1812045574188232,0.013319277204573154,0.011065252125263214,0.006680803373456001,0.603764224965374,-0.2191326239403231,0.10530852526426315,0,1
42,best,18,9d33f9b80970a78760c50e7a00a3f75a106deb72dde43191034a7f3622269186,D00,60,1.4613895416259766,1.1812045574188232,0.013319277204573154,0.02532285824418068,0.027767954394221306,1.0965568786297069,0.04003116354145595,-0.14722082018852234,1,1
42,best,18,9d33f9b80970a78760c50e7a00a3f75a106deb72dde43191034a7f3622269186,D10,50,1.4613895416259766,1.1812045574188232,0.013319277204573154,0.01857958547770977,0.012089300900697708,0.6506765673110112,-0.18663483314745263,0.1293206661939621,0,1
42,best,18,9d33f9b80970a78760c50e7a00a3f75a106deb72dde43191034a7f3622269186,D20,149,1.4613895416259766,1.1812045574188232,0.013319277204573154,0.012377380393445492,0.007312416564673185,0.590788707483331,-0.2285678145187658,0.24499809741973877,0,1
42,best,18,9d33f9b80970a78760c50e7a00a3f75a106deb72dde43191034a7f3622269186,D40,20,1.4613895416259766,1.1812045574188232,0.013319277204573154,0.08288487046957016,0.032737135887145996,0.3949711895751216,-0.4034345820061336,-0.17406272888183594,1,1
42,best,19,2a337a00f71b9d5b9e4f4820456a997dde9a26e2a8570d0031a4032304e5e290,all,22,1.4092128276824951,1.3118318319320679,0.015374522656202316,0.015199820511043072,0.019382312893867493,1.2751672218619772,0.10556714066791806,0.09641405194997787,0,1
42,best,19,2a337a00f71b9d5b9e4f4820456a997dde9a26e2a8570d0031a4032304e5e290,D00,70,1.4092128276824951,1.3118318319320679,0.015374522656202316,0.015066574327647686,0.026627810671925545,1.7673433982310491,0.24732094196131948,-0.1505274474620819,1,1
42,best,19,2a337a00f71b9d5b9e4f4820456a997dde9a26e2a8570d0031a4032304e5e290,D10,15,1.4092128276824951,1.3118318319320679,0.015374522656202316,0.16759800910949707,0.0861760750412941,0.5141831666090529,-0.2888821454459143,-0.14654690027236938,1,1
42,best,19,2a337a00f71b9d5b9e4f4820456a997dde9a26e2a8570d0031a4032304e5e290,D20,110,1.4092128276824951,1.3118318319320679,0.015374522656202316,0.01691555231809616,0.02520620822906494,1.4901203197544715,0.17322133693290584,0.11985547095537186,0,1
42,best,19,2a337a00f71b9d5b9e4f4820456a997dde9a26e2a8570d0031a4032304e5e290,D40,20,1.4092128276824951,1.3118318319320679,0.015374522656202316,0.06348127871751785,0.014174501411616802,0.22328632469253185,-0.6511378747451328,-0.3700040876865387,1,1
42,best,20,416079114cddbd6704444b9e0affb7f2e5045d6c83762da189425d38df68e659,all,14,1.4425785541534424,1.062233328819275,0.01855722814798355,0.011826423928141594,0.008953319862484932,0.7570606226265946,-0.12086934240474516,0.1525382548570633,0,1
42,best,20,416079114cddbd6704444b9e0affb7f2e5045d6c83762da189425d38df68e659,D00,20,1.4425785541534424,1.062233328819275,0.01855722814798355,0.056699175387620926,0.030528035014867783,0.5384211464481534,-0.26887789156751885,0.20623134076595306,0,1
42,best,20,416079114cddbd6704444b9e0affb7f2e5045d6c83762da189425d38df68e659,D10,10,1.4425785541534424,1.062233328819275,0.01855722814798355,0.042524028569459915,0.025905119255185127,0.6091877963272223,-0.21524880533736152,0.12095890194177628,0,1
42,best,20,416079114cddbd6704444b9e0affb7f2e5045d6c83762da189425d38df68e659,D20,100,1.4425785541534424,1.062233328819275,0.01855722814798355,0.005299219861626625,0.009077363647520542,1.7129622632291002,0.23374779550964955,0.15745295584201813,0,1
42,best,20,416079114cddbd6704444b9e0affb7f2e5045d6c83762da189425d38df68e659,D40,10,1.4425785541534424,1.062233328819275,0.01855722814798355,0.09647177904844284,0.037486761808395386,0.3885774905174247,-0.4105223607800132,0.41832128167152405,0,1
42,best,21,a0b7e0d587d81d840d751b4be2adc2060e7cdecb840ca465510a9bbe0ae50148,all,22,1.4267234802246094,1.5098085403442383,0.017982762306928635,0.013973015360534191,0.008445985615253448,0.6044497481272758,-0.2186397990516709,0.2341027408838272,0,1
42,best,21,a0b7e0d587d81d840d751b4be2adc2060e7cdecb840ca465510a9bbe0ae50148,D00,43,1.4267234802246094,1.5098085403442383,0.017982762306928635,0.02811155840754509,0.015196331776678562,0.5405723708508418,-0.2671461552589334,-0.17542129755020142,1,1
42,best,21,a0b7e0d587d81d840d751b4be2adc2060e7cdecb840ca465510a9bbe0ae50148,D10,10,1.4267234802246094,1.5098085403442383,0.017982762306928635,0.03708263859152794,0.09686465561389923,2.6121295380536744,0.4169947102243794,-0.14868229627609253,1,1
42,best,21,a0b7e0d587d81d840d751b4be2adc2060e7cdecb840ca465510a9bbe0ae50148,D20,138,1.4267234802246094,1.5098085403442383,0.017982762306928635,0.01607942394912243,0.01079452596604824,0.6713254156494441,-0.1730669105875152,0.40665203332901,0,1
42,best,21,a0b7e0d587d81d840d751b4be2adc2060e7cdecb840ca465510a9bbe0ae50148,D40,20,1.4267234802246094,1.5098085403442383,0.017982762306928635,0.0404144786298275,0.04091355577111244,1.0123489689389833,0.005330244875404715,0.3061060905456543,0,1
42,best,22,2297f487f0ecec69d9bb03ab1c1ab6462947f9be30d9f1404026cda7df27620b,all,24,1.0619306564331055,1.0924897193908691,0.008655266836285591,0.008143031969666481,0.0069570685736835,0.8543584993401966,-0.06835985575710223,-0.10758720338344574,1,1
42,best,22,2297f487f0ecec69d9bb03ab1c1ab6462947f9be30d9f1404026cda7df27620b,D00,60,1.0619306564331055,1.0924897193908691,0.008655266836285591,0.024495083838701248,0.038664791733026505,1.5784715001439467,0.19823674495997082,0.30982354283332825,0,1
42,best,22,2297f487f0ecec69d9bb03ab1c1ab6462947f9be30d9f1404026cda7df27620b,D10,20,1.0619306564331055,1.0924897193908691,0.008655266836285591,0.03270375356078148,0.014008909463882446,0.428357846992891,-0.3681932729454678,0.16216635704040527,0,1
42,best,22,2297f487f0ecec69d9bb03ab1c1ab6462947f9be30d9f1404026cda7df27620b,D20,107,1.0619306564331055,1.0924897193908691,0.008655266836285591,0.00045988455531187356,0.0036963201127946377,8.037495649941876,0.9051207508832271,-0.040512096136808395,1,1
42,best,22,2297f487f0ecec69d9bb03ab1c1ab6462947f9be30d9f1404026cda7df27620b,D40,47,1.0619306564331055,1.0924897193908691,0.008655266836285591,0.028864476829767227,0.013804170303046703,0.47824079350057025,-0.3203533817196633,0.19201646745204926,0,1
42,best,23,bde13578b9281c4539c651383b60b4fb0bfefe18442c462348aed858a8942b34,all,32,1.3858561515808105,1.2118867635726929,0.016819067299365997,0.012283812277019024,0.012490899302065372,1.0168585305910098,0.007260536347198632,-0.013010801747441292,1,1
42,best,23,bde13578b9281c4539c651383b60b4fb0bfefe18442c462348aed858a8942b34,D00,13,1.3858561515808105,1.2118867635726929,0.016819067299365997,0.036806512624025345,0.14125432074069977,3.8377534482442766,0.5840770705801651,-0.058842193335294724,1,1
42,best,23,bde13578b9281c4539c651383b60b4fb0bfefe18442c462348aed858a8942b34,D10,70,1.3858561515808105,1.2118867635726929,0.016819067299365997,0.02797701396048069,0.021730368956923485,0.7767222401797065,-0.10973425935037102,0.11423217505216599,0,1
42,best,23,bde13578b9281c4539c651383b60b4fb0bfefe18442c462348aed858a8942b34,D20,180,1.3858561515808105,1.2118867635726929,0.016819067299365997,0.013281302526593208,0.012029999867081642,0.9057846429590714,-0.04297504679577728,0.030802732333540916,0,1
42,best,23,bde13578b9281c4539c651383b60b4fb0bfefe18442c462348aed858a8942b34,D40,39,1.3858561515808105,1.2118867635726929,0.016819067299365997,0.043040432035923004,0.005896078888326883,0.13698930539093604,-0.8633133364275183,-0.009553756564855576,1,1
42,best,24,9af470d40aa040f9f4f93f72a3dfeb98d56790738cccce74e880be9521001a33,all,32,1.4163718223571777,0.9616193771362305,0.015565912239253521,0.011808163486421108,0.004980205092579126,0.42175949700443705,-0.37493512936673423,-0.006277360487729311,1,1
42,best,24,9af470d40aa040f9f4f93f72a3dfeb98d56790738cccce74e880be9521001a33,D00,50,1.4163718223571777,0.9616193771362305,0.015565912239253521,0.03182481601834297,0.02146161161363125,0.6743671856975183,-0.17110357037799667,0.030938683077692986,0,1
42,best,24,9af470d40aa040f9f4f93f72a3dfeb98d56790738cccce74e880be9521001a33,D10,80,1.4163718223571777,0.9616193771362305,0.015565912239253521,0.0387246198952198,0.011436396278440952,0.29532623714281236,-0.5296979680698954,-0.17499595880508423,1,1
42,best,24,9af470d40aa040f9f4f93f72a3dfeb98d56790738cccce74e880be9521001a33,D20,150,1.4163718223571777,0.9616193771362305,0.015565912239253521,0.0029554981738328934,0.004806955344974995,1.6264450398022086,0.21123939235571126,-0.026815470308065414,1,1
42,best,24,9af470d40aa040f9f4f93f72a3dfeb98d56790738cccce74e880be9521001a33,D40,40,1.4163718223571777,0.9616193771362305,0.015565912239253521,0.02722349390387535,0.005407497752457857,0.1986334954488734,-0.7019475148435126,0.11862411350011826,0,1
42,best,25,6542ffe3661e0f2f2f4c6f405b5127dcd77840963b39b61cd6d0a59e03ed4389,all,26,1.6971310377120972,1.5224109888076782,0.018071835860610008,0.009365271776914597,0.011703215539455414,1.249639713425493,0.0967848185878723,0.060215599834918976,0,1
42,best,25,6542ffe3661e0f2f2f4c6f405b5127dcd77840963b39b61cd6d0a59e03ed4389,D00,50,1.6971310377120972,1.5224109888076782,0.018071835860610008,0.032523833215236664,0.022838259115815163,0.7022007204586195,-0.15353872928387985,0.24663874506950378,0,1
42,best,25,6542ffe3661e0f2f2f4c6f405b5127dcd77840963b39b61cd6d0a59e03ed4389,D10,80,1.6971310377120972,1.5224109888076782,0.018071835860610008,0.02199365757405758,0.020745009183883667,0.9432268877530063,-0.025383827679375366,-0.045986004173755646,1,1
42,best,25,6542ffe3661e0f2f2f4c6f405b5127dcd77840963b39b61cd6d0a59e03ed4389,D20,120,1.6971310377120972,1.5224109888076782,0.018071835860610008,0.012046401388943195,0.015187833458185196,1.2607776353961913,0.10063849637789586,0.2357891947031021,0,1
42,best,25,6542ffe3661e0f2f2f4c6f405b5127dcd77840963b39b61cd6d0a59e03ed4389,D40,7,1.6971310377120972,1.5224109888076782,0.018071835860610008,0.02744101546704769,0.07061675190925598,2.573401556296468,0.41050755926776383,0.4809006452560425,0,1
42,best,26,d3630edb5cad7433911883c7c4c6d5fe7e5856e35b45f6a8bb6c8d5499c386f1,all,43,1.4078714847564697,1.1738331317901611,0.00909234955906868,0.0114984679967165,0.006519720423966646,0.5670077462344041,-0.24641100790801526,-0.27435192465782166,1,1
42,best,26,d3630edb5cad7433911883c7c4c6d5fe7e5856e35b45f6a8bb6c8d5499c386f1,D00,45,1.4078714847564697,1.1738331317901611,0.00909234955906868,0.05153841897845268,0.012932907789945602,0.2509372240415956,-0.6004349106393447,-0.06886692345142365,1,1
42,best,26,d3630edb5cad7433911883c7c4c6d5fe7e5856e35b45f6a8bb6c8d5499c386f1,D10,82,1.4078714847564697,1.1738331317901611,0.00909234955906868,0.026207057759165764,0.01264494750648737,0.4825016078756446,-0.316501235086289,-0.3371683955192566,1,1
42,best,26,d3630edb5cad7433911883c7c4c6d5fe7e5856e35b45f6a8bb6c8d5499c386f1,D20,170,1.4078714847564697,1.1738331317901611,0.00909234955906868,0.012024372816085815,0.011298390105366707,0.9396240683964895,-0.027045867333013045,-0.3090493977069855,1,1
42,best,26,d3630edb5cad7433911883c7c4c6d5fe7e5856e35b45f6a8bb6c8d5499c386f1,D40,112,1.4078714847564697,1.1738331317901611,0.00909234955906868,0.026158448308706284,0.015283196233212948,0.5842546948064293,-0.23339778912771858,-0.4660913348197937,1,1
42,best,27,3708d434b5f52016554190e86c55f7d348fc1df0fd5af7c3b5cd80296ff25431,all,20,1.825313925743103,1.3734993934631348,0.01792893186211586,0.013636684976518154,0.008197015151381493,0.6011002795398175,-0.22105307006403677,0.09427740424871445,0,1
42,best,27,3708d434b5f52016554190e86c55f7d348fc1df0fd5af7c3b5cd80296ff25431,D00,19,1.825313925743103,1.3734993934631348,0.01792893186211586,0.04936916381120682,0.02895910106599331,0.5865827741530348,-0.23167069485040104,0.16762150824069977,0,1
42,best,27,3708d434b5f52016554190e86c55f7d348fc1df0fd5af7c3b5cd80296ff25431,D10,30,1.825313925743103,1.3734993934631348,0.01792893186211586,0.075716033577919,0.029040083289146423,0.38353941585254087,-0.4161899975360538,0.26226887106895447,0,1
42,best,27,3708d434b5f52016554190e86c55f7d348fc1df0fd5af7c3b5cd80296ff25431,D20,120,1.825313925743103,1.3734993934631348,0.01792893186211586,0.0127266189083457,0.010269845835864544,0.8069579131602593,-0.09314911528895554,0.10774479061365128,0,1
42,best,27,3708d434b5f52016554190e86c55f7d348fc1df0fd5af7c3b5cd80296ff25431,D40,14,1.825313925743103,1.3734993934631348,0.01792893186211586,0.0,0.02863995172083378,,,,,1
42,best,28,a98b1fcfc47c8cf2bad69c00d1f7c9b8bcef8312c34a4da3914256dbb3ec791e,all,37,1.3876429796218872,1.1156364679336548,0.014265244826674461,0.013681944459676743,0.005498521961271763,0.4018816168620578,-0.3959018591425343,-0.040399786084890366,1,1
42,best,28,a98b1fcfc47c8cf2bad69c00d1f7c9b8bcef8312c34a4da3914256dbb3ec791e,D00,30,1.3876429796218872,1.1156364679336548,0.014265244826674461,0.023523526266217232,0.019283989444375038,0.8197746046292937,-0.08630553959379583,0.0899452492594719,0,1
42,best,28,a98b1fcfc47c8cf2bad69c00d1f7c9b8bcef8312c34a4da3914256dbb3ec791e,D10,100,1.3876429796218872,1.1156364679336548,0.014265244826674461,0.04309055954217911,0.010989907197654247,0.2550421093255194,-0.5933881084370344,0.03216582536697388,0,1
42,best,28,a98b1fcfc47c8cf2bad69c00d1f7c9b8bcef8312c34a4da3914256dbb3ec791e,D20,180,1.3876429796218872,1.1156364679336548,0.014265244826674461,0.009517737664282322,0.007127791177481413,0.7488955284227072,-0.12557876253292838,0.2436838001012802,0,1
42,best,28,a98b1fcfc47c8cf2bad69c00d1f7c9b8bcef8312c34a4da3914256dbb3ec791e,D40,40,1.3876429796218872,1.1156364679336548,0.014265244826674461,0.06010976433753967,0.009563690982758999,0.15910378435448788,-0.798319490342573,-0.0002583606983534992,1,1
42,best,29,2225223d7da6b47c0e6dcf38e16fd1007a3c71319a5a080ce19997478a3e9f8d,all,29,1.542468547821045,1.0851236581802368,0.01083759032189846,0.01856376975774765,0.008613446727395058,0.46399232697874887,-0.3334892012949946,0.17480506002902985,0,1
42,best,29,2225223d7da6b47c0e6dcf38e16fd1007a3c71319a5a080ce19997478a3e9f8d,D00,30,1.542468547821045,1.0851236581802368,0.01083759032189846,0.06960668414831161,0.02150552347302437,0.3089577349669803,-0.5101009274556294,0.3496515452861786,0,1
42,best,29,2225223d7da6b47c0e6dcf38e16fd1007a3c71319a5a080ce19997478a3e9f8d,D10,70,1.542468547821045,1.0851236581802368,0.01083759032189846,0.05320335552096367,0.018642868846654892,0.35040776402362556,-0.4554262796864278,0.32438480854034424,0,1
42,best,29,2225223d7da6b47c0e6dcf38e16fd1007a3c71319a5a080ce19997478a3e9f8d,D20,120,1.542468547821045,1.0851236581802368,0.01083759032189846,0.015943491831421852,0.011897977441549301,0.7462591988851811,-0.12711030242813423,0.2792724072933197,0,1
42,best,29,2225223d7da6b47c0e6dcf38e16fd1007a3c71319a5a080ce19997478a3e9f8d,D40,59,1.542468547821045,1.0851236581802368,0.01083759032189846,0.04902015998959541,0.00760138314217329,0.15506646946453648,-0.8094821009666786,-0.22217723727226257,1,1
42,best,30,b04a9f5f8c8525ee7d89d5ab3951357bcb40fe551b1336bd27c9a1653c34a525,all,16,1.3348588943481445,1.051698923110962,0.019577939063310623,0.00590026518329978,0.012028450146317482,2.038628734919073,0.3093381413950843,0.14305973052978516,0,1
42,best,30,b04a9f5f8c8525ee7d89d5ab3951357bcb40fe551b1336bd27c9a1653c34a525,D00,10,1.3348588943481445,1.051698923110962,0.019577939063310623,0.02426622062921524,0.08534234762191772,3.516919627738407,0.5461624434865332,0.4125720262527466,0,1
42,best,30,b04a9f5f8c8525ee7d89d5ab3951357bcb40fe551b1336bd27c9a1653c34a525,D10,34,1.3348588943481445,1.051698923110962,0.019577939063310623,0.03968973830342293,0.05164927616715431,1.3013256921046508,0.11438600415727034,-0.06652680784463882,1,1
42,best,30,b04a9f5f8c8525ee7d89d5ab3951357bcb40fe551b1336bd27c9a1653c34a525,D20,100,1.3348588943481445,1.051698923110962,0.019577939063310623,0.0048063467256724834,0.008116709999740124,1.6887483286184413,0.2275649322020205,0.3569667339324951,0,1
42,best,30,b04a9f5f8c8525ee7d89d5ab3951357bcb40fe551b1336bd27c9a1653c34a525,D40,3,1.3348588943481445,1.051698923110962,0.019577939063310623,0.0,0.012102347798645496,,,,,1
42,best,31,a97e08f577b4294fca98444b9e8371a1e6f50330c8c6f36739d4652e1115e800,all,27,1.536597728729248,1.2986407279968262,0.013039331883192062,0.01870357245206833,0.015749268233776093,0.8420459927715288,-0.07466418657473432,-0.11275094002485275,1,1
42,best,31,a97e08f577b4294fca98444b9e8371a1e6f50330c8c6f36739d4652e1115e800,D00,70,1.536597728729248,1.2986407279968262,0.013039331883192062,0.04434733837842941,0.016528528183698654,0.3727062048832709,-0.42863337696943926,-0.4594618082046509,1,1
42,best,31,a97e08f577b4294fca98444b9e8371a1e6f50330c8c6f36739d4652e1115e800,D10,60,1.536597728729248,1.2986407279968262,0.013039331883192062,0.03028799593448639,0.05727643892168999,1.8910607042334595,0.27670547019378244,0.3787550628185272,0,1
42,best,31,a97e08f577b4294fca98444b9e8371a1e6f50330c8c6f36739d4652e1115e800,D20,80,1.536597728729248,1.2986407279968262,0.013039331883192062,0.025615107268095016,0.016319166868925095,0.6370914905069123,-0.19579819565657497,-0.1002681776881218,1,1
42,best,31,a97e08f577b4294fca98444b9e8371a1e6f50330c8c6f36739d4652e1115e800,D40,47,1.536597728729248,1.2986407279968262,0.013039331883192062,0.04069230332970619,0.03448602929711342,0.8474828524129754,-0.07186908035527893,-0.16251975297927856,1,1
43,epoch5,0,886703586ffce1566642efa3528edf8bf420c0925651ae888df1adf072710d17,all,27,1.9950268268585205,2.116349458694458,0.017268864437937737,0.008954464457929134,0.006671180948615074,0.7450117178931651,-0.12783689641100954,0.6002570390701294,0,1
43,epoch5,0,886703586ffce1566642efa3528edf8bf420c0925651ae888df1adf072710d17,D00,60,1.9950268268585205,2.116349458694458,0.017268864437937737,0.02676260657608509,0.019675668329000473,0.7351925259246809,-0.13359891670106344,0.669825553894043,0,1
43,epoch5,0,886703586ffce1566642efa3528edf8bf420c0925651ae888df1adf072710d17,D10,108,1.9950268268585205,2.116349458694458,0.017268864437937737,0.015393218025565147,0.005367102567106485,0.3486667023225923,-0.4575895257758708,0.4169723093509674,0,1
43,epoch5,0,886703586ffce1566642efa3528edf8bf420c0925651ae888df1adf072710d17,D20,100,1.9950268268585205,2.116349458694458,0.017268864437937737,0.004804616793990135,0.004509459715336561,0.9385680291875157,-0.027534243415578263,-0.012260251678526402,1,1
43,epoch5,1,2a6bc5cbae2770f2ef1e8306a3806f5601b8e59e9d7cce214dc29219d96ecf10,all,31,2.2674434185028076,2.320328712463379,0.021204749122262,0.003389043966308236,0.00424181018024683,1.2516244175101487,0.09747402705843185,-0.6315178871154785,1,1
43,epoch5,1,2a6bc5cbae2770f2ef1e8306a3806f5601b8e59e9d7cce214dc29219d96ecf10,D00,95,2.2674434185028076,2.320328712463379,0.021204749122262,0.008036177605390549,0.011120554059743881,1.3838113846916946,0.14107689924654912,-0.4620150625705719,1,1
43,epoch5,1,2a6bc5cbae2770f2ef1e8306a3806f5601b8e59e9d7cce214dc29219d96ecf10,D10,38,2.2674434185028076,2.320328712463379,0.021204749122262,0.0033452422358095646,0.005465788766741753,1.6338992459895825,0.2132252723556035,-0.15318900346755981,1,1
43,epoch5,1,2a6bc5cbae2770f2ef1e8306a3806f5601b8e59e9d7cce214dc29219d96ecf10,D20,110,2.2674434185028076,2.320328712463379,0.021204749122262,0.003337146481499076,0.00477489922195673,1.430832973148905,0.15558893978809932,0.04077956825494766,0,1
43,epoch5,1,2a6bc5cbae2770f2ef1e8306a3806f5601b8e59e9d7cce214dc29219d96ecf10,D40,27,2.2674434185028076,2.320328712463379,0.021204749122262,0.0,0.0006022987654432654,,,,,1
43,epoch5,2,a2bc40b1696e829db4e198594caa9d2c0539cd5454ab0301acbe1229f059b476,all,20,1.8326067924499512,1.6660492420196533,0.020810173824429512,0.005571163725107908,0.0037826127372682095,0.6789627668310796,-0.16815404104080892,-0.0554988868534565,1,1
43,epoch5,2,a2bc40b1696e829db4e198594caa9d2c0539cd5454ab0301acbe1229f059b476,D00,70,1.8326067924499512,1.6660492420196533,0.020810173824429512,0.009751157835125923,0.0075678713619709015,0.7760997709122993,-0.11008244475802036,0.13854354619979858,0,1
43,epoch5,2,a2bc40b1696e829db4e198594caa9d2c0539cd5454ab0301acbe1229f059b476,D10,40,1.8326067924499512,1.6660492420196533,0.020810173824429512,0.024977179244160652,0.006156071554869413,0.24646784549574888,-0.6082397312940113,-0.6829415559768677,1,1
43,epoch5,2,a2bc40b1696e829db4e198594caa9d2c0539cd5454ab0301acbe1229f059b476,D20,90,1.8326067924499512,1.6660492420196533,0.020810173824429512,0.0032863132655620575,0.004208836238831282,1.2807166872788815,0.10745306826173825,0.2886314392089844,0,1
43,epoch5,3,e07c1c00a84116748407ba9562508b567be535ceb684974e9c70405b37eda097,all,17,1.5406149625778198,1.6253749132156372,0.01570739969611168,0.0034692464396357536,0.004280771594494581,1.2339197197371865,0.09128690490847986,0.10803666710853577,0,1
43,epoch5,3,e07c1c00a84116748407ba9562508b567be535ceb684974e9c70405b37eda097,D00,50,1.5406149625778198,1.6253749132156372,0.01570739969611168,0.014022164046764374,0.011866285465657711,0.8462520782158348,-0.07250025177024268,0.1728813648223877,0,1
43,epoch5,3,e07c1c00a84116748407ba9562508b567be535ceb684974e9c70405b37eda097,D10,30,1.5406149625778198,1.6253749132156372,0.01570739969611168,0.011318185366690159,0.010175085626542568,0.899003267475034,-0.04623872979758522,-0.3968392610549927,1,1
43,epoch5,3,e07c1c00a84116748407ba9562508b567be535ceb684974e9c70405b37eda097,D20,80,1.5406149625778198,1.6253749132156372,0.01570739969611168,0.0037549526896327734,0.003961694892495871,1.0550585373376078,0.023276556067308017,-0.41450515389442444,1,1
43,epoch5,3,e07c1c00a84116748407ba9562508b567be535ceb684974e9c70405b37eda097,D40,10,1.5406149625778198,1.6253749132156372,0.01570739969611168,0.0,0.00041655637323856354,,,,,1
43,epoch5,4,aebb281f8c5a342bc96208dae814f3fceb96b28b4c180382086623c0d6c23b4f,all,30,1.9276533126831055,2.34517240524292,0.01447824016213417,0.0032493590842932463,0.002638803794980049,0.8120997792258481,-0.09039060757535135,0.13196459412574768,0,1
43,epoch5,4,aebb281f8c5a342bc96208dae814f3fceb96b28b4c180382086623c0d6c23b4f,D00,90,1.9276533126831055,2.34517240524292,0.01447824016213417,0.006879920139908791,0.004911981988698244,0.7139591577822245,-0.14632663144110777,-0.009877434000372887,1,1
43,epoch5,4,aebb281f8c5a342bc96208dae814f3fceb96b28b4c180382086623c0d6c23b4f,D10,25,1.9276533126831055,2.34517240524292,0.01447824016213417,0.008605037815868855,0.00755428709089756,0.877891213559391,-0.0565592976223871,-0.024926193058490753,1,1
43,epoch5,4,aebb281f8c5a342bc96208dae814f3fceb96b28b4c180382086623c0d6c23b4f,D20,100,1.9276533126831055,2.34517240524292,0.01447824016213417,0.004920179024338722,0.004097555764019489,0.8328062340313329,-0.07945603254257953,0.3335574269294739,0,1
43,epoch5,4,aebb281f8c5a342bc96208dae814f3fceb96b28b4c180382086623c0d6c23b4f,D40,67,1.9276533126831055,2.34517240524292,0.01447824016213417,0.0023176008835434914,0.0018308801809325814,0.7899894213594105,-0.10237872424879194,-0.15740588307380676,1,1
43,epoch5,5,8e0e3fb15223ff04644b68ef88ac40dacd3d12281c3c25fc017b9c5e9508482d,all,29,2.0026743412017822,2.0620481967926025,0.017072133719921112,0.00425504706799984,0.003486424684524536,0.8193621900787555,-0.0865240806794613,0.13104821741580963,0,1
43,epoch5,5,8e0e3fb15223ff04644b68ef88ac40dacd3d12281c3c25fc017b9c5e9508482d,D00,130,2.0026743412017822,2.0620481967926025,0.017072133719921112,0.007375468034297228,0.00614085653796792,0.8326056745703261,-0.07956063353309721,-0.10419420897960663,1,1
43,epoch5,5,8e0e3fb15223ff04644b68ef88ac40dacd3d12281c3c25fc017b9c5e9508482d,D10,30,2.0026743412017822,2.0620481967926025,0.017072133719921112,0.017516473308205605,0.007514293771237135,0.4289843988011593,-0.3675585018427145,-0.2851708233356476,1,1
43,epoch5,5,8e0e3fb15223ff04644b68ef88ac40dacd3d12281c3c25fc017b9c5e9508482d,D20,89,2.0026743412017822,2.0620481967926025,0.017072133719921112,0.003955397754907608,0.0064671458676457405,1.6350178334458814,0.2135224939534312,0.4203774929046631,0,1
43,epoch5,5,8e0e3fb15223ff04644b68ef88ac40dacd3d12281c3c25fc017b9c5e9508482d,D40,40,2.0026743412017822,2.0620481967926025,0.017072133719921112,0.0,0.00013473324361257255,,,,,1
43,epoch5,6,334f79e24468133a4814f9bcc1ad52d87fcf4ccd83ce8a62073ff99c81b54eaf,all,37,1.968295931816101,2.2401363849639893,0.01404083613306284,0.005636215675622225,0.0035766640212386847,0.6345860817052267,-0.1975094574560686,-0.1044900044798851,1,1
43,epoch5,6,334f79e24468133a4814f9bcc1ad52d87fcf4ccd83ce8a62073ff99c81b54eaf,D00,100,1.968295931816101,2.2401363849639893,0.01404083613306284,0.006583659444004297,0.010311623103916645,1.5662449116057156,0.19485967307473687,-0.28030145168304443,1,1
43,epoch5,6,334f79e24468133a4814f9bcc1ad52d87fcf4ccd83ce8a62073ff99c81b54eaf,D10,115,1.968295931816101,2.2401363849639893,0.01404083613306284,0.014500265009701252,0.0071244873106479645,0.4913349725595636,-0.30862232227047204,-0.2564109265804291,1,1
43,epoch5,6,334f79e24468133a4814f9bcc1ad52d87fcf4ccd83ce8a62073ff99c81b54eaf,D20,130,1.968295931816101,2.2401363849639893,0.01404083613306284,0.009061718359589577,0.0055140964686870575,0.6085045076303609,-0.21573620029054502,0.026108993217349052,0,1
43,epoch5,6,334f79e24468133a4814f9bcc1ad52d87fcf4ccd83ce8a62073ff99c81b54eaf,D40,10,1.968295931816101,2.2401363849639893,0.01404083613306284,0.0,0.0005977075779810548,,,,,1
43,epoch5,7,4cffd353e7e306aaebfb783e40e9e05baabcb5e8900af458869ea4f4d3293421,all,24,1.973978877067566,1.8918588161468506,0.018548589199781418,0.004467853344976902,0.0031997235491871834,0.7161657516768213,-0.14498645156401044,-0.3277990221977234,1,1
43,epoch5,7,4cffd353e7e306aaebfb783e40e9e05baabcb5e8900af458869ea4f4d3293421,D00,70,1.973978877067566,1.8918588161468506,0.018548589199781418,0.005846251267939806,0.006186703685671091,1.0582343115490584,0.024581838725846537,-0.016046328470110893,1,1
43,epoch5,7,4cffd353e7e306aaebfb783e40e9e05baabcb5e8900af458869ea4f4d3293421,D10,34,1.973978877067566,1.8918588161468506,0.018548589199781418,0.018692513927817345,0.009770181961357594,0.5226788648699657,-0.2817650607515413,-0.27778303623199463,1,1
43,epoch5,7,4cffd353e7e306aaebfb783e40e9e05baabcb5e8900af458869ea4f4d3293421,D20,100,1.973978877067566,1.8918588161468506,0.018548589199781418,0.00544326426461339,0.0038773075211793184,0.7123129307510676,-0.14732917175417665,-0.48306164145469666,1,1
43,epoch5,7,4cffd353e7e306aaebfb783e40e9e05baabcb5e8900af458869ea4f4d3293421,D40,30,1.973978877067566,1.8918588161468506,0.018548589199781418,0.0007540343212895095,0.0005567412008531392,0.7383499465926563,-0.13173775219802966,-0.03309718146920204,1,1
43,epoch5,8,9a9e818c03cf6b59f252a010c001516b61a837cff7c0a45a33324e5e3da2f928,all,26,2.006530284881592,2.221391201019287,0.01412095595151186,0.0028663058765232563,0.0026897608768194914,0.9384067830479039,-0.027608861687893234,-0.04175641015172005,1,1
43,epoch5,8,9a9e818c03cf6b59f252a010c001516b61a837cff7c0a45a33324e5e3da2f928,D00,105,2.006530284881592,2.221391201019287,0.01412095595151186,0.007679649628698826,0.00688864104449749,0.8969993915809207,-0.04720785153019827,-0.13367654383182526,1,1
43,epoch5,8,9a9e818c03cf6b59f252a010c001516b61a837cff7c0a45a33324e5e3da2f928,D10,48,2.006530284881592,2.221391201019287,0.01412095595151186,0.004175033885985613,0.003331767627969384,0.7980216972976362,-0.09798530051827568,0.1628454178571701,0,1
43,epoch5,8,9a9e818c03cf6b59f252a010c001516b61a837cff7c0a45a33324e5e3da2f928,D20,50,2.006530284881592,2.221391201019287,0.01412095595151186,0.0038475431501865387,0.004568322096019983,1.1873348569978999,0.07457321772257262,0.14681343734264374,0,1
43,epoch5,8,9a9e818c03cf6b59f252a010c001516b61a837cff7c0a45a33324e5e3da2f928,D40,50,2.006530284881592,2.221391201019287,0.01412095595151186,0.0,6.511050742119551e-05,,,,,1
43,epoch5,9,7936e23f50a0735d5eecfc1973eab44248d15d7b1c60fca12b65c3f3ad89c533,all,22,1.8399368524551392,2.178507089614868,0.01447366550564766,0.006531299091875553,0.006261058151721954,0.9586237077261156,-0.018351834673134997,-0.09080105274915695,1,1
43,epoch5,9,7936e23f50a0735d5eecfc1973eab44248d15d7b1c60fca12b65c3f3ad89c533,D00,70,1.8399368524551392,2.178507089614868,0.01447366550564766,0.01501474343240261,0.015561142936348915,1.036390865179031,0.015523576428970958,-0.05496995151042938,1,1
43,epoch5,9,7936e23f50a0735d5eecfc1973eab44248d15d7b1c60fca12b65c3f3ad89c533,D10,75,1.8399368524551392,2.178507089614868,0.01447366550564766,0.006762959528714418,0.005631222389638424,0.8326565264407063,-0.07953410955784088,0.15748344361782074,0,1
43,epoch5,9,7936e23f50a0735d5eecfc1973eab44248d15d7b1c60fca12b65c3f3ad89c533,D20,60,1.8399368524551392,2.178507089614868,0.01447366550564766,0.0052590277045965195,0.003909863531589508,0.7434574889522242,-0.12874385947733066,0.13386397063732147,0,1
43,epoch5,10,a3c4b7957b7c11b073f1daa1e16883390b82c9915792752861bbb60388b3807f,all,22,1.892989158630371,2.311534881591797,0.014573760330677032,0.0036888732574880123,0.005447000730782747,1.4766028406440712,0.16926369956989362,-0.16081096231937408,1,1
43,epoch5,10,a3c4b7957b7c11b073f1daa1e16883390b82c9915792752861bbb60388b3807f,D00,70,1.892989158630371,2.311534881591797,0.014573760330677032,0.008628793992102146,0.009494475089013577,1.1003246916896823,0.04152085879614764,0.05872608348727226,0,1
43,epoch5,10,a3c4b7957b7c11b073f1daa1e16883390b82c9915792752861bbb60388b3807f,D10,40,1.892989158630371,2.311534881591797,0.014573760330677032,0.013831481337547302,0.006461063399910927,0.46712736273384936,-0.3305646924718689,-0.09313204884529114,1,1
43,epoch5,10,a3c4b7957b7c11b073f1daa1e16883390b82c9915792752861bbb60388b3807f,D20,60,1.892989158630371,2.311534881591797,0.014573760330677032,0.005906868260353804,0.011228542774915695,1.9009299479862005,0.2789661127814863,-0.3629249036312103,1,1
43,epoch5,10,a3c4b7957b7c11b073f1daa1e16883390b82c9915792752861bbb60388b3807f,D40,45,1.892989158630371,2.311534881591797,0.014573760330677032,0.004266107454895973,0.002321806736290455,0.5442447854017007,-0.2642057233931905,0.05371199548244476,0,1
43,epoch5,11,1a50ac51658d5ba7bc54cdce02199aa8c5d6d07979efd6817b6007444dd0f941,all,27,1.7697479724884033,2.1673901081085205,0.01288292370736599,0.003543692175298929,0.0022048894315958023,0.6222011739520824,-0.2060691738116445,0.036760419607162476,0,1
43,epoch5,11,1a50ac51658d5ba7bc54cdce02199aa8c5d6d07979efd6817b6007444dd0f941,D00,70,1.7697479724884033,2.1673901081085205,0.01288292370736599,0.010538162663578987,0.008441213518381119,0.8010137808514621,-0.09636001213516018,0.03989306837320328,0,1
43,epoch5,11,1a50ac51658d5ba7bc54cdce02199aa8c5d6d07979efd6817b6007444dd0f941,D10,70,1.7697479724884033,2.1673901081085205,0.01288292370736599,0.01258008647710085,0.0034556204918771982,0.27468972476201653,-0.5611575858019308,0.09781821817159653,0,1
43,epoch5,11,1a50ac51658d5ba7bc54cdce02199aa8c5d6d07979efd6817b6007444dd0f941,D20,70,1.7697479724884033,2.1673901081085205,0.01288292370736599,0.002305628964677453,0.0027527413330972195,1.193922081683388,0.07697598458301154,0.15941362082958221,0,1
43,epoch5,11,1a50ac51658d5ba7bc54cdce02199aa8c5d6d07979efd6817b6007444dd0f941,D40,60,1.7697479724884033,2.1673901081085205,0.01288292370736599,0.00011901849211426452,8.782092481851578e-05,0.7378763018960339,-0.13201643750848932,-0.005687842145562172,1,1
43,epoch5,12,a4534ce8b8156f22da77d962aa5685381556c24601b584a139224fe097731d2e,all,10,1.9792934656143188,2.298264980316162,0.018900137394666672,0.00846271775662899,0.0067639728076756,0.7992672096829964,-0.09730800380210508,0.21694497764110565,0,1
43,epoch5,12,a4534ce8b8156f22da77d962aa5685381556c24601b584a139224fe097731d2e,D00,50,1.9792934656143188,2.298264980316162,0.018900137394666672,0.004294993821531534,0.012892395257949829,3.0017261476182013,0.47737106831920595,-0.06805294752120972,1,1
43,epoch5,12,a4534ce8b8156f22da77d962aa5685381556c24601b584a139224fe097731d2e,D10,10,1.9792934656143188,2.298264980316162,0.018900137394666672,0.06285908073186874,0.02105819247663021,0.3350063703040121,-0.47494693457038956,0.4126841425895691,0,1
43,epoch5,12,a4534ce8b8156f22da77d962aa5685381556c24601b584a139224fe097731d2e,D20,30,1.9792934656143188,2.298264980316162,0.018900137394666672,0.006608664058148861,0.009819462895393372,1.4858468835748144,0.17197405771209565,0.6149991750717163,0,1
43,epoch5,12,a4534ce8b8156f22da77d962aa5685381556c24601b584a139224fe097731d2e,D40,10,1.9792934656143188,2.298264980316162,0.018900137394666672,0.0,0.0008899932145141065,,,,,1
43,epoch5,13,bebf1379a39279f25bf2470ca784661aff6818b4b2ece729feeecbe448c06b0a,all,32,1.8698755502700806,2.0164973735809326,0.017938798293471336,0.005523634143173695,0.003492038929834962,0.6321995337346064,-0.19914582880102977,0.05323970317840576,0,1
43,epoch5,13,bebf1379a39279f25bf2470ca784661aff6818b4b2ece729feeecbe448c06b0a,D00,39,1.8698755502700806,2.0164973735809326,0.017938798293471336,0.008821265771985054,0.018633294850587845,2.11231532211219,0.324758749293393,-0.11279097944498062,1,1
43,epoch5,13,bebf1379a39279f25bf2470ca784661aff6818b4b2ece729feeecbe448c06b0a,D10,72,1.8698755502700806,2.0164973735809326,0.017938798293471336,0.02066950686275959,0.00445323484018445,0.21544949619518391,-0.6666545171240349,-0.3525603115558624,1,1
43,epoch5,13,bebf1379a39279f25bf2470ca784661aff6818b4b2ece729feeecbe448c06b0a,D20,150,1.8698755502700806,2.0164973735809326,0.017938798293471336,0.003653257852420211,0.004886684939265251,1.3376238789243742,0.12633401307978215,0.2545240819454193,0,1
43,epoch5,13,bebf1379a39279f25bf2470ca784661aff6818b4b2ece729feeecbe448c06b0a,D40,40,1.8698755502700806,2.0164973735809326,0.017938798293471336,0.001695404527708888,0.0015571832191199064,0.9184729624523481,-0.03693362371372984,-0.05513188615441322,1,1
43,epoch5,14,a5027d0cd59953da796d4dea2969bf081ed8077a4b089ab997a63f25a61d4f65,all,14,1.645156741142273,1.9098050594329834,0.015614291653037071,0.004181549418717623,0.0043702940456569195,1.0451374856636706,0.019173424741413356,-0.2768871486186981,1,1
43,epoch5,14,a5027d0cd59953da796d4dea2969bf081ed8077a4b089ab997a63f25a61d4f65,D00,50,1.645156741142273,1.9098050594329834,0.015614291653037071,0.005104105453938246,0.008738911710679531,1.7121338478492303,0.23353771309236898,0.03513742610812187,0,1
43,epoch5,14,a5027d0cd59953da796d4dea2969bf081ed8077a4b089ab997a63f25a61d4f65,D10,10,1.645156741142273,1.9098050594329834,0.015614291653037071,0.07343680411577225,0.0657820776104927,0.8957644385884228,-0.04780618282834226,-0.4396553635597229,1,1
43,epoch5,14,a5027d0cd59953da796d4dea2969bf081ed8077a4b089ab997a63f25a61d4f65,D20,50,1.645156741142273,1.9098050594329834,0.015614291653037071,0.0041509768925607204,0.003734853584319353,0.8997529210564545,-0.04587673473157767,0.05307412147521973,0,1
43,epoch5,14,a5027d0cd59953da796d4dea2969bf081ed8077a4b089ab997a63f25a61d4f65,D40,30,1.645156741142273,1.9098050594329834,0.015614291653037071,0.00866937730461359,0.0069741797633469105,0.8044614414965484,-0.09449476716046659,-0.3259202539920807,1,1
43,epoch5,15,97e557dc2e2ba54a9bf43e9ee0ceab14f58ba53dd8f70b1de2ba8002bd1b4024,all,22,1.89848792552948,1.950377345085144,0.019602879881858826,0.0049876319244503975,0.005181681830435991,1.0389062202113033,0.01657634651492004,-0.023443011566996574,1,1
43,epoch5,15,97e557dc2e2ba54a9bf43e9ee0ceab14f58ba53dd8f70b1de2ba8002bd1b4024,D00,70,1.89848792552948,1.950377345085144,0.019602879881858826,0.009977858513593674,0.016244987025856972,1.628103565882906,0.211682027494749,0.20991063117980957,0,1
43,epoch5,15,97e557dc2e2ba54a9bf43e9ee0ceab14f58ba53dd8f70b1de2ba8002bd1b4024,D10,70,1.89848792552948,1.950377345085144,0.019602879881858826,0.014366533607244492,0.007273092865943909,0.5062524520373075,-0.29563286026380714,-0.22797131538391113,1,1
43,epoch5,15,97e557dc2e2ba54a9bf43e9ee0ceab14f58ba53dd8f70b1de2ba8002bd1b4024,D20,80,1.89848792552948,1.950377345085144,0.019602879881858826,0.002613834571093321,0.004498307593166828,1.7209610902365813,0.23577105133478105,-0.2212785929441452,1,1
43,epoch5,16,765c81fe9136f77108d5a3192e09f930584736691268a02f9f4277315c467459,all,26,1.846053123474121,1.9836558103561401,0.014609532430768013,0.003355798777192831,0.0029327620286494493,0.8739385831419674,-0.058519086747464984,0.1351442188024521,0,1
43,epoch5,16,765c81fe9136f77108d5a3192e09f930584736691268a02f9f4277315c467459,D00,40,1.846053123474121,1.9836558103561401,0.014609532430768013,0.0011219900334253907,0.01181016955524683,10.526091322924549,1.0222671335769604,0.008296738378703594,0,1
43,epoch5,16,765c81fe9136f77108d5a3192e09f930584736691268a02f9f4277315c467459,D10,30,1.846053123474121,1.9836558103561401,0.014609532430768013,0.020848428830504417,0.011290982365608215,0.5415747372333302,-0.2663416023289146,-0.17008540034294128,1,1
43,epoch5,16,765c81fe9136f77108d5a3192e09f930584736691268a02f9f4277315c467459,D20,130,1.846053123474121,1.9836558103561401,0.014609532430768013,0.004267891403287649,0.005180924665182829,1.2139307624350166,0.0841939170935091,0.22348935902118683,0,1
43,epoch5,16,765c81fe9136f77108d5a3192e09f930584736691268a02f9f4277315c467459,D40,49,1.846053123474121,1.9836558103561401,0.014609532430768013,0.0005601922748610377,0.0006672723102383316,1.1911487183643443,0.075965987790798,-0.4147767424583435,1,1
43,epoch5,17,818c4a2cdd8fd7a454c6ebf5b64ab47888fd393095b89e325426239237aed862,all,15,1.5827507972717285,2.0541863441467285,0.028002355247735977,0.011854925192892551,0.006447602529078722,0.5438754293400593,-0.2645005608631981,0.386647492647171,0,1
43,epoch5,17,818c4a2cdd8fd7a454c6ebf5b64ab47888fd393095b89e325426239237aed862,D00,40,1.5827507972717285,2.0541863441467285,0.028002355247735977,0.017970990389585495,0.017166253179311752,0.9552202080782314,-0.019896498438290267,-0.1256302297115326,1,1
43,epoch5,17,818c4a2cdd8fd7a454c6ebf5b64ab47888fd393095b89e325426239237aed862,D20,110,1.5827507972717285,2.0541863441467285,0.028002355247735977,0.014594708569347858,0.005338375922292471,0.365774753015915,-0.4367862742676706,0.6539131999015808,0,1
43,epoch5,18,9d33f9b80970a78760c50e7a00a3f75a106deb72dde43191034a7f3622269186,all,28,1.5340553522109985,1.777760624885559,0.014180165715515614,0.004346252419054508,0.0021463411394506693,0.4938372032974533,-0.3064161955337437,-0.19092527031898499,1,1
43,epoch5,18,9d33f9b80970a78760c50e7a00a3f75a106deb72dde43191034a7f3622269186,D00,60,1.5340553522109985,1.777760624885559,0.014180165715515614,0.00010801549069583416,0.011990251019597054,111.00492107526465,2.045342232376375,0.10587742924690247,0,1
43,epoch5,18,9d33f9b80970a78760c50e7a00a3f75a106deb72dde43191034a7f3622269186,D10,50,1.5340553522109985,1.777760624885559,0.014180165715515614,0.012121624313294888,0.0027325418777763844,0.22542703907918984,-0.6469939932650621,-0.12836021184921265,1,1
43,epoch5,18,9d33f9b80970a78760c50e7a00a3f75a106deb72dde43191034a7f3622269186,D20,147,1.5340553522109985,1.777760624885559,0.014180165715515614,0.005495829973369837,0.003262203885242343,0.593578022072994,-0.2265221876972329,-0.2889881134033203,1,1
43,epoch5,18,9d33f9b80970a78760c50e7a00a3f75a106deb72dde43191034a7f3622269186,D40,20,1.5340553522109985,1.777760624885559,0.014180165715515614,0.0,0.0004931663861498237,,,,,1
43,epoch5,19,2a337a00f71b9d5b9e4f4820456a997dde9a26e2a8570d0031a4032304e5e290,all,22,1.7245769500732422,2.5422821044921875,0.02138126641511917,0.005541016813367605,0.0034704164136201143,0.6263140016553994,-0.20320787925557168,0.1050805151462555,0,1
43,epoch5,19,2a337a00f71b9d5b9e4f4820456a997dde9a26e2a8570d0031a4032304e5e290,D00,70,1.7245769500732422,2.5422821044921875,0.02138126641511917,0.007094855420291424,0.008789238519966602,1.238818552218726,0.09300770061265422,-0.2034817487001419,1,1
43,epoch5,19,2a337a00f71b9d5b9e4f4820456a997dde9a26e2a8570d0031a4032304e5e290,D10,14,1.7245769500732422,2.5422821044921875,0.02138126641511917,0.06585180014371872,0.03024210035800934,0.4592448542334037,-0.33795570119647755,0.43394705653190613,0,1
43,epoch5,19,2a337a00f71b9d5b9e4f4820456a997dde9a26e2a8570d0031a4032304e5e290,D20,110,1.7245769500732422,2.5422821044921875,0.02138126641511917,0.00903530977666378,0.0036486340686678886,0.4038194770135617,-0.3938127380037734,0.1494593620300293,0,1
43,epoch5,19,2a337a00f71b9d5b9e4f4820456a997dde9a26e2a8570d0031a4032304e5e290,D40,20,1.7245769500732422,2.5422821044921875,0.02138126641511917,0.008742308244109154,0.0032593857031315565,0.3728289614276452,-0.428490358926213,-0.11785755306482315,1,1
43,epoch5,20,416079114cddbd6704444b9e0affb7f2e5045d6c83762da189425d38df68e659,all,14,1.72007155418396,2.197288751602173,0.023438584059476852,0.006690767593681812,0.005819620564579964,0.8697986416499528,-0.06058127490060998,-0.06508076936006546,1,1
43,epoch5,20,416079114cddbd6704444b9e0affb7f2e5045d6c83762da189425d38df68e659,D00,20,1.72007155418396,2.197288751602173,0.023438584059476852,0.03386978432536125,0.02715553529560566,0.8017628643496247,-0.09595406305373609,-0.1272430717945099,1,1
43,epoch5,20,416079114cddbd6704444b9e0affb7f2e5045d6c83762da189425d38df68e659,D10,10,1.72007155418396,2.197288751602173,0.023438584059476852,0.001933999010361731,0.007580933161079884,3.91982266819359,0.5932664200900961,0.32340526580810547,0,1
43,epoch5,20,416079114cddbd6704444b9e0affb7f2e5045d6c83762da189425d38df68e659,D20,100,1.72007155418396,2.197288751602173,0.023438584059476852,0.0031197501812130213,0.0031707577873021364,1.0163499008338168,0.007043249129543495,-0.04313337802886963,1,1
43,epoch5,20,416079114cddbd6704444b9e0affb7f2e5045d6c83762da189425d38df68e659,D40,10,1.72007155418396,2.197288751602173,0.023438584059476852,0.010648487135767937,0.013323213905096054,1.2511837348559867,0.09732109000908594,-0.0016457898309454322,1,1
43,epoch5,21,a0b7e0d587d81d840d751b4be2adc2060e7cdecb840ca465510a9bbe0ae50148,all,22,1.7350397109985352,2.0986180305480957,0.02472211793065071,0.004596524406224489,0.0024491148069500923,0.5328188410429339,-0.27342042644979414,0.03941233456134796,0,1
43,epoch5,21,a0b7e0d587d81d840d751b4be2adc2060e7cdecb840ca465510a9bbe0ae50148,D00,42,1.7350397109985352,2.0986180305480957,0.02472211793065071,0.01714305207133293,0.012027213349938393,0.7015794678737878,-0.15392312933357066,0.06424248218536377,0,1
43,epoch5,21,a0b7e0d587d81d840d751b4be2adc2060e7cdecb840ca465510a9bbe0ae50148,D10,10,1.7350397109985352,2.0986180305480957,0.02472211793065071,0.04243001341819763,0.01770857721567154,0.4173596892636518,-0.3794894996303518,0.5420876145362854,0,1
43,epoch5,21,a0b7e0d587d81d840d751b4be2adc2060e7cdecb840ca465510a9bbe0ae50148,D20,138,1.7350397109985352,2.0986180305480957,0.02472211793065071,0.005414337385445833,0.0020384802483022213,0.37649671662165296,-0.42423880687182214,-0.05164581537246704,1,1
43,epoch5,21,a0b7e0d587d81d840d751b4be2adc2060e7cdecb840ca465510a9bbe0ae50148,D40,20,1.7350397109985352,2.0986180305480957,0.02472211793065071,0.0,0.0002403692778898403,,,,,1
43,epoch5,22,2297f487f0ecec69d9bb03ab1c1ab6462947f9be30d9f1404026cda7df27620b,all,24,1.4057114124298096,2.0833070278167725,0.012544414028525352,0.0013995413901284337,0.0033445379231125116,2.389738486266268,0.37835037785793457,0.0884505957365036,0,1
43,epoch5,22,2297f487f0ecec69d9bb03ab1c1ab6462947f9be30d9f1404026cda7df27620b,D00,60,1.4057114124298096,2.0833070278167725,0.012544414028525352,0.007656244561076164,0.01679825596511364,2.194059480612055,0.34124839705429866,0.047189224511384964,0,1
43,epoch5,22,2297f487f0ecec69d9bb03ab1c1ab6462947f9be30d9f1404026cda7df27620b,D10,20,1.4057114124298096,2.0833070278167725,0.012544414028525352,0.0,0.012331821024417877,,,,,1
43,epoch5,22,2297f487f0ecec69d9bb03ab1c1ab6462947f9be30d9f1404026cda7df27620b,D20,106,1.4057114124298096,2.0833070278167725,0.012544414028525352,0.0012489644577726722,0.0027081689331680536,2.168331465570797,0.3361256720844857,-0.24705050885677338,1,1
43,epoch5,22,2297f487f0ecec69d9bb03ab1c1ab6462947f9be30d9f1404026cda7df27620b,D40,47,1.4057114124298096,2.0833070278167725,0.012544414028525352,0.0,0.00016046667587943375,,,,,1
43,epoch5,23,bde13578b9281c4539c651383b60b4fb0bfefe18442c462348aed858a8942b34,all,32,1.9106807708740234,2.0806124210357666,0.023810435086488724,0.003458793740719557,0.0039315191097557545,1.1366734776552052,0.05563572658885561,0.2982906699180603,0,1
43,epoch5,23,bde13578b9281c4539c651383b60b4fb0bfefe18442c462348aed858a8942b34,D00,19,1.9106807708740234,2.0806124210357666,0.023810435086488724,0.018426038324832916,0.01783650368452072,0.9680053503678175,-0.014122242248633511,0.027307726442813873,0,1
43,epoch5,23,bde13578b9281c4539c651383b60b4fb0bfefe18442c462348aed858a8942b34,D10,70,1.9106807708740234,2.0806124210357666,0.023810435086488724,0.008234608918428421,0.01103892270475626,1.3405521517909613,0.12728371409992495,0.23532412946224213,0,1
43,epoch5,23,bde13578b9281c4539c651383b60b4fb0bfefe18442c462348aed858a8942b34,D20,180,1.9106807708740234,2.0806124210357666,0.023810435086488724,0.004508802201598883,0.003422136651352048,0.7589901925922835,-0.11976383587075355,0.2371707409620285,0,1
43,epoch5,23,bde13578b9281c4539c651383b60b4fb0bfefe18442c462348aed858a8942b34,D40,39,1.9106807708740234,2.0806124210357666,0.023810435086488724,0.0,0.00019942164362873882,,,,,1
43,epoch5,24,9af470d40aa040f9f4f93f72a3dfeb98d56790738cccce74e880be9521001a33,all,32,1.659735918045044,1.740835428237915,0.02033192478120327,0.0038060727529227734,0.002073490060865879,0.5447846626877001,-0.2637751276074967,-0.19672295451164246,1,1
43,epoch5,24,9af470d40aa040f9f4f93f72a3dfeb98d56790738cccce74e880be9521001a33,D00,50,1.659735918045044,1.740835428237915,0.02033192478120327,0.004601745866239071,0.014040780253708363,3.0511854982517006,0.48446861158150856,0.001011771964840591,0,1
43,epoch5,24,9af470d40aa040f9f4f93f72a3dfeb98d56790738cccce74e880be9521001a33,D10,80,1.659735918045044,1.740835428237915,0.02033192478120327,0.014015240594744682,0.004495370667427778,0.3207487332834953,-0.49383505008654727,-0.31401118636131287,1,1
43,epoch5,24,9af470d40aa040f9f4f93f72a3dfeb98d56790738cccce74e880be9521001a33,D20,150,1.659735918045044,1.740835428237915,0.02033192478120327,0.0035983510315418243,0.002121452009305358,0.5895622719155214,-0.2294703162330613,-0.23461206257343292,1,1
43,epoch5,24,9af470d40aa040f9f4f93f72a3dfeb98d56790738cccce74e880be9521001a33,D40,40,1.659735918045044,1.740835428237915,0.02033192478120327,0.0,0.00010239458788419142,,,,,1
43,epoch5,25,6542ffe3661e0f2f2f4c6f405b5127dcd77840963b39b61cd6d0a59e03ed4389,all,26,1.9538630247116089,2.0827438831329346,0.02124580182135105,0.004369562957435846,0.004248750861734152,0.9723514463852491,-0.012176735445140273,-0.28236517310142517,1,1
43,epoch5,25,6542ffe3661e0f2f2f4c6f405b5127dcd77840963b39b61cd6d0a59e03ed4389,D00,50,1.9538630247116089,2.0827438831329346,0.02124580182135105,0.013823634013533592,0.0070259119383990765,0.5082536134507453,-0.29391952504380325,-0.12071965634822845,1,1
43,epoch5,25,6542ffe3661e0f2f2f4c6f405b5127dcd77840963b39b61cd6d0a59e03ed4389,D10,80,1.9538630247116089,2.0827438831329346,0.02124580182135105,0.011082204058766365,0.004887804854661226,0.4410498876164279,-0.35551228424836,0.36477914452552795,0,1
43,epoch5,25,6542ffe3661e0f2f2f4c6f405b5127dcd77840963b39b61cd6d0a59e03ed4389,D20,120,1.9538630247116089,2.0827438831329346,0.02124580182135105,0.00659986212849617,0.006569488439708948,0.9953978298037351,-0.002003310452845491,-0.548136293888092,1,1
43,epoch5,25,6542ffe3661e0f2f2f4c6f405b5127dcd77840963b39b61cd6d0a59e03ed4389,D40,7,1.9538630247116089,2.0827438831329346,0.02124580182135105,0.0,0.003310650587081909,,,,,1
43,epoch5,26,d3630edb5cad7433911883c7c4c6d5fe7e5856e35b45f6a8bb6c8d5499c386f1,all,43,1.7246265411376953,1.9741296768188477,0.011706729419529438,0.002890318399295211,0.00357843772508204,1.2380773432970649,0.0927477761202228,0.012457078322768211,0,1
43,epoch5,26,d3630edb5cad7433911883c7c4c6d5fe7e5856e35b45f6a8bb6c8d5499c386f1,D00,41,1.7246265411376953,1.9741296768188477,0.011706729419529438,0.010202485136687756,0.01831343024969101,1.7949970036061702,0.25406372794587445,0.07536768913269043,0,1
43,epoch5,26,d3630edb5cad7433911883c7c4c6d5fe7e5856e35b45f6a8bb6c8d5499c386f1,D10,83,1.7246265411376953,1.9741296768188477,0.011706729419529438,0.01289906445890665,0.011715656146407127,0.9082562680208646,-0.04179159631965909,0.04750758409500122,0,1
43,epoch5,26,d3630edb5cad7433911883c7c4c6d5fe7e5856e35b45f6a8bb6c8d5499c386f1,D20,170,1.7246265411376953,1.9741296768188477,0.011706729419529438,0.004558807238936424,0.003738975618034601,0.8201653244077302,-0.08609859610281595,0.07835197448730469,0,1
43,epoch5,26,d3630edb5cad7433911883c7c4c6d5fe7e5856e35b45f6a8bb6c8d5499c386f1,D40,109,1.7246265411376953,1.9741296768188477,0.011706729419529438,9.74045688053593e-05,5.130069621372968e-05,0.5266764880017318,-0.2784560690718464,0.12938208878040314,0,1
43,epoch5,27,3708d434b5f52016554190e86c55f7d348fc1df0fd5af7c3b5cd80296ff25431,all,20,1.8221478462219238,2.0977675914764404,0.02037162147462368,0.003589854808524251,0.003737310878932476,1.0410757755600826,0.017482341143511104,0.3167375326156616,0,1
43,epoch5,27,3708d434b5f52016554190e86c55f7d348fc1df0fd5af7c3b5cd80296ff25431,D00,18,1.8221478462219238,2.0977675914764404,0.02037162147462368,0.012607833370566368,0.013897782191634178,1.1023132827944302,0.04230504066189648,0.04700910672545433,0,1
43,epoch5,27,3708d434b5f52016554190e86c55f7d348fc1df0fd5af7c3b5cd80296ff25431,D10,30,1.8221478462219238,2.0977675914764404,0.02037162147462368,0.01097179763019085,0.014143619686365128,1.289088640082683,0.11028278125971049,0.38710054755210876,0,1
43,epoch5,27,3708d434b5f52016554190e86c55f7d348fc1df0fd5af7c3b5cd80296ff25431,D20,120,1.8221478462219238,2.0977675914764404,0.02037162147462368,0.004159182775765657,0.004042512737214565,0.9719488070514971,-0.012356608942596511,0.307070255279541,0,1
43,epoch5,27,3708d434b5f52016554190e86c55f7d348fc1df0fd5af7c3b5cd80296ff25431,D40,14,1.8221478462219238,2.0977675914764404,0.02037162147462368,0.0,0.001423644949682057,,,,,1
43,epoch5,28,a98b1fcfc47c8cf2bad69c00d1f7c9b8bcef8312c34a4da3914256dbb3ec791e,all,37,1.8646565675735474,1.912590742111206,0.02111772447824478,0.0035355191212147474,0.002658899873495102,0.7520535973177107,-0.12375120702823256,-0.12491670995950699,1,1
43,epoch5,28,a98b1fcfc47c8cf2bad69c00d1f7c9b8bcef8312c34a4da3914256dbb3ec791e,D00,30,1.8646565675735474,1.912590742111206,0.02111772447824478,0.014136855490505695,0.012195240706205368,0.8626558228876064,-0.06416244186868102,0.0516248494386673,0,1
43,epoch5,28,a98b1fcfc47c8cf2bad69c00d1f7c9b8bcef8312c34a4da3914256dbb3ec791e,D10,100,1.8646565675735474,1.912590742111206,0.02111772447824478,0.01063575316220522,0.00822040718048811,0.7729031555282624,-0.11187491960632971,-0.031663693487644196,1,1
43,epoch5,28,a98b1fcfc47c8cf2bad69c00d1f7c9b8bcef8312c34a4da3914256dbb3ec791e,D20,180,1.8646565675735474,1.912590742111206,0.02111772447824478,0.00427997624501586,0.002354143653064966,0.5500366166299231,-0.2596083980130501,-0.11492544412612915,1,1
43,epoch5,28,a98b1fcfc47c8cf2bad69c00d1f7c9b8bcef8312c34a4da3914256dbb3ec791e,D40,41,1.8646565675735474,1.912590742111206,0.02111772447824478,0.0,0.00019461083866190165,,,,,1
43,epoch5,29,2225223d7da6b47c0e6dcf38e16fd1007a3c71319a5a080ce19997478a3e9f8d,all,29,1.7437998056411743,1.7432408332824707,0.013012142851948738,0.003969426266849041,0.004663967993110418,1.1749728246779376,0.07002782215763018,0.19075976312160492,0,1
43,epoch5,29,2225223d7da6b47c0e6dcf38e16fd1007a3c71319a5a080ce19997478a3e9f8d,D00,30,1.7437998056411743,1.7432408332824707,0.013012142851948738,0.009233202785253525,0.019254060462117195,2.085306790062937,0.31916995735775405,-0.3696935176849365,1,1
43,epoch5,29,2225223d7da6b47c0e6dcf38e16fd1007a3c71319a5a080ce19997478a3e9f8d,D10,70,1.7437998056411743,1.7432408332824707,0.013012142851948738,0.012117847800254822,0.009440915659070015,0.7790917838456005,-0.10841137561423989,0.4553491473197937,0,1
43,epoch5,29,2225223d7da6b47c0e6dcf38e16fd1007a3c71319a5a080ce19997478a3e9f8d,D20,120,1.7437998056411743,1.7432408332824707,0.013012142851948738,0.005349498242139816,0.00540388748049736,1.010167166320217,0.004393248439162458,-0.013854275457561016,1,1
43,epoch5,29,2225223d7da6b47c0e6dcf38e16fd1007a3c71319a5a080ce19997478a3e9f8d,D40,58,1.7437998056411743,1.7432408332824707,0.013012142851948738,9.362030687043443e-05,8.618495485279709e-05,0.9205797089735299,-0.0359386018708363,0.23094750940799713,0,1
43,epoch5,30,b04a9f5f8c8525ee7d89d5ab3951357bcb40fe551b1336bd27c9a1653c34a525,all,16,1.5707612037658691,1.5468313694000244,0.023990590125322342,0.004971294663846493,0.004280607681721449,0.8610649682168243,-0.06496407935517064,-0.15678176283836365,1,1
43,epoch5,30,b04a9f5f8c8525ee7d89d5ab3951357bcb40fe551b1336bd27c9a1653c34a525,D00,10,1.5707612037658691,1.5468313694000244,0.023990590125322342,0.022385433316230774,0.032878708094358444,1.468754597237098,0.16694923897007802,-0.23306496441364288,1,1
43,epoch5,30,b04a9f5f8c8525ee7d89d5ab3951357bcb40fe551b1336bd27c9a1653c34a525,D10,34,1.5707612037658691,1.5468313694000244,0.023990590125322342,0.016158008947968483,0.01972152292728424,1.2205416515605898,0.08655260451049929,-0.5848829746246338,1,1
43,epoch5,30,b04a9f5f8c8525ee7d89d5ab3951357bcb40fe551b1336bd27c9a1653c34a525,D20,100,1.5707612037658691,1.5468313694000244,0.023990590125322342,0.004816755186766386,0.002555843908339739,0.5306152812917909,-0.2752202468430674,0.2813223898410797,0,1
43,epoch5,30,b04a9f5f8c8525ee7d89d5ab3951357bcb40fe551b1336bd27c9a1653c34a525,D40,3,1.5707612037658691,1.5468313694000244,0.023990590125322342,0.0,0.004199694376438856,,,,,1
43,epoch5,31,a97e08f577b4294fca98444b9e8371a1e6f50330c8c6f36739d4652e1115e800,all,27,1.7957546710968018,1.9420368671417236,0.017489125952124596,0.006182314362376928,0.004050318151712418,0.6551459395790385,-0.1836619462768727,-0.2764796018600464,1,1
43,epoch5,31,a97e08f577b4294fca98444b9e8371a1e6f50330c8c6f36739d4652e1115e800,D00,70,1.7957546710968018,1.9420368671417236,0.017489125952124596,0.009036307223141193,0.008857754059135914,0.9802404721756227,-0.008667370299534691,0.28790971636772156,0,1
43,epoch5,31,a97e08f577b4294fca98444b9e8371a1e6f50330c8c6f36739d4652e1115e800,D10,60,1.7957546710968018,1.9420368671417236,0.017489125952124596,0.021915342658758163,0.01121766772121191,0.511863669935771,-0.2908456938651419,-0.41053226590156555,1,1
43,epoch5,31,a97e08f577b4294fca98444b9e8371a1e6f50330c8c6f36739d4652e1115e800,D20,80,1.7957546710968018,1.9420368671417236,0.017489125952124596,0.008309181779623032,0.004292199853807688,0.516561072756121,-0.28687832469037705,-0.20566321909427643,1,1
43,epoch5,31,a97e08f577b4294fca98444b9e8371a1e6f50330c8c6f36739d4652e1115e800,D40,46,1.7957546710968018,1.9420368671417236,0.017489125952124596,0.0011622350430116057,0.000848907046020031,0.7304090950659401,-0.13643382759813055,-0.456668883562088,1,1
43,epoch20,0,886703586ffce1566642efa3528edf8bf420c0925651ae888df1adf072710d17,all,27,1.7902485132217407,1.5732307434082031,0.014275395311415195,0.012548046186566353,0.006160265300422907,0.4909342226535589,-0.30897669250483506,0.1844102293252945,0,1
43,epoch20,0,886703586ffce1566642efa3528edf8bf420c0925651ae888df1adf072710d17,D00,60,1.7902485132217407,1.5732307434082031,0.014275395311415195,0.04140861704945564,0.01890522427856922,0.4565529019235321,-0.34050889242905885,0.2894052267074585,0,1
43,epoch20,0,886703586ffce1566642efa3528edf8bf420c0925651ae888df1adf072710d17,D10,106,1.7902485132217407,1.5732307434082031,0.014275395311415195,0.013959149830043316,0.007934332825243473,0.5683965658257322,-0.24534855468446926,0.21774549782276154,0,1
43,epoch20,0,886703586ffce1566642efa3528edf8bf420c0925651ae888df1adf072710d17,D20,100,1.7902485132217407,1.5732307434082031,0.014275395311415195,0.007901029661297798,0.007055994588881731,0.8930474749948902,-0.04912545311563854,-0.1369217187166214,1,1
43,epoch20,1,2a6bc5cbae2770f2ef1e8306a3806f5601b8e59e9d7cce214dc29219d96ecf10,all,31,2.1585402488708496,1.6921924352645874,0.01962619461119175,0.005076420493423939,0.003569337772205472,0.7031209839352824,-0.1529699407912662,-0.1345672756433487,1,1
43,epoch20,1,2a6bc5cbae2770f2ef1e8306a3806f5601b8e59e9d7cce214dc29219d96ecf10,D00,95,2.1585402488708496,1.6921924352645874,0.01962619461119175,0.013449570164084435,0.006654711440205574,0.494789897299189,-0.30557917644794336,-0.15248310565948486,1,1
43,epoch20,1,2a6bc5cbae2770f2ef1e8306a3806f5601b8e59e9d7cce214dc29219d96ecf10,D10,40,2.1585402488708496,1.6921924352645874,0.01962619461119175,0.0056448825635015965,0.012907425872981548,2.286571195730049,0.3591847283195094,0.049465667456388474,0,1
43,epoch20,1,2a6bc5cbae2770f2ef1e8306a3806f5601b8e59e9d7cce214dc29219d96ecf10,D20,110,2.1585402488708496,1.6921924352645874,0.01962619461119175,0.00516419718042016,0.005535381846129894,1.071876547843112,0.030144768866176046,0.0075487010180950165,0,1
43,epoch20,1,2a6bc5cbae2770f2ef1e8306a3806f5601b8e59e9d7cce214dc29219d96ecf10,D40,28,2.1585402488708496,1.6921924352645874,0.01962619461119175,0.0,0.0012370651820674539,,,,,1
43,epoch20,2,a2bc40b1696e829db4e198594caa9d2c0539cd5454ab0301acbe1229f059b476,all,20,1.9531426429748535,1.4371289014816284,0.023422593250870705,0.006573089864104986,0.005843377206474543,0.888984834725091,-0.051105647636520216,0.39193016290664673,0,1
43,epoch20,2,a2bc40b1696e829db4e198594caa9d2c0539cd5454ab0301acbe1229f059b476,D00,70,1.9531426429748535,1.4371289014816284,0.023422593250870705,0.01540974248200655,0.010288535617291927,0.6676643447679618,-0.17544181574493065,-0.28116121888160706,1,1
43,epoch20,2,a2bc40b1696e829db4e198594caa9d2c0539cd5454ab0301acbe1229f059b476,D10,40,1.9531426429748535,1.4371289014816284,0.023422593250870705,0.026985367760062218,0.028565499931573868,1.0585551468322107,0.02471348809096236,0.5953193306922913,0,1
43,epoch20,2,a2bc40b1696e829db4e198594caa9d2c0539cd5454ab0301acbe1229f059b476,D20,90,1.9531426429748535,1.4371289014816284,0.023422593250870705,0.005604386329650879,0.0021367196459323168,0.3812584501228384,-0.41878052193748283,-0.013434948399662971,1,1
43,epoch20,3,e07c1c00a84116748407ba9562508b567be535ceb684974e9c70405b37eda097,all,17,1.578669548034668,1.207166314125061,0.016897184774279594,0.006247309967875481,0.0046617682091891766,0.7462040835432568,-0.12714237864623434,-0.0279974527657032,1,1
43,epoch20,3,e07c1c00a84116748407ba9562508b567be535ceb684974e9c70405b37eda097,D00,50,1.578669548034668,1.207166314125061,0.016897184774279594,0.020809752866625786,0.01091962493956089,0.5247359259644808,-0.28005920087883035,-0.3729621171951294,1,1
43,epoch20,3,e07c1c00a84116748407ba9562508b567be535ceb684974e9c70405b37eda097,D10,30,1.578669548034668,1.207166314125061,0.016897184774279594,0.013892270624637604,0.008525936864316463,0.613718023113941,-0.21203112256257775,0.07859693467617035,0,1
43,epoch20,3,e07c1c00a84116748407ba9562508b567be535ceb684974e9c70405b37eda097,D20,80,1.578669548034668,1.207166314125061,0.016897184774279594,0.006052929908037186,0.005144637078046799,0.8499416243389272,-0.07061090145992122,0.0907713994383812,0,1
43,epoch20,3,e07c1c00a84116748407ba9562508b567be535ceb684974e9c70405b37eda097,D40,10,1.578669548034668,1.207166314125061,0.016897184774279594,0.0,0.003464554436504841,,,,,1
43,epoch20,4,aebb281f8c5a342bc96208dae814f3fceb96b28b4c180382086623c0d6c23b4f,all,30,1.7672405242919922,2.2928285598754883,0.012801460921764374,0.004701115190982819,0.004253929015249014,0.9048765755428521,-0.04341065418283948,0.09496953338384628,0,1
43,epoch20,4,aebb281f8c5a342bc96208dae814f3fceb96b28b4c180382086623c0d6c23b4f,D00,90,1.7672405242919922,2.2928285598754883,0.012801460921764374,0.009230189025402069,0.006611693184822798,0.7163117858829322,-0.14489790308986003,0.0646306723356247,0,1
43,epoch20,4,aebb281f8c5a342bc96208dae814f3fceb96b28b4c180382086623c0d6c23b4f,D10,25,1.7672405242919922,2.2928285598754883,0.012801460921764374,0.005510698538273573,0.014049789868295193,2.5495478968255814,0.4064631752098107,0.3802255690097809,0,1
43,epoch20,4,aebb281f8c5a342bc96208dae814f3fceb96b28b4c180382086623c0d6c23b4f,D20,100,1.7672405242919922,2.2928285598754883,0.012801460921764374,0.007722257170826197,0.008713769726455212,1.1283967282745822,0.05246181827174131,0.2700595557689667,0,1
43,epoch20,4,aebb281f8c5a342bc96208dae814f3fceb96b28b4c180382086623c0d6c23b4f,D40,67,1.7672405242919922,2.2928285598754883,0.012801460921764374,0.008560815826058388,0.005936889909207821,0.6934958104269032,-0.15895615825900705,0.15671423077583313,0,1
43,epoch20,5,8e0e3fb15223ff04644b68ef88ac40dacd3d12281c3c25fc017b9c5e9508482d,all,29,1.8950034379959106,1.7565579414367676,0.016063636168837547,0.004060159903019667,0.004206857178360224,1.036130910812516,0.015414630169564708,0.2523515820503235,0,1
43,epoch20,5,8e0e3fb15223ff04644b68ef88ac40dacd3d12281c3c25fc017b9c5e9508482d,D00,130,1.8950034379959106,1.7565579414367676,0.016063636168837547,0.007768427021801472,0.00729607418179512,0.9391958193491771,-0.027243849271103134,0.1379489153623581,0,1
43,epoch20,5,8e0e3fb15223ff04644b68ef88ac40dacd3d12281c3c25fc017b9c5e9508482d,D10,30,1.8950034379959106,1.7565579414367676,0.016063636168837547,0.015030103735625744,0.007544930558651686,0.5019879231284341,-0.29930673102583844,-0.26277440786361694,1,1
43,epoch20,5,8e0e3fb15223ff04644b68ef88ac40dacd3d12281c3c25fc017b9c5e9508482d,D20,90,1.8950034379959106,1.7565579414367676,0.016063636168837547,0.002528288634493947,0.006904989946633577,2.731092428462249,0.4363363982326913,-0.007853406481444836,1,1
43,epoch20,5,8e0e3fb15223ff04644b68ef88ac40dacd3d12281c3c25fc017b9c5e9508482d,D40,40,1.8950034379959106,1.7565579414367676,0.016063636168837547,0.0,0.004588379990309477,,,,,1
43,epoch20,6,334f79e24468133a4814f9bcc1ad52d87fcf4ccd83ce8a62073ff99c81b54eaf,all,37,2.021350383758545,2.0856966972351074,0.014423671178519726,0.00908057764172554,0.007894578389823437,0.8693916512037296,-0.060784534669175584,0.3985888659954071,0,1
43,epoch20,6,334f79e24468133a4814f9bcc1ad52d87fcf4ccd83ce8a62073ff99c81b54eaf,D00,100,2.021350383758545,2.0856966972351074,0.014423671178519726,0.013223020359873772,0.017493445426225662,1.3229538297703005,0.12154468785653016,0.16542677581310272,0,1
43,epoch20,6,334f79e24468133a4814f9bcc1ad52d87fcf4ccd83ce8a62073ff99c81b54eaf,D10,117,2.021350383758545,2.0856966972351074,0.014423671178519726,0.013262714259326458,0.011052907444536686,0.833382008269098,-0.07915587968122985,0.1106560081243515,0,1
43,epoch20,6,334f79e24468133a4814f9bcc1ad52d87fcf4ccd83ce8a62073ff99c81b54eaf,D20,130,2.021350383758545,2.0856966972351074,0.014423671178519726,0.016219010576605797,0.015686042606830597,0.9671393043824789,-0.014510966695350706,0.5351747870445251,0,1
43,epoch20,6,334f79e24468133a4814f9bcc1ad52d87fcf4ccd83ce8a62073ff99c81b54eaf,D40,10,2.021350383758545,2.0856966972351074,0.014423671178519726,0.0,0.0008158359560184181,,,,,1
43,epoch20,7,4cffd353e7e306aaebfb783e40e9e05baabcb5e8900af458869ea4f4d3293421,all,24,1.862231969833374,1.6462758779525757,0.020000753924250603,0.005223500542342663,0.0065459320321679115,1.253169589838342,0.09800984748827858,0.35091546177864075,0,1
43,epoch20,7,4cffd353e7e306aaebfb783e40e9e05baabcb5e8900af458869ea4f4d3293421,D00,70,1.862231969833374,1.6462758779525757,0.020000753924250603,0.01240447349846363,0.02086164988577366,1.6817843891848776,0.22577031691409793,0.27447521686553955,0,1
43,epoch20,7,4cffd353e7e306aaebfb783e40e9e05baabcb5e8900af458869ea4f4d3293421,D10,34,1.862231969833374,1.6462758779525757,0.020000753924250603,0.01819763332605362,0.0074973939917981625,0.41199829985936226,-0.3851045761106054,-0.10017835348844528,1,1
43,epoch20,7,4cffd353e7e306aaebfb783e40e9e05baabcb5e8900af458869ea4f4d3293421,D20,100,1.862231969833374,1.6462758779525757,0.020000753924250603,0.006079066079109907,0.004707412328571081,0.7743643953382289,-0.1110546237570206,-0.13476477563381195,1,1
43,epoch20,7,4cffd353e7e306aaebfb783e40e9e05baabcb5e8900af458869ea4f4d3293421,D40,30,1.862231969833374,1.6462758779525757,0.020000753924250603,0.0004409594112075865,0.004408158827573061,9.996745087039024,0.9998586179156299,0.09482265263795853,0,1
43,epoch20,8,9a9e818c03cf6b59f252a010c001516b61a837cff7c0a45a33324e5e3da2f928,all,26,1.8228391408920288,1.8526004552841187,0.012598356232047081,0.004146835301071405,0.005240984261035919,1.2638515592075292,0.10169606856442541,-0.26149824261665344,1,1
43,epoch20,8,9a9e818c03cf6b59f252a010c001516b61a837cff7c0a45a33324e5e3da2f928,D00,106,1.8228391408920288,1.8526004552841187,0.012598356232047081,0.00953700765967369,0.011701889336109161,1.2269980012273096,0.08884385526436607,-0.0288437157869339,1,1
43,epoch20,8,9a9e818c03cf6b59f252a010c001516b61a837cff7c0a45a33324e5e3da2f928,D10,47,1.8228391408920288,1.8526004552841187,0.012598356232047081,0.006353157106786966,0.004829199053347111,0.7601258668998068,-0.11911448827969967,0.08200433105230331,0,1
43,epoch20,8,9a9e818c03cf6b59f252a010c001516b61a837cff7c0a45a33324e5e3da2f928,D20,50,1.8228391408920288,1.8526004552841187,0.012598356232047081,0.008862453512847424,0.015184642747044563,1.7133678303679902,0.23385060847073175,-0.4807263910770416,1,1
43,epoch20,8,9a9e818c03cf6b59f252a010c001516b61a837cff7c0a45a33324e5e3da2f928,D40,50,1.8228391408920288,1.8526004552841187,0.012598356232047081,0.0,0.001357521046884358,,,,,1
43,epoch20,9,7936e23f50a0735d5eecfc1973eab44248d15d7b1c60fca12b65c3f3ad89c533,all,22,1.8571428060531616,1.8864842653274536,0.01426662690937519,0.0085593955591321,0.006739811040461063,0.7874167041234934,-0.10379537639909162,0.020222317427396774,0,1
43,epoch20,9,7936e23f50a0735d5eecfc1973eab44248d15d7b1c60fca12b65c3f3ad89c533,D00,70,1.8571428060531616,1.8864842653274536,0.01426662690937519,0.01983395218849182,0.011991484090685844,0.6045937782205413,-0.21853632639139695,0.4438677430152893,0,1
43,epoch20,9,7936e23f50a0735d5eecfc1973eab44248d15d7b1c60fca12b65c3f3ad89c533,D10,75,1.8571428060531616,1.8864842653274536,0.01426662690937519,0.018100906163454056,0.016549088060855865,0.9142684853131093,-0.038926250034686354,0.06488499790430069,0,1
43,epoch20,9,7936e23f50a0735d5eecfc1973eab44248d15d7b1c60fca12b65c3f3ad89c533,D20,60,1.8571428060531616,1.8864842653274536,0.01426662690937519,0.009740334004163742,0.008160577155649662,0.837812866803256,-0.07685297419830786,-0.6803017854690552,1,1
43,epoch20,10,a3c4b7957b7c11b073f1daa1e16883390b82c9915792752861bbb60388b3807f,all,22,1.810021162033081,1.8989531993865967,0.01304723508656025,0.00607291841879487,0.006863708607852459,1.1302158426186326,0.05316139065753389,-0.08274094015359879,1,1
43,epoch20,10,a3c4b7957b7c11b073f1daa1e16883390b82c9915792752861bbb60388b3807f,D00,70,1.810021162033081,1.8989531993865967,0.01304723508656025,0.0119024021551013,0.007217626553028822,0.6064008306033745,-0.2172402125108724,-0.09327541291713715,1,1
43,epoch20,10,a3c4b7957b7c11b073f1daa1e16883390b82c9915792752861bbb60388b3807f,D10,40,1.810021162033081,1.8989531993865967,0.01304723508656025,0.021795550361275673,0.00651588523760438,0.29895483846928705,-0.5243944132974936,0.08786554634571075,0,1
43,epoch20,10,a3c4b7957b7c11b073f1daa1e16883390b82c9915792752861bbb60388b3807f,D20,60,1.810021162033081,1.8989531993865967,0.01304723508656025,0.01024757232517004,0.01618855632841587,1.5797455060310834,0.19858712858188524,-0.005148228257894516,1,1
43,epoch20,10,a3c4b7957b7c11b073f1daa1e16883390b82c9915792752861bbb60388b3807f,D40,45,1.810021162033081,1.8989531993865967,0.01304723508656025,0.011690287850797176,0.007606934290379286,0.6507054734208755,-0.18661554017487963,-0.00662524439394474,1,1
43,epoch20,11,1a50ac51658d5ba7bc54cdce02199aa8c5d6d07979efd6817b6007444dd0f941,all,27,1.6889969110488892,1.7696490287780762,0.011144562624394894,0.004310507792979479,0.0046463655307888985,1.0779160493240334,0.03258493827645575,0.15798752009868622,0,1
43,epoch20,11,1a50ac51658d5ba7bc54cdce02199aa8c5d6d07979efd6817b6007444dd0f941,D00,70,1.6889969110488892,1.7696490287780762,0.011144562624394894,0.014389469288289547,0.012844281271100044,0.8926167472731598,-0.04933496918707636,0.0903186947107315,0,1
43,epoch20,11,1a50ac51658d5ba7bc54cdce02199aa8c5d6d07979efd6817b6007444dd0f941,D10,70,1.6889969110488892,1.7696490287780762,0.011144562624394894,0.00837152823805809,0.014223126694560051,1.6989880808022375,0.23019033210037318,0.1022181287407875,0,1
43,epoch20,11,1a50ac51658d5ba7bc54cdce02199aa8c5d6d07979efd6817b6007444dd0f941,D20,70,1.6889969110488892,1.7696490287780762,0.011144562624394894,0.008629816584289074,0.007423152681440115,0.8601750232970491,-0.06541317210714279,0.30951428413391113,0,1
43,epoch20,11,1a50ac51658d5ba7bc54cdce02199aa8c5d6d07979efd6817b6007444dd0f941,D40,60,1.6889969110488892,1.7696490287780762,0.011144562624394894,0.0027455806266516447,0.0022284805309027433,0.8116609322161749,-0.0906253574840026,0.4984023869037628,0,1
43,epoch20,12,a4534ce8b8156f22da77d962aa5685381556c24601b584a139224fe097731d2e,all,10,1.727159857749939,1.834246277809143,0.015765953809022903,0.01140119880437851,0.007867170497775078,0.6900301128644274,-0.16113195626927695,0.18729934096336365,0,1
43,epoch20,12,a4534ce8b8156f22da77d962aa5685381556c24601b584a139224fe097731d2e,D00,50,1.727159857749939,1.834246277809143,0.015765953809022903,0.017077568918466568,0.015376931987702847,0.9004169188903249,-0.04555635317432195,-0.0287882499396801,1,1
43,epoch20,12,a4534ce8b8156f22da77d962aa5685381556c24601b584a139224fe097731d2e,D10,10,1.727159857749939,1.834246277809143,0.015765953809022903,0.0816778913140297,0.017643742263317108,0.21601613336810604,-0.665513811945884,0.2821267545223236,0,1
43,epoch20,12,a4534ce8b8156f22da77d962aa5685381556c24601b584a139224fe097731d2e,D20,30,1.727159857749939,1.834246277809143,0.015765953809022903,0.009403319098055363,0.008513583801686764,0.9053807185430303,-0.0431687587026299,-0.09549637883901596,1,1
43,epoch20,12,a4534ce8b8156f22da77d962aa5685381556c24601b584a139224fe097731d2e,D40,10,1.727159857749939,1.834246277809143,0.015765953809022903,0.0,0.0007815550779923797,,,,,1
43,epoch20,13,bebf1379a39279f25bf2470ca784661aff6818b4b2ece729feeecbe448c06b0a,all,32,1.6458916664123535,1.5644947290420532,0.01671832799911499,0.010438044555485249,0.006281326059252024,0.60177229804515,-0.22056780842551252,0.4970541000366211,0,1
43,epoch20,13,bebf1379a39279f25bf2470ca784661aff6818b4b2ece729feeecbe448c06b0a,D00,38,1.6458916664123535,1.5644947290420532,0.01671832799911499,0.020343361422419548,0.014897026121616364,0.7322794798896405,-0.13532313559626366,0.04573342949151993,0,1
43,epoch20,13,bebf1379a39279f25bf2470ca784661aff6818b4b2ece729feeecbe448c06b0a,D10,72,1.6458916664123535,1.5644947290420532,0.01671832799911499,0.03808940201997757,0.017389504238963127,0.45654442749829677,-0.3405169537736681,0.6153587102890015,0,1
43,epoch20,13,bebf1379a39279f25bf2470ca784661aff6818b4b2ece729feeecbe448c06b0a,D20,150,1.6458916664123535,1.5644947290420532,0.01671832799911499,0.006633158773183823,0.005443630740046501,0.8206694466675091,-0.08583173495826345,-0.2066553831100464,1,1
43,epoch20,13,bebf1379a39279f25bf2470ca784661aff6818b4b2ece729feeecbe448c06b0a,D40,40,1.6458916664123535,1.5644947290420532,0.01671832799911499,0.011592798866331577,0.00976464431732893,0.8423025733404147,-0.0745318724821117,-0.00552866468206048,1,1
43,epoch20,14,a5027d0cd59953da796d4dea2969bf081ed8077a4b089ab997a63f25a61d4f65,all,14,1.6111836433410645,1.7289072275161743,0.01574450358748436,0.005727871786803007,0.009403477422893047,1.6417052917557653,0.2152951980626329,0.42802196741104126,0,1
43,epoch20,14,a5027d0cd59953da796d4dea2969bf081ed8077a4b089ab997a63f25a61d4f65,D00,50,1.6111836433410645,1.7289072275161743,0.01574450358748436,0.007211741991341114,0.007990160956978798,1.1079377169305702,0.04451534707684723,-0.11189520359039307,1,1
43,epoch20,14,a5027d0cd59953da796d4dea2969bf081ed8077a4b089ab997a63f25a61d4f65,D10,10,1.6111836433410645,1.7289072275161743,0.01574450358748436,0.007978246547281742,0.025056669488549232,3.1406236119747715,0.4970158914965163,-0.3600003719329834,1,1
43,epoch20,14,a5027d0cd59953da796d4dea2969bf081ed8077a4b089ab997a63f25a61d4f65,D20,50,1.6111836433410645,1.7289072275161743,0.01574450358748436,0.011449201963841915,0.019047696143388748,1.663670201953278,0.2210672380199338,0.57867431640625,0,1
43,epoch20,14,a5027d0cd59953da796d4dea2969bf081ed8077a4b089ab997a63f25a61d4f65,D40,30,1.6111836433410645,1.7289072275161743,0.01574450358748436,0.009691184386610985,0.019722532480955124,2.035100323568615,0.30858582333927836,0.08100687712430954,0,1
43,epoch20,15,97e557dc2e2ba54a9bf43e9ee0ceab14f58ba53dd8f70b1de2ba8002bd1b4024,all,22,1.7151143550872803,1.8190910816192627,0.016399411484599113,0.00609250133857131,0.0077002872712910175,1.2638958686050503,0.10171129423660302,0.10480709373950958,0,1
43,epoch20,15,97e557dc2e2ba54a9bf43e9ee0ceab14f58ba53dd8f70b1de2ba8002bd1b4024,D00,70,1.7151143550872803,1.8190910816192627,0.016399411484599113,0.016630396246910095,0.02224440686404705,1.3375752768476596,0.12631823286118948,0.2667698264122009,0,1
43,epoch20,15,97e557dc2e2ba54a9bf43e9ee0ceab14f58ba53dd8f70b1de2ba8002bd1b4024,D10,70,1.7151143550872803,1.8190910816192627,0.016399411484599113,0.010689925402402878,0.012709444388747215,1.1889179681170077,0.0751518905958653,-0.29420050978660583,1,1
43,epoch20,15,97e557dc2e2ba54a9bf43e9ee0ceab14f58ba53dd8f70b1de2ba8002bd1b4024,D20,80,1.7151143550872803,1.8190910816192627,0.016399411484599113,0.004540678579360247,0.0071833510883152485,1.5819994661078471,0.19920633259626264,-0.09561622142791748,1,1
43,epoch20,16,765c81fe9136f77108d5a3192e09f930584736691268a02f9f4277315c467459,all,26,1.8607622385025024,1.5639872550964355,0.016880296170711517,0.007957058027386665,0.0037111963611096144,0.4664030786675665,-0.33123859151678914,0.30689701437950134,0,1
43,epoch20,16,765c81fe9136f77108d5a3192e09f930584736691268a02f9f4277315c467459,D00,40,1.8607622385025024,1.5639872550964355,0.016880296170711517,0.00873869564384222,0.015483482740819454,1.7718299585968522,0.2484220405834564,0.010372776538133621,0,1
43,epoch20,16,765c81fe9136f77108d5a3192e09f930584736691268a02f9f4277315c467459,D10,30,1.8607622385025024,1.5639872550964355,0.016880296170711517,0.04892021417617798,0.008459558710455894,0.17292562702179118,-0.762140640911041,-0.13140687346458435,1,1
43,epoch20,16,765c81fe9136f77108d5a3192e09f930584736691268a02f9f4277315c467459,D20,130,1.8607622385025024,1.5639872550964355,0.016880296170711517,0.00712725380435586,0.005257336422801018,0.7376384463238798,-0.13215645557810998,0.34415972232818604,0,1
43,epoch20,16,765c81fe9136f77108d5a3192e09f930584736691268a02f9f4277315c467459,D40,49,1.8607622385025024,1.5639872550964355,0.016880296170711517,0.008718452416360378,0.0036725227255374193,0.4212356218915464,-0.37547490971640285,-0.07049839198589325,1,1
43,epoch20,17,818c4a2cdd8fd7a454c6ebf5b64ab47888fd393095b89e325426239237aed862,all,15,1.4411550760269165,1.5091536045074463,0.027395136654376984,0.008822550065815449,0.017504649236798286,1.9840804649693276,0.29755928111631685,0.19069868326187134,0,1
43,epoch20,17,818c4a2cdd8fd7a454c6ebf5b64ab47888fd393095b89e325426239237aed862,D00,40,1.4411550760269165,1.5091536045074463,0.027395136654376984,0.022722501307725906,0.048777926713228226,2.1466794545476904,0.33176719976264435,0.3628106415271759,0,1
43,epoch20,17,818c4a2cdd8fd7a454c6ebf5b64ab47888fd393095b89e325426239237aed862,D20,110,1.4411550760269165,1.5091536045074463,0.027395136654376984,0.008034443482756615,0.008865701965987682,1.103461862046214,0.042757327629885156,-0.08171290159225464,1,1
43,epoch20,18,9d33f9b80970a78760c50e7a00a3f75a106deb72dde43191034a7f3622269186,all,28,1.6099225282669067,1.5117992162704468,0.015493612736463547,0.004710480570793152,0.00421059038490057,0.8938770305110482,-0.04872222241633247,0.07193869352340698,0,1
43,epoch20,18,9d33f9b80970a78760c50e7a00a3f75a106deb72dde43191034a7f3622269186,D00,60,1.6099225282669067,1.5117992162704468,0.015493612736463547,0.00024693156592547894,0.011937594041228294,48.343734412760014,1.6843401953519832,0.10386059433221817,0,1
43,epoch20,18,9d33f9b80970a78760c50e7a00a3f75a106deb72dde43191034a7f3622269186,D10,50,1.6099225282669067,1.5117992162704468,0.015493612736463547,0.01968824863433838,0.007842355407774448,0.39832671526184177,-0.3997605650400408,0.38879501819610596,0,1
43,epoch20,18,9d33f9b80970a78760c50e7a00a3f75a106deb72dde43191034a7f3622269186,D20,148,1.6099225282669067,1.5117992162704468,0.015493612736463547,0.004878370091319084,0.005973259452730417,1.2244375356760357,0.08793663461944017,0.18189376592636108,0,1
43,epoch20,18,9d33f9b80970a78760c50e7a00a3f75a106deb72dde43191034a7f3622269186,D40,20,1.6099225282669067,1.5117992162704468,0.015493612736463547,0.0020737904123961926,0.0018478618003427982,0.8910552335940537,-0.050095374636929826,0.12350830435752869,0,1
43,epoch20,19,2a337a00f71b9d5b9e4f4820456a997dde9a26e2a8570d0031a4032304e5e290,all,22,1.7300783395767212,1.9585367441177368,0.023593086749315262,0.01225944422185421,0.006586670875549316,0.5372732039359203,-0.2698048189752558,0.20999886095523834,0,1
43,epoch20,19,2a337a00f71b9d5b9e4f4820456a997dde9a26e2a8570d0031a4032304e5e290,D00,70,1.7300783395767212,1.9585367441177368,0.023593086749315262,0.01263014879077673,0.014283748343586922,1.1309247879975688,0.05343372318914458,-0.2107127159833908,1,1
43,epoch20,19,2a337a00f71b9d5b9e4f4820456a997dde9a26e2a8570d0031a4032304e5e290,D10,14,1.7300783395767212,1.9585367441177368,0.023593086749315262,0.09248503297567368,0.02112852968275547,0.22845350218248725,-0.641202179841279,-0.08066058903932571,1,1
43,epoch20,19,2a337a00f71b9d5b9e4f4820456a997dde9a26e2a8570d0031a4032304e5e290,D20,110,1.7300783395767212,1.9585367441177368,0.023593086749315262,0.018521687015891075,0.008131103590130806,0.4390044807017067,-0.3575310471061802,0.3792676329612732,0,1
43,epoch20,19,2a337a00f71b9d5b9e4f4820456a997dde9a26e2a8570d0031a4032304e5e290,D40,20,1.7300783395767212,1.9585367441177368,0.023593086749315262,0.03548070043325424,0.018665796145796776,0.5260830794733207,-0.27894566628788564,-0.004569169133901596,1,1
43,epoch20,20,416079114cddbd6704444b9e0affb7f2e5045d6c83762da189425d38df68e659,all,14,1.535569667816162,1.4752025604248047,0.01892562210559845,0.007581180427223444,0.006130999885499477,0.8087130947950429,-0.09220552467572458,0.10702168196439743,0,1
43,epoch20,20,416079114cddbd6704444b9e0affb7f2e5045d6c83762da189425d38df68e659,D00,20,1.535569667816162,1.4752025604248047,0.01892562210559845,0.0235702246427536,0.016872236505150795,0.7158284132153138,-0.14519106725123643,0.14991192519664764,0,1
43,epoch20,20,416079114cddbd6704444b9e0affb7f2e5045d6c83762da189425d38df68e659,D10,10,1.535569667816162,1.4752025604248047,0.01892562210559845,0.04310385510325432,0.04255608841776848,0.9872919328404924,-0.0055544115904128605,0.655947208404541,0,1
43,epoch20,20,416079114cddbd6704444b9e0affb7f2e5045d6c83762da189425d38df68e659,D20,100,1.535569667816162,1.4752025604248047,0.01892562210559845,0.007065511774271727,0.005678748246282339,0.8037278017086983,-0.09489100875332199,-0.04431743919849396,1,1
43,epoch20,20,416079114cddbd6704444b9e0affb7f2e5045d6c83762da189425d38df68e659,D40,10,1.535569667816162,1.4752025604248047,0.01892562210559845,0.03386056795716286,0.031462252140045166,0.9291708331605125,-0.031904431239700944,-0.3357588052749634,1,1
43,epoch20,21,a0b7e0d587d81d840d751b4be2adc2060e7cdecb840ca465510a9bbe0ae50148,all,22,1.655251145362854,1.7597248554229736,0.025340091437101364,0.004821708891540766,0.003145491937175393,0.6523603991717257,-0.18551241020563286,-0.013306803070008755,1,1
43,epoch20,21,a0b7e0d587d81d840d751b4be2adc2060e7cdecb840ca465510a9bbe0ae50148,D00,46,1.655251145362854,1.7597248554229736,0.025340091437101364,0.0262376107275486,0.008876997977495193,0.33833103439463136,-0.4706581634648679,0.1893312633037567,0,1
43,epoch20,21,a0b7e0d587d81d840d751b4be2adc2060e7cdecb840ca465510a9bbe0ae50148,D10,10,1.655251145362854,1.7597248554229736,0.025340091437101364,0.01836979202926159,0.041978150606155396,2.285172882702624,0.3589190618078663,-0.4257550537586212,1,1
43,epoch20,21,a0b7e0d587d81d840d751b4be2adc2060e7cdecb840ca465510a9bbe0ae50148,D20,135,1.655251145362854,1.7597248554229736,0.025340091437101364,0.004393185954540968,0.003226504661142826,0.734433892516611,-0.13404728960460235,0.03576241433620453,0,1
43,epoch20,21,a0b7e0d587d81d840d751b4be2adc2060e7cdecb840ca465510a9bbe0ae50148,D40,20,1.655251145362854,1.7597248554229736,0.025340091437101364,0.005704866722226143,0.007028042338788509,1.2319380418489494,0.09058886630263867,0.1170935109257698,0,1
43,epoch20,22,2297f487f0ecec69d9bb03ab1c1ab6462947f9be30d9f1404026cda7df27620b,all,24,1.2376617193222046,1.5548911094665527,0.010978820733726025,0.0028873360715806484,0.004260307177901268,1.475514824836098,0.1689435773142356,-0.03803933039307594,1,1
43,epoch20,22,2297f487f0ecec69d9bb03ab1c1ab6462947f9be30d9f1404026cda7df27620b,D00,60,1.2376617193222046,1.5548911094665527,0.010978820733726025,0.009934368543326855,0.02555582858622074,2.5724663298692683,0.4103496991399409,0.09385418146848679,0,1
43,epoch20,22,2297f487f0ecec69d9bb03ab1c1ab6462947f9be30d9f1404026cda7df27620b,D10,20,1.2376617193222046,1.5548911094665527,0.010978820733726025,0.021401088684797287,0.00798815581947565,0.37325932045458066,-0.4279893389372844,0.15742315351963043,0,1
43,epoch20,22,2297f487f0ecec69d9bb03ab1c1ab6462947f9be30d9f1404026cda7df27620b,D20,106,1.2376617193222046,1.5548911094665527,0.010978820733726025,0.002422829158604145,0.0031070399563759565,1.2824015863198555,0.10802404656500111,-0.319823294878006,1,1
43,epoch20,22,2297f487f0ecec69d9bb03ab1c1ab6462947f9be30d9f1404026cda7df27620b,D40,47,1.2376617193222046,1.5548911094665527,0.010978820733726025,7.397294393740594e-05,0.0013070565182715654,17.669386247187404,1.2472214643857082,-0.04642670229077339,1,1
43,epoch20,23,bde13578b9281c4539c651383b60b4fb0bfefe18442c462348aed858a8942b34,all,32,1.5982542037963867,1.6825934648513794,0.01900721713900566,0.007267418317496777,0.006791963707655668,0.9345772337479982,-0.029384802573468358,0.3264843225479126,0,1
43,epoch20,23,bde13578b9281c4539c651383b60b4fb0bfefe18442c462348aed858a8942b34,D00,14,1.5982542037963867,1.6825934648513794,0.01900721713900566,0.01341252401471138,0.044302165508270264,3.3030446364664785,0.5189144426711594,-0.012282786890864372,1,1
43,epoch20,23,bde13578b9281c4539c651383b60b4fb0bfefe18442c462348aed858a8942b34,D10,70,1.5982542037963867,1.6825934648513794,0.01900721713900566,0.016029449179768562,0.00660445773974061,0.4120202550737908,-0.3850814333587329,-0.08939018845558167,1,1
43,epoch20,23,bde13578b9281c4539c651383b60b4fb0bfefe18442c462348aed858a8942b34,D20,180,1.5982542037963867,1.6825934648513794,0.01900721713900566,0.008434180170297623,0.009507452137768269,1.127252672553801,0.05202127362952191,0.2742506265640259,0,1
43,epoch20,23,bde13578b9281c4539c651383b60b4fb0bfefe18442c462348aed858a8942b34,D40,38,1.5982542037963867,1.6825934648513794,0.01900721713900566,0.023036886006593704,0.009612291119992733,0.4172565301248384,-0.3795968578242904,-0.03449796512722969,1,1
43,epoch20,24,9af470d40aa040f9f4f93f72a3dfeb98d56790738cccce74e880be9521001a33,all,32,1.6701231002807617,1.3110814094543457,0.019335757941007614,0.0048871273174881935,0.0052338563837111,1.0709474183294068,0.02976814824550541,0.4458765983581543,0,1
43,epoch20,24,9af470d40aa040f9f4f93f72a3dfeb98d56790738cccce74e880be9521001a33,D00,50,1.6701231002807617,1.3110814094543457,0.019335757941007614,0.011174404993653297,0.010810350067913532,0.9674206433410516,-0.014384649639880084,0.1601477861404419,0,1
43,epoch20,24,9af470d40aa040f9f4f93f72a3dfeb98d56790738cccce74e880be9521001a33,D10,80,1.6701231002807617,1.3110814094543457,0.019335757941007614,0.023107239976525307,0.018103862181305885,0.7834714227963893,-0.10597683984399152,0.5277684926986694,0,1
43,epoch20,24,9af470d40aa040f9f4f93f72a3dfeb98d56790738cccce74e880be9521001a33,D20,150,1.6701231002807617,1.3110814094543457,0.019335757941007614,0.0013941911747679114,0.0031819164287298918,2.282266941805581,0.3583664396321623,0.10344523936510086,0,1
43,epoch20,24,9af470d40aa040f9f4f93f72a3dfeb98d56790738cccce74e880be9521001a33,D40,40,1.6701231002807617,1.3110814094543457,0.019335757941007614,0.006702628917992115,0.006911753211170435,1.0312003388128739,0.013343047037877009,-0.03474291041493416,1,1
43,epoch20,25,6542ffe3661e0f2f2f4c6f405b5127dcd77840963b39b61cd6d0a59e03ed4389,all,26,1.9012843370437622,1.6849780082702637,0.02037370577454567,0.0058748903684318066,0.007223349530249834,1.2295292468883932,0.0897388637873606,-0.3124905228614807,1,1
43,epoch20,25,6542ffe3661e0f2f2f4c6f405b5127dcd77840963b39b61cd6d0a59e03ed4389,D00,50,1.9012843370437622,1.6849780082702637,0.02037370577454567,0.024141117930412292,0.014738505706191063,0.6105146310405084,-0.21430392368631013,-0.12249574065208435,1,1
43,epoch20,25,6542ffe3661e0f2f2f4c6f405b5127dcd77840963b39b61cd6d0a59e03ed4389,D10,80,1.9012843370437622,1.6849780082702637,0.02037370577454567,0.012696345336735249,0.008397969417273998,0.6614477784386936,-0.17950443784256834,-0.3839314579963684,1,1
43,epoch20,25,6542ffe3661e0f2f2f4c6f405b5127dcd77840963b39b61cd6d0a59e03ed4389,D20,120,1.9012843370437622,1.6849780082702637,0.02037370577454567,0.006016311701387167,0.01078131515532732,1.79201405951781,0.25334141266263005,-0.07837308943271637,1,1
43,epoch20,25,6542ffe3661e0f2f2f4c6f405b5127dcd77840963b39b61cd6d0a59e03ed4389,D40,7,1.9012843370437622,1.6849780082702637,0.02037370577454567,5.86559071962256e-05,0.004038222134113312,68.84595818463727,1.8378784487376894,0.034385696053504944,0,1
43,epoch20,26,d3630edb5cad7433911883c7c4c6d5fe7e5856e35b45f6a8bb6c8d5499c386f1,all,43,1.5708434581756592,1.5875723361968994,0.009782585315406322,0.005132191348820925,0.0032130745239555836,0.6260628853391756,-0.20338204157531095,0.15338557958602905,0,1
43,epoch20,26,d3630edb5cad7433911883c7c4c6d5fe7e5856e35b45f6a8bb6c8d5499c386f1,D00,43,1.5708434581756592,1.5875723361968994,0.009782585315406322,0.01539403572678566,0.014822334051132202,0.9628621314254393,-0.01643589340260171,0.24123947322368622,0,1
43,epoch20,26,d3630edb5cad7433911883c7c4c6d5fe7e5856e35b45f6a8bb6c8d5499c386f1,D10,81,1.5708434581756592,1.5875723361968994,0.009782585315406322,0.02568425051867962,0.008474371396005154,0.3299442742096726,-0.48155940390049556,0.5335879325866699,0,1
43,epoch20,26,d3630edb5cad7433911883c7c4c6d5fe7e5856e35b45f6a8bb6c8d5499c386f1,D20,170,1.5708434581756592,1.5875723361968994,0.009782585315406322,0.004637883976101875,0.0040252055041491985,0.8678969816602374,-0.06153182200288444,-0.16173866391181946,1,1
43,epoch20,26,d3630edb5cad7433911883c7c4c6d5fe7e5856e35b45f6a8bb6c8d5499c386f1,D40,111,1.5708434581756592,1.5875723361968994,0.009782585315406322,0.003057420952245593,0.0034540477208793163,1.1297259274495426,0.0529730960203114,-0.036601580679416656,1,1
43,epoch20,27,3708d434b5f52016554190e86c55f7d348fc1df0fd5af7c3b5cd80296ff25431,all,20,1.9460420608520508,1.927355408668518,0.021432990208268166,0.004740757402032614,0.0036490922793745995,0.7697276974793185,-0.11366288573361126,-0.44247233867645264,1,1
43,epoch20,27,3708d434b5f52016554190e86c55f7d348fc1df0fd5af7c3b5cd80296ff25431,D00,18,1.9460420608520508,1.927355408668518,0.021432990208268166,0.018293356522917747,0.018674423918128014,1.0208309172093633,0.008953814756877893,0.0334201343357563,0,1
43,epoch20,27,3708d434b5f52016554190e86c55f7d348fc1df0fd5af7c3b5cd80296ff25431,D10,30,1.9460420608520508,1.927355408668518,0.021432990208268166,0.015037263743579388,0.013890448957681656,0.9237351418812881,-0.034452534091963666,-0.7176377773284912,1,1
43,epoch20,27,3708d434b5f52016554190e86c55f7d348fc1df0fd5af7c3b5cd80296ff25431,D20,120,1.9460420608520508,1.927355408668518,0.021432990208268166,0.005521036218851805,0.004590736702084541,0.8314991099694804,-0.08013821130982607,-0.5595487356185913,1,1
43,epoch20,27,3708d434b5f52016554190e86c55f7d348fc1df0fd5af7c3b5cd80296ff25431,D40,14,1.9460420608520508,1.927355408668518,0.021432990208268166,0.0,0.006198658142238855,,,,,1
43,epoch20,28,a98b1fcfc47c8cf2bad69c00d1f7c9b8bcef8312c34a4da3914256dbb3ec791e,all,37,1.7245193719863892,1.5941872596740723,0.019770121201872826,0.0062963711097836494,0.004340554121881723,0.6893739340009883,-0.16154514177743343,0.1304313838481903,0,1
43,epoch20,28,a98b1fcfc47c8cf2bad69c00d1f7c9b8bcef8312c34a4da3914256dbb3ec791e,D00,30,1.7245193719863892,1.5941872596740723,0.019770121201872826,0.04614352062344551,0.012460674159228802,0.27004168712903837,-0.5685691873498492,-0.059240639209747314,1,1
43,epoch20,28,a98b1fcfc47c8cf2bad69c00d1f7c9b8bcef8312c34a4da3914256dbb3ec791e,D10,100,1.7245193719863892,1.5941872596740723,0.019770121201872826,0.014483267441391945,0.011772839352488518,0.8128579686958445,-0.08998533238912203,0.00806171540170908,0,1
43,epoch20,28,a98b1fcfc47c8cf2bad69c00d1f7c9b8bcef8312c34a4da3914256dbb3ec791e,D20,180,1.7245193719863892,1.5941872596740723,0.019770121201872826,0.004535745829343796,0.005878593306988478,1.296058802271766,0.11262470595033343,0.22517530620098114,0,1
43,epoch20,28,a98b1fcfc47c8cf2bad69c00d1f7c9b8bcef8312c34a4da3914256dbb3ec791e,D40,39,1.7245193719863892,1.5941872596740723,0.019770121201872826,0.005175557918846607,0.003441600361838937,0.6649718572960943,-0.17719673436552802,-0.20233938097953796,1,1
43,epoch20,29,2225223d7da6b47c0e6dcf38e16fd1007a3c71319a5a080ce19997478a3e9f8d,all,29,1.7796374559402466,1.5919265747070312,0.01348334550857544,0.005456671118736267,0.004058377351611853,0.7437460061825659,-0.1285753533609138,-0.06599262356758118,1,1
43,epoch20,29,2225223d7da6b47c0e6dcf38e16fd1007a3c71319a5a080ce19997478a3e9f8d,D00,30,1.7796374559402466,1.5919265747070312,0.01348334550857544,0.027145011350512505,0.010975790210068226,0.40433912767035923,-0.3932542301995881,-0.04456110671162605,1,1
43,epoch20,29,2225223d7da6b47c0e6dcf38e16fd1007a3c71319a5a080ce19997478a3e9f8d,D10,70,1.7796374559402466,1.5919265747070312,0.01348334550857544,0.01658218912780285,0.010902495123445988,0.6574822563786894,-0.182115963082774,-0.012152361683547497,1,1
43,epoch20,29,2225223d7da6b47c0e6dcf38e16fd1007a3c71319a5a080ce19997478a3e9f8d,D20,120,1.7796374559402466,1.5919265747070312,0.01348334550857544,0.0083754388615489,0.007508968934416771,0.8965463253382414,-0.04742726514364716,-0.024462923407554626,1,1
43,epoch20,29,2225223d7da6b47c0e6dcf38e16fd1007a3c71319a5a080ce19997478a3e9f8d,D40,58,1.7796374559402466,1.5919265747070312,0.01348334550857544,0.004929514601826668,0.0033217892050743103,0.6738572604782217,-0.17143208796290155,0.06116398423910141,0,1
43,epoch20,30,b04a9f5f8c8525ee7d89d5ab3951357bcb40fe551b1336bd27c9a1653c34a525,all,16,1.7276742458343506,1.61965811252594,0.028173336759209633,0.004040633328258991,0.005808030255138874,1.4374059171663098,0.15757942832328053,-0.13881130516529083,1,1
43,epoch20,30,b04a9f5f8c8525ee7d89d5ab3951357bcb40fe551b1336bd27c9a1653c34a525,D00,10,1.7276742458343506,1.61965811252594,0.028173336759209633,0.018473323434591293,0.03748925030231476,2.029372269426959,0.3073617216159765,-0.09018711000680923,1,1
43,epoch20,30,b04a9f5f8c8525ee7d89d5ab3951357bcb40fe551b1336bd27c9a1653c34a525,D10,34,1.7276742458343506,1.61965811252594,0.028173336759209633,0.01207664143294096,0.03255965933203697,2.6960856222182206,0.4307336803953412,-0.15851077437400818,1,1
43,epoch20,30,b04a9f5f8c8525ee7d89d5ab3951357bcb40fe551b1336bd27c9a1653c34a525,D20,100,1.7276742458343506,1.61965811252594,0.028173336759209633,0.004368306137621403,0.004027122166007757,0.9218955904497517,-0.03531826230774336,0.050236087292432785,0,1
43,epoch20,30,b04a9f5f8c8525ee7d89d5ab3951357bcb40fe551b1336bd27c9a1653c34a525,D40,3,1.7276742458343506,1.61965811252594,0.028173336759209633,0.0,0.16334493458271027,,,,,1
43,epoch20,31,a97e08f577b4294fca98444b9e8371a1e6f50330c8c6f36739d4652e1115e800,all,27,1.7390848398208618,1.66017746925354,0.015834445133805275,0.009061083197593689,0.005489001981914043,0.6057776826695216,-0.21768673046174888,0.5120553970336914,0,1
43,epoch20,31,a97e08f577b4294fca98444b9e8371a1e6f50330c8c6f36739d4652e1115e800,D00,70,1.7390848398208618,1.66017746925354,0.015834445133805275,0.01634182035923004,0.008747024461627007,0.5352539845223907,-0.2714400910589395,0.23698854446411133,0,1
43,epoch20,31,a97e08f577b4294fca98444b9e8371a1e6f50330c8c6f36739d4652e1115e800,D10,60,1.7390848398208618,1.66017746925354,0.015834445133805275,0.024112287908792496,0.012970986776053905,0.5379409380444592,-0.26926540405375265,0.5823450684547424,0,1
43,epoch20,31,a97e08f577b4294fca98444b9e8371a1e6f50330c8c6f36739d4652e1115e800,D20,80,1.7390848398208618,1.66017746925354,0.015834445133805275,0.00870148278772831,0.0064363726414740086,0.7396868784882522,-0.13095208530064786,0.18328385055065155,0,1
43,epoch20,31,a97e08f577b4294fca98444b9e8371a1e6f50330c8c6f36739d4652e1115e800,D40,47,1.7390848398208618,1.66017746925354,0.015834445133805275,0.009525093249976635,0.012487220577895641,1.3109814518536365,0.11759654720907763,0.5848316550254822,0,1
43,epoch50,0,886703586ffce1566642efa3528edf8bf420c0925651ae888df1adf072710d17,all,27,1.6048575639724731,1.3560070991516113,0.012188863009214401,0.028423674404621124,0.009405061602592468,0.33088831052270257,-0.4803185751343713,-0.14111244678497314,1,1
43,epoch50,0,886703586ffce1566642efa3528edf8bf420c0925651ae888df1adf072710d17,D00,60,1.6048575639724731,1.3560070991516113,0.012188863009214401,0.09883035719394684,0.026192260906100273,0.2650224247869509,-0.5767173768209677,-0.16063103079795837,1,1
43,epoch50,0,886703586ffce1566642efa3528edf8bf420c0925651ae888df1adf072710d17,D10,106,1.6048575639724731,1.3560070991516113,0.012188863009214401,0.022860515862703323,0.01646650768816471,0.7203034169071239,-0.1424845250533958,-0.6179146766662598,1,1
43,epoch50,0,886703586ffce1566642efa3528edf8bf420c0925651ae888df1adf072710d17,D20,100,1.6048575639724731,1.3560070991516113,0.012188863009214401,0.010974045842885971,0.00788802932947874,0.7187895369137929,-0.14339825334057654,0.08711176365613937,0,1
43,epoch50,1,2a6bc5cbae2770f2ef1e8306a3806f5601b8e59e9d7cce214dc29219d96ecf10,all,31,1.918535828590393,1.4530407190322876,0.01696426421403885,0.008339948952198029,0.00934296939522028,1.1202669763054007,0.049321533848098946,0.16406622529029846,0,1
43,epoch50,1,2a6bc5cbae2770f2ef1e8306a3806f5601b8e59e9d7cce214dc29219d96ecf10,D00,95,1.918535828590393,1.4530407190322876,0.01696426421403885,0.023499008268117905,0.02125157229602337,0.9043603905981119,-0.04365846724814836,0.12210652232170105,0,1
43,epoch50,1,2a6bc5cbae2770f2ef1e8306a3806f5601b8e59e9d7cce214dc29219d96ecf10,D10,40,1.918535828590393,1.4530407190322876,0.01696426421403885,0.004232609178870916,0.020749401301145554,4.902271961400563,0.6903974007674029,0.11810626834630966,0,1
43,epoch50,1,2a6bc5cbae2770f2ef1e8306a3806f5601b8e59e9d7cce214dc29219d96ecf10,D20,110,1.918535828590393,1.4530407190322876,0.01696426421403885,0.005433221813291311,0.00774945504963398,1.4263093457138927,0.15421372787666196,0.26613280177116394,0,1
43,epoch50,1,2a6bc5cbae2770f2ef1e8306a3806f5601b8e59e9d7cce214dc29219d96ecf10,D40,28,1.918535828590393,1.4530407190322876,0.01696426421403885,0.0,0.0005389962461777031,,,,,1
43,epoch50,2,a2bc40b1696e829db4e198594caa9d2c0539cd5454ab0301acbe1229f059b476,all,20,1.7654410600662231,1.224245309829712,0.017819372937083244,0.007351348176598549,0.017122400924563408,2.329151131634456,0.3671976695159557,0.03481703996658325,0,1
43,epoch50,2,a2bc40b1696e829db4e198594caa9d2c0539cd5454ab0301acbe1229f059b476,D00,70,1.7654410600662231,1.224245309829712,0.017819372937083244,0.014716739766299725,0.01414061151444912,0.960852181869119,-0.01734341934117067,0.0597606860101223,0,1
43,epoch50,2,a2bc40b1696e829db4e198594caa9d2c0539cd5454ab0301acbe1229f059b476,D10,40,1.7654410600662231,1.224245309829712,0.017819372937083244,0.0300375334918499,0.08947630226612091,2.978816562631501,0.4740437599153459,0.12570028007030487,0,1
43,epoch50,2,a2bc40b1696e829db4e198594caa9d2c0539cd5454ab0301acbe1229f059b476,D20,90,1.7654410600662231,1.224245309829712,0.017819372937083244,0.007299431599676609,0.003359147347509861,0.46019300292623927,-0.3370599889129763,0.19155721366405487,0,1
43,epoch50,3,e07c1c00a84116748407ba9562508b567be535ceb684974e9c70405b37eda097,all,17,1.3787378072738647,0.9816901087760925,0.012083321809768677,0.013094305992126465,0.007357796188443899,0.561908068504593,-0.2503347317743583,-0.010525654070079327,1,1
43,epoch50,3,e07c1c00a84116748407ba9562508b567be535ceb684974e9c70405b37eda097,D00,50,1.3787378072738647,0.9816901087760925,0.012083321809768677,0.042610667645931244,0.017579637467861176,0.4125642342414646,-0.3845084243144826,-0.28529858589172363,1,1
43,epoch50,3,e07c1c00a84116748407ba9562508b567be535ceb684974e9c70405b37eda097,D10,30,1.3787378072738647,0.9816901087760925,0.012083321809768677,0.0396297350525856,0.014647414907813072,0.36960668266838226,-0.43226018512572517,-0.538913369178772,1,1
43,epoch50,3,e07c1c00a84116748407ba9562508b567be535ceb684974e9c70405b37eda097,D20,80,1.3787378072738647,0.9816901087760925,0.012083321809768677,0.007430118042975664,0.007133102510124445,0.9600254624309753,-0.017717248161868294,0.5139233469963074,0,1
43,epoch50,3,e07c1c00a84116748407ba9562508b567be535ceb684974e9c70405b37eda097,D40,10,1.3787378072738647,0.9816901087760925,0.012083321809768677,0.06475833058357239,0.04109558090567589,0.6345991401467789,-0.19750052068464874,-0.26263728737831116,1,1
43,epoch50,4,aebb281f8c5a342bc96208dae814f3fceb96b28b4c180382086623c0d6c23b4f,all,30,1.768143892288208,1.7169218063354492,0.01381397619843483,0.009978318586945534,0.011184876784682274,1.1209179870559816,0.04957383822208942,-0.016738835722208023,1,1
43,epoch50,4,aebb281f8c5a342bc96208dae814f3fceb96b28b4c180382086623c0d6c23b4f,D00,90,1.768143892288208,1.7169218063354492,0.01381397619843483,0.01593981683254242,0.012257588095963001,0.7689917785590954,-0.11407830330065569,-0.1498950868844986,1,1
43,epoch50,4,aebb281f8c5a342bc96208dae814f3fceb96b28b4c180382086623c0d6c23b4f,D10,26,1.768143892288208,1.7169218063354492,0.01381397619843483,0.03035438060760498,0.015480246394872665,0.5099839326319262,-0.29244350641032774,0.2850665748119354,0,1
43,epoch50,4,aebb281f8c5a342bc96208dae814f3fceb96b28b4c180382086623c0d6c23b4f,D20,100,1.768143892288208,1.7169218063354492,0.01381397619843483,0.01144341193139553,0.023428497835993767,2.047335006067255,0.3111889122191111,-0.21922685205936432,1,1
43,epoch50,4,aebb281f8c5a342bc96208dae814f3fceb96b28b4c180382086623c0d6c23b4f,D40,67,1.768143892288208,1.7169218063354492,0.01381397619843483,0.026595789939165115,0.012851296924054623,0.48320794206340634,-0.3158659362123251,-0.04633709415793419,1,1
43,epoch50,5,8e0e3fb15223ff04644b68ef88ac40dacd3d12281c3c25fc017b9c5e9508482d,all,29,1.728490948677063,1.4446132183074951,0.013816388323903084,0.005938089452683926,0.009643779136240482,1.6240542034747627,0.21060051990340278,-0.025634875521063805,1,1
43,epoch50,5,8e0e3fb15223ff04644b68ef88ac40dacd3d12281c3c25fc017b9c5e9508482d,D00,130,1.728490948677063,1.4446132183074951,0.013816388323903084,0.012533486820757389,0.011491694487631321,0.9168792892173709,-0.03768783715175182,0.04712478071451187,0,1
43,epoch50,5,8e0e3fb15223ff04644b68ef88ac40dacd3d12281c3c25fc017b9c5e9508482d,D10,30,1.728490948677063,1.4446132183074951,0.013816388323903084,0.01996898278594017,0.013868913054466248,0.6945227607803398,-0.15831351706915783,0.1695060431957245,0,1
43,epoch50,5,8e0e3fb15223ff04644b68ef88ac40dacd3d12281c3c25fc017b9c5e9508482d,D20,90,1.728490948677063,1.4446132183074951,0.013816388323903084,0.0032151183113455772,0.008198426105082035,2.549960938031816,0.4065335276782023,0.10946661233901978,0,1
43,epoch50,5,8e0e3fb15223ff04644b68ef88ac40dacd3d12281c3c25fc017b9c5e9508482d,D40,40,1.728490948677063,1.4446132183074951,0.013816388323903084,0.0217613335698843,0.05363788828253746,2.4648254258078834,0.3917861652793112,-0.2927913963794708,1,1
43,epoch50,6,334f79e24468133a4814f9bcc1ad52d87fcf4ccd83ce8a62073ff99c81b54eaf,all,37,1.806998372077942,1.5352809429168701,0.012798609212040901,0.011416112072765827,0.011426006443798542,1.0008667023387339,0.00037624102221945976,0.3504717946052551,0,1
43,epoch50,6,334f79e24468133a4814f9bcc1ad52d87fcf4ccd83ce8a62073ff99c81b54eaf,D00,100,1.806998372077942,1.5352809429168701,0.012798609212040901,0.027106408029794693,0.02095251902937889,0.7729729075998709,-0.11183572766779855,-0.22708410024642944,1,1
43,epoch50,6,334f79e24468133a4814f9bcc1ad52d87fcf4ccd83ce8a62073ff99c81b54eaf,D10,117,1.806998372077942,1.5352809429168701,0.012798609212040901,0.016473304480314255,0.029254036024212837,1.775845038205399,0.2494050661787856,0.23014971613883972,0,1
43,epoch50,6,334f79e24468133a4814f9bcc1ad52d87fcf4ccd83ce8a62073ff99c81b54eaf,D20,130,1.806998372077942,1.5352809429168701,0.012798609212040901,0.01776191033422947,0.015916747972369194,0.8961168969362259,-0.04763533366049724,0.8304155468940735,0,1
43,epoch50,6,334f79e24468133a4814f9bcc1ad52d87fcf4ccd83ce8a62073ff99c81b54eaf,D40,10,1.806998372077942,1.5352809429168701,0.012798609212040901,0.0,0.012519785203039646,,,,,1
43,epoch50,7,4cffd353e7e306aaebfb783e40e9e05baabcb5e8900af458869ea4f4d3293421,all,24,1.632899522781372,1.3569648265838623,0.015808332711458206,0.009741438552737236,0.015485091134905815,1.5896103076639205,0.20129067024861835,0.22199682891368866,0,1
43,epoch50,7,4cffd353e7e306aaebfb783e40e9e05baabcb5e8900af458869ea4f4d3293421,D00,70,1.632899522781372,1.3569648265838623,0.015808332711458206,0.026130719110369682,0.06017380580306053,2.3027994579445474,0.3622561185546268,0.25004488229751587,0,1
43,epoch50,7,4cffd353e7e306aaebfb783e40e9e05baabcb5e8900af458869ea4f4d3293421,D10,35,1.632899522781372,1.3569648265838623,0.015808332711458206,0.027799027040600777,0.019020462408661842,0.6842132417398009,-0.1648085250663647,-0.08435223996639252,1,1
43,epoch50,7,4cffd353e7e306aaebfb783e40e9e05baabcb5e8900af458869ea4f4d3293421,D20,100,1.632899522781372,1.3569648265838623,0.015808332711458206,0.00800893921405077,0.009377495385706425,1.1708785814299452,0.06851186164027934,0.12072550505399704,0,1
43,epoch50,7,4cffd353e7e306aaebfb783e40e9e05baabcb5e8900af458869ea4f4d3293421,D40,30,1.632899522781372,1.3569648265838623,0.015808332711458206,0.028710640966892242,0.019850777462124825,0.6914083696360456,-0.16026536754057535,-0.0628945603966713,1,1
43,epoch50,8,9a9e818c03cf6b59f252a010c001516b61a837cff7c0a45a33324e5e3da2f928,all,26,1.7227253913879395,1.586173415184021,0.012034306302666664,0.010908928699791431,0.008703960105776787,0.7978748734459322,-0.0980652114472866,-0.037036918103694916,1,1
43,epoch50,8,9a9e818c03cf6b59f252a010c001516b61a837cff7c0a45a33324e5e3da2f928,D00,106,1.7227253913879395,1.586173415184021,0.012034306302666664,0.024722503498196602,0.01631668582558632,0.6599932659237585,-0.1804604956506653,0.03757051005959511,0,1
43,epoch50,8,9a9e818c03cf6b59f252a010c001516b61a837cff7c0a45a33324e5e3da2f928,D10,47,1.7227253913879395,1.586173415184021,0.012034306302666664,0.014695783145725727,0.010400675237178802,0.7077319482768663,-0.1501311991281398,0.060580793768167496,0,1
43,epoch50,8,9a9e818c03cf6b59f252a010c001516b61a837cff7c0a45a33324e5e3da2f928,D20,50,1.7227253913879395,1.586173415184021,0.012034306302666664,0.012107658199965954,0.02058515138924122,1.7001761240087785,0.2304939129801333,-0.2594510018825531,1,1
43,epoch50,8,9a9e818c03cf6b59f252a010c001516b61a837cff7c0a45a33324e5e3da2f928,D40,50,1.7227253913879395,1.586173415184021,0.012034306302666664,0.01628296449780464,0.012312277220189571,0.7561446947728455,-0.12139509057217511,-0.22499606013298035,1,1
43,epoch50,9,7936e23f50a0735d5eecfc1973eab44248d15d7b1c60fca12b65c3f3ad89c533,all,22,1.6477086544036865,1.6543967723846436,0.012581447139382362,0.011692618951201439,0.012214104644954205,1.04459956284637,0.018949839753464807,-0.10912682116031647,1,1
43,epoch50,9,7936e23f50a0735d5eecfc1973eab44248d15d7b1c60fca12b65c3f3ad89c533,D00,70,1.6477086544036865,1.6543967723846436,0.012581447139382362,0.026979057118296623,0.024452531710267067,0.9063523459344278,-0.04270293681829301,-0.15329182147979736,1,1
43,epoch50,9,7936e23f50a0735d5eecfc1973eab44248d15d7b1c60fca12b65c3f3ad89c533,D10,75,1.6477086544036865,1.6543967723846436,0.012581447139382362,0.019067151471972466,0.025591589510440826,1.3421821055997212,0.12781144436620426,-0.2120702564716339,1,1
43,epoch50,9,7936e23f50a0735d5eecfc1973eab44248d15d7b1c60fca12b65c3f3ad89c533,D20,60,1.6477086544036865,1.6543967723846436,0.012581447139382362,0.01690744236111641,0.014077814295887947,0.832640088027979,-0.07954268354024971,-0.2615456283092499,1,1
43,epoch50,10,a3c4b7957b7c11b073f1daa1e16883390b82c9915792752861bbb60388b3807f,all,22,1.5701115131378174,1.3953495025634766,0.011060069315135479,0.008899854496121407,0.008301696740090847,0.9327901645705288,-0.03021604180382811,-0.08543268591165543,1,1
43,epoch50,10,a3c4b7957b7c11b073f1daa1e16883390b82c9915792752861bbb60388b3807f,D00,70,1.5701115131378174,1.3953495025634766,0.011060069315135479,0.019653266295790672,0.012912489473819733,0.6570149347940868,-0.18242475825613852,0.08137750625610352,0,1
43,epoch50,10,a3c4b7957b7c11b073f1daa1e16883390b82c9915792752861bbb60388b3807f,D10,40,1.5701115131378174,1.3953495025634766,0.011060069315135479,0.027225390076637268,0.021110353991389275,0.7753921590091212,-0.11047859501863204,-0.3204445242881775,1,1
43,epoch50,10,a3c4b7957b7c11b073f1daa1e16883390b82c9915792752861bbb60388b3807f,D20,60,1.5701115131378174,1.3953495025634766,0.011060069315135479,0.00968992616981268,0.012684661895036697,1.3090566091776437,0.11695842769811018,0.5033824443817139,0,1
43,epoch50,10,a3c4b7957b7c11b073f1daa1e16883390b82c9915792752861bbb60388b3807f,D40,45,1.5701115131378174,1.3953495025634766,0.011060069315135479,0.03363310173153877,0.013725494034588337,0.4080948032728581,-0.38923893554844313,-0.14641113579273224,1,1
43,epoch50,11,1a50ac51658d5ba7bc54cdce02199aa8c5d6d07979efd6817b6007444dd0f941,all,27,1.6153619289398193,1.7784463167190552,0.011158069595694542,0.008483052253723145,0.008766422048211098,1.033404225980523,0.014270233207580868,0.21889957785606384,0,1
43,epoch50,11,1a50ac51658d5ba7bc54cdce02199aa8c5d6d07979efd6817b6007444dd0f941,D00,70,1.6153619289398193,1.7784463167190552,0.011158069595694542,0.01571459136903286,0.024273334071040154,1.5446366692597004,0.1888263406590996,0.22230063378810883,0,1
43,epoch50,11,1a50ac51658d5ba7bc54cdce02199aa8c5d6d07979efd6817b6007444dd0f941,D10,70,1.6153619289398193,1.7784463167190552,0.011158069595694542,0.013708822429180145,0.01859806478023529,1.3566493312108314,0.13246760506508215,0.17903262376785278,0,1
43,epoch50,11,1a50ac51658d5ba7bc54cdce02199aa8c5d6d07979efd6817b6007444dd0f941,D20,70,1.6153619289398193,1.7784463167190552,0.011158069595694542,0.01814909465610981,0.011544016189873219,0.6360656775784118,-0.196498038538328,0.17320021986961365,0,1
43,epoch50,11,1a50ac51658d5ba7bc54cdce02199aa8c5d6d07979efd6817b6007444dd0f941,D40,60,1.6153619289398193,1.7784463167190552,0.011158069595694542,0.015488488599658012,0.010724961757659912,0.692447277127913,-0.1596132881466802,0.3101661503314972,0,1
43,epoch50,12,a4534ce8b8156f22da77d962aa5685381556c24601b584a139224fe097731d2e,all,10,1.5831156969070435,1.6453179121017456,0.014653412625193596,0.016505317762494087,0.015006409026682377,0.9091863145332615,-0.04134711008677073,-0.10988019406795502,1,1
43,epoch50,12,a4534ce8b8156f22da77d962aa5685381556c24601b584a139224fe097731d2e,D00,50,1.5831156969070435,1.6453179121017456,0.014653412625193596,0.021586015820503235,0.031177818775177002,1.444352632483624,0.15967323730927527,0.014439566992223263,0,1
43,epoch50,12,a4534ce8b8156f22da77d962aa5685381556c24601b584a139224fe097731d2e,D10,10,1.5831156969070435,1.6453179121017456,0.014653412625193596,0.11793956160545349,0.04402143135666847,0.3732541545637976,-0.4279953495933176,-0.4278978109359741,1,1
43,epoch50,12,a4534ce8b8156f22da77d962aa5685381556c24601b584a139224fe097731d2e,D20,30,1.5831156969070435,1.6453179121017456,0.014653412625193596,0.0089515820145607,0.019044524058699608,2.1275037225511273,0.3278703286541572,0.3456050753593445,0,1
43,epoch50,12,a4534ce8b8156f22da77d962aa5685381556c24601b584a139224fe097731d2e,D40,10,1.5831156969070435,1.6453179121017456,0.014653412625193596,0.051273465156555176,0.03309737890958786,0.6455069656113626,-0.19009906693705608,-0.1620391607284546,1,1
43,epoch50,13,bebf1379a39279f25bf2470ca784661aff6818b4b2ece729feeecbe448c06b0a,all,32,1.5974690914154053,1.327502727508545,0.01482653059065342,0.014439494349062443,0.008507685735821724,0.5891955445360958,-0.22974054592768234,0.09320200234651566,0,1
43,epoch50,13,bebf1379a39279f25bf2470ca784661aff6818b4b2ece729feeecbe448c06b0a,D00,40,1.5974690914154053,1.327502727508545,0.01482653059065342,0.045279305428266525,0.046937864273786545,1.036629511646277,0.015623568542379104,0.4741641581058502,0,1
43,epoch50,13,bebf1379a39279f25bf2470ca784661aff6818b4b2ece729feeecbe448c06b0a,D10,72,1.5974690914154053,1.327502727508545,0.01482653059065342,0.04995999112725258,0.020171519368886948,0.40375346179522487,-0.3938837409899593,-0.08925224095582962,1,1
43,epoch50,13,bebf1379a39279f25bf2470ca784661aff6818b4b2ece729feeecbe448c06b0a,D20,150,1.5974690914154053,1.327502727508545,0.01482653059065342,0.009442286565899849,0.00868870597332716,0.9201908788392218,-0.03612207588477079,0.4105800688266754,0,1
43,epoch50,13,bebf1379a39279f25bf2470ca784661aff6818b4b2ece729feeecbe448c06b0a,D40,40,1.5974690914154053,1.327502727508545,0.01482653059065342,0.02895680069923401,0.018359150737524033,0.6340186171882478,-0.19789798939994668,-0.06550901383161545,1,1
43,epoch50,14,a5027d0cd59953da796d4dea2969bf081ed8077a4b089ab997a63f25a61d4f65,all,14,1.292547345161438,1.293927550315857,0.01170665118843317,0.007360314019024372,0.009357373230159283,1.2713279903511,0.10425760879427542,0.4436948597431183,0,1
43,epoch50,14,a5027d0cd59953da796d4dea2969bf081ed8077a4b089ab997a63f25a61d4f65,D00,50,1.292547345161438,1.293927550315857,0.01170665118843317,0.014398056082427502,0.013920695520937443,0.9668454853379362,-0.014642926358511379,0.29724550247192383,0,1
43,epoch50,14,a5027d0cd59953da796d4dea2969bf081ed8077a4b089ab997a63f25a61d4f65,D10,10,1.292547345161438,1.293927550315857,0.01170665118843317,0.0019793957471847534,0.04919198155403137,24.852019422591937,1.3953616843552576,-0.10851940512657166,1,1
43,epoch50,14,a5027d0cd59953da796d4dea2969bf081ed8077a4b089ab997a63f25a61d4f65,D20,50,1.292547345161438,1.293927550315857,0.01170665118843317,0.005082307383418083,0.009972546249628067,1.9622084020665975,0.29274513100572597,0.25889474153518677,0,1
43,epoch50,14,a5027d0cd59953da796d4dea2969bf081ed8077a4b089ab997a63f25a61d4f65,D40,30,1.292547345161438,1.293927550315857,0.01170665118843317,0.023799609392881393,0.02250678278505802,0.9456786627678829,-0.02425640978649761,0.4705311357975006,0,1
43,epoch50,15,97e557dc2e2ba54a9bf43e9ee0ceab14f58ba53dd8f70b1de2ba8002bd1b4024,all,22,1.6303975582122803,1.4305789470672607,0.015071989968419075,0.008291254751384258,0.020575162023305893,2.481549854667146,0.39472300465498045,-0.003963640425354242,1,1
43,epoch50,15,97e557dc2e2ba54a9bf43e9ee0ceab14f58ba53dd8f70b1de2ba8002bd1b4024,D00,70,1.6303975582122803,1.4305789470672607,0.015071989968419075,0.02193260006606579,0.03037463314831257,1.3849079934352302,0.14142092194151074,-0.05206206813454628,1,1
43,epoch50,15,97e557dc2e2ba54a9bf43e9ee0ceab14f58ba53dd8f70b1de2ba8002bd1b4024,D10,70,1.6303975582122803,1.4305789470672607,0.015071989968419075,0.020156895741820335,0.06838573515415192,3.3926719684454802,0.5305418704965731,0.08169852197170258,0,1
43,epoch50,15,97e557dc2e2ba54a9bf43e9ee0ceab14f58ba53dd8f70b1de2ba8002bd1b4024,D20,80,1.6303975582122803,1.4305789470672607,0.015071989968419075,0.004337231628596783,0.00568429846316576,1.3105821754335938,0.1174642570403291,0.07447465509176254,0,1
43,epoch50,16,765c81fe9136f77108d5a3192e09f930584736691268a02f9f4277315c467459,all,26,1.7781482934951782,1.3610695600509644,0.015144665725529194,0.00888338964432478,0.007601820398122072,0.8557342076038005,-0.06766110693015151,0.233683243393898,0,1
43,epoch50,16,765c81fe9136f77108d5a3192e09f930584736691268a02f9f4277315c467459,D00,40,1.7781482934951782,1.3610695600509644,0.015144665725529194,0.015339510515332222,0.021175196394324303,1.3804349475923086,0.14001594551540233,0.2649396061897278,0,1
43,epoch50,16,765c81fe9136f77108d5a3192e09f930584736691268a02f9f4277315c467459,D10,30,1.7781482934951782,1.3610695600509644,0.015144665725529194,0.04100055992603302,0.032135725021362305,0.7837874672769517,-0.10580168514980019,0.3869785964488983,0,1
43,epoch50,16,765c81fe9136f77108d5a3192e09f930584736691268a02f9f4277315c467459,D20,130,1.7781482934951782,1.3610695600509644,0.015144665725529194,0.009728914126753807,0.009605349972844124,0.9872992861998966,-0.005551176973159528,0.37550610303878784,0,1
43,epoch50,16,765c81fe9136f77108d5a3192e09f930584736691268a02f9f4277315c467459,D40,49,1.7781482934951782,1.3610695600509644,0.015144665725529194,0.02151487208902836,0.008552021346986294,0.39749347853884986,-0.40066999218442867,-0.18946968019008636,1,1
43,epoch50,17,818c4a2cdd8fd7a454c6ebf5b64ab47888fd393095b89e325426239237aed862,all,15,1.345372200012207,1.3474920988082886,0.024931658059358597,0.010424398817121983,0.023983757942914963,2.300732959633303,0.36186621411068687,0.4234004020690918,0,1
43,epoch50,17,818c4a2cdd8fd7a454c6ebf5b64ab47888fd393095b89e325426239237aed862,D00,40,1.345372200012207,1.3474920988082886,0.024931658059358597,0.032834891229867935,0.08844532817602158,2.6936385309407744,0.43033931575576606,0.5929692387580872,0,1
43,epoch50,17,818c4a2cdd8fd7a454c6ebf5b64ab47888fd393095b89e325426239237aed862,D20,110,1.345372200012207,1.3474920988082886,0.024931658059358597,0.009232918731868267,0.011326818726956844,1.2267863560697538,0.08876893725129566,0.3067132830619812,0,1
43,epoch50,18,9d33f9b80970a78760c50e7a00a3f75a106deb72dde43191034a7f3622269186,all,28,1.5260653495788574,1.4000271558761597,0.01500084437429905,0.008348753675818443,0.006932435091584921,0.8303556867013833,-0.08073583571740947,0.1822233945131302,0,1
43,epoch50,18,9d33f9b80970a78760c50e7a00a3f75a106deb72dde43191034a7f3622269186,D00,59,1.5260653495788574,1.4000271558761597,0.01500084437429905,0.01339772716164589,0.027723222970962524,2.0692482117658506,0.3158125885558878,0.18437550961971283,0,1
43,epoch50,18,9d33f9b80970a78760c50e7a00a3f75a106deb72dde43191034a7f3622269186,D10,50,1.5260653495788574,1.4000271558761597,0.01500084437429905,0.03591350093483925,0.016478441655635834,0.45883696177473743,-0.3383416046150522,0.3905908763408661,0,1
43,epoch50,18,9d33f9b80970a78760c50e7a00a3f75a106deb72dde43191034a7f3622269186,D20,149,1.5260653495788574,1.4000271558761597,0.01500084437429905,0.007353258319199085,0.008568817749619484,1.1653089525287883,0.06644108295010212,-0.37768858671188354,1,1
43,epoch50,18,9d33f9b80970a78760c50e7a00a3f75a106deb72dde43191034a7f3622269186,D40,20,1.5260653495788574,1.4000271558761597,0.01500084437429905,0.020756704732775688,0.01158230472356081,0.5580030584176435,-0.25336342068560075,0.0035689992364495993,0,1
43,epoch50,19,2a337a00f71b9d5b9e4f4820456a997dde9a26e2a8570d0031a4032304e5e290,all,22,1.3186588287353516,1.2635563611984253,0.013966337777674198,0.015453011728823185,0.009990157559514046,0.6464861177112975,-0.1894407964852282,0.12164842337369919,0,1
43,epoch50,19,2a337a00f71b9d5b9e4f4820456a997dde9a26e2a8570d0031a4032304e5e290,D00,70,1.3186588287353516,1.2635563611984253,0.013966337777674198,0.016149815171957016,0.02644430287182331,1.637436874060449,0.21416456620540417,-0.24348117411136627,1,1
43,epoch50,19,2a337a00f71b9d5b9e4f4820456a997dde9a26e2a8570d0031a4032304e5e290,D10,15,1.3186588287353516,1.2635563611984253,0.013966337777674198,0.19175675511360168,0.05870230123400688,0.3061289872121069,-0.5140955453120991,-0.01930135488510132,1,1
43,epoch50,19,2a337a00f71b9d5b9e4f4820456a997dde9a26e2a8570d0031a4032304e5e290,D20,110,1.3186588287353516,1.2635563611984253,0.013966337777674198,0.012779466807842255,0.011269142851233482,0.881816355931067,-0.05462185014030128,0.28865817189216614,0,1
43,epoch50,19,2a337a00f71b9d5b9e4f4820456a997dde9a26e2a8570d0031a4032304e5e290,D40,20,1.3186588287353516,1.2635563611984253,0.013966337777674198,0.04534878581762314,0.00863262452185154,0.1903606539008325,-0.7204228120418265,-0.09976837038993835,1,1
43,epoch50,20,416079114cddbd6704444b9e0affb7f2e5045d6c83762da189425d38df68e659,all,14,1.452453374862671,1.2518491744995117,0.017887134104967117,0.009885626845061779,0.010086054913699627,1.020274694946428,0.008717115328837012,0.3466671407222748,0,1
43,epoch50,20,416079114cddbd6704444b9e0affb7f2e5045d6c83762da189425d38df68e659,D00,20,1.452453374862671,1.2518491744995117,0.017887134104967117,0.046819135546684265,0.020452378317713737,0.4368380167404047,-0.3596795732746374,0.05524977669119835,0,1
43,epoch50,20,416079114cddbd6704444b9e0affb7f2e5045d6c83762da189425d38df68e659,D10,10,1.452453374862671,1.2518491744995117,0.017887134104967117,0.011928509920835495,0.021068092435598373,1.766196496915243,0.2470390190483123,0.1372719407081604,0,1
43,epoch50,20,416079114cddbd6704444b9e0affb7f2e5045d6c83762da189425d38df68e659,D20,100,1.452453374862671,1.2518491744995117,0.017887134104967117,0.007585576269775629,0.012691481038928032,1.6731070372987533,0.22352372591231037,0.594051718711853,0,1
43,epoch50,20,416079114cddbd6704444b9e0affb7f2e5045d6c83762da189425d38df68e659,D40,10,1.452453374862671,1.2518491744995117,0.017887134104967117,0.049760159105062485,0.03140764683485031,0.6311805950727952,-0.19984636148170273,-0.035153262317180634,1,1
43,epoch50,21,a0b7e0d587d81d840d751b4be2adc2060e7cdecb840ca465510a9bbe0ae50148,all,22,1.4296969175338745,1.6019920110702515,0.01761648990213871,0.00614967430010438,0.010265078395605087,1.669206838389938,0.22251015525662052,0.03004315309226513,0,1
43,epoch50,21,a0b7e0d587d81d840d751b4be2adc2060e7cdecb840ca465510a9bbe0ae50148,D00,48,1.4296969175338745,1.6019920110702515,0.01761648990213871,0.03259078785777092,0.029194284230470657,0.895783322510554,-0.04779702741160522,-0.1874053031206131,1,1
43,epoch50,21,a0b7e0d587d81d840d751b4be2adc2060e7cdecb840ca465510a9bbe0ae50148,D10,10,1.4296969175338745,1.6019920110702515,0.01761648990213871,0.02546490542590618,0.23081788420677185,9.06415634954427,0.9573273881570503,-0.4187726080417633,1,1
43,epoch50,21,a0b7e0d587d81d840d751b4be2adc2060e7cdecb840ca465510a9bbe0ae50148,D20,134,1.4296969175338745,1.6019920110702515,0.01761648990213871,0.004588549956679344,0.00783074926584959,1.7065847249741115,0.2321278541003567,0.15694351494312286,0,1
43,epoch50,21,a0b7e0d587d81d840d751b4be2adc2060e7cdecb840ca465510a9bbe0ae50148,D40,20,1.4296969175338745,1.6019920110702515,0.01761648990213871,0.021980855613946915,0.021087925881147385,0.9593769347070837,-0.018010727031109487,0.0005561658181250095,0,1
43,epoch50,22,2297f487f0ecec69d9bb03ab1c1ab6462947f9be30d9f1404026cda7df27620b,all,24,1.1121289730072021,1.1426196098327637,0.008599536493420601,0.007574501447379589,0.008631197735667229,1.139507041569476,0.05671701324199201,0.038347937166690826,0,1
43,epoch50,22,2297f487f0ecec69d9bb03ab1c1ab6462947f9be30d9f1404026cda7df27620b,D00,60,1.1121289730072021,1.1426196098327637,0.008599536493420601,0.021482111886143684,0.048199962824583054,2.243725527548007,0.35096972907166657,0.09684504568576813,0,1
43,epoch50,22,2297f487f0ecec69d9bb03ab1c1ab6462947f9be30d9f1404026cda7df27620b,D10,20,1.1121289730072021,1.1426196098327637,0.008599536493420601,0.058797989040613174,0.02471301518380642,0.42030374825806627,-0.37643673695022234,0.10143469274044037,0,1
43,epoch50,22,2297f487f0ecec69d9bb03ab1c1ab6462947f9be30d9f1404026cda7df27620b,D20,107,1.1121289730072021,1.1426196098327637,0.008599536493420601,0.001157130696810782,0.0031591623555868864,2.730168998449346,0.43618953085847134,-0.022513991221785545,1,1
43,epoch50,22,2297f487f0ecec69d9bb03ab1c1ab6462947f9be30d9f1404026cda7df27620b,D40,48,1.1121289730072021,1.1426196098327637,0.008599536493420601,0.02607647515833378,0.019265320152044296,0.7388007786737731,-0.131472655498249,0.09569834917783737,0,1
43,epoch50,23,bde13578b9281c4539c651383b60b4fb0bfefe18442c462348aed858a8942b34,all,32,1.4275500774383545,1.1967841386795044,0.017961107194423676,0.00922946073114872,0.006984715349972248,0.7567847736108103,-0.12102761445421231,0.202327698469162,0,1
43,epoch50,23,bde13578b9281c4539c651383b60b4fb0bfefe18442c462348aed858a8942b34,D00,12,1.4275500774383545,1.1967841386795044,0.017961107194423676,0.01935759000480175,0.06591729074716568,3.4052426325185396,0.5321480619785415,-0.1902163326740265,1,1
43,epoch50,23,bde13578b9281c4539c651383b60b4fb0bfefe18442c462348aed858a8942b34,D10,70,1.4275500774383545,1.1967841386795044,0.017961107194423676,0.020953238010406494,0.011490100994706154,0.5483687527913136,-0.260927300193498,0.3933972716331482,0,1
43,epoch50,23,bde13578b9281c4539c651383b60b4fb0bfefe18442c462348aed858a8942b34,D20,180,1.4275500774383545,1.1967841386795044,0.017961107194423676,0.009235779754817486,0.008927341550588608,0.9666039887895775,-0.014751417033131787,0.3167519271373749,0,1
43,epoch50,23,bde13578b9281c4539c651383b60b4fb0bfefe18442c462348aed858a8942b34,D40,39,1.4275500774383545,1.1967841386795044,0.017961107194423676,0.03663674369454384,0.010819053277373314,0.29530608308359435,-0.5297276068025215,0.03846840560436249,0,1
43,epoch50,24,9af470d40aa040f9f4f93f72a3dfeb98d56790738cccce74e880be9521001a33,all,32,1.5750327110290527,1.0732831954956055,0.016038769856095314,0.00734340026974678,0.005862214136868715,0.7982969634679684,-0.09783552267885923,-0.06205993518233299,1,1
43,epoch50,24,9af470d40aa040f9f4f93f72a3dfeb98d56790738cccce74e880be9521001a33,D00,50,1.5750327110290527,1.0732831954956055,0.016038769856095314,0.013961920514702797,0.023051125928759575,1.65099965327014,0.21774698205571874,-0.1851319521665573,1,1
43,epoch50,24,9af470d40aa040f9f4f93f72a3dfeb98d56790738cccce74e880be9521001a33,D10,80,1.5750327110290527,1.0732831954956055,0.016038769856095314,0.02795272506773472,0.02338333986699581,0.8365316730420227,-0.07751761098734165,0.045477092266082764,0,1
43,epoch50,24,9af470d40aa040f9f4f93f72a3dfeb98d56790738cccce74e880be9521001a33,D20,150,1.5750327110290527,1.0732831954956055,0.016038769856095314,0.0010510822758078575,0.0028935980517417192,2.7529700750759134,0.43980149061598306,-0.09886164963245392,1,1
43,epoch50,24,9af470d40aa040f9f4f93f72a3dfeb98d56790738cccce74e880be9521001a33,D40,40,1.5750327110290527,1.0732831954956055,0.016038769856095314,0.017626933753490448,0.007328621111810207,0.415762674002165,-0.3811545029856338,-0.08183872699737549,1,1
43,epoch50,25,6542ffe3661e0f2f2f4c6f405b5127dcd77840963b39b61cd6d0a59e03ed4389,all,26,1.6664652824401855,1.4999433755874634,0.016817882657051086,0.012875583954155445,0.012343368493020535,0.9586647515926341,-0.01833324057514099,-0.3145671784877777,1,1
43,epoch50,25,6542ffe3661e0f2f2f4c6f405b5127dcd77840963b39b61cd6d0a59e03ed4389,D00,50,1.6664652824401855,1.4999433755874634,0.016817882657051086,0.018794329836964607,0.013432380743324757,0.7147038952623896,-0.14587385091079405,-0.028354555368423462,1,1
43,epoch50,25,6542ffe3661e0f2f2f4c6f405b5127dcd77840963b39b61cd6d0a59e03ed4389,D10,80,1.6664652824401855,1.4999433755874634,0.016817882657051086,0.03795095533132553,0.01547310221940279,0.40771311510651115,-0.38964531816085207,-0.5417922735214233,1,1
43,epoch50,25,6542ffe3661e0f2f2f4c6f405b5127dcd77840963b39b61cd6d0a59e03ed4389,D20,120,1.6664652824401855,1.4999433755874634,0.016817882657051086,0.010543899610638618,0.022154374048113823,2.1011556318082194,0.32245822162645343,-0.02499617636203766,1,1
43,epoch50,25,6542ffe3661e0f2f2f4c6f405b5127dcd77840963b39b61cd6d0a59e03ed4389,D40,7,1.6664652824401855,1.4999433755874634,0.016817882657051086,0.014154564589262009,0.0419045090675354,2.9604943905745547,0.471364242535119,-0.10707154870033264,1,1
43,epoch50,26,d3630edb5cad7433911883c7c4c6d5fe7e5856e35b45f6a8bb6c8d5499c386f1,all,43,1.3417750597000122,1.2162200212478638,0.008832622319459915,0.009407497011125088,0.005652977153658867,0.6009012968033672,-0.22119685873607273,0.3388872444629669,0,1
43,epoch50,26,d3630edb5cad7433911883c7c4c6d5fe7e5856e35b45f6a8bb6c8d5499c386f1,D00,45,1.3417750597000122,1.2162200212478638,0.008832622319459915,0.025563793256878853,0.012720378115773201,0.49759352956550484,-0.3031252756087711,-0.05181805416941643,1,1
43,epoch50,26,d3630edb5cad7433911883c7c4c6d5fe7e5856e35b45f6a8bb6c8d5499c386f1,D10,83,1.3417750597000122,1.2162200212478638,0.008832622319459915,0.03842782974243164,0.015557031147181988,0.40483762032504433,-0.3927191366316553,0.5642996430397034,0,1
43,epoch50,26,d3630edb5cad7433911883c7c4c6d5fe7e5856e35b45f6a8bb6c8d5499c386f1,D20,170,1.3417750597000122,1.2162200212478638,0.008832622319459915,0.0071867420338094234,0.006631877738982439,0.9227933474978409,-0.03489554500854336,0.1715712994337082,0,1
43,epoch50,26,d3630edb5cad7433911883c7c4c6d5fe7e5856e35b45f6a8bb6c8d5499c386f1,D40,111,1.3417750597000122,1.2162200212478638,0.008832622319459915,0.02557225711643696,0.01553613692522049,0.6075387422580857,-0.21642602223596163,0.13833829760551453,0,1
43,epoch50,27,3708d434b5f52016554190e86c55f7d348fc1df0fd5af7c3b5cd80296ff25431,all,20,1.9303081035614014,1.4767098426818848,0.023258134722709656,0.007358130533248186,0.008891553618013859,1.2083984617881949,0.08221016377326854,0.036311134696006775,0,1
43,epoch50,27,3708d434b5f52016554190e86c55f7d348fc1df0fd5af7c3b5cd80296ff25431,D00,18,1.9303081035614014,1.4767098426818848,0.023258134722709656,0.035199087113142014,0.03981669247150421,1.131185372606955,0.05353378061375353,-0.021199019625782967,1,1
43,epoch50,27,3708d434b5f52016554190e86c55f7d348fc1df0fd5af7c3b5cd80296ff25431,D10,30,1.9303081035614014,1.4767098426818848,0.023258134722709656,0.01757192425429821,0.012469320558011532,0.7096161113351859,-0.14897653271334382,-0.1946079581975937,1,1
43,epoch50,27,3708d434b5f52016554190e86c55f7d348fc1df0fd5af7c3b5cd80296ff25431,D20,120,1.9303081035614014,1.4767098426818848,0.023258134722709656,0.008249611593782902,0.010277903638780117,1.245865156430611,0.09547103992576036,0.05330647528171539,0,1
43,epoch50,27,3708d434b5f52016554190e86c55f7d348fc1df0fd5af7c3b5cd80296ff25431,D40,14,1.9303081035614014,1.4767098426818848,0.023258134722709656,0.0,0.022985657677054405,,,,,1
43,epoch50,28,a98b1fcfc47c8cf2bad69c00d1f7c9b8bcef8312c34a4da3914256dbb3ec791e,all,37,1.3547453880310059,1.2599647045135498,0.0143339354544878,0.008333781734108925,0.005563960410654545,0.6676393248796144,-0.1754580906937612,-0.037006229162216187,1,1
43,epoch50,28,a98b1fcfc47c8cf2bad69c00d1f7c9b8bcef8312c34a4da3914256dbb3ec791e,D00,30,1.3547453880310059,1.2599647045135498,0.0143339354544878,0.041920602321624756,0.02764439769089222,0.6594465766211534,-0.18082038194993824,-0.12861225008964539,1,1
43,epoch50,28,a98b1fcfc47c8cf2bad69c00d1f7c9b8bcef8312c34a4da3914256dbb3ec791e,D10,100,1.3547453880310059,1.2599647045135498,0.0143339354544878,0.022945348173379898,0.01242457889020443,0.54148574239631,-0.26641297408967896,0.048999808728694916,0,1
43,epoch50,28,a98b1fcfc47c8cf2bad69c00d1f7c9b8bcef8312c34a4da3914256dbb3ec791e,D20,180,1.3547453880310059,1.2599647045135498,0.0143339354544878,0.004335495177656412,0.005048142280429602,1.1643750191318207,0.06609287937620113,0.04335040599107742,0,1
43,epoch50,28,a98b1fcfc47c8cf2bad69c00d1f7c9b8bcef8312c34a4da3914256dbb3ec791e,D40,41,1.3547453880310059,1.2599647045135498,0.0143339354544878,0.037528038024902344,0.018231909722089767,0.48582102027267415,-0.3135236982774233,0.19554585218429565,0,1
43,epoch50,29,2225223d7da6b47c0e6dcf38e16fd1007a3c71319a5a080ce19997478a3e9f8d,all,29,1.6506139039993286,1.2466715574264526,0.01182032935321331,0.01979946717619896,0.008874175138771534,0.44820272484096063,-0.3485255075069012,0.13400912284851074,0,1
43,epoch50,29,2225223d7da6b47c0e6dcf38e16fd1007a3c71319a5a080ce19997478a3e9f8d,D00,30,1.6506139039993286,1.2466715574264526,0.01182032935321331,0.07305309176445007,0.028254184871912003,0.38676234214718586,-0.412555818440768,-0.05240130424499512,1,1
43,epoch50,29,2225223d7da6b47c0e6dcf38e16fd1007a3c71319a5a080ce19997478a3e9f8d,D10,70,1.6506139039993286,1.2466715574264526,0.01182032935321331,0.05341077223420143,0.026472775265574455,0.49564487009275426,-0.30482938439524765,0.28301653265953064,0,1
43,epoch50,29,2225223d7da6b47c0e6dcf38e16fd1007a3c71319a5a080ce19997478a3e9f8d,D20,120,1.6506139039993286,1.2466715574264526,0.01182032935321331,0.013952507637441158,0.009341452270746231,0.6695178037873786,-0.17423786975905373,-0.2392437756061554,1,1
43,epoch50,29,2225223d7da6b47c0e6dcf38e16fd1007a3c71319a5a080ce19997478a3e9f8d,D40,59,1.6506139039993286,1.2466715574264526,0.01182032935321331,0.029832085594534874,0.016843587160110474,0.5646131279268036,-0.24824902820842798,0.020454734563827515,0,1
43,epoch50,30,b04a9f5f8c8525ee7d89d5ab3951357bcb40fe551b1336bd27c9a1653c34a525,all,16,1.393176555633545,1.0846161842346191,0.020121047273278236,0.003507965477183461,0.006610616110265255,1.884458713536972,0.27518662696498813,0.2371888905763626,0,1
43,epoch50,30,b04a9f5f8c8525ee7d89d5ab3951357bcb40fe551b1336bd27c9a1653c34a525,D00,10,1.393176555633545,1.0846161842346191,0.020121047273278236,0.02420654147863388,0.05923329293727875,2.4469952880117773,0.38863313306553904,-0.13414593040943146,1,1
43,epoch50,30,b04a9f5f8c8525ee7d89d5ab3951357bcb40fe551b1336bd27c9a1653c34a525,D10,34,1.393176555633545,1.0846161842346191,0.020121047273278236,0.015182596631348133,0.027024302631616592,1.7799526186329946,0.25040844178074034,0.1943349391222,0,1
43,epoch50,30,b04a9f5f8c8525ee7d89d5ab3951357bcb40fe551b1336bd27c9a1653c34a525,D20,100,1.393176555633545,1.0846161842346191,0.020121047273278236,0.0034386594779789448,0.004492264240980148,1.3063998542886994,0.11607612328891692,0.20325200259685516,0,1
43,epoch50,30,b04a9f5f8c8525ee7d89d5ab3951357bcb40fe551b1336bd27c9a1653c34a525,D40,3,1.393176555633545,1.0846161842346191,0.020121047273278236,0.0,0.004031514748930931,,,,,1
43,epoch50,31,a97e08f577b4294fca98444b9e8371a1e6f50330c8c6f36739d4652e1115e800,all,27,1.3088799715042114,1.3741834163665771,0.010957629419863224,0.014566583558917046,0.01159435510635376,0.7959556926617969,-0.0991111068453085,-0.14211051166057587,1,1
43,epoch50,31,a97e08f577b4294fca98444b9e8371a1e6f50330c8c6f36739d4652e1115e800,D00,70,1.3088799715042114,1.3741834163665771,0.010957629419863224,0.026842128485441208,0.013803089037537575,0.5142322839645215,-0.28884066143971815,-0.2613637149333954,1,1
43,epoch50,31,a97e08f577b4294fca98444b9e8371a1e6f50330c8c6f36739d4652e1115e800,D10,60,1.3088799715042114,1.3741834163665771,0.010957629419863224,0.029323307797312737,0.023062726482748985,0.7864981209542299,-0.10430231062516229,-0.18863655626773834,1,1
43,epoch50,31,a97e08f577b4294fca98444b9e8371a1e6f50330c8c6f36739d4652e1115e800,D20,80,1.3088799715042114,1.3741834163665771,0.010957629419863224,0.02301890403032303,0.036679137498140335,1.5934354411410094,0.202334472501193,0.5391749143600464,0,1
43,epoch50,31,a97e08f577b4294fca98444b9e8371a1e6f50330c8c6f36739d4652e1115e800,D40,47,1.3088799715042114,1.3741834163665771,0.010957629419863224,0.07255734503269196,0.06582070887088776,0.9071543183013533,-0.04231882772934689,-0.0011085690930485725,1,1
43,best,0,886703586ffce1566642efa3528edf8bf420c0925651ae888df1adf072710d17,all,27,1.5580997467041016,1.3111540079116821,0.011907890439033508,0.03488893061876297,0.01200963370501995,0.34422475816903575,-0.4631578965026272,-0.2020173966884613,1,1
43,best,0,886703586ffce1566642efa3528edf8bf420c0925651ae888df1adf072710d17,D00,60,1.5580997467041016,1.3111540079116821,0.011907890439033508,0.12746311724185944,0.035996437072753906,0.28240669027771526,-0.549125018964861,-0.2874039113521576,1,1
43,best,0,886703586ffce1566642efa3528edf8bf420c0925651ae888df1adf072710d17,D10,105,1.5580997467041016,1.3111540079116821,0.011907890439033508,0.020382646471261978,0.021372009068727493,1.0485394572711861,0.020584777913162197,-0.466033399105072,1,1
43,best,0,886703586ffce1566642efa3528edf8bf420c0925651ae888df1adf072710d17,D20,100,1.5580997467041016,1.3111540079116821,0.011907890439033508,0.014471383765339851,0.009467060677707195,0.6541918057885785,-0.18429490002010385,-0.021643152460455894,1,1
43,best,1,2a6bc5cbae2770f2ef1e8306a3806f5601b8e59e9d7cce214dc29219d96ecf10,all,31,1.774423599243164,1.4367210865020752,0.014752136543393135,0.014423475600779057,0.011936365626752377,0.8275651415188484,-0.0821978108589425,0.4319938123226166,0,1
43,best,1,2a6bc5cbae2770f2ef1e8306a3806f5601b8e59e9d7cce214dc29219d96ecf10,D00,95,1.774423599243164,1.4367210865020752,0.014752136543393135,0.040991827845573425,0.02944832295179367,0.7183949704007576,-0.14363671689593516,0.4985392391681671,0,1
43,best,1,2a6bc5cbae2770f2ef1e8306a3806f5601b8e59e9d7cce214dc29219d96ecf10,D10,40,1.774423599243164,1.4367210865020752,0.014752136543393135,0.01528372522443533,0.03035605512559414,1.9861685995938645,0.2980161116142423,0.02165238931775093,0,1
43,best,1,2a6bc5cbae2770f2ef1e8306a3806f5601b8e59e9d7cce214dc29219d96ecf10,D20,110,1.774423599243164,1.4367210865020752,0.014752136543393135,0.010393290780484676,0.013451171107590199,1.2942167588390059,0.11200701921063615,0.08608739078044891,0,1
43,best,1,2a6bc5cbae2770f2ef1e8306a3806f5601b8e59e9d7cce214dc29219d96ecf10,D40,27,1.774423599243164,1.4367210865020752,0.014752136543393135,0.0,0.0020912473555654287,,,,,1
43,best,2,a2bc40b1696e829db4e198594caa9d2c0539cd5454ab0301acbe1229f059b476,all,20,1.70904541015625,1.1076295375823975,0.017647817730903625,0.009442485868930817,0.016250085085630417,1.7209541333918281,0.23576929573123392,-0.10556918382644653,1,1
43,best,2,a2bc40b1696e829db4e198594caa9d2c0539cd5454ab0301acbe1229f059b476,D00,70,1.70904541015625,1.1076295375823975,0.017647817730903625,0.02181003801524639,0.023794731125235558,1.0909990669709864,0.037824379177227904,-0.00029027383425273,1,1
43,best,2,a2bc40b1696e829db4e198594caa9d2c0539cd5454ab0301acbe1229f059b476,D10,40,1.70904541015625,1.1076295375823975,0.017647817730903625,0.037685249000787735,0.08048488199710846,2.135713153850359,0.32954292248320066,-0.24175074696540833,1,1
43,best,2,a2bc40b1696e829db4e198594caa9d2c0539cd5454ab0301acbe1229f059b476,D20,90,1.70904541015625,1.1076295375823975,0.017647817730903625,0.007918065413832664,0.006711969152092934,0.8476779113705337,-0.0717691334580912,0.1332309991121292,0,1
43,best,3,e07c1c00a84116748407ba9562508b567be535ceb684974e9c70405b37eda097,all,17,1.316854476928711,0.855451762676239,0.012423033826053143,0.02418549358844757,0.00689528277143836,0.2850999400207386,-0.5450028740573061,0.06465792655944824,0,1
43,best,3,e07c1c00a84116748407ba9562508b567be535ceb684974e9c70405b37eda097,D00,50,1.316854476928711,0.855451762676239,0.012423033826053143,0.10247945785522461,0.013824183493852615,0.13489711775585697,-0.8699973294689352,0.012214938178658485,0,1
43,best,3,e07c1c00a84116748407ba9562508b567be535ceb684974e9c70405b37eda097,D10,30,1.316854476928711,0.855451762676239,0.012423033826053143,0.03902619704604149,0.021124854683876038,0.5412993394912092,-0.2665625028470471,0.10656961798667908,0,1
43,best,3,e07c1c00a84116748407ba9562508b567be535ceb684974e9c70405b37eda097,D20,80,1.316854476928711,0.855451762676239,0.012423033826053143,0.007809352595359087,0.006773063912987709,0.8673015887402472,-0.061829858059707865,0.22667723894119263,0,1
43,best,3,e07c1c00a84116748407ba9562508b567be535ceb684974e9c70405b37eda097,D40,10,1.316854476928711,0.855451762676239,0.012423033826053143,0.07854276895523071,0.04075440391898155,0.5188816801481944,-0.2849316624154976,-0.33467158675193787,1,1
43,best,4,aebb281f8c5a342bc96208dae814f3fceb96b28b4c180382086623c0d6c23b4f,all,30,1.6594699621200562,1.7332875728607178,0.012496380135416985,0.012328197248280048,0.013979947194457054,1.133981466463594,0.05460595660418363,-0.06241227313876152,1,1
43,best,4,aebb281f8c5a342bc96208dae814f3fceb96b28b4c180382086623c0d6c23b4f,D00,90,1.6594699621200562,1.7332875728607178,0.012496380135416985,0.017654424533247948,0.01411005761474371,0.7992363380732542,-0.0973247787035796,0.17104171216487885,0,1
43,best,4,aebb281f8c5a342bc96208dae814f3fceb96b28b4c180382086623c0d6c23b4f,D10,26,1.6594699621200562,1.7332875728607178,0.012496380135416985,0.03179170563817024,0.033128704875707626,1.0420549703357889,0.017890629408620427,-0.13038858771324158,1,1
43,best,4,aebb281f8c5a342bc96208dae814f3fceb96b28b4c180382086623c0d6c23b4f,D20,100,1.6594699621200562,1.7332875728607178,0.012496380135416985,0.01011361088603735,0.027507055550813675,2.719805602644785,0.43453786406517436,-0.282316118478775,1,1
43,best,4,aebb281f8c5a342bc96208dae814f3fceb96b28b4c180382086623c0d6c23b4f,D40,67,1.6594699621200562,1.7332875728607178,0.012496380135416985,0.04001929610967636,0.02689547650516033,0.6720627077360616,-0.1725902026111014,-0.019924979656934738,1,1
43,best,5,8e0e3fb15223ff04644b68ef88ac40dacd3d12281c3c25fc017b9c5e9508482d,all,29,1.6252086162567139,1.2874034643173218,0.01199626550078392,0.008159112185239792,0.01205536350607872,1.4775337355806217,0.16953740563400096,0.027538254857063293,0,1
43,best,5,8e0e3fb15223ff04644b68ef88ac40dacd3d12281c3c25fc017b9c5e9508482d,D00,130,1.6252086162567139,1.2874034643173218,0.01199626550078392,0.016105350106954575,0.013286271132528782,0.8249600936518316,-0.08356705936035405,-0.13259008526802063,1,1
43,best,5,8e0e3fb15223ff04644b68ef88ac40dacd3d12281c3c25fc017b9c5e9508482d,D10,30,1.6252086162567139,1.2874034643173218,0.01199626550078392,0.047151338309049606,0.02058880776166916,0.4366537303081727,-0.35986282533641334,0.5605233311653137,0,1
43,best,5,8e0e3fb15223ff04644b68ef88ac40dacd3d12281c3c25fc017b9c5e9508482d,D20,90,1.6252086162567139,1.2874034643173218,0.01199626550078392,0.00450618052855134,0.008173760026693344,1.8138998149106706,0.2586132964875784,-0.017417313531041145,1,1
43,best,5,8e0e3fb15223ff04644b68ef88ac40dacd3d12281c3c25fc017b9c5e9508482d,D40,40,1.6252086162567139,1.2874034643173218,0.01199626550078392,0.021046621724963188,0.07714420557022095,3.665396118120039,0.5641209155713254,-0.32168638706207275,1,1
43,best,6,334f79e24468133a4814f9bcc1ad52d87fcf4ccd83ce8a62073ff99c81b54eaf,all,37,1.712149977684021,1.4168514013290405,0.012039732187986374,0.01124130841344595,0.01658712327480316,1.4755509469843366,0.1689542091678561,-0.3412545323371887,1,1
43,best,6,334f79e24468133a4814f9bcc1ad52d87fcf4ccd83ce8a62073ff99c81b54eaf,D00,100,1.712149977684021,1.4168514013290405,0.012039732187986374,0.027413496747612953,0.02804277464747429,1.0229550394703342,0.0098565461862236,-0.09538529813289642,1,1
43,best,6,334f79e24468133a4814f9bcc1ad52d87fcf4ccd83ce8a62073ff99c81b54eaf,D10,118,1.712149977684021,1.4168514013290405,0.012039732187986374,0.019071578979492188,0.045103613287210464,2.3649648167941795,0.37382468419188486,-0.09725727885961533,1,1
43,best,6,334f79e24468133a4814f9bcc1ad52d87fcf4ccd83ce8a62073ff99c81b54eaf,D20,130,1.712149977684021,1.4168514013290405,0.012039732187986374,0.017361676320433617,0.020617632195353508,1.1875369529316608,0.07464713257447526,-0.636894166469574,1,1
43,best,6,334f79e24468133a4814f9bcc1ad52d87fcf4ccd83ce8a62073ff99c81b54eaf,D40,10,1.712149977684021,1.4168514013290405,0.012039732187986374,0.0,0.019275860860943794,,,,,1
43,best,7,4cffd353e7e306aaebfb783e40e9e05baabcb5e8900af458869ea4f4d3293421,all,24,1.5705716609954834,1.3111212253570557,0.014386022463440895,0.013493360951542854,0.01136166974902153,0.8420192559750962,-0.07467797659048825,0.24124383926391602,0,1
43,best,7,4cffd353e7e306aaebfb783e40e9e05baabcb5e8900af458869ea4f4d3293421,D00,70,1.5705716609954834,1.3111212253570557,0.014386022463440895,0.03802357241511345,0.034535810351371765,0.9082736880778887,-0.04178326677396144,0.3789061903953552,0,1
43,best,7,4cffd353e7e306aaebfb783e40e9e05baabcb5e8900af458869ea4f4d3293421,D10,35,1.5705716609954834,1.3111212253570557,0.014386022463440895,0.0384746752679348,0.02139514870941639,0.5560839321039659,-0.2548596535643495,-0.3867490291595459,1,1
43,best,7,4cffd353e7e306aaebfb783e40e9e05baabcb5e8900af458869ea4f4d3293421,D20,100,1.5705716609954834,1.3111212253570557,0.014386022463440895,0.00711723743006587,0.007962716743350029,1.1187931864844831,0.048749812828912414,-0.04622482880949974,1,1
43,best,7,4cffd353e7e306aaebfb783e40e9e05baabcb5e8900af458869ea4f4d3293421,D40,30,1.5705716609954834,1.3111212253570557,0.014386022463440895,0.018031179904937744,0.029968183487653732,1.6620201032682893,0.22063627256823898,0.2365228831768036,0,1
43,best,8,9a9e818c03cf6b59f252a010c001516b61a837cff7c0a45a33324e5e3da2f928,all,26,1.6349411010742188,1.4339643716812134,0.010179859586060047,0.011270293034613132,0.010293873026967049,0.9133633877444607,-0.039356401114427675,-0.08400087803602219,1,1
43,best,8,9a9e818c03cf6b59f252a010c001516b61a837cff7c0a45a33324e5e3da2f928,D00,106,1.6349411010742188,1.4339643716812134,0.010179859586060047,0.028387147933244705,0.02159396931529045,0.7606952754137503,-0.11878928108704659,0.009072620421648026,0,1
43,best,8,9a9e818c03cf6b59f252a010c001516b61a837cff7c0a45a33324e5e3da2f928,D10,47,1.6349411010742188,1.4339643716812134,0.010179859586060047,0.009160974994301796,0.01061949972063303,1.159210643762094,0.0641623601321332,-0.38315704464912415,1,1
43,best,8,9a9e818c03cf6b59f252a010c001516b61a837cff7c0a45a33324e5e3da2f928,D20,50,1.6349411010742188,1.4339643716812134,0.010179859586060047,0.009591740556061268,0.015449597500264645,1.610718869006694,0.20701974632025477,-0.1630798876285553,1,1
43,best,8,9a9e818c03cf6b59f252a010c001516b61a837cff7c0a45a33324e5e3da2f928,D40,50,1.6349411010742188,1.4339643716812134,0.010179859586060047,0.01564830169081688,0.0225909985601902,1.4436709495093392,0.15946821740467113,-0.14475969970226288,1,1
43,best,9,7936e23f50a0735d5eecfc1973eab44248d15d7b1c60fca12b65c3f3ad89c533,all,22,1.6951349973678589,1.5577534437179565,0.012661208398640156,0.014395049773156643,0.014124390669167042,0.9811977653252498,-0.008243449568809265,-0.13049545884132385,1,1
43,best,9,7936e23f50a0735d5eecfc1973eab44248d15d7b1c60fca12b65c3f3ad89c533,D00,70,1.6951349973678589,1.5577534437179565,0.012661208398640156,0.03558721765875816,0.018870051950216293,0.5302480270067501,-0.2755209387692985,-0.23083412647247314,1,1
43,best,9,7936e23f50a0735d5eecfc1973eab44248d15d7b1c60fca12b65c3f3ad89c533,D10,75,1.6951349973678589,1.5577534437179565,0.012661208398640156,0.023839756846427917,0.034459374845027924,1.445458318514319,0.1600055727965604,0.04563252255320549,0,1
43,best,9,7936e23f50a0735d5eecfc1973eab44248d15d7b1c60fca12b65c3f3ad89c533,D20,60,1.6951349973678589,1.5577534437179565,0.012661208398640156,0.016160668805241585,0.0159800685942173,0.9888247068731643,-0.004880690794268235,-0.6071462631225586,1,1
43,best,10,a3c4b7957b7c11b073f1daa1e16883390b82c9915792752861bbb60388b3807f,all,22,1.7140510082244873,1.3248047828674316,0.01177879050374031,0.01247615460306406,0.009180780500173569,0.7358662017476788,-0.133201143712849,-0.22617636620998383,1,1
43,best,10,a3c4b7957b7c11b073f1daa1e16883390b82c9915792752861bbb60388b3807f,D00,70,1.7140510082244873,1.3248047828674316,0.01177879050374031,0.026039987802505493,0.010571740567684174,0.40598101073868365,-0.3914942795367766,-0.05800947546958923,1,1
43,best,10,a3c4b7957b7c11b073f1daa1e16883390b82c9915792752861bbb60388b3807f,D10,40,1.7140510082244873,1.3248047828674316,0.01177879050374031,0.03972611203789711,0.015514668077230453,0.390540812612875,-0.40833357442076207,-0.3279741406440735,1,1
43,best,10,a3c4b7957b7c11b073f1daa1e16883390b82c9915792752861bbb60388b3807f,D20,60,1.7140510082244873,1.3248047828674316,0.01177879050374031,0.01340089738368988,0.019774120301008224,1.4755818013407924,0.1689632903430486,0.29861190915107727,0,1
43,best,10,a3c4b7957b7c11b073f1daa1e16883390b82c9915792752861bbb60388b3807f,D40,45,1.7140510082244873,1.3248047828674316,0.01177879050374031,0.03491305559873581,0.011927321553230286,0.34162926586300196,-0.46644493230858997,-0.22425995767116547,1,1
43,best,11,1a50ac51658d5ba7bc54cdce02199aa8c5d6d07979efd6817b6007444dd0f941,all,27,1.5701355934143066,1.5316296815872192,0.009982192888855934,0.011417347006499767,0.009890365414321423,0.8662577574887537,-0.06235286318016691,0.2910650670528412,0,1
43,best,11,1a50ac51658d5ba7bc54cdce02199aa8c5d6d07979efd6817b6007444dd0f941,D00,70,1.5701355934143066,1.5316296815872192,0.009982192888855934,0.031070364639163017,0.0339735746383667,1.0934398431727543,0.0387948948297345,0.4424791932106018,0,1
43,best,11,1a50ac51658d5ba7bc54cdce02199aa8c5d6d07979efd6817b6007444dd0f941,D10,70,1.5701355934143066,1.5316296815872192,0.009982192888855934,0.016032397747039795,0.01604277640581131,1.0006473553697501,0.000281051904494982,-0.0032715853303670883,1,1
43,best,11,1a50ac51658d5ba7bc54cdce02199aa8c5d6d07979efd6817b6007444dd0f941,D20,70,1.5701355934143066,1.5316296815872192,0.009982192888855934,0.018611326813697815,0.015542462468147278,0.8351077074584563,-0.07825750806341904,-0.11211652308702469,1,1
43,best,11,1a50ac51658d5ba7bc54cdce02199aa8c5d6d07979efd6817b6007444dd0f941,D40,60,1.5701355934143066,1.5316296815872192,0.009982192888855934,0.020756827667355537,0.010891652666032314,0.5247262655247517,-0.2800671963563259,0.30985042452812195,0,1
43,best,12,a4534ce8b8156f22da77d962aa5685381556c24601b584a139224fe097731d2e,all,10,1.7257587909698486,1.5964020490646362,0.014845635741949081,0.01919568143785,0.01752716489136219,0.9130785457192558,-0.03949186156186597,0.08379221707582474,0,1
43,best,12,a4534ce8b8156f22da77d962aa5685381556c24601b584a139224fe097731d2e,D00,50,1.7257587909698486,1.5964020490646362,0.014845635741949081,0.012980213388800621,0.031961794942617416,2.46234741951116,0.39134932874635053,-0.1485157161951065,1,1
43,best,12,a4534ce8b8156f22da77d962aa5685381556c24601b584a139224fe097731d2e,D10,10,1.7257587909698486,1.5964020490646362,0.014845635741949081,0.17290931940078735,0.04217065870761871,0.2438888710785515,-0.6128080165761659,-0.059835612773895264,1,1
43,best,12,a4534ce8b8156f22da77d962aa5685381556c24601b584a139224fe097731d2e,D20,30,1.7257587909698486,1.5964020490646362,0.014845635741949081,0.011207105591893196,0.031072119250893593,2.772537386760236,0.44287741117978807,-0.041201040148735046,1,1
43,best,12,a4534ce8b8156f22da77d962aa5685381556c24601b584a139224fe097731d2e,D40,10,1.7257587909698486,1.5964020490646362,0.014845635741949081,0.040133457630872726,0.027728883549571037,0.6909168854726474,-0.1605741933662082,-0.348945289850235,1,1
43,best,13,bebf1379a39279f25bf2470ca784661aff6818b4b2ece729feeecbe448c06b0a,all,32,1.4963772296905518,1.2541590929031372,0.013025300577282906,0.0135352136567235,0.007368078920990229,0.5443636951626692,-0.26411084657721773,0.10229474306106567,0,1
43,best,13,bebf1379a39279f25bf2470ca784661aff6818b4b2ece729feeecbe448c06b0a,D00,40,1.4963772296905518,1.2541590929031372,0.013025300577282906,0.031493179500103,0.045202989131212234,1.4353263102909124,0.1569506457728931,0.0823405385017395,0,1
43,best,13,bebf1379a39279f25bf2470ca784661aff6818b4b2ece729feeecbe448c06b0a,D10,72,1.4963772296905518,1.2541590929031372,0.013025300577282906,0.04537476599216461,0.0172665286809206,0.38053152018243386,-0.41960936392799786,-0.08138050138950348,1,1
43,best,13,bebf1379a39279f25bf2470ca784661aff6818b4b2ece729feeecbe448c06b0a,D20,150,1.4963772296905518,1.2541590929031372,0.013025300577282906,0.00655857939273119,0.008169617503881454,1.2456382723575417,0.0953919435054227,-0.18935298919677734,1,1
43,best,13,bebf1379a39279f25bf2470ca784661aff6818b4b2ece729feeecbe448c06b0a,D40,40,1.4963772296905518,1.2541590929031372,0.013025300577282906,0.037820667028427124,0.010625521652400494,0.2809448507191594,-0.5513789234364909,-0.22353555262088776,1,1
43,best,14,a5027d0cd59953da796d4dea2969bf081ed8077a4b089ab997a63f25a61d4f65,all,14,1.3475749492645264,1.1970022916793823,0.012758941389620304,0.011579708196222782,0.01418794970959425,1.225242421412852,0.08822202491757226,-0.1771281361579895,1,1
43,best,14,a5027d0cd59953da796d4dea2969bf081ed8077a4b089ab997a63f25a61d4f65,D00,50,1.3475749492645264,1.1970022916793823,0.012758941389620304,0.026050018146634102,0.0315655842423439,1.2117298369875593,0.08340580185640518,-0.09704652428627014,1,1
43,best,14,a5027d0cd59953da796d4dea2969bf081ed8077a4b089ab997a63f25a61d4f65,D10,10,1.3475749492645264,1.1970022916793823,0.012758941389620304,0.022673867642879486,0.11786787211894989,5.198401700821658,0.715869836094117,-0.2297518402338028,1,1
43,best,14,a5027d0cd59953da796d4dea2969bf081ed8077a4b089ab997a63f25a61d4f65,D20,50,1.3475749492645264,1.1970022916793823,0.012758941389620304,0.005885807331651449,0.011226940900087357,1.9074598041484452,0.28045539484686144,0.06366554647684097,0,1
43,best,14,a5027d0cd59953da796d4dea2969bf081ed8077a4b089ab997a63f25a61d4f65,D40,30,1.3475749492645264,1.1970022916793823,0.012758941389620304,0.03192480653524399,0.02217167615890503,0.6944968056244348,-0.15832974748269615,0.07274410873651505,0,1
43,best,15,97e557dc2e2ba54a9bf43e9ee0ceab14f58ba53dd8f70b1de2ba8002bd1b4024,all,22,1.5209616422653198,1.3071198463439941,0.013667406514286995,0.00945939589291811,0.023509884253144264,2.48534732231106,0.3953870890946382,-0.23052872717380524,1,1
43,best,15,97e557dc2e2ba54a9bf43e9ee0ceab14f58ba53dd8f70b1de2ba8002bd1b4024,D00,70,1.5209616422653198,1.3071198463439941,0.013667406514286995,0.02944737859070301,0.040472451597452164,1.3743991327713612,0.13811287245287487,-0.17039960622787476,1,1
43,best,15,97e557dc2e2ba54a9bf43e9ee0ceab14f58ba53dd8f70b1de2ba8002bd1b4024,D10,70,1.5209616422653198,1.3071198463439941,0.013667406514286995,0.016982903704047203,0.07006993144750595,4.125909954421255,0.6155197455167494,-0.16113117337226868,1,1
43,best,15,97e557dc2e2ba54a9bf43e9ee0ceab14f58ba53dd8f70b1de2ba8002bd1b4024,D20,80,1.5209616422653198,1.3071198463439941,0.013667406514286995,0.0019140229560434818,0.004797233734279871,2.506361650017164,0.39904373675980137,-0.07982376962900162,1,1
43,best,16,765c81fe9136f77108d5a3192e09f930584736691268a02f9f4277315c467459,all,26,1.7164829969406128,1.1505980491638184,0.015211699530482292,0.010292081162333488,0.009479748085141182,0.9210720296138698,-0.03570640580679228,0.09957198798656464,0,1
43,best,16,765c81fe9136f77108d5a3192e09f930584736691268a02f9f4277315c467459,D00,40,1.7164829969406128,1.1505980491638184,0.015211699530482292,0.02517598867416382,0.031114395707845688,1.2358758224170954,0.09197483616679732,0.21148377656936646,0,1
43,best,16,765c81fe9136f77108d5a3192e09f930584736691268a02f9f4277315c467459,D10,30,1.7164829969406128,1.1505980491638184,0.015211699530482292,0.05731664597988129,0.029873879626393318,0.5212077419338066,-0.28298914197296027,0.19452828168869019,0,1
43,best,16,765c81fe9136f77108d5a3192e09f930584736691268a02f9f4277315c467459,D20,130,1.7164829969406128,1.1505980491638184,0.015211699530482292,0.012471189722418785,0.011857837438583374,0.9508184625936031,-0.021902393914118256,-0.25425389409065247,1,1
43,best,16,765c81fe9136f77108d5a3192e09f930584736691268a02f9f4277315c467459,D40,49,1.7164829969406128,1.1505980491638184,0.015211699530482292,0.022959619760513306,0.008832518942654133,0.3846979625439871,-0.41488011381859846,0.07410112023353577,0,1
43,best,17,818c4a2cdd8fd7a454c6ebf5b64ab47888fd393095b89e325426239237aed862,all,15,1.3278952836990356,1.2550171613693237,0.02476031333208084,0.01905488409101963,0.021786397323012352,1.1433497689592378,0.058179108340892106,0.16002686321735382,0,1
43,best,17,818c4a2cdd8fd7a454c6ebf5b64ab47888fd393095b89e325426239237aed862,D00,40,1.3278952836990356,1.2550171613693237,0.02476031333208084,0.040896300226449966,0.07141416519880295,1.7462255706107943,0.24210034346116985,0.2299507111310959,0,1
43,best,17,818c4a2cdd8fd7a454c6ebf5b64ab47888fd393095b89e325426239237aed862,D20,110,1.3278952836990356,1.2550171613693237,0.02476031333208084,0.020119568333029747,0.011901029385626316,0.5915151452871243,-0.22803413111987475,0.126569464802742,0,1
43,best,18,9d33f9b80970a78760c50e7a00a3f75a106deb72dde43191034a7f3622269186,all,28,1.5194151401519775,1.2872270345687866,0.01404174230992794,0.009165310300886631,0.007747476454824209,0.8453043269113034,-0.07298690796875532,-0.09015453606843948,1,1
43,best,18,9d33f9b80970a78760c50e7a00a3f75a106deb72dde43191034a7f3622269186,D00,60,1.5194151401519775,1.2872270345687866,0.01404174230992794,0.02077064849436283,0.026585714891552925,1.279965567698491,0.10719828686686989,-0.04368099942803383,1,1
43,best,18,9d33f9b80970a78760c50e7a00a3f75a106deb72dde43191034a7f3622269186,D10,50,1.5194151401519775,1.2872270345687866,0.01404174230992794,0.038064710795879364,0.015421741642057896,0.4051453779527297,-0.39238911131956,0.35542258620262146,0,1
43,best,18,9d33f9b80970a78760c50e7a00a3f75a106deb72dde43191034a7f3622269186,D20,149,1.5194151401519775,1.2872270345687866,0.01404174230992794,0.010433788411319256,0.009464005008339882,0.907053568200857,-0.042367063891329486,-0.3456498086452484,1,1
43,best,18,9d33f9b80970a78760c50e7a00a3f75a106deb72dde43191034a7f3622269186,D40,20,1.5194151401519775,1.2872270345687866,0.01404174230992794,0.026132043451070786,0.010980267077684402,0.4201840203673194,-0.3765604678707045,-0.25214165449142456,1,1
43,best,19,2a337a00f71b9d5b9e4f4820456a997dde9a26e2a8570d0031a4032304e5e290,all,22,1.2043237686157227,1.1009397506713867,0.012210613116621971,0.013143247924745083,0.014607659541070461,1.1114193101058605,0.0458779380671101,-0.0935879647731781,1,1
43,best,19,2a337a00f71b9d5b9e4f4820456a997dde9a26e2a8570d0031a4032304e5e290,D00,70,1.2043237686157227,1.1009397506713867,0.012210613116621971,0.01562611758708954,0.019548095762729645,1.2509886511336947,0.09725336982741774,0.03555105999112129,0,1
43,best,19,2a337a00f71b9d5b9e4f4820456a997dde9a26e2a8570d0031a4032304e5e290,D10,15,1.2043237686157227,1.1009397506713867,0.012210613116621971,0.1407339870929718,0.03934801369905472,0.27959140866989435,-0.553476177792531,0.010819438844919205,0,1
43,best,19,2a337a00f71b9d5b9e4f4820456a997dde9a26e2a8570d0031a4032304e5e290,D20,110,1.2043237686157227,1.1009397506713867,0.012210613116621971,0.010743767954409122,0.023706775158643723,2.2065606088332097,0.3437158609562513,0.2920477092266083,0,1
43,best,19,2a337a00f71b9d5b9e4f4820456a997dde9a26e2a8570d0031a4032304e5e290,D40,20,1.2043237686157227,1.1009397506713867,0.012210613116621971,0.06499156355857849,0.014920712448656559,0.2295792196968481,-0.6390674245467828,-0.11580778658390045,1,1
43,best,20,416079114cddbd6704444b9e0affb7f2e5045d6c83762da189425d38df68e659,all,14,1.3276870250701904,1.0184623003005981,0.017635291442275047,0.01217444147914648,0.010259014554321766,0.8426681890823792,-0.07434340048572424,-0.006072048097848892,1,1
43,best,20,416079114cddbd6704444b9e0affb7f2e5045d6c83762da189425d38df68e659,D00,20,1.3276870250701904,1.0184623003005981,0.017635291442275047,0.05241959169507027,0.03602083399891853,0.6871635744218524,-0.16293986990857354,-0.017347849905490875,1,1
43,best,20,416079114cddbd6704444b9e0affb7f2e5045d6c83762da189425d38df68e659,D10,10,1.3276870250701904,1.0184623003005981,0.017635291442275047,0.03106343187391758,0.025656195357441902,0.8259291974427376,-0.08305718086105572,0.1488501876592636,0,1
43,best,20,416079114cddbd6704444b9e0affb7f2e5045d6c83762da189425d38df68e659,D20,100,1.3276870250701904,1.0184623003005981,0.017635291442275047,0.01066010445356369,0.010466848500072956,0.9818711013262044,-0.007945522047144509,0.014539550989866257,0,1
43,best,20,416079114cddbd6704444b9e0affb7f2e5045d6c83762da189425d38df68e659,D40,10,1.3276870250701904,1.0184623003005981,0.017635291442275047,0.06620427221059799,0.0606476366519928,0.9160683234923367,-0.03807213396409275,0.16478942334651947,0,1
43,best,21,a0b7e0d587d81d840d751b4be2adc2060e7cdecb840ca465510a9bbe0ae50148,all,22,1.3945772647857666,1.471649408340454,0.018502535298466682,0.012799331918358803,0.00966188870370388,0.7548744548022299,-0.1221252710467743,-0.0025855782441794872,1,1
43,best,21,a0b7e0d587d81d840d751b4be2adc2060e7cdecb840ca465510a9bbe0ae50148,D00,44,1.3945772647857666,1.471649408340454,0.018502535298466682,0.07460187375545502,0.032709360122680664,0.43845225965639906,-0.3580776873527022,0.036971259862184525,0,1
43,best,21,a0b7e0d587d81d840d751b4be2adc2060e7cdecb840ca465510a9bbe0ae50148,D10,10,1.3945772647857666,1.471649408340454,0.018502535298466682,0.009018576703965664,0.11208237707614899,12.427945201914614,1.0943993296683432,-0.001602562959305942,1,1
43,best,21,a0b7e0d587d81d840d751b4be2adc2060e7cdecb840ca465510a9bbe0ae50148,D20,137,1.3945772647857666,1.471649408340454,0.018502535298466682,0.007866852916777134,0.009978399612009525,1.2684105979316367,0.1032598620242416,-0.2675246298313141,1,1
43,best,21,a0b7e0d587d81d840d751b4be2adc2060e7cdecb840ca465510a9bbe0ae50148,D40,20,1.3945772647857666,1.471649408340454,0.018502535298466682,0.008292078040540218,0.011006072163581848,1.3272996358419242,0.12296897524068098,0.15567603707313538,0,1
43,best,22,2297f487f0ecec69d9bb03ab1c1ab6462947f9be30d9f1404026cda7df27620b,all,24,1.0992183685302734,1.0473477840423584,0.008379088714718819,0.009922121651470661,0.012234054505825043,1.2330079125780227,0.09096586360136562,-0.03855988010764122,1,1
43,best,22,2297f487f0ecec69d9bb03ab1c1ab6462947f9be30d9f1404026cda7df27620b,D00,60,1.0992183685302734,1.0473477840423584,0.008379088714718819,0.02421409823000431,0.054994914680719376,2.2711940026977246,0.3562542327237169,0.3113923668861389,0,1
43,best,22,2297f487f0ecec69d9bb03ab1c1ab6462947f9be30d9f1404026cda7df27620b,D10,20,1.0992183685302734,1.0473477840423584,0.008379088714718819,0.0863066241145134,0.018753578886389732,0.21729014520956236,-0.6629599698513988,-0.11009615659713745,1,1
43,best,22,2297f487f0ecec69d9bb03ab1c1ab6462947f9be30d9f1404026cda7df27620b,D20,106,1.0992183685302734,1.0473477840423584,0.008379088714718819,0.0012908041244372725,0.006384842563420534,4.946407005171302,0.6942898485452195,0.032537803053855896,0,1
43,best,22,2297f487f0ecec69d9bb03ab1c1ab6462947f9be30d9f1404026cda7df27620b,D40,48,1.0992183685302734,1.0473477840423584,0.008379088714718819,0.029611650854349136,0.015987295657396317,0.5398988302284479,-0.2676876134916776,-0.0005509566981345415,1,1
43,best,23,bde13578b9281c4539c651383b60b4fb0bfefe18442c462348aed858a8942b34,all,32,1.3587777614593506,1.2800657749176025,0.01511855237185955,0.00803707167506218,0.011316700838506222,1.4080626994556036,0.14862199388373307,0.1504393070936203,0,1
43,best,23,bde13578b9281c4539c651383b60b4fb0bfefe18442c462348aed858a8942b34,D00,12,1.3587777614593506,1.2800657749176025,0.01511855237185955,0.02987029403448105,0.0925530269742012,3.0984973521640518,0.4911511293573992,-0.1320076882839203,1,1
43,best,23,bde13578b9281c4539c651383b60b4fb0bfefe18442c462348aed858a8942b34,D10,70,1.3587777614593506,1.2800657749176025,0.01511855237185955,0.021521789953112602,0.018708130344748497,0.8692646097516077,-0.06084800138535951,0.2892477810382843,0,1
43,best,23,bde13578b9281c4539c651383b60b4fb0bfefe18442c462348aed858a8942b34,D20,180,1.3587777614593506,1.2800657749176025,0.01511855237185955,0.007996615953743458,0.01487589068710804,1.8602732422261927,0.2695767393122792,0.046197161078453064,0,1
43,best,23,bde13578b9281c4539c651383b60b4fb0bfefe18442c462348aed858a8942b34,D40,39,1.3587777614593506,1.2800657749176025,0.01511855237185955,0.034250229597091675,0.012528919614851475,0.36580541976615993,-0.43674986431312945,-0.16267582774162292,1,1
43,best,24,9af470d40aa040f9f4f93f72a3dfeb98d56790738cccce74e880be9521001a33,all,32,1.4370735883712769,0.9245839715003967,0.015462048351764679,0.009504270739853382,0.005456376820802689,0.574097368451739,-0.2410144438474268,0.33834439516067505,0,1
43,best,24,9af470d40aa040f9f4f93f72a3dfeb98d56790738cccce74e880be9521001a33,D00,50,1.4370735883712769,0.9245839715003967,0.015462048351764679,0.011204568669199944,0.025011233985424042,2.2322353250578058,0.34873997654996014,0.013436023145914078,0,1
43,best,24,9af470d40aa040f9f4f93f72a3dfeb98d56790738cccce74e880be9521001a33,D10,80,1.4370735883712769,0.9245839715003967,0.015462048351764679,0.038765307515859604,0.02150113321840763,0.5546488496089221,-0.2559818834394937,0.4853975176811218,0,1
43,best,24,9af470d40aa040f9f4f93f72a3dfeb98d56790738cccce74e880be9521001a33,D20,150,1.4370735883712769,0.9245839715003967,0.015462048351764679,0.0028583924286067486,0.0029726435896009207,1.039970425281969,0.017020988991593832,-0.11629709601402283,1,1
43,best,24,9af470d40aa040f9f4f93f72a3dfeb98d56790738cccce74e880be9521001a33,D40,40,1.4370735883712769,0.9245839715003967,0.015462048351764679,0.031880591064691544,0.0071087973192334175,0.22298198000182523,-0.6517302324764407,-0.19053301215171814,1,1
43,best,25,6542ffe3661e0f2f2f4c6f405b5127dcd77840963b39b61cd6d0a59e03ed4389,all,26,1.581660509109497,1.4009959697723389,0.015792693942785263,0.01044659223407507,0.0105568403378129,1.0105534992912062,0.004559310262924131,-0.46840065717697144,1,1
43,best,25,6542ffe3661e0f2f2f4c6f405b5127dcd77840963b39b61cd6d0a59e03ed4389,D00,50,1.581660509109497,1.4009959697723389,0.015792693942785263,0.028233688324689865,0.021256545558571815,0.7528788061311614,-0.12327492826754273,0.1312095671892166,0,1
43,best,25,6542ffe3661e0f2f2f4c6f405b5127dcd77840963b39b61cd6d0a59e03ed4389,D10,80,1.581660509109497,1.4009959697723389,0.015792693942785263,0.026335161179304123,0.020320890471339226,0.7716258249943311,-0.11259324569268557,-0.6459583044052124,1,1
43,best,25,6542ffe3661e0f2f2f4c6f405b5127dcd77840963b39b61cd6d0a59e03ed4389,D20,120,1.581660509109497,1.4009959697723389,0.015792693942785263,0.009488837793469429,0.01200555358082056,1.2652290872843488,0.10216916767450787,-0.028595304116606712,1,1
43,best,25,6542ffe3661e0f2f2f4c6f405b5127dcd77840963b39b61cd6d0a59e03ed4389,D40,7,1.581660509109497,1.4009959697723389,0.015792693942785263,0.09219291061162949,0.01988113299012184,0.21564709106400615,-0.6662563958225557,0.24670743942260742,0,1
43,best,26,d3630edb5cad7433911883c7c4c6d5fe7e5856e35b45f6a8bb6c8d5499c386f1,all,43,1.2912414073944092,1.0739116668701172,0.00844920240342617,0.011132665909826756,0.0049171107821166515,0.44168313519373104,-0.3548891831100288,0.24167346954345703,0,1
43,best,26,d3630edb5cad7433911883c7c4c6d5fe7e5856e35b45f6a8bb6c8d5499c386f1,D00,44,1.2912414073944092,1.0739116668701172,0.00844920240342617,0.028395261615514755,0.016621125862002373,0.5853485728379707,-0.23258543617927968,-0.10489720106124878,1,1
43,best,26,d3630edb5cad7433911883c7c4c6d5fe7e5856e35b45f6a8bb6c8d5499c386f1,D10,84,1.2912414073944092,1.0739116668701172,0.00844920240342617,0.03504582494497299,0.018729541450738907,0.5344300349655627,-0.2721091424987078,0.5607665181159973,0,1
43,best,26,d3630edb5cad7433911883c7c4c6d5fe7e5856e35b45f6a8bb6c8d5499c386f1,D20,170,1.2912414073944092,1.0739116668701172,0.00844920240342617,0.008811099454760551,0.00652693398296833,0.7407627182600794,-0.13032088332039862,0.3185161054134369,0,1
43,best,26,d3630edb5cad7433911883c7c4c6d5fe7e5856e35b45f6a8bb6c8d5499c386f1,D40,112,1.2912414073944092,1.0739116668701172,0.00844920240342617,0.029589582234621048,0.008668126538395882,0.29294521530127626,-0.5332135909666641,-0.10493543744087219,1,1
43,best,27,3708d434b5f52016554190e86c55f7d348fc1df0fd5af7c3b5cd80296ff25431,all,20,1.6357635259628296,1.3354212045669556,0.01585276611149311,0.010541924275457859,0.010526467114686966,0.9985337439003543,-0.000637254236342189,0.27646225690841675,0,1
43,best,27,3708d434b5f52016554190e86c55f7d348fc1df0fd5af7c3b5cd80296ff25431,D00,19,1.6357635259628296,1.3354212045669556,0.01585276611149311,0.03149711713194847,0.06067086383700371,1.926235457767131,0.2847093730059932,-0.048924680799245834,1,1
43,best,27,3708d434b5f52016554190e86c55f7d348fc1df0fd5af7c3b5cd80296ff25431,D10,30,1.6357635259628296,1.3354212045669556,0.01585276611149311,0.030795712023973465,0.014561639167368412,0.47284632211239824,-0.3252799846386962,-0.06440134346485138,1,1
43,best,27,3708d434b5f52016554190e86c55f7d348fc1df0fd5af7c3b5cd80296ff25431,D20,120,1.6357635259628296,1.3354212045669556,0.01585276611149311,0.012988688424229622,0.012402281165122986,0.9548524654719772,-0.020063726197570613,0.37703076004981995,0,1
43,best,27,3708d434b5f52016554190e86c55f7d348fc1df0fd5af7c3b5cd80296ff25431,D40,14,1.6357635259628296,1.3354212045669556,0.01585276611149311,0.0,0.04578476399183273,,,,,1
43,best,28,a98b1fcfc47c8cf2bad69c00d1f7c9b8bcef8312c34a4da3914256dbb3ec791e,all,37,1.359704852104187,1.1882685422897339,0.014245790429413319,0.00929594412446022,0.0073797316290438175,0.793865747280654,-0.10025293604266264,0.04462219029664993,0,1
43,best,28,a98b1fcfc47c8cf2bad69c00d1f7c9b8bcef8312c34a4da3914256dbb3ec791e,D00,30,1.359704852104187,1.1882685422897339,0.014245790429413319,0.03627614304423332,0.05900103598833084,1.6264418164959797,0.21123853166539494,-0.026065735146403313,1,1
43,best,28,a98b1fcfc47c8cf2bad69c00d1f7c9b8bcef8312c34a4da3914256dbb3ec791e,D10,100,1.359704852104187,1.1882685422897339,0.014245790429413319,0.02879386954009533,0.012369005009531975,0.42957078041588653,-0.3669652671961183,-0.10158244520425797,1,1
43,best,28,a98b1fcfc47c8cf2bad69c00d1f7c9b8bcef8312c34a4da3914256dbb3ec791e,D20,180,1.359704852104187,1.1882685422897339,0.014245790429413319,0.005954539403319359,0.009194163605570793,1.5440595792254739,0.1886640540500067,0.07379111647605896,0,1
43,best,28,a98b1fcfc47c8cf2bad69c00d1f7c9b8bcef8312c34a4da3914256dbb3ec791e,D40,41,1.359704852104187,1.1882685422897339,0.014245790429413319,0.019584236666560173,0.014380126260221004,0.7342704494975227,-0.13414394949666925,-0.2818997800350189,1,1
43,best,29,2225223d7da6b47c0e6dcf38e16fd1007a3c71319a5a080ce19997478a3e9f8d,all,29,1.5372730493545532,1.181433916091919,0.011250683106482029,0.017254255712032318,0.01121220737695694,0.6498227199181977,-0.1872051083763746,-0.14750108122825623,1,1
43,best,29,2225223d7da6b47c0e6dcf38e16fd1007a3c71319a5a080ce19997478a3e9f8d,D00,30,1.5372730493545532,1.181433916091919,0.011250683106482029,0.11170849204063416,0.0330435074865818,0.29580121334519643,-0.529000048905581,-0.10750257968902588,1,1
43,best,29,2225223d7da6b47c0e6dcf38e16fd1007a3c71319a5a080ce19997478a3e9f8d,D10,70,1.5372730493545532,1.181433916091919,0.011250683106482029,0.039857685565948486,0.03015766479074955,0.7566336168930509,-0.12111436710510612,-0.4673875868320465,1,1
43,best,29,2225223d7da6b47c0e6dcf38e16fd1007a3c71319a5a080ce19997478a3e9f8d,D20,120,1.5372730493545532,1.181433916091919,0.011250683106482029,0.016206737607717514,0.011216656304895878,0.6920983467736652,-0.15983218816414518,-0.11068159341812134,1,1
43,best,29,2225223d7da6b47c0e6dcf38e16fd1007a3c71319a5a080ce19997478a3e9f8d,D40,59,1.5372730493545532,1.181433916091919,0.011250683106482029,0.03539174050092697,0.022744933143258095,0.6426621811002023,-0.192017256372086,0.17863495647907257,0,1
43,best,30,b04a9f5f8c8525ee7d89d5ab3951357bcb40fe551b1336bd27c9a1653c34a525,all,16,1.3405039310455322,1.0173758268356323,0.019454458728432655,0.004061794839799404,0.0067308866418898106,1.657121274550199,0.21935429293390757,0.11913763731718063,0,1
43,best,30,b04a9f5f8c8525ee7d89d5ab3951357bcb40fe551b1336bd27c9a1653c34a525,D00,10,1.3405039310455322,1.0173758268356323,0.019454458728432655,0.03957685828208923,0.051236849278211594,1.2946163870061198,0.11214109993302476,-0.10764959454536438,1,1
43,best,30,b04a9f5f8c8525ee7d89d5ab3951357bcb40fe551b1336bd27c9a1653c34a525,D10,34,1.3405039310455322,1.0173758268356323,0.019454458728432655,0.015730388462543488,0.021561382338404655,1.370683399824847,0.13693715312108626,-0.035559289157390594,1,1
43,best,30,b04a9f5f8c8525ee7d89d5ab3951357bcb40fe551b1336bd27c9a1653c34a525,D20,100,1.3405039310455322,1.0173758268356323,0.019454458728432655,0.002783624455332756,0.006110852584242821,2.195286283153568,0.3414911637975504,0.49640583992004395,0,1
43,best,30,b04a9f5f8c8525ee7d89d5ab3951357bcb40fe551b1336bd27c9a1653c34a525,D40,3,1.3405039310455322,1.0173758268356323,0.019454458728432655,0.0,0.0037000072188675404,,,,,1
43,best,31,a97e08f577b4294fca98444b9e8371a1e6f50330c8c6f36739d4652e1115e800,all,27,1.1801586151123047,1.179984450340271,0.00950781162828207,0.017355920746922493,0.0250847227871418,1.4453121302475271,0.159961647650122,-0.030540885403752327,1,1
43,best,31,a97e08f577b4294fca98444b9e8371a1e6f50330c8c6f36739d4652e1115e800,D00,70,1.1801586151123047,1.179984450340271,0.00950781162828207,0.036955635994672775,0.01365908607840538,0.369607658230381,-0.43225903882439043,-0.11866503953933716,1,1
43,best,31,a97e08f577b4294fca98444b9e8371a1e6f50330c8c6f36739d4652e1115e800,D10,60,1.1801586151123047,1.179984450340271,0.00950781162828207,0.0278151948004961,0.09639822691679001,3.4656678699611585,0.5397869400413132,-0.41360485553741455,1,1
43,best,31,a97e08f577b4294fca98444b9e8371a1e6f50330c8c6f36739d4652e1115e800,D20,80,1.1801586151123047,1.179984450340271,0.00950781162828207,0.017050309106707573,0.014962351880967617,0.8775413857500943,-0.05673239260679703,0.5755230188369751,0,1
43,best,31,a97e08f577b4294fca98444b9e8371a1e6f50330c8c6f36739d4652e1115e800,D40,47,1.1801586151123047,1.179984450340271,0.00950781162828207,0.06122056022286415,0.103692427277565,1.6937516889765214,0.22884974128877913,0.41123461723327637,0,1
