image,gt_index,class,size,aspect_ratio,elongated,outcome,best_raw_iou,top_score_iou,P2_target_response,P2_ring_response,P2_contrast,P3_target_response,P3_ring_response,P3_contrast,P4_target_response,P4_ring_response,P4_contrast
01002200001307161252567115D_1297865600_483627000,0,TC,large,19.68217077920997,1,hit,0.9207265973091125,0.7514925003051758,0.5737470388412476,0.5467707514762878,0.026976287364959717,0.5711663365364075,0.4773762822151184,0.09379005432128906,0.6545141935348511,0.6152967810630798,0.03921741247177124
01002200001307170910441615F_1293075300_485317800,0,TC,large,14.730287168070003,1,hit,0.9202113747596741,0.533324122428894,0.5418472290039062,0.716457188129425,-0.1746099591255188,0.51093989610672,0.5739375948905945,-0.06299769878387451,0.5058491230010986,0.5741249918937683,-0.06827586889266968
01002200001307170920130475F_1292908900_484816700,0,TP,large,4.7640492589013785,0,hit,0.9690098762512207,0.9531757831573486,0.6244213581085205,0.6428894400596619,-0.018468081951141357,0.5551760792732239,0.48277702927589417,0.07239904999732971,0.7415087819099426,0.5657517910003662,0.17575699090957642
01002200001307170923095005F_1292777600_484665900,0,TP,medium,61.00312312434511,1,hit,0.59931880235672,0.5180842876434326,0.5872926712036133,0.6403435468673706,-0.053050875663757324,0.5768005847930908,0.6093719601631165,-0.032571375370025635,0.7669350504875183,0.5975265502929688,0.16940850019454956
01002200001307201421130095F_1294394600_482815900,0,TP,large,10.075002346040609,1,hit,0.9005631804466248,0.5759584903717041,0.5890286564826965,0.7441228032112122,-0.15509414672851562,0.5623157620429993,0.5316691994667053,0.030646562576293945,0.5974976420402527,0.5595335364341736,0.0379641056060791
01002200001307201421130095F_1294394600_482815900,1,LP,large,1.0245843368250007,0,hit,0.9347277879714966,0.9347277879714966,0.6600359082221985,0.47248679399490356,0.18754911422729492,0.5455058217048645,0.47824594378471375,0.06725987792015076,0.7618356347084045,0.5139591097831726,0.24787652492523193
01002200001307201421130095F_1294394600_482815900,2,LP,medium,1.2413891806225257,0,hit,0.7689266800880432,0.735004723072052,0.7659883499145508,0.7057417035102844,0.06024664640426636,0.9005508422851562,0.6014467477798462,0.29910409450531006,1.013812780380249,0.7200865149497986,0.29372626543045044
0100220000130720154628082J1_1296954700_482760900,0,LC,large,1.1797757470811117,0,hit,0.9609113931655884,0.9300464391708374,0.5555064082145691,0.49043798446655273,0.06506842374801636,0.5290749669075012,0.5116463899612427,0.017428576946258545,0.6624515652656555,0.5863959193229675,0.07605564594268799
0100220000130720154628082J1_1296954700_482760900,1,MC,medium,2.7142399384773137,0,hit,0.9110339879989624,0.8992908000946045,0.7035132646560669,0.6336982846260071,0.06981498003005981,0.6795961856842041,0.5173966288566589,0.16219955682754517,1.3619482517242432,0.6278348565101624,0.7341133952140808
01002200001307201723534115D_1297082700_483317700,0,TC,large,20.582869858223663,1,hit,0.8894487619400024,0.7345513105392456,0.44979211688041687,0.5757262706756592,-0.1259341537952423,0.5728194117546082,0.5717941522598267,0.0010252594947814941,0.7083395719528198,0.6422024965286255,0.06613707542419434
0100220000130722113707160J2_1297933800_483399600,0,AC,large,1.6042811144965166,0,hit,0.8811875581741333,0.7740512490272522,0.4859640896320343,0.55186527967453,-0.06590119004249573,0.5021374225616455,0.5362491011619568,-0.03411167860031128,0.6843686699867249,0.6014519929885864,0.08291667699813843
0100220000130722113819787J2_1297979000_483415300,0,AC,large,1.2827269107567867,0,hit,0.9424057006835938,0.5213699340820312,0.501397430896759,0.5684846043586731,-0.06708717346191406,0.5322758555412292,0.5541986227035522,-0.021922767162322998,0.6664842963218689,0.6498370170593262,0.016647279262542725
0100220000130722113819787J2_1297979000_483415300,1,P,small,1.4999618539974469,0,hit,0.8174232840538025,0.8118100762367249,0.6386032104492188,0.5157529711723328,0.12285023927688599,0.9528023600578308,0.5860370993614197,0.36676526069641113,1.1540660858154297,0.9563503265380859,0.19771575927734375
0100220000130722114233557J2_1298116400_483498500,0,LC,large,1.3177550835020715,0,hit,0.783816933631897,0.43841129541397095,0.5314372181892395,0.5476635098457336,-0.01622629165649414,0.5688077807426453,0.5438113212585449,0.024996459484100342,0.7294245958328247,0.5939666628837585,0.13545793294906616
0100220000130722121801155J2_1298283000_483397000,0,LC,medium,7.30759019273904,1,hit,0.8937658071517944,0.8937658071517944,0.560925304889679,0.4369420111179352,0.12398329377174377,0.8228345513343811,0.4599170684814453,0.3629174828529358,0.9377623796463013,0.5695622563362122,0.3682001233100891
0100220000130722122333629J2_1298070200_483499000,0,TC,large,16.666775174346977,1,hit,0.8633826971054077,0.3217298090457916,0.5914360880851746,0.5412229895591736,0.05021309852600098,0.6965958476066589,0.5077706575393677,0.18882519006729126,0.879291832447052,0.5966873168945312,0.28260451555252075
0100220000130722122333629J2_1298070200_483499000,1,AC,large,2.573530058549029,0,hit,0.9340727925300598,0.5567886233329773,0.5385760068893433,0.4957497715950012,0.04282623529434204,0.5973188877105713,0.4541414678096771,0.14317741990089417,0.9197089076042175,0.6309134364128113,0.28879547119140625
0100220000130723120108427J3_1293800600_482811400,0,TP,medium,12.080125294192326,1,hit,0.8589386940002441,0.5051596164703369,0.4712946116924286,0.5798624157905579,-0.10856780409812927,0.5520079731941223,0.49229249358177185,0.059715479612350464,0.7492192983627319,0.6076568961143494,0.14156240224838257
0100220000130723120108427J3_1293800600_482811400,1,LP,large,3.3826941509081374,0,hit,0.6588444709777832,0.14717872440814972,0.5424718856811523,0.5605603456497192,-0.018088459968566895,0.5774248242378235,0.5334979891777039,0.04392683506011963,0.7004070281982422,0.6063560247421265,0.09405100345611572
01002200001307231607446815S_1293803300_483588000,0,LP,small,3.555627894990268,0,localization_error,0.19990329444408417,0.17235277593135834,0.6687823534011841,0.5414851903915405,0.12729716300964355,0.8740412592887878,0.5542570352554321,0.3197842240333557,1.1466976404190063,0.8886070251464844,0.258090615272522
0100220000130724084104327J2_1298284600_482948500,0,AC,large,1.4511300778701794,0,hit,0.8543400168418884,0.7073565125465393,0.6752617359161377,0.5195860266685486,0.1556757092475891,0.4921814203262329,0.449605792760849,0.04257562756538391,0.6667779088020325,0.5394643545150757,0.1273135542869568
01002200001307240855313305B_1294527100_484286400,0,LC,large,1.5744726072641548,0,hit,0.9424232244491577,0.898882269859314,0.6109356880187988,0.5523473620414734,0.05858832597732544,0.5412445068359375,0.5436778664588928,-0.0024333596229553223,0.6416661739349365,0.5275339484214783,0.11413222551345825
01002200001307240855313305B_1294527100_484286400,1,TC,medium,19.333873848945892,1,hit,0.8242279291152954,0.6454606652259827,0.4987996518611908,0.5920608043670654,-0.09326115250587463,0.5471578240394592,0.5147721171379089,0.03238570690155029,0.6856972575187683,0.6844992637634277,0.0011979937553405762
0100220000130724085905001J2_1298104600_483354700,0,LC,large,2.114293287667172,0,hit,0.9311397075653076,0.8500561714172363,0.5054308176040649,0.4674752652645111,0.03795555233955383,0.5824175477027893,0.5071669816970825,0.07525056600570679,0.6284613013267517,0.5557727217674255,0.07268857955932617
01002200001307240906209065B_1294524600_484266300,0,TC,large,13.140057885954173,1,hit,0.8866361379623413,0.6359864473342896,0.5430067181587219,0.6302947402000427,-0.0872880220413208,0.5382205247879028,0.5426099896430969,-0.004389464855194092,0.6131871342658997,0.5692378282546997,0.04394930601119995
0100220000130724115217624J2_1295573100_484464800,0,TC,large,14.953723535614651,1,hit,0.86996990442276,0.8382307887077332,0.6684932708740234,0.6773282885551453,-0.008835017681121826,0.6069161295890808,0.5429321527481079,0.0639839768409729,0.6739118695259094,0.5531246662139893,0.12078720331192017
0100220000130724115217624J2_1295573100_484464800,1,MC,small,4.750272769584093,0,hit,0.9167970418930054,0.8569486141204834,0.5277587175369263,0.5586541295051575,-0.0308954119682312,0.7641549706459045,0.5780268311500549,0.1861281394958496,0.9670433402061462,0.8332845568656921,0.1337587833404541
01002200001307241220165335B_1294663600_484649100,0,TC,medium,15.91630491448916,1,hit,0.8137547373771667,0.8137547373771667,0.5599926114082336,0.5777998566627502,-0.0178072452545166,0.5571802258491516,0.5282862186431885,0.028894007205963135,0.8216469883918762,0.6478403210639954,0.17380666732788086
01002200001307241220165335B_1294663600_484649100,1,MC,medium,3.3333810175342222,0,hit,0.9213120937347412,0.9137396812438965,0.6813324093818665,0.5754014849662781,0.10593092441558838,0.9275612235069275,0.5574933886528015,0.370067834854126,1.0601582527160645,0.7723581194877625,0.287800133228302
01002200001307241301302395B_1294531100_484825400,0,TC,medium,33.385544120270815,1,hit,0.840151309967041,0.7119530439376831,0.49753275513648987,0.614174485206604,-0.11664173007011414,0.4885430932044983,0.5313369035720825,-0.04279381036758423,0.6882743835449219,0.6459170579910278,0.04235732555389404
01002200001307241430128435B_1293205300_484905400,0,TP,large,10.706492663859057,1,hit,0.9453639388084412,0.8860996961593628,0.5968321561813354,0.7826380729675293,-0.18580591678619385,0.5249953866004944,0.555314838886261,-0.0303194522857666,0.5284949541091919,0.5701709985733032,-0.04167604446411133
01002200001307241430128435B_1293205300_484905400,1,TP,small,1.9047191390049032,0,hit,0.6673014760017395,0.6263854503631592,0.6016043424606323,0.5503515005111694,0.05125284194946289,0.7677098512649536,0.5915738940238953,0.17613595724105835,1.444944143295288,0.6751890182495117,0.7697551250457764
01002200001307241432424565B_1293046600_484904000,0,TC,large,7.932044168120449,1,hit,0.8802560567855835,0.8524396419525146,0.5665358304977417,0.7522090673446655,-0.18567323684692383,0.5354698300361633,0.5647246241569519,-0.029254794120788574,0.6301959156990051,0.5967473387718201,0.03344857692718506
01002200001307241432424565B_1293046600_484904000,1,LC,large,2.101001681542642,0,hit,0.8003994226455688,0.4839135408401489,0.6217398643493652,0.61316978931427,0.008570075035095215,0.5251153111457825,0.5524827241897583,-0.02736741304397583,0.5749146938323975,0.6147388815879822,-0.03982418775558472
01002200001307241432424565B_1293046600_484904000,2,LC,large,1.07070779931573,0,hit,0.8741716146469116,0.24151711165905,0.612253725528717,0.6708821654319763,-0.05862843990325928,0.5648292899131775,0.5734276175498962,-0.00859832763671875,0.685921311378479,0.7002382278442383,-0.014316916465759277
01002200001307241432424565B_1293046600_484904000,3,LC,large,1.2186024599715946,0,hit,0.9403986930847168,0.9267975091934204,0.5279240608215332,0.5679382085800171,-0.04001414775848389,0.5689488649368286,0.5599854588508606,0.008963406085968018,0.5883866548538208,0.561529278755188,0.026857376098632812
01002200001307241432424565B_1293046600_484904000,4,LP,medium,1.0000009536743164,0,hit,0.7467206716537476,0.6410409212112427,0.6072748899459839,0.5187283754348755,0.0885465145111084,0.5711360573768616,0.474352091550827,0.09678396582603455,0.9728217720985413,0.5590032339096069,0.4138185381889343
01002200001307241432424565B_1293046600_484904000,5,TC,medium,10.541413312988746,1,hit,0.8288087248802185,0.7408376932144165,0.5766288042068481,0.6825484037399292,-0.10591959953308105,0.5176579356193542,0.529607892036438,-0.01194995641708374,0.7181339263916016,0.6403797268867493,0.0777541995048523
01002200001307241432424565B_1293046600_484904000,6,LP,large,1.856117113885165,0,hit,0.9295786619186401,0.4069850444793701,0.5837898850440979,0.71730637550354,-0.13351649045944214,0.47289541363716125,0.5551362037658691,-0.08224079012870789,0.532120406627655,0.6620344519615173,-0.1299140453338623
01002200001307241433450915B_1292973200_484903100,0,LP,medium,1.4411781073485628,0,hit,0.820544421672821,0.7161910533905029,0.5242336392402649,0.594839870929718,-0.07060623168945312,0.5402924418449402,0.4979299008846283,0.04236254096031189,0.8395621180534363,0.6055176258087158,0.23404449224472046
01002200001307241433450915B_1292973200_484903100,1,LP,medium,1.8571365045706134,0,hit,0.6748530268669128,0.16772297024726868,0.5407248735427856,0.5711139440536499,-0.030389070510864258,0.5930220484733582,0.5210110545158386,0.07201099395751953,0.683639407157898,0.6258909106254578,0.057748496532440186
01002200001307241433450915B_1292973200_484903100,2,LP,large,1.3888933262904235,0,hit,0.9291012287139893,0.9291012287139893,0.6124923825263977,0.6399097442626953,-0.027417361736297607,0.5066241025924683,0.4952656924724579,0.011358410120010376,0.7079801559448242,0.5569414496421814,0.15103870630264282
01002200001307241433450915B_1292973200_484903100,3,TP,large,9.077963667263282,1,hit,0.7685613632202148,0.3122030794620514,0.5676535367965698,0.7190067768096924,-0.15135324001312256,0.45081478357315063,0.5578032732009888,-0.10698848962783813,0.6072469353675842,0.5933123826980591,0.013934552669525146
01002200001307241433450915B_1292973200_484903100,4,TC,medium,4.071388439606239,0,hit,0.8565480709075928,0.4567282795906067,0.527754008769989,0.6762604713439941,-0.14850646257400513,0.6326274871826172,0.508102536201477,0.12452495098114014,0.9056981205940247,0.5866765379905701,0.3190215826034546
01002200001307241435079925B_1292946200_484898200,0,TP,large,7.096195966026733,1,hit,0.8982246518135071,0.8832058906555176,0.5435011982917786,0.6444593071937561,-0.10095810890197754,0.5136783719062805,0.4875452220439911,0.02613314986228943,0.7735078930854797,0.5426329970359802,0.2308748960494995
01002200001307241435079925B_1292946200_484898200,1,MC,small,3.466749134293376,0,hit,0.8484612107276917,0.7200059294700623,0.6245693564414978,0.5742039084434509,0.050365447998046875,0.8220750093460083,0.5269665122032166,0.29510849714279175,1.2949762344360352,0.8226305246353149,0.4723457098007202
01002200001307241435079925B_1292946200_484898200,2,MC,small,3.666779245828128,0,hit,0.8662917613983154,0.7908514142036438,0.674437940120697,0.5854695439338684,0.08896839618682861,1.173151969909668,0.5784618258476257,0.5946901440620422,1.8848563432693481,0.7753608822822571,1.109495460987091
01002200001307241435289805B_1292967500_484900000,0,TP,large,18.1512484279056,1,hit,0.9075735211372375,0.7598224878311157,0.5808730721473694,0.6086590886116028,-0.0277860164642334,0.554040253162384,0.5062870979309082,0.04775315523147583,0.6827211380004883,0.6102617383003235,0.0724593997001648
01002200001307241435289805B_1292967500_484900000,1,TP,large,11.000064426325952,1,hit,0.9113383889198303,0.697596549987793,0.4982852339744568,0.5740700960159302,-0.07578486204147339,0.5456898212432861,0.5306970477104187,0.014992773532867432,0.6317437291145325,0.6038126349449158,0.0279310941696167
01002200001307241435289805B_1292967500_484900000,2,LP,medium,5.909018273285493,1,hit,0.9162535071372986,0.9162535071372986,0.5875784754753113,0.5077455043792725,0.07983297109603882,0.6160898208618164,0.5397473573684692,0.07634246349334717,0.8179900050163269,0.6626574397087097,0.1553325653076172
01002200001307241435289805B_1292967500_484900000,3,LP,medium,1.2647032424145594,0,hit,0.8989472985267639,0.8699485063552856,0.7168241739273071,0.4814465641975403,0.23537760972976685,1.0391123294830322,0.5114870667457581,0.5276252627372742,1.4358779191970825,0.82228022813797,0.6135976910591125
01002200001307241435289805B_1292967500_484900000,4,LP,small,1.6666039376846902,0,hit,0.8395066261291504,0.8395066261291504,0.7641458511352539,0.6016656756401062,0.1624801754951477,1.2752960920333862,0.5883921980857849,0.6869038939476013,0.8485406041145325,0.7886981964111328,0.05984240770339966
01002200001307241435289805B_1292967500_484900000,5,LP,small,1.181813389708718,0,hit,0.8361186385154724,0.10740511864423752,0.8093531727790833,0.48013409972190857,0.3292190730571747,1.2456989288330078,0.6144420504570007,0.6312568783760071,1.3140637874603271,1.114805817604065,0.1992579698562622
01002200001307241436055235B_1293009700_484900500,0,LP,medium,1.0135060234802733,0,hit,0.9065502285957336,0.6788898706436157,0.6574452519416809,0.6624080538749695,-0.004962801933288574,0.7648106813430786,0.549630343914032,0.21518033742904663,1.0096805095672607,0.5517376065254211,0.4579429030418396
01002200001307241436055235B_1293009700_484900500,1,LP,large,1.835291898001212,0,hit,0.9691877961158752,0.9691877961158752,0.6069281697273254,0.6405625939369202,-0.03363442420959473,0.6176855564117432,0.5650594830513,0.052626073360443115,0.8817400932312012,0.5940274596214294,0.28771263360977173
01002200001307241436055235B_1293009700_484900500,2,LP,large,3.5000305178109574,0,hit,0.8953106999397278,0.8669312596321106,0.6057161688804626,0.7255277037620544,-0.1198115348815918,0.47949114441871643,0.6113991141319275,-0.13190796971321106,0.644114077091217,0.6781731843948364,-0.034059107303619385
01002200001307241436055235B_1293009700_484900500,3,TP,medium,2.5806908908337354,0,localization_error,0.7993416786193848,0.1000167727470398,0.6600858569145203,0.6671820282936096,-0.0070961713790893555,0.8096888661384583,0.594218909740448,0.21546995639801025,1.0044736862182617,0.6486092209815979,0.3558644652366638
01002200001307241436055235B_1293009700_484900500,4,TP,large,7.487161509725702,1,hit,0.887465238571167,0.5468187928199768,0.5548781752586365,0.6439277529716492,-0.0890495777130127,0.6167374849319458,0.48881933093070984,0.12791815400123596,0.8103340864181519,0.5326752662658691,0.2776588201522827
01002200001307241436055235B_1293009700_484900500,5,MC,medium,2.9200142578821184,0,hit,0.9478166699409485,0.9223715662956238,0.7005155682563782,0.508733868598938,0.19178169965744019,1.2648042440414429,0.49049168825149536,0.7743125557899475,1.4768263101577759,0.6534811854362488,0.8233451247215271
01002200001307241436055235B_1293009700_484900500,6,TP,small,5.599846425912137,1,localization_error,0.5112578868865967,0.1750641167163849,0.7368853688240051,0.7372353076934814,-0.00034993886947631836,0.6780937314033508,0.6950681805610657,-0.016974449157714844,0.839349091053009,0.7806745171546936,0.05867457389831543
01002200001307241436298455B_1293038700_484901000,0,TP,large,8.37509079090321,1,hit,0.954973578453064,0.9252399802207947,0.4988504648208618,0.6240672469139099,-0.1252167820930481,0.6125971674919128,0.4700092375278473,0.14258792996406555,0.608519971370697,0.5506872534751892,0.05783271789550781
01002200001307241436298455B_1293038700_484901000,1,TP,medium,11.963054265143038,1,hit,0.9339611530303955,0.9094771146774292,0.5366939902305603,0.631199836730957,-0.09450584650039673,0.5898097157478333,0.5430718064308167,0.0467379093170166,0.6463828682899475,0.5943173766136169,0.052065491676330566
01002200001307241436298455B_1293038700_484901000,2,LP,medium,1.0277898341867011,0,hit,0.8825392723083496,0.7760010957717896,0.6603355407714844,0.5338532328605652,0.1264823079109192,0.8948135375976562,0.5308510661125183,0.36396247148513794,0.9535478949546814,0.7120212912559509,0.24152660369873047
01002200001307241438190045B_1293167600_484902000,0,LP,large,2.4175883434768086,0,hit,0.96084064245224,0.9542765617370605,0.6139019131660461,0.7022525072097778,-0.08835059404373169,0.537466824054718,0.5725859999656677,-0.03511917591094971,0.6626468896865845,0.5662035942077637,0.0964432954788208
01002200001307241438190045B_1293167600_484902000,1,LP,small,1.3636687733394,0,hit,0.8216085433959961,0.8216085433959961,0.5668783187866211,0.518316924571991,0.04856139421463013,0.7471345067024231,0.5322765707969666,0.21485793590545654,0.9775257110595703,0.7052828073501587,0.2722429037094116
01002200001307241439568985B_1293213600_484901800,0,LP,large,1.8735657625285094,0,hit,0.9637662768363953,0.9558635950088501,0.5428269505500793,0.6076435446739197,-0.06481659412384033,0.5768635869026184,0.4840286374092102,0.0928349494934082,0.6982253193855286,0.5447567701339722,0.1534685492515564
01002200001307241440097315B_1293226000_484902000,0,TC,medium,26.749496470205276,1,hit,0.7175008058547974,0.576744794845581,0.4531574249267578,0.5933302640914917,-0.1401728391647339,0.5236204862594604,0.5610211491584778,-0.037400662899017334,0.9054972529411316,0.6832172274589539,0.22228002548217773
01002200001307241440097315B_1293226000_484902000,1,MC,small,4.333219742436881,0,hit,0.7328713536262512,0.7328713536262512,0.7047684788703918,0.6650225520133972,0.03974592685699463,1.000671148300171,0.5933356285095215,0.4073355197906494,1.0597584247589111,0.7766743898391724,0.28308403491973877
01002200001307241440322205B_1293248500_484901600,0,LP,large,1.0508527879187257,0,hit,0.8729130625724792,0.8392302989959717,0.6848264932632446,0.5941912531852722,0.09063524007797241,0.5315456986427307,0.4739207327365875,0.05762496590614319,0.7421296238899231,0.5298526883125305,0.21227693557739258
01002200001307241440322205B_1293248500_484901600,1,LP,large,2.5421598171602033,0,hit,0.9435874223709106,0.5331312417984009,0.5748202204704285,0.6521047949790955,-0.07728457450866699,0.5853697657585144,0.6048657298088074,-0.01949596405029297,0.6789392828941345,0.6545600891113281,0.024379193782806396
01002200001307241440322205B_1293248500_484901600,2,TP,medium,22.293546591990236,1,hit,0.7481665015220642,0.6274279356002808,0.7279240489006042,0.6365066766738892,0.09141737222671509,0.7980640530586243,0.5921578407287598,0.2059062123298645,0.6704993844032288,0.6376166343688965,0.032882750034332275
01002200001307241440322205B_1293248500_484901600,3,TP,large,4.3088373758761485,0,hit,0.8853594660758972,0.8813161253929138,0.5689886808395386,0.6249648928642273,-0.05597621202468872,0.6095030903816223,0.49235230684280396,0.11715078353881836,0.7191780209541321,0.5511744618415833,0.16800355911254883
01002200001307241440322205B_1293248500_484901600,4,LP,medium,1.0638368606346935,0,hit,0.8938909769058228,0.6916347742080688,0.5614761710166931,0.6503685116767883,-0.08889234066009521,0.8077870607376099,0.5754832625389099,0.23230379819869995,0.818226158618927,0.6419846415519714,0.17624151706695557
01002200001307241442227155B_1293349200_484900300,0,LP,small,3.0000798170780376,0,hit,0.703000545501709,0.703000545501709,0.8068073391914368,0.5725330710411072,0.2342742681503296,0.9595433473587036,0.5621557235717773,0.39738762378692627,1.395287036895752,0.8026508688926697,0.5926361680030823
01002200001307241442227155B_1293349200_484900300,1,LP,medium,3.307627752262081,0,hit,0.7863708138465881,0.5752525925636292,0.747204601764679,0.5616059303283691,0.18559867143630981,0.6877997517585754,0.45128223299980164,0.2365175187587738,0.7069504857063293,0.5476431250572205,0.1593073606491089
01002200001307241442227155B_1293349200_484900300,2,LP,medium,1.249998092649912,0,hit,0.939190149307251,0.8683611154556274,0.6727399826049805,0.6869540214538574,-0.014214038848876953,0.5894126892089844,0.5662534832954407,0.0231592059135437,0.7473593950271606,0.6362772583961487,0.11108213663101196
01002200001307241442227155B_1293349200_484900300,3,LP,large,2.9874967479681,0,hit,0.9517138004302979,0.9461323022842407,0.5585119724273682,0.7540597915649414,-0.19554781913757324,0.49328550696372986,0.6000394821166992,-0.10675397515296936,0.5474039912223816,0.6191322207450867,-0.07172822952270508
01002200001307241442227155B_1293349200_484900300,4,LP,medium,3.1428232001325322,0,hit,0.8967199921607971,0.7433603405952454,0.6618164777755737,0.6711410880088806,-0.009324610233306885,0.552180290222168,0.5289978981018066,0.023182392120361328,0.6135432124137878,0.5501232147216797,0.06341999769210815
01002200001307241442227155B_1293349200_484900300,5,TP,large,9.83658053626679,1,hit,0.952774703502655,0.816129744052887,0.5630764365196228,0.722989022731781,-0.1599125862121582,0.4811652600765228,0.5745135545730591,-0.09334829449653625,0.5545403361320496,0.541841447353363,0.012698888778686523
01002200001307241447391215B_1293605200_484894300,0,LC,large,2.2444387855269907,0,hit,0.9082015156745911,0.7788259387016296,0.5381767749786377,0.49237486720085144,0.045801907777786255,0.5392157435417175,0.48431897163391113,0.054896771907806396,0.6522434949874878,0.5392434597015381,0.11300003528594971
01002200001307241447391215B_1293605200_484894300,1,TC,small,9.500679062740819,1,hit,0.876728892326355,0.6138016581535339,0.513381838798523,0.46431684494018555,0.0490649938583374,0.6831639409065247,0.48009195923805237,0.2030719816684723,1.050531268119812,0.6655482649803162,0.38498300313949585
01002200001307241451597565B_1293862100_484894600,0,TC,large,5.541412644492322,1,hit,0.7722398638725281,0.7233484387397766,0.5398444533348083,0.7648601531982422,-0.22501569986343384,0.453321248292923,0.5886594653129578,-0.1353382170200348,0.516225278377533,0.6215391159057617,-0.10531383752822876
01002200001307241453069905B_1293920400_484904500,0,TC,large,4.612891571365146,0,hit,0.9126083850860596,0.8120962381362915,0.5787146687507629,0.6146253943443298,-0.035910725593566895,0.5167815089225769,0.4764651358127594,0.040316373109817505,0.700225293636322,0.541598916053772,0.15862637758255005
01002200001307241711370775B_1294021900_485093000,0,TC,large,14.294029720352949,1,hit,0.8943669199943542,0.8475342392921448,0.5674219131469727,0.6824073195457458,-0.1149854063987732,0.6393265128135681,0.5397173166275024,0.09960919618606567,0.6313735842704773,0.5863279104232788,0.045045673847198486
01002200001307241715574875B_1293983900_485078500,0,TC,large,5.650575896826115,1,hit,0.9127263426780701,0.8732446432113647,0.507952094078064,0.5920683145523071,-0.08411622047424316,0.48855698108673096,0.5032761693000793,-0.014719188213348389,0.6869390606880188,0.5774451494216919,0.1094939112663269
01002200001307241715574875B_1293983900_485078500,1,TC,medium,3.359998437496185,0,hit,0.9660167098045349,0.8763735294342041,0.4841170907020569,0.6297871470451355,-0.1456700563430786,0.5134477615356445,0.5705370306968689,-0.057089269161224365,0.6745607852935791,0.6321040391921997,0.042456746101379395
01002200001307241739073435B_1293976600_484955300,0,LC,medium,1.250004359666689,0,hit,0.9659097194671631,0.937652051448822,0.5667603611946106,0.5251900553703308,0.041570305824279785,0.5781109929084778,0.5071102380752563,0.07100075483322144,0.8681264519691467,0.5626965165138245,0.30542993545532227
01002200001307241740344085B_1293990600_484959300,0,LC,large,1.2827269107567867,0,hit,0.9737727046012878,0.966728150844574,0.572332501411438,0.6599007248878479,-0.08756822347640991,0.5922927856445312,0.546108067035675,0.0461847186088562,0.5970462560653687,0.5572850108146667,0.039761245250701904
01002200001307241740344085B_1293990600_484959300,1,MC,small,5.000274677063702,1,localization_error,0.8223026990890503,0.25646352767944336,0.6729276776313782,0.695326030254364,-0.02239835262298584,0.6451976895332336,0.6984401941299438,-0.053242504596710205,0.7985676527023315,0.7836316823959351,0.014935970306396484
01002200001307241800529365B_1293918000_485042000,0,LC,medium,3.0434354558361085,0,hit,0.6897664070129395,0.5682523250579834,0.7795581817626953,0.5326635241508484,0.24689465761184692,0.973449170589447,0.4912932515144348,0.4821559190750122,0.9055294394493103,0.6478345394134521,0.25769490003585815
01002200001307251450271985B_1294704400_484698100,0,LC,medium,4.70006347733737,0,hit,0.804949939250946,0.34825098514556885,0.5625589489936829,0.48348474502563477,0.0790742039680481,0.7236617207527161,0.48301130533218384,0.24065041542053223,0.8753783106803894,0.6792669296264648,0.19611138105392456
01002200001307251450271985B_1294704400_484698100,1,LC,large,1.599987433983535,0,hit,0.788738489151001,0.3270120322704315,0.5933588147163391,0.48770928382873535,0.10564953088760376,0.6570628881454468,0.45656490325927734,0.20049798488616943,0.7209360599517822,0.6436610817909241,0.07727497816085815
01002200001307251450271985B_1294704400_484698100,2,LC,medium,1.2250248721297867,0,hit,0.6533185243606567,0.6144546270370483,0.5718687176704407,0.5213419795036316,0.05052673816680908,0.6886708736419678,0.4525657594203949,0.23610511422157288,0.786919891834259,0.5530056953430176,0.23391419649124146
01002200001307251450271985B_1294704400_484698100,3,TC,large,3.5725721345527215,0,hit,0.8987033367156982,0.8977670073509216,0.473717600107193,0.5803720355033875,-0.10665443539619446,0.4363631308078766,0.4896758198738098,-0.05331268906593323,0.5777574181556702,0.6023069620132446,-0.024549543857574463
01002200001307251450271985B_1294704400_484698100,4,MC,small,5.000279922632627,1,hit,0.6136531829833984,0.6136531829833984,0.6070435643196106,0.5030872821807861,0.10395628213882446,0.8321157097816467,0.6489145159721375,0.18320119380950928,0.9681630730628967,0.7851142883300781,0.1830487847328186
01002200001307251450271985B_1294704400_484698100,5,MC,small,3.7778188451991808,0,hit,0.7725318074226379,0.7257121801376343,0.5691388845443726,0.5414993166923523,0.027639567852020264,0.7531946301460266,0.6869052052497864,0.06628942489624023,1.1193559169769287,0.8546821475028992,0.26467376947402954
01002200001307251450271985B_1294704400_484698100,6,LC,large,1.4088097417014964,0,hit,0.9399513602256775,0.7979265451431274,0.60858553647995,0.6038892269134521,0.004696309566497803,0.5725181698799133,0.5520538687705994,0.020464301109313965,0.6932256817817688,0.6464614272117615,0.046764254570007324
0100220000130725153708047J2_1297023700_483568000,0,P,small,1.3333280049292582,0,hit,0.6844454407691956,0.5759696364402771,0.6633205413818359,0.5703663229942322,0.09295421838760376,0.6471452713012695,0.46873950958251953,0.17840576171875,0.9347489476203918,0.687130868434906,0.24761807918548584
0100220000130725153708047J2_1297023700_483568000,1,TC,medium,17.25110251480193,1,hit,0.7452858686447144,0.7033740282058716,0.6725540161132812,0.5522498488426208,0.1203041672706604,0.5372803211212158,0.5673934817314148,-0.030113160610198975,0.8429365754127502,0.8222969174385071,0.020639657974243164
0100220000130725153708047J2_1297023700_483568000,2,P,medium,1.583338843479632,0,hit,0.9111657738685608,0.8139545917510986,0.6723151803016663,0.5402544140815735,0.13206076622009277,0.7715293169021606,0.4659639298915863,0.30556538701057434,1.1899404525756836,0.557466447353363,0.6324740052223206
0100220000130725153708047J2_1297023700_483568000,3,LC,medium,6.8748703029316625,1,hit,0.732807457447052,0.6677965521812439,0.5046290159225464,0.5093273520469666,-0.004698336124420166,0.6158981919288635,0.4907427430152893,0.12515544891357422,0.7515313625335693,0.656130313873291,0.09540104866027832
01002200001307281145221775B_1294089700_485376200,0,AC,large,2.045458076418896,0,hit,0.7395018935203552,0.2621353566646576,0.5242027640342712,0.49850907921791077,0.025693684816360474,0.5049195885658264,0.4469250738620758,0.05799451470375061,0.6571606397628784,0.5253778696060181,0.13178277015686035
01002200001307281306328225B_1293762200_485360300,0,P,medium,2.1428518490261688,0,hit,0.8008947968482971,0.765018105506897,0.6120762228965759,0.4577855169773102,0.15429070591926575,0.8074724674224854,0.500445544719696,0.3070269227027893,1.278283715248108,0.5691009163856506,0.7091827988624573
01002200001307281306328225B_1293762200_485360300,1,LC,medium,2.0483761965210996,0,hit,0.9313376545906067,0.6608776450157166,0.5521020889282227,0.4775184690952301,0.07458361983299255,0.588482141494751,0.47694024443626404,0.11154189705848694,0.7485052943229675,0.5912312865257263,0.1572740077972412
01002200001307281317242545B_1293684500_485215700,0,AC,large,1.1182443661983448,0,hit,0.8177922368049622,0.7412378787994385,0.46480947732925415,0.5398316979408264,-0.07502222061157227,0.4136282205581665,0.5165609121322632,-0.10293269157409668,0.5805977582931519,0.5601154565811157,0.020482301712036133
01002200001307281327278505B_1293430300_485163900,0,LC,large,1.2928189501523601,0,hit,0.9697198271751404,0.95661860704422,0.5905354022979736,0.5258736610412598,0.06466174125671387,0.504440426826477,0.45346376299858093,0.05097666382789612,0.6658005118370056,0.5318999886512756,0.13390052318572998
01002200001307281327278505B_1293430300_485163900,1,MC,small,3.8889780880817066,0,hit,0.7530574798583984,0.7516723275184631,0.626349687576294,0.5080957412719727,0.11825394630432129,1.0334773063659668,0.7219740748405457,0.31150323152542114,0.9836169481277466,0.8111613392829895,0.17245560884475708
01002200001307281339536575B_1293472600_485053300,0,TC,large,16.208361572725387,1,hit,0.852837324142456,0.8200371265411377,0.4821157455444336,0.6949392557144165,-0.2128235101699829,0.4551905691623688,0.5379663705825806,-0.08277580142021179,0.6040925979614258,0.5889987349510193,0.015093863010406494
01002200001307281341325335B_1293466300_484971700,0,TC,large,9.155524405147005,1,hit,0.9758826494216919,0.9721210598945618,0.47765234112739563,0.7171590924263,-0.23950675129890442,0.46292221546173096,0.5617316365242004,-0.09880942106246948,0.5362033843994141,0.5980413556098938,-0.061837971210479736
01002200001307281341325335B_1293466300_484971700,1,MC,medium,2.6874834299403574,0,hit,0.8695141077041626,0.8695141077041626,0.6069307327270508,0.6553288698196411,-0.04839813709259033,0.5959373116493225,0.6969186663627625,-0.10098135471343994,1.306745171546936,0.738438606262207,0.568306565284729
01002200001307281350091495B_1293470400_484650900,0,LC,large,4.55262137123069,0,hit,0.7875766754150391,0.4840402603149414,0.4828568696975708,0.5448967814445496,-0.06203991174697876,0.5807775855064392,0.49535176157951355,0.08542582392692566,0.6132081151008606,0.5341662764549255,0.07904183864593506
01002200001307281350091495B_1293470400_484650900,1,AC,large,2.359375,0,hit,0.8339693546295166,0.6894801259040833,0.5706055760383606,0.6325609087944031,-0.06195533275604248,0.4566439688205719,0.5358640551567078,-0.07922008633613586,0.5616728067398071,0.5437829494476318,0.017889857292175293
01002200001307281350091495B_1293470400_484650900,2,MC,small,4.153953330046717,0,hit,0.8763983249664307,0.8460642099380493,0.5785068273544312,0.4783022105693817,0.10020461678504944,0.848214864730835,0.5368061065673828,0.31140875816345215,1.5090833902359009,0.7486445307731628,0.760438859462738
01002200001307281400348605B_1293469900_484920100,0,LP,medium,1.9444508023217273,0,hit,0.9635316133499146,0.8348307013511658,0.6297307014465332,0.4611210525035858,0.1686096489429474,0.881813645362854,0.4158336818218231,0.4659799635410309,1.190490484237671,0.5753065943717957,0.6151838898658752
01002200001307281400348605B_1293469900_484920100,1,LP,large,2.5128136508879235,0,hit,0.9444559812545776,0.9104800820350647,0.5403091907501221,0.496478796005249,0.04383039474487305,0.5600077509880066,0.4847726821899414,0.07523506879806519,0.7772825956344604,0.49690696597099304,0.2803756296634674
01002200001307281400348605B_1293469900_484920100,2,LP,large,1.4814770126992325,0,hit,0.9714713096618652,0.9714713096618652,0.45386019349098206,0.5967516303062439,-0.14289143681526184,0.44565126299858093,0.5246827602386475,-0.07903149724006653,0.5647757649421692,0.5741021037101746,-0.009326338768005371
01002200001307281400348605B_1293469900_484920100,3,LP,medium,1.6756706823201823,0,hit,0.9077181220054626,0.8891766667366028,0.6787270307540894,0.47054624557495117,0.20818078517913818,0.9286556243896484,0.5565154552459717,0.37214016914367676,1.0183850526809692,0.683708131313324,0.33467692136764526
01002200001307281400348605B_1293469900_484920100,4,LP,small,1.0322733076522481,0,hit,0.6953836679458618,0.5364993214607239,0.756504476070404,0.5111472010612488,0.24535727500915527,1.1532894372940063,0.5610621571540833,0.5922272801399231,1.4074758291244507,0.7529482841491699,0.6545275449752808
01002200001307281400348605B_1293469900_484920100,5,LP,small,1.416674931654905,0,localization_error,0.38050416111946106,0.35999757051467896,0.6428049206733704,0.47271448373794556,0.1700904369354248,0.7272495031356812,0.6062442064285278,0.12100529670715332,0.9134376645088196,0.8397278189659119,0.07370984554290771
01002200001307281403237125B_1293476000_485050900,0,TP,medium,26.778046787314054,1,hit,0.7480559349060059,0.502103328704834,0.48386722803115845,0.6256294846534729,-0.14176225662231445,0.5580776929855347,0.5416468977928162,0.016430795192718506,0.6185794472694397,0.5759536027908325,0.04262584447860718
01002200001307281403237125B_1293476000_485050900,1,LP,medium,3.454482402747646,0,hit,0.9319310188293457,0.8976202011108398,0.6201279759407043,0.5134202837944031,0.10670769214630127,0.7351912260055542,0.4323255717754364,0.3028656542301178,0.9963855743408203,0.5627015829086304,0.43368399143218994
01002200001307281403237125B_1293476000_485050900,2,LP,large,4.000040690403112,0,hit,0.9118415713310242,0.8592728972434998,0.6098172068595886,0.4893531799316406,0.120464026927948,0.5241860151290894,0.4611583352088928,0.06302767992019653,0.7100324034690857,0.5299360156059265,0.18009638786315918
01002200001307281403237125B_1293476000_485050900,3,LP,medium,3.657091837446464,0,hit,0.9274893403053284,0.10493865609169006,0.531890332698822,0.5847256779670715,-0.05283534526824951,0.5393945574760437,0.47932156920433044,0.06007298827171326,0.8096373081207275,0.5164552927017212,0.29318201541900635
01002200001307281451563755B_1293503100_485105100,0,TC,large,9.650906023458148,1,hit,0.9459006786346436,0.8336271643638611,0.5111287236213684,0.7159432768821716,-0.20481455326080322,0.4555796682834625,0.5457660555839539,-0.09018638730049133,0.6383228302001953,0.5727235078811646,0.06559932231903076
01002200001307281451563755B_1293503100_485105100,1,MC,small,3.2856569884035225,0,hit,0.8072561025619507,0.8072561025619507,0.7210114002227783,0.6043639183044434,0.11664748191833496,0.9706565141677856,0.6450104117393494,0.3256461024284363,0.8069273829460144,0.7195209860801697,0.08740639686584473
01002200001307281451563755B_1293503100_485105100,2,MC,small,3.750057223078449,0,localization_error,0.4092946946620941,0.36748483777046204,0.70412278175354,0.7478140592575073,-0.043691277503967285,0.6764686703681946,0.6521903276443481,0.024278342723846436,0.5939062237739563,0.6226406097412109,-0.02873438596725464
01002200001307281508217275B_1293322800_485006900,0,LC,large,4.269869388660651,0,hit,0.8865250945091248,0.8177616000175476,0.5005751252174377,0.5197062492370605,-0.019131124019622803,0.5358465909957886,0.4769667088985443,0.05887988209724426,0.6707470417022705,0.5208888053894043,0.1498582363128662
01002200001307281508217275B_1293322800_485006900,1,MC,small,1.2500021798080025,0,hit,0.7989097237586975,0.656735360622406,0.6209418773651123,0.5995665788650513,0.021375298500061035,0.7142658233642578,0.5832964181900024,0.13096940517425537,0.9736230969429016,0.7620120644569397,0.21161103248596191
01002200001307281510021695B_1293244700_484977300,0,LC,medium,6.766633029650758,1,hit,0.8818923234939575,0.8571353554725647,0.5698218941688538,0.45572835206985474,0.11409354209899902,0.5771228075027466,0.43899327516555786,0.13812953233718872,0.7601227164268494,0.5063382983207703,0.2537844181060791
01002200001307281510021695B_1293244700_484977300,1,TC,medium,34.698701829766975,1,hit,0.7041652798652649,0.5626415610313416,0.45899295806884766,0.6042625308036804,-0.14526957273483276,0.4819391071796417,0.5540148019790649,-0.07207569479942322,0.7940400242805481,0.6696242690086365,0.12441575527191162
01002200001307281537158575B_1293088900_485607900,0,LC,medium,20.26728517512538,1,hit,0.6224334836006165,0.5341123938560486,0.7463410496711731,0.49903494119644165,0.24730610847473145,0.5166891813278198,0.5167450308799744,-5.5849552154541016e-05,0.5908844470977783,0.55536288022995,0.03552156686782837
01002200001307281551000855B_1293168800_484995300,0,TC,large,10.048147701484986,1,localization_error,0.39517009258270264,0.1055644303560257,0.6147264838218689,0.6789795160293579,-0.06425303220748901,0.4974818825721741,0.5453386306762695,-0.04785674810409546,0.5382517576217651,0.5564541816711426,-0.01820242404937744
01002200001307281551000855B_1293168800_484995300,1,MC,small,3.117586658768198,0,hit,0.7926308512687683,0.7926308512687683,0.5222421288490295,0.5722980499267578,-0.05005592107772827,0.5537406206130981,0.5904585719108582,-0.03671795129776001,0.9146491289138794,0.7250837683677673,0.18956536054611206
01002200001307281619339135B_1293107300_485383100,0,TC,large,9.861182107407435,1,hit,0.8620128631591797,0.7034549713134766,0.5709332823753357,0.6743547320365906,-0.10342144966125488,0.5255424380302429,0.5428018569946289,-0.017259418964385986,0.5084139108657837,0.5993304252624512,-0.09091651439666748
01002200001307281619339135B_1293107300_485383100,1,MC,medium,2.4799938476412295,0,hit,0.8760761022567749,0.8724491000175476,0.5403838753700256,0.7064136862754822,-0.16602981090545654,0.8194746375083923,0.5881820917129517,0.23129254579544067,1.373685598373413,0.6837982535362244,0.6898873448371887
01002200001307281653334535B_1293233400_485050400,0,LC,large,1.2910063392721625,0,hit,0.8941685557365417,0.8846823573112488,0.5089117288589478,0.5598357319831848,-0.05092400312423706,0.5851893424987793,0.48519307374954224,0.09999626874923706,0.5780463814735413,0.5603774189949036,0.017668962478637695
01002200001307281653334535B_1293233400_485050400,1,LC,small,2.7777804151082868,0,hit,0.6858369708061218,0.6858369708061218,0.5563984513282776,0.4843091070652008,0.07208934426307678,0.7005385160446167,0.4595808684825897,0.24095764756202698,0.8213329911231995,0.5667111277580261,0.25462186336517334
01002200001307281653334535B_1293233400_485050400,2,LC,small,4.625305194408838,0,localization_error,0.38050827383995056,0.11337117850780487,0.6033108830451965,0.5381248593330383,0.0651860237121582,0.8103795647621155,0.48755761981010437,0.3228219449520111,0.6215840578079224,0.6368216276168823,-0.015237569808959961
01002200001307281653334535B_1293233400_485050400,3,LC,medium,1.033896411424599,0,hit,0.8192623257637024,0.2674390375614166,0.5315888524055481,0.5730776190757751,-0.04148876667022705,0.6662370562553406,0.4669340252876282,0.1993030309677124,0.5379143953323364,0.5206871628761292,0.017227232456207275
01002200001307281654398485B_1293270500_485074200,0,P,small,1.1428334764734347,0,hit,0.730710506439209,0.730710506439209,0.5893537998199463,0.5624006986618042,0.02695310115814209,0.9935091137886047,0.5747478604316711,0.4187612533569336,1.339308261871338,0.9224692583084106,0.41683900356292725
01002200001307281713319395B_1293387100_484962800,0,TC,large,9.585391415156414,1,hit,0.8172303438186646,0.422839492559433,0.48051467537879944,0.6090893745422363,-0.1285746991634369,0.49255281686782837,0.5435832142829895,-0.05103039741516113,0.7447236776351929,0.6155022382736206,0.12922143936157227
01002200001307281713319395B_1293387100_484962800,1,TC,large,13.709891395088759,1,hit,0.792934775352478,0.41922977566719055,0.5128206014633179,0.5168747305870056,-0.004054129123687744,0.5137474536895752,0.5001975893974304,0.013549864292144775,0.6019247174263,0.6515658497810364,-0.04964113235473633
01002200001307281749026355B_1293469300_484646600,0,LC,large,1.0520229347881596,0,hit,0.9341713190078735,0.8890735507011414,0.5651989579200745,0.5488721132278442,0.016326844692230225,0.5519817471504211,0.5358892679214478,0.01609247922897339,0.595917284488678,0.5289854407310486,0.0669318437576294
01002200001307281749026355B_1293469300_484646600,1,LC,large,1.1472351885233194,0,hit,0.9522932767868042,0.8944399952888489,0.6065996289253235,0.514199435710907,0.0924001932144165,0.5393750071525574,0.5199331045150757,0.01944190263748169,0.7076243162155151,0.5203348398208618,0.18728947639465332
01002200001307281810060065B_1293698300_484683300,0,LC,large,4.456158948906985,0,hit,0.9158579707145691,0.8106799721717834,0.6475395560264587,0.5508160591125488,0.09672349691390991,0.49938997626304626,0.49648305773735046,0.0029069185256958008,0.6743898987770081,0.5345572829246521,0.13983261585235596
01002200001307281810060065B_1293698300_484683300,1,TC,medium,17.347718093377985,1,hit,0.8236941695213318,0.3604172468185425,0.5299344658851624,0.525746762752533,0.0041877031326293945,0.4896082878112793,0.5062954425811768,-0.01668715476989746,0.6772778034210205,0.5283825993537903,0.14889520406723022
01002200001307301101044625S_1293890000_484335500,0,TC,large,14.918803982765105,1,hit,0.8852848410606384,0.8810081481933594,0.50982666015625,0.476741224527359,0.03308543562889099,0.5438904762268066,0.4983058571815491,0.04558461904525757,0.7558067440986633,0.596044659614563,0.15976208448410034
0100220000130730120027792J1_1297044800_482158000,0,P,medium,2.825048714353072,0,hit,0.8798466920852661,0.8346083760261536,0.589400589466095,0.42015811800956726,0.1692424714565277,0.6494855880737305,0.40860816836357117,0.2408774197101593,1.3769991397857666,0.5457215905189514,0.8312775492668152
0100220000130731092203334J2_1297649600_483684700,0,TC,large,18.499954223725943,1,hit,0.9160933494567871,0.8228482604026794,0.5454582571983337,0.6361089944839478,-0.09065073728561401,0.625948965549469,0.5760912299156189,0.0498577356338501,0.795910656452179,0.7034183740615845,0.09249228239059448
0100220000130731092203334J2_1297649600_483684700,1,TC,medium,16.909499500610366,1,hit,0.5907372236251831,0.5085623860359192,0.5402515530586243,0.41710424423217773,0.12314730882644653,0.6378014087677002,0.5020133256912231,0.13578808307647705,1.04362154006958,0.6229015588760376,0.4207199811935425
0100220000130731110749487J1_1296947800_482111700,0,TC,large,8.189519631577054,1,hit,0.9789397716522217,0.9536307454109192,0.5245557427406311,0.6738556027412415,-0.14929986000061035,0.5711023807525635,0.6025561690330505,-0.03145378828048706,0.7096285223960876,0.6343785524368286,0.07524996995925903
0100220000130731110749487J1_1296947800_482111700,1,MC,medium,2.999908449361053,0,hit,0.9556857943534851,0.9334306120872498,0.6375932693481445,0.46686622500419617,0.17072704434394836,1.0654700994491577,0.45987844467163086,0.6055916547775269,1.239462971687317,0.638699471950531,0.6007634997367859
0100220000130731131506993J2_1296860300_483530500,0,TC,medium,3.129097049395939,0,hit,0.729360818862915,0.5684407353401184,0.5196328163146973,0.599005401134491,-0.0793725848197937,0.5662128329277039,0.4881114065647125,0.07810142636299133,0.7102594375610352,0.5431310534477234,0.16712838411331177
0100220000130731131506993J2_1296860300_483530500,1,LC,large,3.8840503176031116,0,hit,0.713141143321991,0.6658303141593933,0.461779922246933,0.5369672179222107,-0.07518729567527771,0.5319843888282776,0.558113694190979,-0.026129305362701416,0.6186895370483398,0.5478760600090027,0.07081347703933716
0100220000130731131506993J2_1296860300_483530500,2,TC,medium,32.6370963267118,1,hit,0.8373751640319824,0.8040295243263245,0.4615461528301239,0.5775812268257141,-0.11603507399559021,0.5934484004974365,0.5650787353515625,0.028369665145874023,0.664169192314148,0.6343998908996582,0.029769301414489746
0100220000130731132256352J2_1296883600_483525600,0,LC,large,3.5272665934985423,0,hit,0.8883277177810669,0.7063863277435303,0.5178384780883789,0.532880961894989,-0.015042483806610107,0.5732305645942688,0.5502762198448181,0.022954344749450684,0.7115252017974854,0.631179928779602,0.0803452730178833
0100220000130731132256352J2_1296883600_483525600,1,MC,small,2.2777804151082868,0,hit,0.889514148235321,0.8696827292442322,0.6855241060256958,0.6542050838470459,0.0313190221786499,0.8499217629432678,0.6083189845085144,0.24160277843475342,1.1853920221328735,0.8076421618461609,0.37774986028671265
0100220000130731132256352J2_1296883600_483525600,2,MC,small,3.7498792043252482,0,hit,0.8269167542457581,0.5789687037467957,0.6005371809005737,0.5465958714485168,0.053941309452056885,0.7847111225128174,0.5535148978233337,0.23119622468948364,1.0351011753082275,0.7145674228668213,0.32053375244140625
0100220000130804114810497J3_1294326600_483724100,0,TC,large,18.050244830632746,1,hit,0.9405564665794373,0.7250293493270874,0.528644859790802,0.7402829527854919,-0.21163809299468994,0.5327532291412354,0.5876482725143433,-0.05489504337310791,0.6118914484977722,0.597588300704956,0.014303147792816162
0100220000130804121851086J3_1293890200_483820200,0,TC,large,6.777824307980966,1,localization_error,0.6424505114555359,0.32667508721351624,0.5238531231880188,0.7055985331535339,-0.18174540996551514,0.475430428981781,0.5316217541694641,-0.056191325187683105,0.5240413546562195,0.559827983379364,-0.03578662872314453
0100220000130804121913508J3_1293902200_483832200,0,TP,medium,7.52371181361878,1,hit,0.6537707448005676,0.23723049461841583,0.6023197174072266,0.6035763621330261,-0.0012566447257995605,0.5067579746246338,0.47137686610221863,0.03538110852241516,0.6651797890663147,0.6148259043693542,0.05035388469696045
0100220000130804121913508J3_1293902200_483832200,1,TP,medium,27.62502670288086,1,hit,0.885758101940155,0.5464712381362915,0.5148084163665771,0.7480413317680359,-0.23323291540145874,0.5887404680252075,0.6659974455833435,-0.07725697755813599,0.60308438539505,0.697388768196106,-0.09430438280105591
0100220000130804121913508J3_1293902200_483832200,2,LP,medium,1.6739055799401326,0,localization_error,0.8579108715057373,0.8261334896087646,0.563419759273529,0.5175848007202148,0.04583495855331421,0.734985888004303,0.4551897943019867,0.2797960937023163,1.0198888778686523,0.5072099566459656,0.5126789212226868
0100220000130808134952724J5_1295484600_482931700,0,LP,large,2.3301814925923154,0,hit,0.9208712577819824,0.7120751142501831,0.49240487813949585,0.7153964042663574,-0.22299152612686157,0.49633556604385376,0.54157555103302,-0.04523998498916626,0.5674042105674744,0.5797880291938782,-0.012383818626403809
0100220000130808134952724J5_1295484600_482931700,1,LP,large,1.6954018795313766,0,hit,0.9401176571846008,0.9166767597198486,0.568123996257782,0.6221367716789246,-0.05401277542114258,0.4868623912334442,0.552544355392456,-0.06568196415901184,0.5857082009315491,0.5891449451446533,-0.003436744213104248
0100220000130808134952724J5_1295484600_482931700,2,MC,small,3.7498741181915745,0,hit,0.7954022288322449,0.6735571026802063,0.6910626292228699,0.46236297488212585,0.22869965434074402,0.8949921131134033,0.5716399550437927,0.3233521580696106,1.0365911722183228,0.7007654309272766,0.33582574129104614
0100220000130808134952724J5_1295484600_482931700,3,LC,large,1.7723628996101932,0,hit,0.9912314414978027,0.9525370597839355,0.5861626863479614,0.5421994924545288,0.04396319389343262,0.5247983932495117,0.5075781941413879,0.01722019910812378,0.5922315120697021,0.588197648525238,0.004033863544464111
0100220000130808134952724J5_1295484600_482931700,4,LP,small,2.0475865235941733,0,hit,0.6477109789848328,0.40289562940597534,0.6129119992256165,0.660967230796814,-0.04805523157119751,0.5657894611358643,0.5730554461479187,-0.007265985012054443,0.49839624762535095,0.5553190112113953,-0.05692276358604431
0100220000130808134952724J5_1295484600_482931700,5,TP,small,9.29962891983936,1,hit,0.66932213306427,0.5729713439941406,0.5120583772659302,0.4850175380706787,0.027040839195251465,0.5854417681694031,0.510613739490509,0.07482802867889404,0.5361777544021606,0.5562341213226318,-0.02005636692047119
0100220000130808134952724J5_1295484600_482931700,6,TP,small,2.8182036191876594,0,hit,0.8438944816589355,0.7151662111282349,0.5409003496170044,0.5105018615722656,0.03039848804473877,0.6819326877593994,0.5347967147827148,0.14713597297668457,0.7575042247772217,0.6555003523826599,0.10200387239456177
0100220000130808144311783J5_1295636500_482941200,0,LP,large,2.893938272997812,0,hit,0.932047426700592,0.907734215259552,0.45889896154403687,0.6350055932998657,-0.17610663175582886,0.4941113293170929,0.52461177110672,-0.030500441789627075,0.6075597405433655,0.5902498364448547,0.017309904098510742
0100220000130808144311783J5_1295636500_482941200,1,MC,small,4.79981812189495,0,hit,0.7768860459327698,0.7058240175247192,0.6230140924453735,0.48592472076416016,0.13708937168121338,1.0031259059906006,0.6447920799255371,0.3583338260650635,0.9268206357955933,0.813266932964325,0.11355370283126831
0100220000130808144311783J5_1295636500_482941200,2,MC,small,4.3078465251237175,0,hit,0.8107052445411682,0.6251398921012878,0.7104253768920898,0.5704993605613708,0.139926016330719,0.6377555727958679,0.5765205025672913,0.06123507022857666,0.994798481464386,0.792237401008606,0.20256108045578003
0100220000130808144311783J5_1295636500_482941200,3,LP,large,1.7999902874799778,0,hit,0.9355917572975159,0.9095932245254517,0.4610098898410797,0.5567801594734192,-0.09577026963233948,0.4550439119338989,0.5492706894874573,-0.09422677755355835,0.656066358089447,0.6183421015739441,0.03772425651550293
0100220000130808165806528J2_1296287300_483105900,0,LC,large,1.223956990573568,0,hit,0.9549914598464966,0.9195166826248169,0.482988566160202,0.5367292165756226,-0.05374065041542053,0.4566679000854492,0.5070726275444031,-0.05040472745895386,0.5496366620063782,0.5185515284538269,0.03108513355255127
0100220000130808165806528J2_1296287300_483105900,1,MC,small,4.181933192764399,0,hit,0.8719291687011719,0.7635132074356079,0.6254859566688538,0.4793369770050049,0.14614897966384888,1.0363881587982178,0.5866075754165649,0.44978058338165283,1.25513756275177,0.7484316229820251,0.5067059397697449
0100220000130808165806528J2_1296287300_483105900,2,MC,medium,3.272759556322515,0,hit,0.9299554824829102,0.8537262678146362,0.5971930623054504,0.4241198003292084,0.17307326197624207,0.9274466037750244,0.4805866777896881,0.4468599259853363,1.3211252689361572,0.6008802652359009,0.7202450037002563
0100220000130809123456465J3_1294620400_483057300,0,LC,medium,21.999218778609183,1,hit,0.8874214887619019,0.7705929279327393,0.5817841291427612,0.5368087887763977,0.044975340366363525,0.7218777537345886,0.4954448640346527,0.2264328896999359,0.7349109649658203,0.6103020906448364,0.12460887432098389
0100220000130809144745953J1_1296406600_482713300,0,TC,large,12.703793247657478,1,hit,0.8746851682662964,0.8384341597557068,0.5408651828765869,0.5736298561096191,-0.03276467323303223,0.533392071723938,0.5313987135887146,0.0019933581352233887,0.6831454038619995,0.6146644949913025,0.06848090887069702
0100220000130809144745953J1_1296406600_482713300,1,TC,medium,10.350098878160134,1,hit,0.9005951285362244,0.8445413112640381,0.6080167889595032,0.5232738852500916,0.08474290370941162,0.591264545917511,0.5002936720848083,0.09097087383270264,0.6853731870651245,0.5881319046020508,0.09724128246307373
0100220000130809144745953J1_1296406600_482713300,2,LC,large,1.3529415988579996,0,hit,0.9314378499984741,0.7852930426597595,0.641411304473877,0.599567711353302,0.04184359312057495,0.6312705874443054,0.49281325936317444,0.13845732808113098,0.6462181806564331,0.5717837810516357,0.07443439960479736
0100220000130809144745953J1_1296406600_482713300,3,TC,large,12.847517873565538,1,hit,0.9846294522285461,0.9280788898468018,0.4924941658973694,0.6882668137550354,-0.19577264785766602,0.5353679656982422,0.5431264638900757,-0.007758498191833496,0.5727580189704895,0.5309751033782959,0.041782915592193604
0100220000130809144745953J1_1296406600_482713300,4,LC,medium,1.1219592074921734,0,hit,0.9087644815444946,0.8823143243789673,0.6596280336380005,0.47890812158584595,0.18071991205215454,0.7800400257110596,0.4985979497432709,0.2814420759677887,1.168644666671753,0.5900188684463501,0.5786257982254028
0100220000130814114426802J2_1296562900_483017800,0,MC,small,1.6470282011237367,0,hit,0.9108763337135315,0.8673133254051208,0.6713652610778809,0.5927080512046814,0.07865720987319946,1.195921540260315,0.5536388754844666,0.6422826647758484,2.0206353664398193,0.9600330591201782,1.0606023073196411
0100220000130814114426802J2_1296562900_483017800,1,LC,large,1.3369496567444996,0,hit,0.8908423781394958,0.8326157927513123,0.4731730818748474,0.43235865235328674,0.04081442952156067,0.5310986638069153,0.46531859040260315,0.06578007340431213,0.7335565090179443,0.5597781538963318,0.17377835512161255
0100220000130814114426802J2_1296562900_483017800,2,MC,small,3.7498931906496042,0,hit,0.8994814157485962,0.8749152421951294,0.7809613347053528,0.6058449149131775,0.1751164197921753,1.1212095022201538,0.6709168553352356,0.4502926468849182,1.2222508192062378,0.7842996716499329,0.43795114755630493
0100220000130814114426802J2_1296562900_483017800,3,TC,medium,2.866642795236022,0,hit,0.9112796783447266,0.365629643201828,0.45318710803985596,0.49410295486450195,-0.040915846824645996,0.6137024760246277,0.5248732566833496,0.08882921934127808,0.8109405040740967,0.6560590863227844,0.15488141775131226
0100220000130817112634126J1_1296323200_482917700,0,LC,large,1.7537343702351749,0,hit,0.98478764295578,0.9468914270401001,0.4551112949848175,0.5390670895576477,-0.0839557945728302,0.6232821345329285,0.5331043601036072,0.09017777442932129,0.6679436564445496,0.5717625021934509,0.09618115425109863
0100220000130817112634126J1_1296323200_482917700,1,MC,small,3.6998828167913773,0,localization_error,0.44645926356315613,0.11452315747737885,0.7431530356407166,0.7324035167694092,0.010749518871307373,0.5704148411750793,0.6682173013687134,-0.09780246019363403,0.7683469653129578,0.7873177528381348,-0.018970787525177002
0100220000130817112634126J1_1296323200_482917700,2,MC,small,4.750305189751728,0,localization_error,0.3730784058570862,0.1419333815574646,0.8597208857536316,0.8550071716308594,0.004713714122772217,0.8100007772445679,0.7317351698875427,0.07826560735702515,0.6733430027961731,0.6382501721382141,0.035092830657958984
0100220000130817151519871J3_1295229600_483712200,0,LP,medium,1.9687328338623047,0,hit,0.7953002452850342,0.7667856216430664,0.5440374612808228,0.505836009979248,0.03820145130157471,0.6354292631149292,0.4995810091495514,0.1358482539653778,1.139384388923645,0.5743525624275208,0.5650318264961243
0100220000130817151519871J3_1295229600_483712200,1,LP,large,2.6446294331848814,0,hit,0.8342287540435791,0.5480608940124512,0.5649280548095703,0.709411084651947,-0.1444830298423767,0.5491092205047607,0.5878357291221619,-0.03872650861740112,0.7260121703147888,0.6434172987937927,0.0825948715209961
0100220000130817151519871J3_1295229600_483712200,2,LC,large,2.1165375216548306,0,hit,0.9666278958320618,0.9628774523735046,0.4953833222389221,0.6901499032974243,-0.1947665810585022,0.49407753348350525,0.5912624597549438,-0.0971849262714386,0.5566221475601196,0.5742743611335754,-0.01765221357345581
0100220000130817151519871J3_1295229600_483712200,3,LC,large,1.2528682552046018,0,hit,0.9305872917175293,0.2023829072713852,0.6692656874656677,0.5685517191886902,0.10071396827697754,0.4689708948135376,0.46455439925193787,0.0044164955615997314,0.6469062566757202,0.6221961379051208,0.024710118770599365
0100220000130817151519871J3_1295229600_483712200,4,TP,medium,4.095172320587791,0,localization_error,0.5106611251831055,0.27863171696662903,0.5275196433067322,0.6193200945854187,-0.09180045127868652,0.526165246963501,0.5762945413589478,-0.05012929439544678,0.6808982491493225,0.7841790318489075,-0.10328078269958496
0100220000130817151519871J3_1295229600_483712200,5,MC,small,6.250286115392245,1,localization_error,0.42731884121894836,0.42731884121894836,0.7421733140945435,0.6764478087425232,0.06572550535202026,0.6364228129386902,0.558549702167511,0.0778731107711792,0.7254042029380798,0.6331314444541931,0.09227275848388672
01002200001308180949073915M_1296903500_484393800,0,AC,large,1.8389811067889403,0,hit,0.8521032333374023,0.7564665675163269,0.5291643142700195,0.5883163809776306,-0.059152066707611084,0.4743993580341339,0.5555437803268433,-0.08114442229270935,0.5764034390449524,0.5717288851737976,0.004674553871154785
01002200001308180949073915M_1296903500_484393800,1,P,medium,1.451627797084043,0,hit,0.7828327417373657,0.6000868678092957,0.7034730315208435,0.6305088400840759,0.07296419143676758,0.7132000923156738,0.4928392469882965,0.22036084532737732,1.6273705959320068,0.7030722498893738,0.9242983460426331
0100220000130818100952269J3_1294539700_483667500,0,AC,medium,1.168841880145407,0,hit,0.9125717878341675,0.6815561652183533,0.5967239737510681,0.5433275699615479,0.053396403789520264,0.7261610627174377,0.49649831652641296,0.22966274619102478,0.8336597084999084,0.6067280173301697,0.22693169116973877
0100220000130818100952269J3_1294539700_483667500,1,AC,large,1.024998092651367,0,hit,0.8589538335800171,0.7479434609413147,0.5386609435081482,0.5372781753540039,0.0013827681541442871,0.48082247376441956,0.5228584408760071,-0.042035967111587524,0.6843874454498291,0.550009548664093,0.13437789678573608
01002200001308181205324715M_1296604300_484549000,0,P,small,1.5000468175184911,0,hit,0.8780205249786377,0.8153523206710815,0.6667770743370056,0.5359496474266052,0.1308274269104004,0.8755807876586914,0.5167770385742188,0.35880374908447266,0.8306775689125061,0.6055088043212891,0.22516876459121704
01002200001308181205324715M_1296604300_484549000,1,P,small,2.2631042364006655,0,hit,0.8452260494232178,0.8394514322280884,0.6872356534004211,0.436260461807251,0.25097519159317017,1.03171706199646,0.4652383029460907,0.5664787590503693,1.3936710357666016,0.623964786529541,0.7697062492370605
0100220000130819125335436J3_1295358300_483113800,0,AC,large,4.766641167638478,0,hit,0.9158868789672852,0.258407324552536,0.6144569516181946,0.7771717309951782,-0.16271477937698364,0.6634653210639954,0.595838189125061,0.06762713193893433,0.6477365493774414,0.5794793963432312,0.0682571530342102
0100220000130819125335436J3_1295358300_483113800,1,LP,large,1.6239289531767673,0,localization_error,0.8269950151443481,0.3938107490539551,0.6075297594070435,0.6241298317909241,-0.016600072383880615,0.6234443783760071,0.5985981822013855,0.024846196174621582,0.601787805557251,0.6297407150268555,-0.027952909469604492
0100220000130819125335436J3_1295358300_483113800,2,LP,large,1.6240575418336813,0,hit,0.9918888807296753,0.9768698811531067,0.5929225087165833,0.7100436091423035,-0.11712110042572021,0.44619470834732056,0.551520049571991,-0.10532534122467041,0.5185112953186035,0.6069415211677551,-0.08843022584915161
0100220000130819125335436J3_1295358300_483113800,3,LP,large,1.2610851820036928,0,hit,0.848682165145874,0.5414664149284363,0.6448144912719727,0.6547646522521973,-0.00995016098022461,0.5611602663993835,0.5496545433998108,0.011505722999572754,0.5829828381538391,0.6345670819282532,-0.05158424377441406
01002200001308201014409525D_1298351300_483083900,0,LC,small,1.3913070015285327,0,hit,0.8707770705223083,0.7567504644393921,0.5874856114387512,0.5026243925094604,0.08486121892929077,0.7907265424728394,0.4876492917537689,0.30307725071907043,1.2680073976516724,0.6762797236442566,0.5917276740074158
01002200001308201014409525D_1298351300_483083900,1,LC,large,1.9999993642173246,0,hit,0.9467657208442688,0.9277176856994629,0.5687397122383118,0.4792458713054657,0.08949384093284607,0.531417727470398,0.4719327986240387,0.05948492884635925,0.6485820412635803,0.5066553354263306,0.14192670583724976
01002200001308201014409525D_1298351300_483083900,2,LC,large,1.6904827386263561,0,localization_error,0.6790043711662292,0.12074132263660431,0.4840247929096222,0.4990292489528656,-0.015004456043243408,0.45504093170166016,0.4474811553955078,0.007559776306152344,0.4866431653499603,0.5388460159301758,-0.052202850580215454
01002200001308201014409525D_1298351300_483083900,3,LC,large,3.4999925329475574,0,localization_error,0.6062806844711304,0.17773771286010742,0.5141071677207947,0.5508024096488953,-0.036695241928100586,0.49186769127845764,0.4989999830722809,-0.007132291793823242,0.6494275331497192,0.5711641311645508,0.07826340198516846
01002200001308201032507615M_1298365000_483513300,0,LC,large,2.1492577151573866,0,hit,0.9752240777015686,0.965692400932312,0.5250862836837769,0.5228649377822876,0.002221345901489258,0.5107739567756653,0.49805784225463867,0.012716114521026611,0.6426487565040588,0.5524381399154663,0.09021061658859253
0100220000130820114033694J3_1294349400_482426300,0,LC,large,3.263168884458184,0,hit,0.7275160551071167,0.3010386526584625,0.4898194670677185,0.48556962609291077,0.004249840974807739,0.6203967332839966,0.4563133418560028,0.16408339142799377,0.8029403686523438,0.48439621925354004,0.3185441493988037
0100220000130820114033694J3_1294349400_482426300,1,MC,medium,2.4106991632797863,0,hit,0.9309569597244263,0.8969541788101196,0.6300038695335388,0.48331785202026367,0.14668601751327515,0.8385170102119446,0.4871668815612793,0.3513501286506653,1.4793601036071777,0.5119141936302185,0.9674459099769592
0100220000130820114033694J3_1294349400_482426300,2,LC,medium,4.129099264416337,0,hit,0.8121504783630371,0.4865450859069824,0.48133060336112976,0.4984618127346039,-0.01713120937347412,0.5910508036613464,0.5137585997581482,0.07729220390319824,0.7102087140083313,0.5817996859550476,0.1284090280532837
0100220000130820114033694J3_1294349400_482426300,3,TC,large,33.58725981560732,1,localization_error,0.5375264286994934,0.38288140296936035,0.4339176416397095,0.5552762746810913,-0.12135863304138184,0.5178734660148621,0.4863419234752655,0.03153154253959656,0.6112218499183655,0.554550051689148,0.05667179822921753
0100220000130823105703744J3_1294580200_482908600,0,MC,medium,2.771406947808603,0,hit,0.9625343680381775,0.910145103931427,0.6361499428749084,0.4839702546596527,0.15217968821525574,0.9540461301803589,0.4829229414463043,0.47112318873405457,1.3035852909088135,0.6094828844070435,0.69410240650177
0100220000130823105703744J3_1294580200_482908600,1,LC,medium,2.6908982962915697,0,hit,0.9326157569885254,0.810867190361023,0.6650159955024719,0.49026399850845337,0.17475199699401855,0.673039436340332,0.48449501395225525,0.18854442238807678,0.7928031086921692,0.5313963294029236,0.2614067792892456
0100220000130823105703744J3_1294580200_482908600,2,TC,medium,5.32267235812056,1,hit,0.7932617664337158,0.7485829591751099,0.4609967768192291,0.5726290345191956,-0.11163225769996643,0.5335243940353394,0.5177432298660278,0.015781164169311523,0.7219849228858948,0.5797206163406372,0.14226430654525757
0100220000130823105737647J3_1294567800_482915300,0,LC,medium,9.666449657192846,1,hit,0.7674009203910828,0.7483324408531189,0.4466722905635834,0.4797653257846832,-0.033093035221099854,0.5887565612792969,0.49337106943130493,0.09538549184799194,0.6512248516082764,0.6056755781173706,0.04554927349090576
0100220000130823121440959J3_1294794000_482885200,0,AC,large,1.0302955013584887,0,hit,0.8631435632705688,0.8249258399009705,0.5317787528038025,0.5875579714775085,-0.055779218673706055,0.5358946919441223,0.5485155582427979,-0.012620866298675537,0.8397936820983887,0.6771243214607239,0.1626693606376648
0100220000130823121440959J3_1294794000_482885200,1,AC,large,2.21590180045901,0,hit,0.9416639804840088,0.6575881838798523,0.6482276916503906,0.4532450735569,0.1949826180934906,0.6612885594367981,0.4423055648803711,0.218982994556427,1.0784729719161987,0.53481125831604,0.5436617136001587
0100220000130823121440959J3_1294794000_482885200,2,MC,medium,2.5000006103530525,0,hit,0.9296881556510925,0.8962671756744385,0.5923345685005188,0.5430808067321777,0.049253761768341064,0.6553006768226624,0.47283172607421875,0.1824689507484436,1.2000643014907837,0.603610098361969,0.5964542031288147
0100220000130823121440959J3_1294794000_482885200,3,AC,large,1.7250053405761718,0,hit,0.7752766013145447,0.5936545729637146,0.48527780175209045,0.5872763991355896,-0.10199859738349915,0.47391244769096375,0.5178249478340149,-0.04391250014305115,0.5917824506759644,0.5929169058799744,-0.0011344552040100098
01002200001308241549511245C_1296082600_482115100,0,TC,large,1.0949680896007594,0,hit,0.9676414132118225,0.9438388347625732,0.5360856652259827,0.5999853014945984,-0.06389963626861572,0.5528836846351624,0.5286177396774292,0.024265944957733154,0.6429262161254883,0.5886659026145935,0.054260313510894775
01002200001308241549511245C_1296082600_482115100,1,TP,large,4.416673448367941,0,hit,0.9119423627853394,0.8873394131660461,0.5932930111885071,0.5729421973228455,0.02035081386566162,0.6152430772781372,0.5259726047515869,0.08927047252655029,0.7217353582382202,0.6217609643936157,0.09997439384460449
01002200001308241549511245C_1296082600_482115100,2,TP,medium,11.363855287981355,1,hit,0.8806676268577576,0.8250455856323242,0.5526530742645264,0.4495236575603485,0.10312941670417786,0.5303367376327515,0.4237149655818939,0.10662177205085754,0.7331377863883972,0.5756204724311829,0.15751731395721436
01002200001308241549511245C_1296082600_482115100,3,MC,small,3.2857065006517656,0,hit,0.832942545413971,0.7146075963973999,0.5764830708503723,0.5950376391410828,-0.01855456829071045,0.7820771336555481,0.5872700810432434,0.1948070526123047,1.0019181966781616,0.6236290335655212,0.3782891631126404
01002200001308241549511245C_1296082600_482115100,4,MC,small,3.312519073486328,0,hit,0.9371975064277649,0.9011600017547607,0.5004088878631592,0.4675924777984619,0.032816410064697266,0.7575352787971497,0.4903841018676758,0.2671511769294739,0.9088364839553833,0.5990574955940247,0.30977898836135864
01002200001308241549511245C_1296082600_482115100,5,MC,small,3.2940653777801714,0,hit,0.8766921758651733,0.8689810037612915,0.6022718548774719,0.5086151361465454,0.09365671873092651,0.9645378589630127,0.49194127321243286,0.47259658575057983,0.911565363407135,0.5518069267272949,0.3597584366798401
01002200001308241549511245C_1296082600_482115100,6,MC,small,3.999898277326525,0,hit,0.9042319655418396,0.7637954950332642,0.5644189119338989,0.5250995755195618,0.03931933641433716,0.9636338353157043,0.5296974182128906,0.4339364171028137,0.7405481338500977,0.6456649899482727,0.09488314390182495
0100220000130825100227130J3_1294541600_483016200,0,TC,medium,16.869418976475114,1,hit,0.7173036336898804,0.12890303134918213,0.49392884969711304,0.5945801734924316,-0.1006513237953186,0.5315506458282471,0.6069051623344421,-0.07535451650619507,0.6007334589958191,0.6287569403648376,-0.028023481369018555
0100220000130825100227130J3_1294541600_483016200,1,MC,medium,1.7692326953865318,0,hit,0.8115755915641785,0.6254438757896423,0.6042712330818176,0.627385675907135,-0.023114442825317383,0.7479445338249207,0.5959740281105042,0.1519705057144165,1.0999741554260254,0.7304480671882629,0.36952608823776245
01002200001308251022236025D_1296511200_483350400,0,P,large,2.252999717621728,0,hit,0.9398855566978455,0.8852230906486511,0.4638734459877014,0.5646754503250122,-0.10080200433731079,0.48278799653053284,0.4982251226902008,-0.015437126159667969,0.7167574763298035,0.558057963848114,0.15869951248168945
01002200001308251325411875D_1296983100_483924100,0,TP,medium,3.1665814737109796,0,hit,0.9197441339492798,0.8923130035400391,0.9074479341506958,0.6072201728820801,0.3002277612686157,0.6852009892463684,0.5554524660110474,0.12974852323532104,0.8323124647140503,0.5486884117126465,0.2836240530014038
01002200001308251325411875D_1296983100_483924100,1,TP,large,9.086930417452823,1,hit,0.9815760254859924,0.9745626449584961,0.48121362924575806,0.7378451824188232,-0.2566315531730652,0.4583481252193451,0.558947741985321,-0.10059961676597595,0.5352631211280823,0.529694676399231,0.005568444728851318
01002200001308251325411875D_1296983100_483924100,2,TP,medium,3.560006555191785,0,hit,0.9741830229759216,0.9511836171150208,0.412344366312027,0.6509356498718262,-0.2385912835597992,0.5519136786460876,0.49560967087745667,0.05630400776863098,0.7375391721725464,0.4875050485134125,0.2500341236591339
0100220000130825163751026J3_1294710000_483507800,0,LC,medium,3.666694358777862,0,hit,0.7865284085273743,0.735775887966156,0.4816678464412689,0.47661590576171875,0.005051940679550171,0.5538373589515686,0.4510326087474823,0.1028047502040863,0.7113414406776428,0.5331584215164185,0.17818301916122437
0100220000130825163751026J3_1294710000_483507800,1,MC,small,5.6253443000694325,1,hit,0.6618950963020325,0.6498579382896423,0.8015630841255188,0.5454280972480774,0.2561349868774414,0.8049448728561401,0.5768947005271912,0.22805017232894897,1.1308948993682861,0.7462233901023865,0.38467150926589966
0100220000130825164202186J3_1294719500_483521000,0,LP,large,2.295775428835709,0,localization_error,0.8449350595474243,0.5133742690086365,0.546521008014679,0.49345800280570984,0.053063005208969116,0.6147352457046509,0.5463545918464661,0.06838065385818481,0.7722042202949524,0.5517826080322266,0.22042161226272583
0100220000130826130526299J3_1294779500_482667400,0,LP,medium,4.136424357350638,0,hit,0.89961177110672,0.8946000933647156,0.5240023732185364,0.4208180904388428,0.1031842827796936,0.504862904548645,0.4738166928291321,0.03104621171951294,0.987890362739563,0.588786780834198,0.399103581905365
01002200001308261413307455K_1296048500_482456100,0,AC,large,2.4683722222093456,0,hit,0.9114946126937866,0.8598875403404236,0.538242757320404,0.5964459776878357,-0.05820322036743164,0.6429774761199951,0.5209705233573914,0.12200695276260376,0.8328889012336731,0.5926130414009094,0.24027585983276367
01002200001308261413307455K_1296048500_482456100,1,MC,small,3.4545888358672734,0,hit,0.7760624885559082,0.7736436724662781,0.5598781108856201,0.5987804532051086,-0.038902342319488525,0.8623809218406677,0.6557356119155884,0.20664530992507935,0.8797216415405273,0.7572005391120911,0.12252110242843628
01002200001308261413307455K_1296048500_482456100,2,AC,large,1.5257633877481998,0,hit,0.7516315579414368,0.6057484149932861,0.6338789463043213,0.5095969438552856,0.12428200244903564,0.6446152329444885,0.4930022358894348,0.1516129970550537,0.7514118552207947,0.534759521484375,0.21665233373641968
01002200001308261413307455K_1296048500_482456100,3,MC,medium,3.2727504764969773,0,hit,0.7931132912635803,0.7931132912635803,0.6389549970626831,0.5099946856498718,0.12896031141281128,0.5264356732368469,0.4450002610683441,0.08143541216850281,0.8421365022659302,0.656143844127655,0.18599265813827515
01002200001308261413307455K_1296048500_482456100,4,TC,large,5.363613538632265,1,hit,0.7814817428588867,0.4505365490913391,0.5963185429573059,0.5018469095230103,0.09447163343429565,0.5583038330078125,0.49959903955459595,0.05870479345321655,0.663542628288269,0.5401418209075928,0.12340080738067627
01002200001308261413307455K_1296048500_482456100,5,TC,large,2.160006217468156,0,hit,0.7750124335289001,0.7319560647010803,0.47443071007728577,0.584533154964447,-0.11010244488716125,0.5464186072349548,0.5519458651542664,-0.0055272579193115234,0.5267835259437561,0.527362048625946,-0.0005785226821899414
01002200001308261413307455K_1296048500_482456100,6,LC,large,2.125000544956752,0,hit,0.7808406352996826,0.6174373626708984,0.6209800243377686,0.4931308925151825,0.12784913182258606,0.679495632648468,0.5308831334114075,0.14861249923706055,0.67079097032547,0.5853244662284851,0.08546650409698486
01002200001308261413307455K_1296048500_482456100,7,MC,small,3.3847089258968857,0,hit,0.7506763339042664,0.7352948784828186,0.6116682291030884,0.63912433385849,-0.02745610475540161,0.6991248726844788,0.5211830139160156,0.17794185876846313,0.7029322385787964,0.600658118724823,0.10227411985397339
01002200001308261413307455K_1296048500_482456100,8,TC,medium,1.6153721557497693,0,hit,0.7682331204414368,0.6831268668174744,0.5736042857170105,0.4942057728767395,0.079398512840271,0.6407607197761536,0.5541364550590515,0.08662426471710205,0.9541914463043213,0.576219379901886,0.3779720664024353
0100220000130830085914977J3_1294964200_483371100,0,TC,large,1.2169823597288663,0,hit,0.828798234462738,0.7969032526016235,0.5471368432044983,0.5461217761039734,0.0010150671005249023,0.6072095036506653,0.528744637966156,0.07846486568450928,0.7601490020751953,0.6218997836112976,0.1382492184638977
0100220000130830091049153J3_1294974800_483388100,0,LC,large,1.3566927563512696,0,hit,0.9152039289474487,0.7938900589942932,0.5722979307174683,0.5207206010818481,0.05157732963562012,0.6079530715942383,0.5838598608970642,0.024093210697174072,0.6072600483894348,0.561603307723999,0.04565674066543579
0100220000130830091049153J3_1294974800_483388100,1,TC,medium,5.675076142286893,1,hit,0.7059794068336487,0.3801017701625824,0.6699627637863159,0.5838268995285034,0.0861358642578125,0.7070268988609314,0.5074727535247803,0.19955414533615112,0.8242921233177185,0.5717048645019531,0.2525872588157654
0100220000130830091049153J3_1294974800_483388100,2,TC,medium,6.2778687662974,1,hit,0.819446325302124,0.7428562045097351,0.5057036280632019,0.48850661516189575,0.017197012901306152,0.5813403725624084,0.48211678862571716,0.09922358393669128,0.5721221566200256,0.5492913126945496,0.022830843925476074
0100220000130830094232992J3_1294923100_483335500,0,LC,large,1.229945142573089,0,hit,0.9778264164924622,0.9173564314842224,0.5245894193649292,0.5621709823608398,-0.037581562995910645,0.5524919629096985,0.5295138955116272,0.02297806739807129,0.5962679386138916,0.59715735912323,-0.0008894205093383789
0100220000130830094232992J3_1294923100_483335500,1,LC,large,1.2368407406081665,0,hit,0.8111186027526855,0.5639224648475647,0.5884180068969727,0.5629889965057373,0.02542901039123535,0.5085316300392151,0.5317455530166626,-0.02321392297744751,0.6209981441497803,0.5548211932182312,0.06617695093154907
0100220000130830094232992J3_1294923100_483335500,2,MC,small,4.545547109088892,0,hit,0.9406903386116028,0.8058668971061707,0.6280514597892761,0.4907875061035156,0.1372639536857605,0.9723561406135559,0.5762119293212891,0.39614421129226685,1.1518789529800415,0.7404074668884277,0.41147148609161377
0100220000130830094232992J3_1294923100_483335500,3,MC,medium,2.470589924854682,0,hit,0.9169449210166931,0.8710240721702576,0.6388462781906128,0.6198806762695312,0.018965601921081543,0.5602774024009705,0.5429614186286926,0.017315983772277832,1.0219753980636597,0.6211129426956177,0.400862455368042
0100220000130830123737150J3_1295080000_483353300,0,LC,large,2.2061713802469143,0,hit,0.8517436981201172,0.7357179522514343,0.5597209930419922,0.5409500002861023,0.018770992755889893,0.5615383386611938,0.49264946579933167,0.06888887286186218,0.669218122959137,0.5430536270141602,0.1261644959449768
0100220000130830124823457J3_1295022000_483290700,0,TC,large,13.724314398164713,1,hit,0.9343245029449463,0.9343245029449463,0.5387886166572571,0.6558645367622375,-0.11707592010498047,0.571916401386261,0.5416086316108704,0.030307769775390625,0.7550089359283447,0.6748095750808716,0.08019936084747314
0100220000130830124823457J3_1295022000_483290700,1,MC,medium,3.421015605424957,0,hit,0.7829498648643494,0.7727615833282471,0.609225869178772,0.6448245048522949,-0.03559863567352295,0.7541894912719727,0.4954841732978821,0.2587053179740906,0.9875350594520569,0.7266758680343628,0.2608591914176941
0100220000130901111350607J3_1295276500_483492700,0,P,small,1.0832807763513925,0,hit,0.6867514252662659,0.6867514252662659,0.6365039944648743,0.5245181918144226,0.11198580265045166,1.1553161144256592,0.6488956809043884,0.5064204335212708,1.1951758861541748,1.0236672163009644,0.17150866985321045
0100220000130901111350607J3_1295276500_483492700,1,P,small,1.099935305103573,0,localization_error,0.30274930596351624,0.10334466397762299,0.589091956615448,0.5909255146980286,-0.0018335580825805664,1.1020317077636719,0.7356848120689392,0.36634689569473267,1.1021569967269897,1.125985026359558,-0.02382802963256836
0100220000130901111350607J3_1295276500_483492700,2,TC,medium,9.555594738751692,1,hit,0.8568007946014404,0.6104565262794495,0.5383632183074951,0.6003229022026062,-0.061959683895111084,0.6031612753868103,0.5725676417350769,0.0305936336517334,0.7577411532402039,0.7221001982688904,0.03564095497131348
0100220000130901111350607J3_1295276500_483492700,3,LC,medium,1.5937433242797852,0,localization_error,0.41212666034698486,0.1182151660323143,0.46937984228134155,0.5394110083580017,-0.07003116607666016,0.46592220664024353,0.5558136701583862,-0.0898914635181427,0.5659497380256653,0.6366996169090271,-0.07074987888336182
0100220000130901142851455J3_1294965700_483488700,0,TC,medium,26.49886784622239,1,hit,0.9132053852081299,0.8107218146324158,0.48672571778297424,0.6547924876213074,-0.16806676983833313,0.6172598004341125,0.5234133005142212,0.09384649991989136,0.7577731013298035,0.7230159640312195,0.034757137298583984
0100220000130901142851455J3_1294965700_483488700,1,MC,small,5.333713134683663,1,hit,0.5889719724655151,0.5889719724655151,0.5707029700279236,0.5506066679954529,0.020096302032470703,0.5997248888015747,0.5794712901115417,0.02025359869003296,1.0151361227035522,0.7192399501800537,0.29589617252349854
0100220000130901142851455J3_1294965700_483488700,2,LC,medium,2.0926158262972883,0,hit,0.818825364112854,0.17682531476020813,0.5079145431518555,0.5320025682449341,-0.024088025093078613,0.5909430384635925,0.5007748007774353,0.09016823768615723,0.7294594049453735,0.6141623854637146,0.11529701948165894
0100220000130902123614896J3_1294819400_483486000,0,TC,large,15.175199244374388,1,hit,0.8776625990867615,0.7405054569244385,0.6253483295440674,0.6108128428459167,0.014535486698150635,0.5676607489585876,0.5026664137840271,0.06499433517456055,0.7424779534339905,0.6006850004196167,0.14179295301437378
0100220000130902123614896J3_1294819400_483486000,1,LC,medium,4.9999745687625055,0,hit,0.9737988114356995,0.7671805620193481,0.4056827127933502,0.4019853174686432,0.0036973953247070312,0.47794246673583984,0.44091564416885376,0.037026822566986084,0.6683954000473022,0.4886866509914398,0.17970874905586243
0100220000130902124106781J3_1294833200_483508000,0,LC,large,1.9733373155511573,0,hit,0.9694514274597168,0.9642549157142639,0.49182456731796265,0.5150546431541443,-0.02323007583618164,0.48562151193618774,0.5172465443611145,-0.03162503242492676,0.5990459322929382,0.5477698445320129,0.05127608776092529
0100220000130902124106781J3_1294833200_483508000,1,MC,small,3.533448218333042,0,hit,0.8523075580596924,0.7870461344718933,0.6040485501289368,0.5285086035728455,0.07553994655609131,0.771255373954773,0.5558484196662903,0.21540695428848267,0.7085068821907043,0.6265034079551697,0.08200347423553467
0100220000130902124127299J3_1294834400_483496600,0,LC,large,2.6125058698631785,0,hit,0.8970222473144531,0.46947288513183594,0.5779433250427246,0.4632713496685028,0.1146719753742218,0.4861249327659607,0.4808848798274994,0.005240052938461304,0.6211910247802734,0.5459829568862915,0.07520806789398193
0100220000130902124127299J3_1294834400_483496600,1,LC,medium,2.541597155819584,0,hit,0.551729142665863,0.11596717685461044,0.6140339970588684,0.4776647686958313,0.1363692283630371,0.5230173468589783,0.46175074577331543,0.06126660108566284,0.658156156539917,0.5623571276664734,0.0957990288734436
0100220000130902124127299J3_1294834400_483496600,2,MC,medium,3.0000327782876623,0,hit,0.9696056246757507,0.9139085412025452,0.5734614729881287,0.464796781539917,0.10866469144821167,0.8842580914497375,0.4874318540096283,0.39682623744010925,1.2669404745101929,0.6631943583488464,0.6037461161613464
0100220000130902124127299J3_1294834400_483496600,3,MC,small,4.499853773656879,0,hit,0.8778828382492065,0.8778828382492065,0.7273382544517517,0.6601263880729675,0.06721186637878418,0.7184637188911438,0.6177700161933899,0.1006937026977539,0.8015132546424866,0.6951308846473694,0.10638236999511719
0100220000130902124127299J3_1294834400_483496600,4,MC,small,4.750316644031069,0,hit,0.8452513813972473,0.8452513813972473,0.7094731330871582,0.5156925320625305,0.19378060102462769,0.8162141442298889,0.5378857254981995,0.27832841873168945,0.9614406228065491,0.7209674715995789,0.24047315120697021
0100220000130902124206864J3_1294848000_483487100,0,TC,large,9.732374194724164,1,hit,0.9291688203811646,0.8949601650238037,0.5196548104286194,0.6127511262893677,-0.09309631586074829,0.4819304049015045,0.497224897146225,-0.015294492244720459,0.6134029626846313,0.5957984328269958,0.017604529857635498
0100220000130902124206864J3_1294848000_483487100,1,TC,medium,16.782467127522654,1,hit,0.7110631465911865,0.5377064347267151,0.5676040649414062,0.6876071095466614,-0.12000304460525513,0.6274052858352661,0.5666359066963196,0.06076937913894653,0.705325186252594,0.6336603760719299,0.07166481018066406
0100220000130902124224992J3_1294849300_483476200,0,AC,large,1.500000445512288,0,hit,0.8687693476676941,0.7744951844215393,0.4942114055156708,0.6116186380386353,-0.11740723252296448,0.5026370882987976,0.5134900212287903,-0.010852932929992676,0.611702024936676,0.5291464924812317,0.08255553245544434
0100220000130902124224992J3_1294849300_483476200,1,MC,small,4.750276584543311,0,hit,0.8811674118041992,0.8435454368591309,0.5913314819335938,0.6440725326538086,-0.052741050720214844,0.6918322443962097,0.6453891396522522,0.04644310474395752,0.9199147820472717,0.7475482821464539,0.17236649990081787
0100220000130902124224992J3_1294849300_483476200,2,MC,small,4.875342392589824,0,hit,0.8590981960296631,0.8171651363372803,0.9811562299728394,0.6470078825950623,0.3341483473777771,0.7810739278793335,0.6172470450401306,0.16382688283920288,0.7727411985397339,0.6383146643638611,0.1344265341758728
0100220000130902130944582J3_1294923700_483471000,0,AC,large,4.059170853953758,0,hit,0.8200100660324097,0.4813055098056793,0.6151409149169922,0.6699762344360352,-0.05483531951904297,0.48521244525909424,0.560710072517395,-0.07549762725830078,0.5845096707344055,0.5625567436218262,0.021952927112579346
0100220000130902133831847J3_1294903400_483481600,0,LC,medium,15.93381946026889,1,hit,0.8921061754226685,0.5663135647773743,0.6025078296661377,0.5339707732200623,0.06853705644607544,0.5750271677970886,0.48754605650901794,0.08748111128807068,0.6168045401573181,0.608479917049408,0.008324623107910156
0100220000130902133831847J3_1294903400_483481600,1,MC,medium,3.0768725160860204,0,hit,0.9172714948654175,0.878411591053009,0.6434613466262817,0.5259051322937012,0.11755621433258057,0.749786376953125,0.49841949343681335,0.25136688351631165,1.3549602031707764,0.6448806524276733,0.710079550743103
0100220000130902133936778J3_1294859000_483479000,0,TC,large,9.906240463256836,1,hit,0.7700681686401367,0.7383789420127869,0.46908727288246155,0.5043083429336548,-0.03522107005119324,0.5339267253875732,0.5514695048332214,-0.017542779445648193,0.6849449276924133,0.6272515654563904,0.05769336223602295
0100220000130902133936778J3_1294859000_483479000,1,TC,large,9.595145574632884,1,hit,0.6978042721748352,0.40864449739456177,0.48981204628944397,0.5986313223838806,-0.10881927609443665,0.5730873346328735,0.5196370482444763,0.05345028638839722,0.9719061255455017,0.5810503363609314,0.3908557891845703
0100220000130902133936778J3_1294859000_483479000,2,TC,medium,14.273010764621018,1,hit,0.7502976655960083,0.2361839860677719,0.49524393677711487,0.5470737814903259,-0.05182984471321106,0.55582195520401,0.6446352601051331,-0.08881330490112305,0.8041735887527466,0.8980302810668945,-0.09385669231414795
0100220000130902133936778J3_1294859000_483479000,3,MC,medium,2.551764671216991,0,hit,0.9443010091781616,0.9059463739395142,0.585180401802063,0.5045887231826782,0.08059167861938477,0.835382342338562,0.5836226344108582,0.25175970792770386,1.3768320083618164,0.7762804627418518,0.6005515456199646
0100220000130902152214476J3_1294917100_483601100,0,LP,large,2.651846289201489,0,hit,0.9524033069610596,0.9457602500915527,0.38977327942848206,0.5160549283027649,-0.12628164887428284,0.4599824547767639,0.4969980716705322,-0.03701561689376831,0.5102343559265137,0.5839170813560486,-0.07368272542953491
0100220000130902152214476J3_1294917100_483601100,1,TP,large,4.910448037658399,0,hit,0.9245493412017822,0.7898612022399902,0.4188743829727173,0.6549002528190613,-0.236025869846344,0.4284307062625885,0.542451024055481,-0.11402031779289246,0.518657386302948,0.5647544860839844,-0.04609709978103638
0100220000130902152214476J3_1294917100_483601100,2,MC,medium,1.2199966461099758,0,hit,0.9775635600090027,0.9109887480735779,0.4608061611652374,0.5165247917175293,-0.05571863055229187,0.5715368986129761,0.45125624537467957,0.12028065323829651,1.0294467210769653,0.48957133293151855,0.5398753881454468
0100220000130902152214476J3_1294917100_483601100,3,LP,medium,1.9218719005584717,0,hit,0.9223171472549438,0.6758922338485718,0.3692415654659271,0.4999881684780121,-0.13074660301208496,0.6290261149406433,0.4617696702480316,0.1672564446926117,0.6237538456916809,0.4862631857395172,0.1374906599521637
01002200001309200917368155F_1295005800_483984000,0,TC,medium,6.699973754989604,1,hit,0.689332127571106,0.658619225025177,0.5954890847206116,0.5951990485191345,0.0002900362014770508,0.5470899939537048,0.5161424875259399,0.030947506427764893,0.7569456100463867,0.6119023561477661,0.1450432538986206
01002200001309200917368155F_1295005800_483984000,1,TC,large,7.025094186168938,1,hit,0.8402684330940247,0.6037511229515076,0.5680123567581177,0.5290751457214355,0.03893721103668213,0.6133655309677124,0.5349524617195129,0.07841306924819946,0.8430635929107666,0.6189293265342712,0.22413426637649536
01002200001309200917368155F_1295005800_483984000,2,MC,small,4.45468039063367,0,hit,0.941102147102356,0.941102147102356,0.6554681658744812,0.5834935307502747,0.07197463512420654,0.8219149708747864,0.54488605260849,0.2770289182662964,1.0857183933258057,0.7975966334342957,0.28812175989151
01002200001309200917368155F_1295005800_483984000,3,AC,medium,4.025626900498766,0,hit,0.759952187538147,0.48727279901504517,0.48747751116752625,0.5603271126747131,-0.07284960150718689,0.6207760572433472,0.5345566868782043,0.08621937036514282,0.7914994359016418,0.636380672454834,0.15511876344680786
01002200001309200918395485P_1295201600_483200000,0,TC,large,26.93124857934216,1,hit,0.6988770961761475,0.4530351459980011,0.49317461252212524,0.675686776638031,-0.18251216411590576,0.531230628490448,0.5474272966384888,-0.01619666814804077,0.7145934700965881,0.5692495703697205,0.14534389972686768
01002200001309200918395485P_1295201600_483200000,1,TC,medium,3.266649305626198,0,hit,0.8878641724586487,0.6064042448997498,0.55075603723526,0.4649181067943573,0.08583793044090271,0.5570028424263,0.5147091150283813,0.0422937273979187,0.8284808397293091,0.600693941116333,0.22778689861297607
01002200001309200953493775F_1295054600_484039800,0,TC,large,10.652169067158486,1,hit,0.7971364259719849,0.7731179594993591,0.5294918417930603,0.5744796395301819,-0.04498779773712158,0.6769186854362488,0.5140259861946106,0.16289269924163818,0.830382764339447,0.6239023208618164,0.20648044347763062
01002200001309200953493775F_1295054600_484039800,1,MC,medium,2.617658252162268,0,hit,0.971554696559906,0.934302806854248,0.5511599183082581,0.513405978679657,0.037753939628601074,0.9375117421150208,0.5996783375740051,0.3378334045410156,1.320517659187317,0.8778462409973145,0.44267141819000244
01002200001309200953493775F_1295054600_484039800,2,LC,medium,1.4117421082802473,0,hit,0.9039353728294373,0.7389187812805176,0.5271475911140442,0.6194705963134766,-0.09232300519943237,0.7496490478515625,0.4627951681613922,0.2868538796901703,0.8363780975341797,0.5876744389533997,0.24870365858078003
01002200001309200953493775F_1295054600_484039800,3,LC,medium,6.2309384353541875,1,hit,0.9261801838874817,0.8736083507537842,0.7168028950691223,0.495585173368454,0.22121772170066833,0.7545499801635742,0.4983161985874176,0.2562337815761566,0.8501477241516113,0.6169771552085876,0.23317056894302368
01002200001309200953493775F_1295054600_484039800,4,TC,medium,12.764383291148329,1,hit,0.8762447834014893,0.8762447834014893,0.5795179009437561,0.4870200753211975,0.0924978256225586,0.5726444125175476,0.4944760501384735,0.0781683623790741,0.7332760095596313,0.6345121264457703,0.09876388311386108
01002200001309200953493775F_1295054600_484039800,5,TC,medium,21.25151263132997,1,hit,0.5182557106018066,0.36558228731155396,0.4462601840496063,0.49051767587661743,-0.04425749182701111,0.5845896601676941,0.4272400438785553,0.1573496162891388,0.739959716796875,0.5642757415771484,0.17568397521972656
01002200001309201318419855A_1293017800_485035300,0,TP,medium,10.333211748840345,1,hit,0.860745370388031,0.8235114216804504,0.5538823008537292,0.5896064043045044,-0.035724103450775146,0.5606962442398071,0.46438169479370117,0.09631454944610596,0.9498051404953003,0.5845063328742981,0.3652988076210022
01002200001309201349262275Q_1294659500_484114200,0,TP,large,6.866635810161284,1,hit,0.8962670564651489,0.6083071827888489,0.48366791009902954,0.5612078309059143,-0.07753992080688477,0.5228079557418823,0.5431291460990906,-0.020321190357208252,0.6733055114746094,0.5768084526062012,0.0964970588684082
01002200001309201508327435F_1294562800_483565600,0,TC,large,11.984992748711894,1,hit,0.9038364887237549,0.8173762559890747,0.5199381709098816,0.6740495562553406,-0.15411138534545898,0.44931596517562866,0.5464081168174744,-0.0970921516418457,0.5815462470054626,0.5530400276184082,0.028506219387054443
01002200001309201508327435F_1294562800_483565600,1,MC,small,4.857078708507355,0,hit,0.7926014065742493,0.6960196495056152,0.6861967444419861,0.5532330870628357,0.1329636573791504,0.7345584034919739,0.6262021064758301,0.1083562970161438,1.1193550825119019,0.8976766467094421,0.22167843580245972
01002200001309211122399765L_1295241400_483065600,0,LC,large,3.6712415240420393,0,hit,0.8857627511024475,0.845528781414032,0.6455008387565613,0.5375778079032898,0.10792303085327148,0.5268083810806274,0.5897777676582336,-0.0629693865776062,0.6287105679512024,0.5515905022621155,0.07712006568908691
01002200001404291200171516Z_1294971200_484293100,0,TP,medium,12.999870665101085,1,hit,0.6880139112472534,0.5996372103691101,0.5237387418746948,0.4945228695869446,0.029215872287750244,0.6356071829795837,0.4833930432796478,0.1522141396999359,0.798047661781311,0.573546826839447,0.224500834941864
01002200001404291200171516Z_1294971200_484293100,1,TP,large,5.978776454760201,1,hit,0.8902362585067749,0.8902362585067749,0.5923393368721008,0.5901669859886169,0.0021723508834838867,0.5843530893325806,0.5456588268280029,0.03869426250457764,0.6090300679206848,0.5628487467765808,0.046181321144104004
01002200001404291200171516Z_1294971200_484293100,2,MC,medium,2.700014648616316,0,hit,0.8130505084991455,0.7906820774078369,0.6008337140083313,0.5504714846611023,0.050362229347229004,0.8620361685752869,0.5811006426811218,0.28093552589416504,1.472565770149231,0.6907181143760681,0.7818476557731628
01002200001404291200171516Z_1294971200_484293100,3,MC,small,4.399867863725694,0,hit,0.8382943868637085,0.7513101696968079,0.7441076636314392,0.5016855597496033,0.24242210388183594,1.3568605184555054,0.5968724489212036,0.7599880695343018,1.11830472946167,0.6947038769721985,0.42360085248947144
01002200001405021347262626Z_1295238700_483870500,0,TC,medium,11.703765660109502,1,hit,0.828965425491333,0.6784133315086365,0.4117867052555084,0.5549659132957458,-0.14317920804023743,0.48953914642333984,0.49169689416885376,-0.002157747745513916,0.6235549449920654,0.6346397399902344,-0.011084794998168945
01002200001405021347262626Z_1295238700_483870500,1,MC,small,3.529335631069704,0,hit,0.9013283848762512,0.8743847012519836,0.5788785815238953,0.4275430738925934,0.15133550763130188,0.9714773893356323,0.49113965034484863,0.4803377389907837,1.1812853813171387,0.7637138366699219,0.4175715446472168
01002200001405021347262626Z_1295238700_483870500,2,MC,small,3.3749861716696614,0,hit,0.8033282160758972,0.7711427807807922,0.6494729518890381,0.5468490719795227,0.10262387990951538,0.9202541708946228,0.5358496904373169,0.3844044804573059,0.8723335266113281,0.6370908617973328,0.23524266481399536
01002200001405091020099456Z_1295186900_483313600,0,TC,medium,14.478132339087399,1,hit,0.9031460285186768,0.8638293147087097,0.4665922522544861,0.5124141573905945,-0.0458219051361084,0.6109335422515869,0.5190614461898804,0.09187209606170654,0.7080385684967041,0.6210525631904602,0.0869860053062439
01002200001405091226059896Z_1295267800_483649200,0,LC,medium,1.71013583830496,0,hit,0.831476628780365,0.6447092890739441,0.43641963601112366,0.40601953864097595,0.030400097370147705,0.4628339409828186,0.4194675385951996,0.04336640238761902,0.52360999584198,0.4727202355861664,0.0508897602558136
01002200001405091230029746Z_1295249000_483682800,0,LC,large,1.370366467884061,0,hit,0.9227317571640015,0.8207665681838989,0.47185108065605164,0.6084458231925964,-0.1365947425365448,0.537706196308136,0.5281093716621399,0.009596824645996094,0.5910471081733704,0.5790662169456482,0.011980891227722168
01002200001405091230029746Z_1295249000_483682800,1,LC,medium,1.4528178822971223,0,hit,0.880197286605835,0.8652610778808594,0.5407474637031555,0.534506618976593,0.0062408447265625,0.5920576453208923,0.5007616877555847,0.09129595756530762,0.6484681367874146,0.5807987451553345,0.06766939163208008
01002200001405091230029746Z_1295249000_483682800,2,TC,large,8.852227668350443,1,hit,0.8888328671455383,0.8313612937927246,0.44072654843330383,0.6521486639976501,-0.2114221155643463,0.5365862250328064,0.5589545369148254,-0.022368311882019043,0.5643966794013977,0.6179365515708923,-0.05353987216949463
01002200001405091230029746Z_1295249000_483682800,3,TC,medium,22.841661794655995,1,hit,0.7602146863937378,0.6767393946647644,0.4985795021057129,0.5296263694763184,-0.03104686737060547,0.5959048271179199,0.5507025718688965,0.04520225524902344,0.5877783298492432,0.6735402941703796,-0.08576196432113647
01002200001405091230376676Z_1295238500_483682200,0,TC,large,8.717141146754573,1,hit,0.9533175826072693,0.905501663684845,0.45842257142066956,0.6467028856277466,-0.18828031420707703,0.5040038228034973,0.5413216948509216,-0.037317872047424316,0.6259653568267822,0.5683003664016724,0.05766499042510986
09002200001503151305378186P_1294982400_484057100,0,LC,medium,1.3098517450007134,0,hit,0.9139337539672852,0.8683934211730957,0.5597999095916748,0.6524447202682495,-0.09264481067657471,0.5984421968460083,0.5295814871788025,0.06886070966720581,0.6990617513656616,0.6210358738899231,0.07802587747573853
09002200001503151305378186P_1294982400_484057100,1,LC,large,1.0799978678411444,0,hit,0.9021949172019958,0.41490399837493896,0.6407403945922852,0.7123249173164368,-0.07158452272415161,0.5021596550941467,0.5372887849807739,-0.0351291298866272,0.607014000415802,0.580858051776886,0.026155948638916016
09002200001503151305378186P_1294982400_484057100,2,LC,large,1.2368402475809015,0,hit,0.8667506575584412,0.3827553391456604,0.5554172992706299,0.6826769113540649,-0.12725961208343506,0.46800243854522705,0.57195645570755,-0.103954017162323,0.6092754602432251,0.592751681804657,0.016523778438568115
09002200001503151305378186P_1294982400_484057100,3,TC,medium,17.1049447160635,1,hit,0.5467307567596436,0.35397449135780334,0.5587316751480103,0.5993161201477051,-0.040584444999694824,0.496734082698822,0.6174128651618958,-0.12067878246307373,0.8360613584518433,0.6613900065422058,0.17467135190963745
09002200001503151305378186P_1294982400_484057100,4,TC,medium,3.5999952697465196,0,localization_error,0.5159683227539062,0.4164069890975952,0.49741464853286743,0.5655998587608337,-0.06818521022796631,0.6181922554969788,0.5517655611038208,0.06642669439315796,0.7804919481277466,0.6426169276237488,0.1378750205039978
09002200001503151305378186P_1294982400_484057100,5,LC,medium,1.285692113991553,0,hit,0.6826733946800232,0.1255393922328949,0.5331961512565613,0.6349051594734192,-0.10170900821685791,0.49632370471954346,0.46979856491088867,0.026525139808654785,0.5368998646736145,0.5601462721824646,-0.023246407508850098
09002200001504060306140736P_1293931000_483851900,0,TP,large,3.971836143816021,0,hit,0.9427762031555176,0.919629693031311,0.5718305706977844,0.7124398350715637,-0.1406092643737793,0.5185473561286926,0.4892945885658264,0.02925276756286621,0.7058814764022827,0.5517615675926208,0.15411990880966187
09002200001504060328049306P_1293775600_482830700,0,LP,large,1.87127973492677,0,hit,0.8695988059043884,0.6811096668243408,0.6270198822021484,0.6329907178878784,-0.0059708356857299805,0.6016451716423035,0.5449638366699219,0.05668133497238159,0.6457726359367371,0.5891917943954468,0.05658084154129028
09002200001504060328049306P_1293775600_482830700,1,LP,medium,2.4999786378256967,0,hit,0.9125909209251404,0.9046272039413452,0.6048582196235657,0.5906330943107605,0.014225125312805176,0.6462138891220093,0.4765165448188782,0.1696973443031311,0.9351494908332825,0.5544018745422363,0.38074761629104614
09002200001504130345205677E_1295788800_483312600,0,LC,large,1.3097812493987726,0,localization_error,0.8950044512748718,0.197600856423378,0.7716479897499084,0.6659102439880371,0.10573774576187134,0.6638479828834534,0.6056751012802124,0.05817288160324097,0.6562862396240234,0.6355194449424744,0.020766794681549072
09002200001504130345205677E_1295788800_483312600,1,AC,large,1.112195992275615,0,hit,0.8744091987609863,0.6995130181312561,0.5571410059928894,0.6206707954406738,-0.06352978944778442,0.5331466794013977,0.5668172240257263,-0.03367054462432861,0.7022965550422668,0.559351921081543,0.14294463396072388
09002200001504130345205677E_1295788800_483312600,2,MC,small,3.1819193208300964,0,hit,0.9374321699142456,0.9104335308074951,0.6103012561798096,0.611723780632019,-0.0014225244522094727,0.7399704456329346,0.536183774471283,0.2037866711616516,0.9950315952301025,0.8572602272033691,0.1377713680267334
09002200001504130345205677E_1295788800_483312600,3,LC,large,3.2343692779541016,0,hit,0.8567777276039124,0.8144477009773254,0.5298150181770325,0.5441409349441528,-0.014325916767120361,0.6283596158027649,0.5856077075004578,0.04275190830230713,0.7632708549499512,0.5772148966789246,0.1860559582710266
09002200001504160308367446P_1294457000_482831600,0,LP,large,3.740277528968057,0,hit,0.9303452372550964,0.907870352268219,0.588029146194458,0.4794138967990875,0.10861524939537048,0.5841568112373352,0.48330575227737427,0.10085105895996094,0.6014759540557861,0.5209635496139526,0.0805124044418335
09002200001504160331482026P_1295433200_483719300,0,TC,large,4.050491885750079,0,hit,0.9059023857116699,0.7256321907043457,0.5137138366699219,0.5540364384651184,-0.04032260179519653,0.42837730050086975,0.4816008508205414,-0.05322355031967163,0.5693351030349731,0.531674861907959,0.03766024112701416
09002200001504160331482026P_1295433200_483719300,1,MC,medium,2.0535623006154693,0,hit,0.9027999043464661,0.8572137355804443,0.6435173153877258,0.5851699113845825,0.05834740400314331,0.6738520264625549,0.5115086436271667,0.16234338283538818,1.1941953897476196,0.5822976231575012,0.6118977665901184
09002200001504160331482026P_1295433200_483719300,2,TC,medium,3.5833745888576174,0,hit,0.8858020901679993,0.7594267725944519,0.5045348405838013,0.5696207284927368,-0.06508588790893555,0.5465505719184875,0.5620439052581787,-0.015493333339691162,0.6234102249145508,0.6165811419487,0.00682908296585083
0900220000150504021829578T5_1295832900_482342000,0,LC,large,2.6153838479319287,0,hit,0.9443061947822571,0.8769128322601318,0.5044183731079102,0.5839921832084656,-0.07957381010055542,0.46168798208236694,0.5436481833457947,-0.08196020126342773,0.5574681162834167,0.5294889807701111,0.027979135513305664
0900220000150504021829578T5_1295832900_482342000,1,LC,large,3.948073875114293,0,hit,0.9392200708389282,0.9392200708389282,0.5785799026489258,0.5420306324958801,0.036549270153045654,0.6042243242263794,0.5084743499755859,0.09574997425079346,0.6953449249267578,0.5479830503463745,0.1473618745803833
0900220000150504021829578T5_1295832900_482342000,2,TC,medium,10.399630748573347,1,hit,0.7769962549209595,0.5126775503158569,0.5199392437934875,0.608834445476532,-0.08889520168304443,0.5759121179580688,0.5112485289573669,0.0646635890007019,0.9310587048530579,0.6103202700614929,0.32073843479156494
0900220000150504021829578T5_1295832900_482342000,3,TC,small,10.125756315664985,1,hit,0.678633987903595,0.47532719373703003,0.5464064478874207,0.5654993057250977,-0.019092857837677002,0.5509651303291321,0.5017291307449341,0.049235999584198,0.9065515995025635,0.5955143570899963,0.31103724241256714
0900220000150504021829578T5_1295832900_482342000,4,MC,small,5.599843755721836,1,localization_error,0.44638532400131226,0.4176620841026306,0.6322541236877441,0.7056623697280884,-0.07340824604034424,0.6160563230514526,0.5533014535903931,0.06275486946105957,0.6251290440559387,0.5286896824836731,0.09643936157226562
0900220000150516023747369A6_1293879900_483249200,0,LC,medium,1.491235020939364,0,hit,0.8470863103866577,0.8470863103866577,0.5818557739257812,0.6147551536560059,-0.03289937973022461,0.7009059190750122,0.52292400598526,0.1779819130897522,0.7795010805130005,0.60716313123703,0.17233794927597046
0900220000150516023747369A6_1293879900_483249200,1,LC,large,1.3079712188087478,0,hit,0.8541860580444336,0.6651055812835693,0.6643397212028503,0.6748452186584473,-0.010505497455596924,0.592685341835022,0.5235469341278076,0.06913840770721436,0.6079446077346802,0.5929124355316162,0.015032172203063965
0900220000150516023747369A6_1293879900_483249200,2,AC,medium,1.6428504477325636,0,localization_error,0.4237394630908966,0.2542961835861206,0.5630785822868347,0.5673568844795227,-0.004278302192687988,0.742692768573761,0.6268950700759888,0.11579769849777222,0.9480934143066406,0.8025385141372681,0.14555490016937256
0900220000150516023747369A6_1293879900_483249200,3,TC,small,14.999237097797959,1,hit,0.7304049134254456,0.7304049134254456,0.514953076839447,0.613041341304779,-0.09808826446533203,0.7449143528938293,0.6757998466491699,0.06911450624465942,0.9425398707389832,0.8957489132881165,0.0467909574508667
0900220000150516040411435A6_1293945800_483229100,0,AC,large,1.5291986460884586,0,hit,0.9728538990020752,0.9501717686653137,0.4635254442691803,0.6091335415840149,-0.1456080973148346,0.5172773003578186,0.5401059985160828,-0.02282869815826416,0.5839894413948059,0.6015383005142212,-0.017548859119415283
0900220000150516040411435A6_1293945800_483229100,1,TC,medium,11.454810786816113,1,hit,0.8916220664978027,0.7196144461631775,0.4646507799625397,0.5280737280845642,-0.06342294812202454,0.4217924475669861,0.44643449783325195,-0.02464205026626587,0.8431347012519836,0.6368148922920227,0.20631980895996094
0900220000150516062822171A6_1293914400_483091900,0,LC,large,3.285728236692293,0,hit,0.8924127221107483,0.6055604815483093,0.4777071177959442,0.5785211324691772,-0.10081401467323303,0.5391194224357605,0.5093127489089966,0.029806673526763916,0.5638584494590759,0.5856272578239441,-0.021768808364868164
0900220000150516062822171A6_1293914400_483091900,1,MC,medium,2.399972098457568,0,hit,0.9365012049674988,0.9112599492073059,0.5758799314498901,0.4541662335395813,0.12171369791030884,0.7466678023338318,0.4953642785549164,0.2513035237789154,1.4007844924926758,0.5773343443870544,0.8234501481056213
0900220000150516062822171A6_1293914400_483091900,2,TC,medium,9.740859882042576,1,hit,0.9085258841514587,0.8539460301399231,0.45024994015693665,0.5076990723609924,-0.057449132204055786,0.49674680829048157,0.47848233580589294,0.018264472484588623,0.6256448030471802,0.5572868585586548,0.06835794448852539
0900220000150516062822171A6_1293914400_483091900,3,MC,small,4.57138871208224,0,localization_error,0.5261122584342957,0.33833250403404236,0.5178061127662659,0.4984286427497864,0.019377470016479492,0.6374813914299011,0.5585631728172302,0.0789182186126709,0.6887428164482117,0.623652458190918,0.0650903582572937
0900220000150516062910553A6_1293908600_483096900,0,LC,large,1.8500045166125894,0,hit,0.9102840423583984,0.8845043778419495,0.5179005861282349,0.5327316522598267,-0.014831066131591797,0.5300219655036926,0.48931893706321716,0.040703028440475464,0.6080737709999084,0.5778013467788696,0.03027242422103882
0900220000150516062910553A6_1293908600_483096900,1,MC,medium,3.1500205996795607,0,hit,0.9365770816802979,0.9168301820755005,0.5073091983795166,0.49835944175720215,0.008949756622314453,0.7810889482498169,0.4996640384197235,0.2814249098300934,1.2717159986495972,0.7272018790245056,0.5445141196250916
0900220000150516062910553A6_1293908600_483096900,2,LC,large,3.1406240463256836,0,localization_error,0.8054622411727905,0.1769370138645172,0.5280885696411133,0.5220484733581543,0.006040096282958984,0.5383859276771545,0.5350283980369568,0.003357529640197754,0.6758987903594971,0.5641752481460571,0.11172354221343994
0900220000150517030540482A6_1294173800_482953500,0,TC,medium,24.401001017293996,1,hit,0.7056342959403992,0.15977714955806732,0.48301735520362854,0.5165408253669739,-0.03352347016334534,0.48064619302749634,0.517434298992157,-0.036788105964660645,0.5783592462539673,0.5938741564750671,-0.015514910221099854
0900220000150517030540482A6_1294173800_482953500,1,LC,medium,1.1090811132331546,0,hit,0.8372086882591248,0.7594486474990845,0.538530170917511,0.5043194890022278,0.0342106819152832,0.6126095652580261,0.4808408319950104,0.13176873326301575,0.7468186616897583,0.5866126418113708,0.16020601987838745
0900220000150517030540482A6_1294173800_482953500,2,TC,medium,28.63698812562424,1,hit,0.8549708724021912,0.5437755584716797,0.48304516077041626,0.5758388638496399,-0.09279370307922363,0.5214134454727173,0.5941271185874939,-0.07271367311477661,0.7061161398887634,0.6724690794944763,0.03364706039428711
0900220000150517030540482A6_1294173800_482953500,3,LC,medium,1.7719301627073998,0,hit,0.9290915131568909,0.8703750967979431,0.5367240905761719,0.6041120886802673,-0.06738799810409546,0.6031668186187744,0.5535687804222107,0.04959803819656372,0.7448602914810181,0.5766581892967224,0.16820210218429565
0900220000150517030540482A6_1294173800_482953500,4,TC,medium,4.384537466753993,0,hit,0.743146538734436,0.7424798011779785,0.5570970773696899,0.5889803767204285,-0.031883299350738525,0.6252373456954956,0.5361672639846802,0.08907008171081543,0.776061475276947,0.6039813160896301,0.1720801591873169
09002200001505180230456392M_1295271000_484100200,0,LC,large,1.771080368179816,0,hit,0.8951262831687927,0.2983071804046631,0.5688294768333435,0.5658092498779297,0.0030202269554138184,0.5716424584388733,0.549456775188446,0.022185683250427246,0.7265840172767639,0.6043122410774231,0.12227177619934082
09002200001505180230456392M_1295271000_484100200,1,MC,small,3.31252217301244,0,hit,0.9184329509735107,0.7864969968795776,0.5740031003952026,0.4812264144420624,0.09277668595314026,1.1879655122756958,0.5707095861434937,0.6172559261322021,1.391343355178833,0.7398703694343567,0.6514729857444763
09002200001505180230456392M_1295271000_484100200,2,MC,small,3.6666098712184403,0,hit,0.652215301990509,0.6389819383621216,0.6271913647651672,0.5329205989837646,0.09427076578140259,0.6913476586341858,0.5942674875259399,0.09708017110824585,0.6551859378814697,0.6394924521446228,0.015693485736846924
09002200001505180230456392M_1295271000_484100200,3,MC,small,4.545544334702031,0,hit,0.8453904986381531,0.8453904986381531,0.5313558578491211,0.5326319336891174,-0.0012760758399963379,1.0149427652359009,0.5738126635551453,0.4411301016807556,1.2381011247634888,0.748633861541748,0.4894672632217407
09002200001505180230456392M_1295271000_484100200,4,MC,small,3.818305404505604,0,hit,0.6499001383781433,0.6483643651008606,0.620316207408905,0.5595632791519165,0.060752928256988525,0.6350637078285217,0.499888151884079,0.13517555594444275,0.7228168845176697,0.5904482007026672,0.13236868381500244
0900220000150519065622796A6_1294368400_482652000,0,TC,large,17.064836235836147,1,hit,0.8165283799171448,0.6650524735450745,0.47377312183380127,0.6316901445388794,-0.15791702270507812,0.5505049228668213,0.5432934761047363,0.007211446762084961,0.6837249398231506,0.6597936749458313,0.023931264877319336
0900220000150519065622796A6_1294368400_482652000,1,LC,large,1.3702146414997114,0,hit,0.6349098086357117,0.46795007586479187,0.5688797235488892,0.6785230040550232,-0.10964328050613403,0.46607473492622375,0.5423267483711243,-0.07625201344490051,0.5838982462882996,0.5930277109146118,-0.009129464626312256
0900220000150519065622796A6_1294368400_482652000,2,LC,large,2.976757216728246,0,hit,0.9145826101303101,0.7734187841415405,0.5447207689285278,0.6270564198493958,-0.08233565092086792,0.5946721434593201,0.5357396006584167,0.05893254280090332,0.6820327639579773,0.5934567451477051,0.08857601881027222
0900220000150519065622796A6_1294368400_482652000,3,TC,medium,3.9999260192239046,0,hit,0.8087034821510315,0.7141343951225281,0.5596505403518677,0.5702937245368958,-0.010643184185028076,0.4795699715614319,0.4515545070171356,0.028015464544296265,0.6284714937210083,0.5787932276725769,0.049678266048431396
0900220000150520072833699A6_1294847900_482445900,0,LC,large,1.1908382293331345,0,hit,0.9135231375694275,0.8237878680229187,0.6433128118515015,0.6506252884864807,-0.007312476634979248,0.48406320810317993,0.5608946681022644,-0.07683145999908447,0.6379424333572388,0.6161136031150818,0.021828830242156982
0900220000150520072833699A6_1294847900_482445900,1,LC,large,3.0540372906463262,0,hit,0.9657024145126343,0.9572349786758423,0.5780466794967651,0.6173652410507202,-0.03931856155395508,0.6751636266708374,0.5767490267753601,0.0984145998954773,0.6388405561447144,0.6395596861839294,-0.0007191300392150879
09002200011601071016280047H_1294661900_484115700,0,TP,large,9.199916617291208,1,hit,0.9682888984680176,0.8609654307365417,0.6849297285079956,0.8196238875389099,-0.1346941590309143,0.5692351460456848,0.6312597393989563,-0.062024593353271484,0.5782694220542908,0.6259120106697083,-0.04764258861541748
09002200011601071054157417H_1293840700_483252100,0,AC,large,5.040311632774207,1,hit,0.6554387807846069,0.6218194365501404,0.7176554799079895,0.6891902089118958,0.02846527099609375,0.4962320923805237,0.6120738387107849,-0.11584174633026123,0.6535738110542297,0.5825724601745605,0.07100135087966919
09002200011601071054157417H_1293840700_483252100,1,LP,medium,4.8928144809005225,0,hit,0.838792085647583,0.24872136116027832,0.6943778991699219,0.7347638607025146,-0.04038596153259277,0.6718023419380188,0.5899304151535034,0.08187192678451538,0.7317894697189331,0.6199156045913696,0.11187386512756348
09002200011601071054157417H_1293840700_483252100,2,TP,medium,6.722245016293051,1,classification_error,0.5471029281616211,0.35996556282043457,0.5892155766487122,0.6302661299705505,-0.04105055332183838,0.5603023171424866,0.6048216819763184,-0.04451936483383179,0.80097496509552,0.6293771862983704,0.17159777879714966
09002200011601071307065217H_1294633200_483638600,0,LP,medium,1.3792998578837679,0,hit,0.9083832502365112,0.8478379845619202,0.53485506772995,0.6935360431671143,-0.1586809754371643,0.7165889739990234,0.5890216827392578,0.12756729125976562,0.8490690588951111,0.7043567895889282,0.14471226930618286
09002200011601071307065217H_1294633200_483638600,1,LP,medium,1.440684506229226,0,hit,0.8275986909866333,0.20121024549007416,0.64462810754776,0.6359678506851196,0.00866025686264038,0.5515125393867493,0.49290862679481506,0.058603912591934204,0.915913462638855,0.580356776714325,0.33555668592453003
09002200011601071307065217H_1294633200_483638600,2,TP,medium,1.4444446916945988,0,hit,0.872593104839325,0.8202014565467834,0.6711447834968567,0.6635116934776306,0.007633090019226074,0.770538866519928,0.586240291595459,0.184298574924469,1.2369694709777832,0.6329377889633179,0.6040316820144653
09002200011601071307065217H_1294633200_483638600,3,TP,medium,36.63720730218622,1,hit,0.6005604267120361,0.2553420662879944,0.5539896488189697,0.5497717261314392,0.004217922687530518,0.5628795623779297,0.5270653963088989,0.03581416606903076,0.6318634748458862,0.7383800148963928,-0.10651654005050659
09002200011601091003273818E_1295362700_484101300,0,P,medium,2.461503791168807,0,hit,0.8868165612220764,0.8537214994430542,0.5442426800727844,0.5198609232902527,0.02438175678253174,0.7150371670722961,0.4534410536289215,0.26159611344337463,1.178322434425354,0.6324834227561951,0.5458390116691589
09002200011601091205150898E_1295048100_483701700,0,LP,large,2.568433976604768,0,hit,0.7192125916481018,0.6915619969367981,0.5499893426895142,0.5906009078025818,-0.04061156511306763,0.5322863459587097,0.5318717360496521,0.0004146099090576172,0.7785744071006775,0.5560694336891174,0.22250497341156006
09002200011601091205150898E_1295048100_483701700,1,LP,small,2.0454776232448584,0,localization_error,0.867133617401123,0.36022838950157166,0.9526792168617249,0.6547707915306091,0.2979084253311157,0.8994263410568237,0.5768947601318359,0.3225315809249878,1.1056387424468994,0.9019665122032166,0.20367223024368286
09002200011601091205150898E_1295048100_483701700,2,TP,medium,7.652133300073772,1,hit,0.8787233233451843,0.22555813193321228,0.476844847202301,0.5889418721199036,-0.11209702491760254,0.5628947615623474,0.5117588043212891,0.05113595724105835,0.7409421801567078,0.6058970093727112,0.13504517078399658
09002200011601091209566738E_1294754800_483696000,0,LP,large,2.315382033128005,0,hit,0.9467418193817139,0.9406039714813232,0.6752320528030396,0.8388829231262207,-0.16365087032318115,0.5876148343086243,0.6890679597854614,-0.10145312547683716,0.6664383411407471,0.6220806837081909,0.04435765743255615
09002200011601091209566738E_1294754800_483696000,1,TP,small,14.167422862897894,1,classification_error,0.5383595824241638,0.19386768341064453,0.6273194551467896,0.7600395083427429,-0.13272005319595337,0.5504549145698547,0.711306095123291,-0.16085118055343628,0.6265140175819397,0.6532779335975647,-0.026763916015625
09002200011601091220588558E_1294810400_483694000,0,LP,small,1.5000076294850775,0,hit,0.6777677536010742,0.6777677536010742,0.9295304417610168,0.6305359601974487,0.2989944815635681,1.292143702507019,0.7116008996963501,0.580542802810669,1.1809974908828735,1.0612748861312866,0.11972260475158691
09002200011601091220588558E_1294810400_483694000,1,LP,large,3.787865392701209,0,hit,0.9409090280532837,0.8648613095283508,0.6324612498283386,0.7241725921630859,-0.09171134233474731,0.5894697308540344,0.5261936187744141,0.06327611207962036,0.5916731953620911,0.6624566912651062,-0.07078349590301514
09002200011601091220588558E_1294810400_483694000,2,LP,large,2.625003655753096,0,hit,0.8270015120506287,0.4461352825164795,0.5043728947639465,0.7140472531318665,-0.20967435836791992,0.5347477793693542,0.5359365344047546,-0.0011887550354003906,0.5769136548042297,0.669185996055603,-0.09227234125137329
09002200011601091220588558E_1294810400_483694000,3,TP,large,13.844729810929211,1,hit,0.966273844242096,0.9075313210487366,0.5122421383857727,0.6991836428642273,-0.1869415044784546,0.474971204996109,0.5272836685180664,-0.0523124635219574,0.5282211303710938,0.5048390030860901,0.023382127285003662
09002200011601100837057868E_1294665600_484120300,0,LP,large,1.452390259923328,0,hit,0.8757749795913696,0.8602151274681091,0.5145082473754883,0.4853779375553131,0.02913030982017517,0.6488362550735474,0.4535094201564789,0.19532683491706848,0.8584867119789124,0.5113765597343445,0.34711015224456787
09002200011601100837057868E_1294665600_484120300,1,LP,small,1.799933473912924,0,hit,0.5289787650108337,0.5289787650108337,0.7902504801750183,0.8580322265625,-0.06778174638748169,1.0209592580795288,0.7426950335502625,0.27826422452926636,0.987186849117279,0.8179775476455688,0.1692093014717102
09002200011601100846218348E_1294971300_484180900,0,LP,medium,6.486454386344029,1,hit,0.7149855494499207,0.17340174317359924,0.6698505878448486,0.5757266879081726,0.09412389993667603,0.7162134647369385,0.5419189929962158,0.17429447174072266,0.8994846343994141,0.6131345629692078,0.2863500714302063
09002200011601100846218348E_1294971300_484180900,1,TP,small,22.399173614247527,1,hit,0.8614891767501831,0.6346956491470337,0.6850278973579407,0.821506917476654,-0.13647902011871338,0.8806551098823547,0.6628231406211853,0.21783196926116943,0.7488310933113098,0.8516492247581482,-0.10281813144683838
09002200011601101158264457H_1293853700_483750500,0,TP,medium,26.455163133947398,1,hit,0.908208429813385,0.9049187302589417,0.5498741269111633,0.6226946115493774,-0.07282048463821411,0.5554018616676331,0.6806610226631165,-0.1252591609954834,0.8182600140571594,0.8298555612564087,-0.011595547199249268
09002200011601101158264457H_1293853700_483750500,1,LP,medium,1.785698248520452,0,localization_error,0.6102498769760132,0.30194011330604553,0.46554797887802124,0.4759480059146881,-0.01040002703666687,0.5422744154930115,0.44150397181510925,0.10077044367790222,0.9421181082725525,0.6898956894874573,0.2522224187850952
09002200011601101158264457H_1293853700_483750500,2,LP,small,1.2499764765719372,0,hit,0.7501543760299683,0.5955109000205994,0.672739565372467,0.5004135966300964,0.1723259687423706,0.7558193206787109,0.4783652424812317,0.27745407819747925,1.5390019416809082,0.9205479621887207,0.6184539794921875
09002200011601101348349272L_1295050900_483431000,0,LP,large,2.950009613066446,0,hit,0.9620001316070557,0.9429795145988464,0.5213591456413269,0.6713736057281494,-0.1500144600868225,0.5552366375923157,0.5044435858726501,0.05079305171966553,0.7542720437049866,0.5682862401008606,0.18598580360412598
09002200011601101348349272L_1295050900_483431000,1,LP,large,1.327042364140209,0,hit,0.9869542121887207,0.9777588248252869,0.5508388876914978,0.693591296672821,-0.14275240898132324,0.5061739087104797,0.5509650111198425,-0.04479110240936279,0.5654101967811584,0.546327531337738,0.01908266544342041
09002200011601101348349272L_1295050900_483431000,2,LP,medium,1.3871107470820798,0,hit,0.8258318901062012,0.7257012128829956,0.5186009407043457,0.5965774655342102,-0.0779765248298645,0.7135680317878723,0.583012044429779,0.13055598735809326,1.0140575170516968,0.6647969484329224,0.3492605686187744
09002200011601101348349272L_1295050900_483431000,3,AC,large,4.24001624354246,0,localization_error,0.9356099963188171,0.10498250275850296,0.47644519805908203,0.5815290212631226,-0.10508382320404053,0.4311772882938385,0.49908801913261414,-0.06791073083877563,0.5743604898452759,0.5532521605491638,0.02110832929611206
09002200011601101348517072L_1295073100_483431900,0,LP,large,1.3644056859908353,0,hit,0.8805150389671326,0.8259456157684326,0.637762725353241,0.7000584602355957,-0.062295734882354736,0.4413015842437744,0.5459351539611816,-0.10463356971740723,0.5592300295829773,0.5643820762634277,-0.0051520466804504395
09002200011601101350137482L_1295175700_483434000,0,TP,medium,14.57125481009568,1,hit,0.9606906175613403,0.8681595325469971,0.5020947456359863,0.7064436078071594,-0.2043488621711731,0.5758479833602905,0.6555663347244263,-0.07971835136413574,0.9055983424186707,0.7784010171890259,0.12719732522964478
09002200011601101355105462L_1295530100_483444600,0,LP,medium,1.9666484918274258,0,hit,0.8333565592765808,0.35684219002723694,0.6959429383277893,0.5193482637405396,0.17659467458724976,0.7633534073829651,0.5712580680847168,0.1920953392982483,0.8457829356193542,0.694953203201294,0.1508297324180603
09002200011601101355105462L_1295530100_483444600,1,TC,large,3.6789950659778525,0,hit,0.9699044227600098,0.9178187847137451,0.41015779972076416,0.6798713803291321,-0.2697135806083679,0.5279669761657715,0.48911553621292114,0.03885143995285034,0.6221757531166077,0.563694179058075,0.058481574058532715
09002200011601101355105462L_1295530100_483444600,2,LP,large,1.51514314549565,0,hit,0.8452721238136292,0.5583897233009338,0.5799853205680847,0.5382906794548035,0.04169464111328125,0.5652422308921814,0.5166459083557129,0.048596322536468506,0.7494320273399353,0.6448954939842224,0.10453653335571289
09002200011601101355105462L_1295530100_483444600,3,LP,medium,1.5600075439729393,0,hit,0.9384710788726807,0.8764529824256897,0.629539430141449,0.537158727645874,0.09238070249557495,0.6529437899589539,0.4334579408168793,0.21948584914207458,0.9742624759674072,0.5287214517593384,0.44554102420806885
09002200011601101355105462L_1295530100_483444600,4,LC,medium,1.2031183242797852,0,hit,0.9553738832473755,0.11856431514024734,0.5065115094184875,0.5221871733665466,-0.015675663948059082,0.6248733997344971,0.5021531581878662,0.12272024154663086,0.8580968976020813,0.6756442189216614,0.18245267868041992
09002200011601101356197142L_1295631300_483450200,0,TP,medium,5.166648864746094,1,localization_error,0.6921606659889221,0.4810200333595276,0.5057967305183411,0.5546199083328247,-0.04882317781448364,0.6360223889350891,0.5131574869155884,0.12286490201950073,0.821370005607605,0.6950635313987732,0.1263064742088318
09002200011601101356197142L_1295631300_483450200,1,LP,large,1.214787427029218,0,hit,0.9507666230201721,0.9507666230201721,0.5599267482757568,0.6903554201126099,-0.13042867183685303,0.5831717252731323,0.5566224455833435,0.02654927968978882,0.617244303226471,0.5956605672836304,0.021583735942840576
09002200011601101356197142L_1295631300_483450200,2,LP,small,1.363666503440919,0,hit,0.889748752117157,0.8292173147201538,1.0089203119277954,0.6957035064697266,0.31321680545806885,0.9262606501579285,0.6372076869010925,0.28905296325683594,0.83389812707901,0.7306997179985046,0.10319840908050537
09002200011601101356197142L_1295631300_483450200,3,TC,medium,27.12686265383823,1,localization_error,0.5104478001594543,0.49262139201164246,0.6905920505523682,0.6309170126914978,0.05967503786087036,0.659339189529419,0.6501458287239075,0.009193360805511475,0.6907434463500977,0.702634334564209,-0.011890888214111328
09002200011601101357076032L_1295691400_483453100,0,TP,large,8.838258195562553,1,hit,0.7971413731575012,0.7772952914237976,0.5445632934570312,0.555489718914032,-0.010926425457000732,0.47636133432388306,0.4464682638645172,0.029893070459365845,0.6366100907325745,0.518398642539978,0.11821144819259644
09002200011601101357076032L_1295691400_483453100,1,LC,large,1.1691185165887232,0,localization_error,0.5237270593643188,0.17542430758476257,0.6146280765533447,0.5599639415740967,0.05466413497924805,0.46416154503822327,0.5084700584411621,-0.04430851340293884,0.6618409156799316,0.5780639052391052,0.08377701044082642
09002200011601101357076032L_1295691400_483453100,2,LC,medium,1.10870361328125,0,hit,0.8133662939071655,0.17609193921089172,0.506210446357727,0.46114227175712585,0.045068174600601196,0.5221976041793823,0.4237235486507416,0.09847405552864075,0.6552603840827942,0.5422124266624451,0.11304795742034912
09002200011601101357335272L_1295721800_483454600,0,TP,medium,25.285599689593987,1,hit,0.9053311347961426,0.808473527431488,0.5648770332336426,0.7028060555458069,-0.1379290223121643,0.6359943151473999,0.6078917384147644,0.028102576732635498,0.7383225560188293,0.6642318964004517,0.07409065961837769
09002200011601101357335272L_1295721800_483454600,1,LP,medium,2.7273278363786684,0,hit,0.8488956689834595,0.5430219769477844,0.682982325553894,0.6565523147583008,0.02643001079559326,0.7834457755088806,0.5859230160713196,0.19752275943756104,1.008599877357483,0.7925736308097839,0.21602624654769897
09002200011601101357335272L_1295721800_483454600,2,TP,large,8.796880722045898,1,hit,0.8989628553390503,0.8022674322128296,0.48433175683021545,0.7379392981529236,-0.25360754132270813,0.5167428851127625,0.5845784544944763,-0.06783556938171387,0.5495585203170776,0.6670392155647278,-0.11748069524765015
09002200011601101357335272L_1295721800_483454600,3,LP,medium,1.385957830015837,0,hit,0.5881599187850952,0.524738073348999,0.6818605065345764,0.5617548823356628,0.12010562419891357,0.6072624921798706,0.4575269818305969,0.14973551034927368,0.7159611582756042,0.5946700572967529,0.12129110097885132
09002200011601101357335272L_1295721800_483454600,4,LC,small,1.0000011302896141,0,localization_error,0.3811119496822357,0.1547725945711136,0.6723816990852356,0.6079029440879822,0.06447875499725342,0.8112324476242065,0.5605596303939819,0.2506728172302246,0.8972176313400269,0.6957765221595764,0.20144110918045044
09002200011601101410310642L_1295661900_483453600,0,LP,medium,1.1904597208396608,0,hit,0.8436426520347595,0.8248879313468933,0.6142290234565735,0.7514951825141907,-0.1372661590576172,0.6450804471969604,0.6240372657775879,0.02104318141937256,0.904374897480011,0.6782094836235046,0.22616541385650635
09002200011601101410310642L_1295661900_483453600,1,TP,medium,14.052305952721303,1,hit,0.8648303151130676,0.621116042137146,0.4420951306819916,0.5125479698181152,-0.07045283913612366,0.5183823704719543,0.45990046858787537,0.05848190188407898,0.82809978723526,0.5622454881668091,0.2658542990684509
09002200011601101410310642L_1295661900_483453600,2,LC,large,2.666663275830402,0,hit,0.9552757143974304,0.9175838828086853,0.5935864448547363,0.5880634784698486,0.005522966384887695,0.6685273051261902,0.5586205720901489,0.10990673303604126,0.6878629922866821,0.6084086894989014,0.07945430278778076
09002200011601101412330032L_1295547700_483447600,0,LP,medium,11.714221565370547,1,hit,0.8077408075332642,0.7879496216773987,0.63040691614151,0.5364728569984436,0.0939340591430664,0.6270690560340881,0.5386139154434204,0.08845514059066772,1.1395814418792725,0.7112838625907898,0.42829757928848267
09002200011601101412330032L_1295547700_483447600,1,LP,medium,3.095220864449957,0,hit,0.7941163182258606,0.7238990068435669,0.6385818123817444,0.47749996185302734,0.16108185052871704,0.7414436936378479,0.5102230310440063,0.23122066259384155,1.0921779870986938,0.7035889029502869,0.388589084148407
09002200011601101412330032L_1295547700_483447600,2,TC,large,10.138967208584328,1,localization_error,0.5234190821647644,0.1119479313492775,0.5586145520210266,0.5150527358055115,0.04356181621551514,0.5465665459632874,0.4579051434993744,0.08866140246391296,0.7094905972480774,0.5501258373260498,0.1593647599220276
09002200011601101412330032L_1295547700_483447600,3,LP,small,1.8570743488913497,0,localization_error,0.4468560814857483,0.4468560814857483,0.6838586330413818,0.6248512268066406,0.05900740623474121,0.9923377633094788,0.6307429671287537,0.3615947961807251,0.8893634080886841,0.8311359286308289,0.058227479457855225
09002200011601101412330032L_1295547700_483447600,4,TP,small,4.50019074359483,0,complete_miss,0.09679512679576874,0.0,0.553756058216095,0.47068721055984497,0.08306884765625,0.6433750987052917,0.6128564476966858,0.030518651008605957,1.0718541145324707,1.0307594537734985,0.04109466075897217
09002200011601101412330032L_1295547700_483447600,5,TP,small,13.331251652800098,1,localization_error,0.16135500371456146,0.14634904265403748,0.556219756603241,0.5125946402549744,0.0436251163482666,0.7539872527122498,0.6581945419311523,0.09579271078109741,0.9044798612594604,0.9325591325759888,-0.02807927131652832
09002200011601101414345012L_1295421300_483440700,0,LP,medium,2.0151598591565576,0,hit,0.9353050589561462,0.9194586277008057,0.4650970697402954,0.4765433967113495,-0.011446326971054077,0.4907669425010681,0.41892537474632263,0.07184156775474548,0.6863975524902344,0.5308175086975098,0.1555800437927246
09002200011601101414345012L_1295421300_483440700,1,LP,large,1.5172375086729493,0,hit,0.9758603572845459,0.893130362033844,0.45387035608291626,0.5527269840240479,-0.09885662794113159,0.4624983072280884,0.4950615465641022,-0.032563239336013794,0.606218159198761,0.5446087121963501,0.06160944700241089
09002200011601101414345012L_1295421300_483440700,2,TP,medium,7.043438224788634,1,hit,0.9432780146598816,0.8141649961471558,0.39869728684425354,0.45566698908805847,-0.05696970224380493,0.5650392770767212,0.47780680656433105,0.08723247051239014,0.8253169059753418,0.5967071652412415,0.22860974073410034
09002200011601101414345012L_1295421300_483440700,3,LP,small,1.7499758408650496,0,hit,0.7189902067184448,0.7189902067184448,0.678519070148468,0.5786312222480774,0.09988784790039062,0.7384063005447388,0.5528979301452637,0.1855083703994751,1.067140817642212,0.7873482704162598,0.27979254722595215
09002200011601101414345012L_1295421300_483440700,4,TC,medium,5.655249416474263,1,hit,0.8771271705627441,0.500387966632843,0.4748055636882782,0.555281937122345,-0.08047637343406677,0.5061190724372864,0.5115286707878113,-0.005409598350524902,0.6595226526260376,0.5415536761283875,0.11796897649765015
09002200011601101414345012L_1295421300_483440700,5,TC,medium,9.000277013512624,1,hit,0.6808567047119141,0.3428080081939697,0.45724689960479736,0.4421369731426239,0.015109926462173462,0.5727487206459045,0.48450565338134766,0.08824306726455688,0.8792353272438049,0.5911055207252502,0.2881298065185547
09002200011601121106002432L_1295803600_483185600,0,MC,medium,2.348859061926905,0,hit,0.8242664337158203,0.7852492332458496,0.617838442325592,0.5983434319496155,0.019495010375976562,0.6869068145751953,0.4744642674922943,0.212442547082901,1.1937495470046997,0.4860652983188629,0.7076842486858368
09002200011601121106002432L_1295803600_483185600,1,LC,small,3.923215610415708,0,localization_error,0.3647526502609253,0.26086992025375366,0.5820158123970032,0.5855286717414856,-0.003512859344482422,0.7206697463989258,0.49464747309684753,0.22602227330207825,0.7597425580024719,0.6397738456726074,0.1199687123298645
09002200011601121131502909S_1294441600_482671100,0,TP,large,6.431399488140281,1,hit,0.9481458067893982,0.9174516797065735,0.6170154213905334,0.7476963400840759,-0.13068091869354248,0.4965009093284607,0.6501781344413757,-0.15367722511291504,0.6499427556991577,0.5508795380592346,0.0990632176399231
09002200011601121131502909S_1294441600_482671100,1,LP,medium,2.5217376305279497,0,hit,0.8614766001701355,0.8003647923469543,0.7166905403137207,0.7055533528327942,0.011137187480926514,0.6883590817451477,0.5976861715316772,0.09067291021347046,0.8272410035133362,0.7425053119659424,0.0847356915473938
09002200011601121131502909S_1294441600_482671100,2,MC,small,5.499774179569965,1,localization_error,0.6343436241149902,0.3973486125469208,0.5988872647285461,0.47537118196487427,0.12351608276367188,0.7213442921638489,0.44249778985977173,0.27884650230407715,0.6545231342315674,0.5974923968315125,0.05703073740005493
09002200011601121131502909S_1294441600_482671100,3,MC,small,4.181910997669515,0,hit,0.8973928093910217,0.5817350745201111,0.6732017397880554,0.5691806674003601,0.10402107238769531,0.866916298866272,0.5993675589561462,0.26754873991012573,1.2558512687683105,0.7589219212532043,0.4969293475151062
09002200011601121246069362L_1295932100_483231700,0,LC,large,6.800093385071511,1,hit,0.7707266211509705,0.7327544689178467,0.6895690560340881,0.6417248249053955,0.04784423112869263,0.5786774754524231,0.5220888257026672,0.05658864974975586,0.7169005274772644,0.5485360026359558,0.1683645248413086
09002200011601121246069362L_1295932100_483231700,1,LC,large,1.3124955594560817,0,hit,0.8743127584457397,0.6597883701324463,0.624765157699585,0.664195716381073,-0.03943055868148804,0.49779245257377625,0.5070276260375977,-0.009235173463821411,0.6734915971755981,0.5701059699058533,0.10338562726974487
09002200011601121258094719S_1293758000_482806700,0,TP,medium,16.052401052357688,1,hit,0.9522632360458374,0.8432818055152893,0.6063920259475708,0.6940572261810303,-0.08766520023345947,0.6212273836135864,0.5749723315238953,0.04625505208969116,0.7285254597663879,0.7298523187637329,-0.0013268589973449707
09002200011601121258094719S_1293758000_482806700,1,TC,medium,7.44003525399232,1,hit,0.8251506090164185,0.22827087342739105,0.7826631665229797,0.7075778245925903,0.0750853419303894,0.4562290608882904,0.573366641998291,-0.11713758111000061,0.5978758931159973,0.6559194922447205,-0.058043599128723145
09002200011601121522083069S_1294447300_483445500,0,LP,small,3.1250042915507947,0,hit,0.9111635684967041,0.8821521997451782,1.0934945344924927,0.5577725768089294,0.5357219576835632,1.1193959712982178,0.6217288374900818,0.497667133808136,1.6421219110488892,0.9908748865127563,0.6512470245361328
09002200011601121522083069S_1294447300_483445500,1,LP,medium,2.969651179995561,0,hit,0.9570919275283813,0.948012113571167,0.7044448256492615,0.5334799885749817,0.17096483707427979,0.7239491939544678,0.4887402653694153,0.2352089285850525,1.4691663980484009,0.6771618723869324,0.7920045256614685
09002200011601121522083069S_1294447300_483445500,2,TP,small,8.000002179808002,1,hit,0.573316752910614,0.34478217363357544,0.6172760128974915,0.5633937120437622,0.05388230085372925,0.5622497797012329,0.6440883874893188,-0.08183860778808594,0.7587515115737915,0.5662975311279297,0.19245398044586182
09002200011601131337493288O_1295648500_481846400,0,LC,large,1.21580547112462,0,hit,0.990103542804718,0.9851346015930176,0.46938344836235046,0.7209784388542175,-0.25159499049186707,0.4436918795108795,0.546331524848938,-0.10263964533805847,0.4494141936302185,0.6125358939170837,-0.16312170028686523
09002200011601131337493288O_1295648500_481846400,1,TP,medium,5.681897503620554,1,hit,0.9204950928688049,0.5664730072021484,0.5333956480026245,0.4958210587501526,0.037574589252471924,0.5814258456230164,0.46927985548973083,0.11214599013328552,1.2913929224014282,0.5945380330085754,0.6968548893928528
09002200011601131337493288O_1295648500_481846400,2,LP,large,2.525925224315299,0,hit,0.9400299191474915,0.9270484447479248,0.6112158298492432,0.6877321004867554,-0.07651627063751221,0.5456125736236572,0.5109487771987915,0.03466379642486572,0.6035586595535278,0.5952586531639099,0.00830000638961792
09002200011601131341484419S_1294452100_482771900,0,TP,large,13.686507556937798,1,hit,0.9473902583122253,0.9107249975204468,0.6022443771362305,0.8096286058425903,-0.20738422870635986,0.5659260153770447,0.5940882563591003,-0.028162240982055664,0.6081373691558838,0.5658656358718872,0.04227173328399658
09002200011601131342452108O_1295254300_481735400,0,LP,large,1.1167883731985153,0,hit,0.9568479061126709,0.934621274471283,0.6499451398849487,0.6032140254974365,0.04673111438751221,0.5280466675758362,0.5749967694282532,-0.04695010185241699,0.7053577899932861,0.5338698625564575,0.1714879274368286
09002200011601131409167248O_1295532900_481837600,0,LP,large,1.3972639505163327,0,hit,0.927963376045227,0.48794421553611755,0.4493994116783142,0.5978716015815735,-0.14847218990325928,0.525722324848175,0.5525423884391785,-0.026820063591003418,0.7243367433547974,0.6001423001289368,0.1241944432258606
09002200011601131409167248O_1295532900_481837600,1,TP,large,3.248052560060259,0,hit,0.93119215965271,0.865299642086029,0.5677624940872192,0.6268278956413269,-0.059065401554107666,0.4939238131046295,0.47127747535705566,0.022646337747573853,0.5618933439254761,0.5375111699104309,0.024382174015045166
09002200011601131409167248O_1295532900_481837600,2,TP,medium,4.244469491667955,0,hit,0.9328797459602356,0.8000719547271729,0.5982006788253784,0.6632375121116638,-0.0650368332862854,0.5363737940788269,0.5260235667228699,0.010350227355957031,0.671342134475708,0.5201404690742493,0.15120166540145874
09002200011601141254425649S_1293812500_481645300,0,LC,large,1.1844130017738224,0,hit,0.9754431247711182,0.9671347737312317,0.6753304600715637,0.6968600153923035,-0.021529555320739746,0.5454102754592896,0.4981176555156708,0.047292619943618774,0.5342403054237366,0.6007841229438782,-0.0665438175201416
09002200011601151222574348O_1295240400_481745300,0,LC,large,1.2950786702353854,0,hit,0.8573352694511414,0.4945841133594513,0.5429665446281433,0.629523754119873,-0.08655720949172974,0.4721311926841736,0.5423616766929626,-0.07023048400878906,0.5646947026252747,0.5435596704483032,0.021135032176971436
09002200011601151538576048O_1295243200_481653000,0,TP,medium,12.208090045368543,1,hit,0.7948768734931946,0.27267736196517944,0.5930293202400208,0.5896641612052917,0.003365159034729004,0.6351550221443176,0.4604026973247528,0.17475232481956482,0.9193053841590881,0.6291946172714233,0.2901107668876648
09002200011601151538576048O_1295243200_481653000,1,TP,medium,5.874854091169178,1,hit,0.5953337550163269,0.497237890958786,0.5709574818611145,0.710599958896637,-0.13964247703552246,0.707958996295929,0.5791556239128113,0.12880337238311768,0.9740588068962097,0.7629304528236389,0.2111283540725708
09002200011601151538576048O_1295243200_481653000,2,LP,large,1.289374694964565,0,hit,0.9723547101020813,0.9277665019035339,0.6165105700492859,0.7551280856132507,-0.13861751556396484,0.597112238407135,0.5426005721092224,0.0545116662979126,0.6846754550933838,0.5836321711540222,0.10104328393936157
09002200011601151542260778O_1295242500_481576800,0,LP,large,1.1696216203687608,0,hit,0.972567617893219,0.9709048271179199,0.5632918477058411,0.6614680290222168,-0.09817618131637573,0.5106304287910461,0.5357624888420105,-0.025132060050964355,0.5703250765800476,0.6017759442329407,-0.031450867652893066
09002200011601251352249002L_1296214400_483058900,0,TC,medium,11.714115067203188,1,hit,0.8311233520507812,0.5636526942253113,0.5149896740913391,0.6610779166221619,-0.14608824253082275,0.4611171782016754,0.5216584205627441,-0.060541242361068726,0.5217177271842957,0.7209925055503845,-0.19927477836608887
09002200011601251352249002L_1296214400_483058900,1,TC,large,2.7200099609739783,0,hit,0.914908230304718,0.824296772480011,0.5088186860084534,0.5500789880752563,-0.04126030206680298,0.49289682507514954,0.5395046472549438,-0.04660782217979431,0.6000137329101562,0.5025668144226074,0.09744691848754883
09002200011601281428246562L_1295450100_481960000,0,TC,medium,1.614299727520436,0,hit,0.9081771373748779,0.7329592704772949,0.5632152557373047,0.5424933433532715,0.020721912384033203,0.4680310785770416,0.47855836153030396,-0.010527282953262329,0.6237527132034302,0.5839805006980896,0.039772212505340576
09002200011601281428246562L_1295450100_481960000,1,P,medium,2.5999731447185774,0,hit,0.8385072946548462,0.6571229100227356,0.5762670636177063,0.5834202170372009,-0.007153153419494629,0.5538080334663391,0.4760289192199707,0.07777911424636841,0.865056574344635,0.5540265440940857,0.3110300302505493
09002200011601281428246562L_1295450100_481960000,2,P,medium,2.103466419716709,0,hit,0.8450072407722473,0.817270815372467,0.5721035003662109,0.5283860564231873,0.04371744394302368,0.7287442088127136,0.4615000784397125,0.2672441303730011,0.9923049211502075,0.5356401801109314,0.4566647410392761
09002200011602201244001442Q_1296131800_482989700,0,LC,large,1.4234301605477788,0,hit,0.8709383606910706,0.5520553588867188,0.6797095537185669,0.608517587184906,0.07119196653366089,0.6947598457336426,0.53054279088974,0.1642170548439026,0.7388181686401367,0.5735050439834595,0.16531312465667725
09002200011602201244001442Q_1296131800_482989700,1,LC,medium,1.150015564154836,0,hit,0.7862718105316162,0.3401372730731964,0.7287288308143616,0.5416879057884216,0.18704092502593994,0.7822876572608948,0.6327114105224609,0.14957624673843384,0.7885329723358154,0.691186249256134,0.0973467230796814
09002200011706120823208941M_1294464800_484900000,0,TC,medium,18.636641577170316,1,hit,0.8938859105110168,0.6935834884643555,0.5114486217498779,0.605350136756897,-0.09390151500701904,0.4899250566959381,0.5447115898132324,-0.05478653311729431,0.6488887071609497,0.7145522236824036,-0.06566351652145386
09002200011706120944012422B_1295050800_484096300,0,TC,large,8.499938965309408,1,hit,0.9086400866508484,0.8502960205078125,0.5658992528915405,0.5510968565940857,0.014802396297454834,0.49843543767929077,0.4809795916080475,0.017455846071243286,0.6549415588378906,0.5410487055778503,0.11389285326004028
09002200011706120944012422B_1295050800_484096300,1,MC,small,6.250366233290606,1,localization_error,0.4754226803779602,0.4754226803779602,0.7287352681159973,0.5985048413276672,0.13023042678833008,0.8703894019126892,0.6787755489349365,0.19161385297775269,1.112255573272705,1.0263867378234863,0.08586883544921875
09002200011706121027181188D_1294679400_484370500,0,P,small,1.0475865235941733,0,hit,0.8240132927894592,0.6173187494277954,0.7125823497772217,0.5298280119895935,0.18275433778762817,1.1949115991592407,0.5570438504219055,0.6378677487373352,1.2779241800308228,0.8442361950874329,0.4336879849433899
09002200011706121027181188D_1294679400_484370500,1,LC,medium,4.761848156138081,0,hit,0.9074133038520813,0.7748733758926392,0.6698222160339355,0.5989929437637329,0.07082927227020264,0.5553103685379028,0.5263833403587341,0.0289270281791687,0.7470641732215881,0.5582482218742371,0.18881595134735107
09002200011706121027181188D_1294679400_484370500,2,LC,large,2.235286810350089,0,localization_error,0.6824585795402527,0.32764238119125366,0.527803361415863,0.578456699848175,-0.05065333843231201,0.5046795606613159,0.4898727536201477,0.014806807041168213,0.7073383331298828,0.5565526485443115,0.1507856845855713
09002200011706121027181188D_1294679400_484370500,3,LC,large,1.0069478352864583,0,hit,0.893446147441864,0.893446147441864,0.5301430821418762,0.6141896843910217,-0.08404660224914551,0.6350034475326538,0.5104740262031555,0.12452942132949829,0.6377394199371338,0.5745313763618469,0.06320804357528687
09002200011706121027181188D_1294679400_484370500,4,TC,medium,7.692510305841698,1,hit,0.560709536075592,0.25370046496391296,0.634838879108429,0.5181728601455688,0.11666601896286011,0.5371271967887878,0.47653818130493164,0.0605890154838562,0.7700375318527222,0.628412127494812,0.14162540435791016
09002200011706121027181188D_1294679400_484370500,5,TC,medium,4.615325206401074,0,hit,0.9004781246185303,0.47997698187828064,0.513228714466095,0.4908003807067871,0.02242833375930786,0.5513713955879211,0.49731799960136414,0.05405339598655701,0.6596451997756958,0.5176475644111633,0.14199763536453247
09002200011706121027181188D_1294679400_484370500,6,LC,large,2.442848766111611,0,hit,0.8611828684806824,0.12180023640394211,0.5262455940246582,0.6943387985229492,-0.16809320449829102,0.5350443124771118,0.5596304535865784,-0.024586141109466553,0.5533917546272278,0.5688561797142029,-0.015464425086975098
09002200011706121027181188D_1294679400_484370500,7,LC,large,3.2315929872172453,0,hit,0.9841955900192261,0.4722242057323456,0.5863246917724609,0.6941810846328735,-0.1078563928604126,0.5395650863647461,0.5834831595420837,-0.043918073177337646,0.6421442627906799,0.6117821931838989,0.030362069606781006
09002200011706121027181188D_1294679400_484370500,8,MC,small,4.571348853430988,0,hit,0.6942914128303528,0.6522398591041565,0.696596086025238,0.7587884068489075,-0.062192320823669434,0.9199293851852417,0.6627002954483032,0.2572290897369385,0.8713038563728333,0.8465741276741028,0.02472972869873047
09002200011706121027181188D_1294679400_484370500,9,TC,medium,6.900104066211746,1,hit,0.8375903367996216,0.6267427206039429,0.48413965106010437,0.7491351366043091,-0.2649954855442047,0.6342349648475647,0.5337637066841125,0.10047125816345215,0.7400124073028564,0.5889729857444763,0.15103942155838013
09002200011706121030361088D_1294683000_484352000,0,AC,large,2.025547902149463,0,hit,0.9866471886634827,0.9627683758735657,0.619195282459259,0.6091495752334595,0.01004570722579956,0.4843822121620178,0.5286961197853088,-0.044313907623291016,0.6326314210891724,0.5683431029319763,0.06428831815719604
09002200011706121030540878D_1294685100_484340000,0,AC,large,2.623003974890176,0,hit,0.9658841490745544,0.950870156288147,0.5328308939933777,0.67030930519104,-0.13747841119766235,0.4648953676223755,0.5665677189826965,-0.10167235136032104,0.6257537007331848,0.5445073843002319,0.08124631643295288
09002200011706121030540878D_1294685100_484340000,1,MC,small,3.2668055600768255,0,hit,0.9385049939155579,0.8768411874771118,0.5894458889961243,0.6523033380508423,-0.06285744905471802,0.8396441340446472,0.7509227395057678,0.0887213945388794,1.075786828994751,0.8351566195487976,0.24063020944595337
09002200011706121030540878D_1294685100_484340000,2,MC,small,3.4998779349026834,0,hit,0.7985191941261292,0.5301861763000488,0.666589081287384,0.6003268361091614,0.06626224517822266,0.7830184102058411,0.7320888638496399,0.05092954635620117,1.2022377252578735,1.0022318363189697,0.2000058889389038
09002200011706121039162568D_1294694500_484287800,0,AC,large,2.019996425787358,0,hit,0.7982534170150757,0.7723941802978516,0.5518985390663147,0.6105215549468994,-0.05862301588058472,0.5593333840370178,0.5321060419082642,0.027227342128753662,0.6855949759483337,0.5426008701324463,0.14299410581588745
09002200011706121039162568D_1294694500_484287800,1,LC,large,1.2136336296679358,0,hit,0.8351304531097412,0.6985297799110413,0.5027926564216614,0.5504037737846375,-0.047611117362976074,0.5316128134727478,0.5383467078208923,-0.006733894348144531,0.6685165166854858,0.5718965530395508,0.09661996364593506
09002200011706121130361392B_1295097500_483792100,0,TC,large,10.169759868072541,1,hit,0.9511852860450745,0.8793042898178101,0.49683645367622375,0.6300813555717468,-0.13324490189552307,0.5172902345657349,0.548740565776825,-0.03145033121109009,0.7255421876907349,0.5359932780265808,0.18954890966415405
09002200011706121224149282B_1295103400_483746100,0,TP,large,10.297960108617593,1,hit,0.9649550914764404,0.933292806148529,0.4506235122680664,0.7122299671173096,-0.26160645484924316,0.5249811410903931,0.5705041289329529,-0.045522987842559814,0.6661944389343262,0.5816540718078613,0.08454036712646484
09002200011706121541209631M_1294346400_484701900,0,AC,large,2.0987626459378528,0,hit,0.886005163192749,0.727405309677124,0.6012527942657471,0.6918197870254517,-0.09056699275970459,0.5651939511299133,0.5602597594261169,0.004934191703796387,0.6722620725631714,0.6223253607749939,0.04993671178817749
09002200011706140947236372B_1294899200_483951300,0,TC,large,16.142721621079616,1,hit,0.9596120119094849,0.8689960837364197,0.5209384560585022,0.6851328015327454,-0.16419434547424316,0.54839688539505,0.4943174421787262,0.05407944321632385,0.6465580463409424,0.573194682598114,0.07336336374282837
09002200011706141206044712B_1294931300_483542600,0,TC,medium,26.27335478859172,1,hit,0.9181710481643677,0.8702533841133118,0.5034160614013672,0.6281690001487732,-0.124752938747406,0.5296036005020142,0.5791046023368835,-0.049501001834869385,0.8585242033004761,0.7004786729812622,0.15804553031921387
09002200011706191006576342Q_1295848100_482179000,0,LC,large,1.2126415997092763,0,hit,0.9684011340141296,0.8338668942451477,0.6123374104499817,0.6663841009140015,-0.054046690464019775,0.6730565428733826,0.5548330545425415,0.11822348833084106,0.5550588369369507,0.5629239082336426,-0.007865071296691895
09002200011706191006576342Q_1295848100_482179000,1,AC,large,1.8999990059994039,0,hit,0.7784693837165833,0.6805862188339233,0.5607181191444397,0.7693077325820923,-0.2085896134376526,0.5046642422676086,0.5709708333015442,-0.06630659103393555,0.5954923629760742,0.5743588209152222,0.02113354206085205
09002200011706191549291062Q_1295487400_482278800,0,LC,medium,1.3777777777777778,0,hit,0.8353630304336548,0.17468786239624023,0.449054092168808,0.563922643661499,-0.11486855149269104,0.6418579816818237,0.5591338276863098,0.08272415399551392,0.6548624634742737,0.5763680338859558,0.07849442958831787
09002200011706191549291062Q_1295487400_482278800,1,LC,small,1.6363664106889204,0,hit,0.5309696793556213,0.5309696793556213,0.5253859758377075,0.5038246512413025,0.02156132459640503,0.6000253558158875,0.476139634847641,0.12388572096824646,0.7651804685592651,0.5792631506919861,0.18591731786727905
09002200011706191549291062Q_1295487400_482278800,2,LC,large,1.9166572947825826,0,hit,0.9075970649719238,0.8871238827705383,0.5476223826408386,0.539017379283905,0.008605003356933594,0.5984171032905579,0.5264698266983032,0.07194727659225464,0.6673235893249512,0.5751369595527649,0.09218662977218628
09002200121706171302376012Q_1295754500_482320800,0,TC,medium,4.17389089094933,0,hit,0.8056842684745789,0.4640476703643799,0.48344987630844116,0.466104120016098,0.01734575629234314,0.6145074963569641,0.4844322204589844,0.13007527589797974,0.937620997428894,0.6036381125450134,0.3339828848838806
09002200121706171302376012Q_1295754500_482320800,1,LP,large,1.1612880361484923,0,hit,0.9241737723350525,0.8921428322792053,0.5651031136512756,0.5690559148788452,-0.00395280122756958,0.5563560128211975,0.49974724650382996,0.056608766317367554,0.6323068141937256,0.5416169166564941,0.09068989753723145
09002200121706171302376012Q_1295754500_482320800,2,MC,small,4.57138871208224,0,hit,0.7330801486968994,0.7241159677505493,0.737055242061615,0.7731567025184631,-0.036101460456848145,0.6900727152824402,0.7200416326522827,-0.02996891736984253,0.7800644040107727,0.7028278708457947,0.07723653316497803
09002200121706171302376012Q_1295754500_482320800,3,TC,large,3.369861441718484,0,hit,0.874830961227417,0.7391954064369202,0.5322564244270325,0.5879806280136108,-0.05572420358657837,0.632707953453064,0.517337441444397,0.11537051200866699,0.7041963934898376,0.5880697965621948,0.11612659692764282
09002200121706171302376012Q_1295754500_482320800,4,MC,small,4.000116524248141,0,hit,0.5799127817153931,0.5213696360588074,0.7065278887748718,0.7391567230224609,-0.03262883424758911,0.8470687866210938,0.7426706552505493,0.10439813137054443,0.9780880808830261,0.7397000193595886,0.2383880615234375
09002200121706211156177582Q_1295445100_483058000,0,LC,large,2.65624406933973,0,hit,0.9844992160797119,0.9741833806037903,0.5136924386024475,0.5657908320426941,-0.05209839344024658,0.5488676428794861,0.5161697268486023,0.03269791603088379,0.6244704127311707,0.5677289962768555,0.056741416454315186
09002200121706211156177582Q_1295445100_483058000,1,MC,small,4.0000542545760345,0,hit,0.673250675201416,0.5316550731658936,0.8521217703819275,0.5313059091567993,0.3208158612251282,1.0812910795211792,0.600257933139801,0.4810331463813782,0.9744239449501038,0.7294689416885376,0.24495500326156616
09002200121706211156177582Q_1295445100_483058000,2,LC,large,1.1439990566420069,0,hit,0.9339181184768677,0.8992984294891357,0.5981321334838867,0.6040188074111938,-0.005886673927307129,0.605072021484375,0.5536551475524902,0.051416873931884766,0.6690244674682617,0.547340452671051,0.1216840147972107
09002200121706211156177582Q_1295445100_483058000,3,TC,medium,3.708239027938132,0,hit,0.9469289779663086,0.8881758451461792,0.45413118600845337,0.6765632629394531,-0.22243207693099976,0.6129350066184998,0.6213263869285583,-0.008391380310058594,0.8811193704605103,0.7606063485145569,0.12051302194595337
09002200121706211156295342Q_1295444000_483068800,0,LC,large,1.544307096495726,0,hit,0.9497837424278259,0.42806002497673035,0.5651261210441589,0.6263565421104431,-0.06123042106628418,0.5663436055183411,0.5272469520568848,0.0390966534614563,0.6887201070785522,0.582166314125061,0.10655379295349121
09002200121706211156295342Q_1295444000_483068800,1,LC,large,1.3313643168123024,0,hit,0.8732465505599976,0.8595216274261475,0.44330039620399475,0.5211507678031921,-0.07785037159919739,0.4729625880718231,0.5441071391105652,-0.07114455103874207,0.5549008250236511,0.5775722861289978,-0.02267146110534668
09002200121706211156492302Q_1295441700_483088500,0,TC,large,2.684776147524235,0,hit,0.838799238204956,0.32874295115470886,0.4714607298374176,0.5946648716926575,-0.12320414185523987,0.5008862614631653,0.4865089952945709,0.01437726616859436,0.6411002278327942,0.5979029536247253,0.04319727420806885
09002200121706211156492302Q_1295441700_483088500,1,LC,large,1.237291261003499,0,hit,0.9067838191986084,0.8130871653556824,0.45930808782577515,0.5874442458152771,-0.12813615798950195,0.502941370010376,0.4808073937892914,0.022133976221084595,0.6054356694221497,0.5716472268104553,0.033788442611694336
09002200121706211156592092Q_1295440500_483099000,0,LC,large,1.3472212361698652,0,hit,0.8944907188415527,0.7348295450210571,0.5867462158203125,0.5571010112762451,0.029645204544067383,0.5628625154495239,0.5011630058288574,0.061699509620666504,0.6478212475776672,0.5812676548957825,0.06655359268188477
09002200121706211156592092Q_1295440500_483099000,1,MC,medium,3.588126492182311,0,hit,0.9333723187446594,0.9088839888572693,0.5291497111320496,0.626325786113739,-0.09717607498168945,0.8898165225982666,0.5560349822044373,0.33378154039382935,1.304686188697815,0.6730413436889648,0.6316448450088501
09002200121706211201322482Q_1295390000_483083100,0,LC,medium,13.187577009494818,1,hit,0.7935564517974854,0.5846548080444336,0.5639503002166748,0.5758041143417358,-0.011853814125061035,0.6356316804885864,0.5419623255729675,0.0936693549156189,0.7615286111831665,0.6689093112945557,0.09261929988861084
09002200121706211227557402Q_1295594800_482714600,0,LC,large,1.071768436010902,0,hit,0.9394853711128235,0.8285642862319946,0.5096065998077393,0.5523098111152649,-0.042703211307525635,0.5254164934158325,0.5269661545753479,-0.0015496611595153809,0.551971971988678,0.5858242511749268,-0.03385227918624878
09002200121706211227557402Q_1295594800_482714600,1,MC,small,3.333236695810509,0,hit,0.9224824905395508,0.7693938612937927,0.6411674618721008,0.6784044504165649,-0.03723698854446411,0.772824764251709,0.6236941814422607,0.14913058280944824,0.9223323464393616,0.753778874874115,0.16855347156524658
09002200121706211227557402Q_1295594800_482714600,2,LC,large,2.8676583709493415,0,hit,0.956580400466919,0.956580400466919,0.5575290322303772,0.5993310809135437,-0.041802048683166504,0.6630899310112,0.5396388173103333,0.1234511137008667,0.7194333672523499,0.6091610193252563,0.1102723479270935
09002200121706211227557402Q_1295594800_482714600,3,MC,medium,2.5624942779541016,0,hit,0.9669164419174194,0.9361883997917175,0.6104077100753784,0.4934069812297821,0.11700072884559631,0.6982460021972656,0.4941888749599457,0.20405712723731995,1.3977938890457153,0.5685534477233887,0.8292404413223267
09002200121706240923277968T_1295905500_481096400,0,TP,large,10.135618469088701,1,hit,0.7838494181632996,0.21235625445842743,0.4033719599246979,0.5939817428588867,-0.19060978293418884,0.45412179827690125,0.5012389421463013,-0.047117143869400024,0.6103056073188782,0.5256386995315552,0.084666907787323
09002200121706240923277968T_1295905500_481096400,1,TP,large,9.910625692089042,1,hit,0.8456113934516907,0.7444400787353516,0.428542822599411,0.6108978986740112,-0.18235507607460022,0.43287011981010437,0.5530768632888794,-0.12020674347877502,0.5273256897926331,0.5832644104957581,-0.055938720703125
09002200121706240923277968T_1295905500_481096400,2,LP,large,1.2026176701963338,0,hit,0.9636936187744141,0.9406518340110779,0.5707235932350159,0.5539459586143494,0.016777634620666504,0.4775508940219879,0.5383806228637695,-0.060829728841781616,0.6843565106391907,0.5663405656814575,0.11801594495773315
09002200121706240923277968T_1295905500_481096400,3,LP,medium,1.1410235192438536,0,hit,0.7150475978851318,0.645405113697052,0.6512191891670227,0.406602144241333,0.2446170449256897,0.46427005529403687,0.4772716462612152,-0.013001590967178345,0.6078516244888306,0.5266303420066833,0.08122128248214722
09002200121706241205096559S_1294323500_482186800,0,P,small,4.214216427833411,0,hit,0.7270568609237671,0.24755051732063293,0.6260502934455872,0.5444691181182861,0.08158117532730103,0.5879887342453003,0.5113679766654968,0.07662075757980347,0.6723554730415344,0.6257253289222717,0.046630144119262695
09002200121706241205096559S_1294323500_482186800,1,AC,large,3.4722176472810804,0,hit,0.8029611110687256,0.6646448969841003,0.5855855941772461,0.7064666748046875,-0.1208810806274414,0.48808538913726807,0.5613120794296265,-0.0732266902923584,0.577049970626831,0.5699613690376282,0.007088601589202881
09002200121706241648418812Q_1295535600_482660900,0,LC,small,1.1738961983260534,0,hit,0.6818937063217163,0.4853358268737793,0.6898010969161987,0.6163425445556641,0.07345855236053467,0.9471122026443481,0.5591021776199341,0.38801002502441406,0.8691073656082153,0.729534387588501,0.13957297801971436
09002200121706241648418812Q_1295535600_482660900,1,TC,large,7.663207987813458,1,hit,0.9396367073059082,0.6306347846984863,0.47817081212997437,0.5743805766105652,-0.09620976448059082,0.47550079226493835,0.5730476379394531,-0.09754684567451477,0.5597091317176819,0.5846064686775208,-0.024897336959838867
09002200121706251031299589S_1294285600_482185000,0,AC,medium,2.980382125204945,0,hit,0.7418208122253418,0.20850791037082672,0.4885660409927368,0.5243197083473206,-0.03575366735458374,0.5051758885383606,0.4938133656978607,0.011362522840499878,0.6803280115127563,0.5816459655761719,0.09868204593658447
09002200121706251031299589S_1294285600_482185000,1,P,small,1.944481178939944,0,hit,0.6975379586219788,0.6332806944847107,0.6869001388549805,0.5377064347267151,0.14919370412826538,0.7541374564170837,0.5124697089195251,0.2416677474975586,0.6710991263389587,0.5952277183532715,0.07587140798568726
09002200121706251031299589S_1294285600_482185000,2,AC,large,2.2463624566785376,0,hit,0.8166900277137756,0.8166900277137756,0.4705664813518524,0.47770926356315613,-0.007142782211303711,0.5891017913818359,0.4223456382751465,0.16675615310668945,0.767078697681427,0.5615159869194031,0.20556271076202393
09002200121706251031299589S_1294285600_482185000,3,AC,medium,5.187477707905373,1,localization_error,0.6723297834396362,0.20016291737556458,0.5773928761482239,0.5417532324790955,0.03563964366912842,0.4771580100059509,0.5331922769546509,-0.05603426694869995,0.5409624576568604,0.5453909039497375,-0.004428446292877197
09002200121706251031299589S_1294285600_482185000,4,TC,medium,17.33315192513097,1,hit,0.725863516330719,0.49228695034980774,0.43209514021873474,0.509699285030365,-0.07760414481163025,0.45746850967407227,0.48191291093826294,-0.024444401264190674,0.46467268466949463,0.5432705879211426,-0.07859790325164795
09002200121706251207397232Q_1295602600_482514100,0,LC,large,4.787291058067725,0,hit,0.9738722443580627,0.7358327507972717,0.5752481818199158,0.5208143591880798,0.05443382263183594,0.6269298195838928,0.5094605088233948,0.11746931076049805,0.826010525226593,0.5845088362693787,0.24150168895721436
09002200121706251207397232Q_1295602600_482514100,1,MC,small,4.666934556811361,0,hit,0.5715879201889038,0.5455158948898315,0.6387336850166321,0.6532434821128845,-0.014509797096252441,0.7101407051086426,0.6816455721855164,0.02849513292312622,0.7376852035522461,0.6854932904243469,0.05219191312789917
09002200121706251612435458T_1295891600_481755500,0,MC,small,3.799824225187066,0,localization_error,0.25752168893814087,0.11947161704301834,0.6403258442878723,0.7199795842170715,-0.07965373992919922,0.6165869235992432,0.5503664612770081,0.06622046232223511,0.5733221769332886,0.5012733340263367,0.0720488429069519
09002200121706251612435458T_1295891600_481755500,1,LC,small,1.5555743936306208,0,hit,0.7258245944976807,0.7258245944976807,0.5218405723571777,0.45574960112571716,0.06609097123146057,0.6462934613227844,0.4600807726383209,0.1862126886844635,0.6983873844146729,0.577753484249115,0.12063390016555786
09002200121706251612435458T_1295891600_481755500,2,P,medium,2.025043106736858,0,hit,0.9487224817276001,0.9245286583900452,0.546025276184082,0.6506474614143372,-0.10462218523025513,0.48608648777008057,0.5528697371482849,-0.06678324937820435,0.8477163910865784,0.6847797632217407,0.16293662786483765
09002200121706251612435458T_1295891600_481755500,3,P,medium,1.7097155908209374,0,hit,0.6252291202545166,0.5160897970199585,0.7216394543647766,0.6074956059455872,0.11414384841918945,0.5989900231361389,0.5518165826797485,0.04717344045639038,0.8248932361602783,0.6975940465927124,0.12729918956756592
09002200121706251612435458T_1295891600_481755500,4,P,medium,2.9091474055393256,0,hit,0.7172444462776184,0.6094366312026978,0.6842108964920044,0.6041296124458313,0.0800812840461731,0.7064626812934875,0.5532312393188477,0.1532314419746399,0.8007980585098267,0.6852428317070007,0.11555522680282593
09002200121706251612435458T_1295891600_481755500,5,AC,large,1.547242487156197,0,hit,0.732918918132782,0.6326547265052795,0.5957053303718567,0.607465922832489,-0.011760592460632324,0.5583587288856506,0.5760229229927063,-0.017664194107055664,0.638685405254364,0.6382283568382263,0.0004570484161376953
09002200121706261151514468T_1295890500_481589300,0,LC,large,3.738111188939235,0,hit,0.6911777853965759,0.5526494383811951,0.6422106623649597,0.6393548250198364,0.002855837345123291,0.5471055507659912,0.5286872386932373,0.018418312072753906,0.5158733129501343,0.5889444947242737,-0.0730711817741394
09002200121706261151514468T_1295890500_481589300,1,P,small,1.200010253931284,0,hit,0.5713338851928711,0.561922013759613,0.6959695219993591,0.5706302523612976,0.12533926963806152,0.8718416690826416,0.48053082823753357,0.39131084084510803,1.4191786050796509,0.7458047270774841,0.6733738780021667
09002200121706271348268012I_1294377400_481562100,0,P,medium,2.3666522217678523,0,hit,0.8865958452224731,0.7135796546936035,0.5750587582588196,0.48960015177726746,0.08545860648155212,0.7288635969161987,0.4401090741157532,0.28875452280044556,1.0882831811904907,0.6371539235115051,0.4511292576789856
09002200121706271348268012I_1294377400_481562100,1,LC,medium,2.1147770297853947,0,localization_error,0.6767913103103638,0.4949873685836792,0.4153202176094055,0.47987452149391174,-0.06455430388450623,0.46783700585365295,0.4933415353298187,-0.02550452947616577,0.5603014230728149,0.6315774321556091,-0.07127600908279419
09002200121706271348268012I_1294377400_481562100,2,LC,large,3.6339313691991366,0,localization_error,0.6870142817497253,0.1535806506872177,0.5260103344917297,0.5945171117782593,-0.06850677728652954,0.4978429079055786,0.4985392987728119,-0.0006963908672332764,0.5228009819984436,0.5527376532554626,-0.029936671257019043
09002200121706291217451208T_1295791100_481234500,0,TC,large,11.699935099547934,1,hit,0.8730456233024597,0.8153908848762512,0.4501674473285675,0.5818527340888977,-0.1316852867603302,0.5269272327423096,0.537370502948761,-0.010443270206451416,0.6471692323684692,0.6056995391845703,0.041469693183898926
09002200121706291217451208T_1295791100_481234500,1,TC,medium,12.19951234993622,1,hit,0.5508437752723694,0.4280252158641815,0.4633043110370636,0.5064989328384399,-0.04319462180137634,0.5026347041130066,0.5951470732688904,-0.09251236915588379,0.6464608311653137,0.7088747024536133,-0.06241387128829956
09002200121706291241018568T_1295819400_481242400,0,LC,large,3.583319558086697,0,hit,0.9815484881401062,0.8957623839378357,0.5228031277656555,0.4954977035522461,0.027305424213409424,0.5323403477668762,0.4788847863674164,0.05345556139945984,0.7299680709838867,0.6011884808540344,0.1287795901298523
09002200121706291241018568T_1295819400_481242400,1,TC,large,9.684290709571513,1,hit,0.9271174669265747,0.7019010782241821,0.5306862592697144,0.5393733978271484,-0.008687138557434082,0.5035415291786194,0.5093440413475037,-0.005802512168884277,0.6871010065078735,0.5886572599411011,0.09844374656677246
09002200121706291241018568T_1295819400_481242400,2,LC,large,1.0710225661923782,0,hit,0.977857768535614,0.9683164358139038,0.5128484964370728,0.6987619996070862,-0.18591350317001343,0.4912460148334503,0.6043535470962524,-0.11310753226280212,0.5703928470611572,0.6251794099807739,-0.0547865629196167
09002200121706291322059842Q_1295580900_482589900,0,TC,medium,8.764464916563748,1,localization_error,0.6519418358802795,0.35525915026664734,0.5884892344474792,0.5263578295707703,0.062131404876708984,0.48482614755630493,0.4569569528102875,0.027869194746017456,0.741393506526947,0.6067244410514832,0.13466906547546387
09002200121706291322059842Q_1295580900_482589900,1,LC,large,3.879290187408119,0,hit,0.9235255122184753,0.9063631892204285,0.5812048316001892,0.5934783816337585,-0.012273550033569336,0.6158707737922668,0.4862041473388672,0.12966662645339966,0.8043980598449707,0.5895181894302368,0.2148798704147339
09002200121706291341099698T_1295601200_481352800,0,AC,large,2.2025873142257164,0,hit,0.976200520992279,0.9689201712608337,0.5828459858894348,0.8246710896492004,-0.24182510375976562,0.5012979507446289,0.5775062441825867,-0.07620829343795776,0.5731138586997986,0.6130106449127197,-0.03989678621292114
09002200121706291431573468T_1295378900_481171300,0,P,medium,2.2120825403518896,0,hit,0.966642439365387,0.9070510268211365,0.5744019746780396,0.4814600944519043,0.09294188022613525,0.8818835020065308,0.4385051727294922,0.4433783292770386,1.5550493001937866,0.6186715960502625,0.9363777041435242
09002200121706291431573468T_1295378900_481171300,1,AC,large,1.7380991940910018,0,hit,0.8985338807106018,0.4580443203449249,0.4923473596572876,0.6955994963645935,-0.2032521367073059,0.4567424952983856,0.5583500266075134,-0.10160753130912781,0.5644431710243225,0.6034054756164551,-0.03896230459213257
09002200121706291603322892Q_1296206000_482535800,0,LC,large,1.2839531987921053,0,hit,0.8396509289741516,0.4104427695274353,0.5851852893829346,0.6240702867507935,-0.03888499736785889,0.5990051627159119,0.5201274156570435,0.07887774705886841,0.6702325940132141,0.570271909236908,0.09996068477630615
09002200121706301731517192Q_1296165100_482133300,0,LC,medium,3.1874923706054688,0,hit,0.9562899470329285,0.8734751343727112,0.4748736619949341,0.42679697275161743,0.04807668924331665,0.6812742948532104,0.4626530110836029,0.21862128376960754,0.795339047908783,0.6080292463302612,0.18730980157852173
09002200121707011638022242Q_1296337300_482354000,0,LC,large,1.8552509477473107,0,hit,0.7910380959510803,0.40827250480651855,0.7554112076759338,0.6543258428573608,0.101085364818573,0.6934918165206909,0.6249530911445618,0.06853872537612915,0.7508395314216614,0.6510199904441833,0.09981954097747803
09002200121707020916567012Q_1296126400_482450000,0,LC,medium,4.374892237268739,0,hit,0.7567920684814453,0.37663260102272034,0.518272340297699,0.5876693725585938,-0.06939703226089478,0.5845373868942261,0.4957142770290375,0.0888231098651886,0.91384357213974,0.6852745413780212,0.22856903076171875
09002200121707020916567012Q_1296126400_482450000,1,MC,small,3.750272769584093,0,localization_error,0.5556685924530029,0.3837973177433014,0.7640482783317566,0.6228446364402771,0.1412036418914795,0.5894832015037537,0.5372110605239868,0.052272140979766846,0.6178638339042664,0.6498896479606628,-0.032025814056396484
09002200121707021133543832Q_1296249000_482503300,0,LC,large,1.4999981689430772,0,hit,0.9541915059089661,0.9461178183555603,0.686250627040863,0.5190970301628113,0.16715359687805176,0.6026728749275208,0.5285691618919373,0.0741037130355835,0.7129429578781128,0.6073815226554871,0.10556143522262573
09002200121707021246255932Q_1296062400_482368600,0,TC,medium,5.088245484279801,1,hit,0.6923976540565491,0.5653795599937439,0.6366150975227356,0.5958258509635925,0.040789246559143066,0.5023677349090576,0.5272862315177917,-0.02491849660873413,0.761890709400177,0.6465298533439636,0.11536085605621338
09002200121707021246255932Q_1296062400_482368600,1,MC,small,3.866802236391824,0,hit,0.8938642144203186,0.8938642144203186,0.6328627467155457,0.5932602882385254,0.039602458477020264,0.7454790472984314,0.5847471952438354,0.16073185205459595,1.4106346368789673,0.8342465758323669,0.5763880610466003
09002200121707021246255932Q_1296062400_482368600,2,MC,small,3.875206961537581,0,hit,0.6179646849632263,0.5375478863716125,0.6848476529121399,0.7321910858154297,-0.047343432903289795,0.7547483444213867,0.7349485158920288,0.01979982852935791,0.9164916276931763,0.7053578495979309,0.21113377809524536
09002200121707021246255932Q_1296062400_482368600,3,TC,small,3.214259556361607,0,localization_error,0.4643441140651703,0.22665856778621674,0.6005144119262695,0.7241460680961609,-0.12363165616989136,0.7363119125366211,0.5764392614364624,0.1598726511001587,0.8416112065315247,0.8438342213630676,-0.0022230148315429688
09002200121707021246255932Q_1296062400_482368600,4,MC,small,4.333710591371049,0,localization_error,0.36546841263771057,0.32001420855522156,0.7803936004638672,0.7836324572563171,-0.003238856792449951,0.5491059422492981,0.5860573649406433,-0.036951422691345215,0.5356048941612244,0.5400215983390808,-0.004416704177856445
09002200121707021453536962Q_1295974800_482482300,0,LC,medium,1.1818054873543384,0,hit,0.5777857899665833,0.40026310086250305,0.584156334400177,0.7053638100624084,-0.12120747566223145,0.852621853351593,0.5774750113487244,0.27514684200286865,0.8588951230049133,0.6612629294395447,0.19763219356536865
09002200121707021453536962Q_1295974800_482482300,1,LC,large,1.0833282470703125,0,hit,0.9605430364608765,0.9150083065032959,0.48979875445365906,0.5924663543701172,-0.10266759991645813,0.5491135716438293,0.5908029079437256,-0.04168933629989624,0.6663417816162109,0.6591128706932068,0.00722891092300415
09002200121707021453536962Q_1295974800_482482300,2,TC,large,9.030636610721785,1,hit,0.9782301783561707,0.933709979057312,0.5352328419685364,0.7116910815238953,-0.1764582395553589,0.5337526202201843,0.5512965321540833,-0.017543911933898926,0.6249588131904602,0.5438435077667236,0.08111530542373657
09002200121707021648506182Q_1296014900_482392200,0,LC,large,1.1161277683654474,0,hit,0.9871375560760498,0.8545738458633423,0.5916144251823425,0.5493528246879578,0.042261600494384766,0.5074811577796936,0.5101074576377869,-0.0026262998580932617,0.5701639652252197,0.5671283006668091,0.0030356645584106445
09002200121707021651373842Q_1296030100_482419200,0,LC,small,2.421020170188981,0,hit,0.818271815776825,0.818271815776825,0.5574011206626892,0.37786737084388733,0.17953374981880188,0.8807273507118225,0.43080660700798035,0.44992074370384216,1.0802336931228638,0.6822976469993591,0.39793604612350464
09002200121707021651373842Q_1296030100_482419200,1,LC,small,1.7777777777777777,0,hit,0.9468058943748474,0.7563544511795044,0.658221960067749,0.3612458407878876,0.29697611927986145,1.0261876583099365,0.45942792296409607,0.5667597353458405,1.372444987297058,0.8594358563423157,0.5130091309547424
09002200121707021651373842Q_1296030100_482419200,2,LC,large,1.710837402017901,0,hit,0.9433606863021851,0.924099326133728,0.5673239231109619,0.49199214577674866,0.07533177733421326,0.605056643486023,0.5219134092330933,0.08314323425292969,0.8266235589981079,0.6165488362312317,0.21007472276687622
09002200121707031302109122Q_1295584000_482365300,0,LC,large,1.2049640746779648,0,hit,0.94621342420578,0.8134938478469849,0.5157479047775269,0.5911626219749451,-0.07541471719741821,0.6454584002494812,0.5282015204429626,0.11725687980651855,0.7612482905387878,0.6260542869567871,0.13519400358200073
09002200121707031317532818D_1294831900_481687100,0,AC,medium,2.4317957666864105,0,localization_error,0.821060061454773,0.29489195346832275,0.5620761513710022,0.552609384059906,0.009466767311096191,0.46322694420814514,0.4842146039009094,-0.020987659692764282,0.5870921015739441,0.5325979590415955,0.05449414253234863
09002200121707031317532818D_1294831900_481687100,1,P,medium,2.0000005449520004,0,localization_error,0.7669406533241272,0.1488071084022522,0.5529144406318665,0.4690600335597992,0.08385440707206726,0.6999467015266418,0.46225854754447937,0.23768815398216248,0.8636376857757568,0.5447946786880493,0.3188430070877075
09002200121707031317532818D_1294831900_481687100,2,P,medium,1.9582719816898722,0,hit,0.8997451066970825,0.8830515742301941,0.542095422744751,0.46338340640068054,0.07871201634407043,1.074262261390686,0.5387715697288513,0.5354906916618347,1.2535368204116821,0.62142413854599,0.6321126818656921
09002200121707031317532818D_1294831900_481687100,3,P,medium,1.7575585234176898,0,localization_error,0.4990836977958679,0.19825401902198792,0.6812504529953003,0.5259171724319458,0.1553332805633545,0.71614009141922,0.5723206400871277,0.14381945133209229,0.8317629098892212,0.6681262254714966,0.1636366844177246
09002200121707031317532818D_1294831900_481687100,4,P,small,1.5000386239571533,0,localization_error,0.1955692023038864,0.1561945527791977,0.6807640194892883,0.531106173992157,0.14965784549713135,0.9115728735923767,0.586637556552887,0.32493531703948975,0.8836601376533508,0.7251814007759094,0.1584787368774414
09002200121707031400322908T_1295679400_480864300,0,AC,large,2.1268187783271086,0,hit,0.9713369607925415,0.9574962258338928,0.49334287643432617,0.7394712567329407,-0.2461283802986145,0.45539331436157227,0.5535064935684204,-0.09811317920684814,0.549032986164093,0.6133462190628052,-0.06431323289871216
09002200121707031400564028T_1295681700_480823700,0,AC,large,2.1812349112108005,0,hit,0.9639722108840942,0.9440532922744751,0.5632286071777344,0.7965083122253418,-0.23327970504760742,0.4576572775840759,0.568120002746582,-0.1104627251625061,0.5366063117980957,0.595818042755127,-0.05921173095703125
09002200121707031401258298T_1295689200_480795400,0,AC,large,2.2107811010820413,0,hit,0.9272949695587158,0.7689753770828247,0.588841438293457,0.7770678400993347,-0.18822640180587769,0.5263012051582336,0.5833035707473755,-0.057002365589141846,0.5507311224937439,0.6326954960823059,-0.08196437358856201
09002200121707031512131072B_1294645800_481541000,0,TC,medium,21.077413175452023,1,hit,0.9710389971733093,0.8632601499557495,0.45797014236450195,0.6234773397445679,-0.16550719738006592,0.5737881660461426,0.5820767283439636,-0.008288562297821045,0.8251065611839294,0.658763587474823,0.16634297370910645
09002200121707051459363092B_1294685000_482105900,0,AC,large,1.1683159222304744,0,hit,0.8419262766838074,0.7737613916397095,0.448297917842865,0.5330718159675598,-0.08477389812469482,0.46922531723976135,0.5130952000617981,-0.04386988282203674,0.5773758292198181,0.5908695459365845,-0.013493716716766357
09002200121707051459363092B_1294685000_482105900,1,LC,medium,4.065193205226443,0,hit,0.8164570927619934,0.3820101022720337,0.45616859197616577,0.47942647337913513,-0.02325788140296936,0.5198804140090942,0.4663600027561188,0.053520411252975464,0.7318308353424072,0.5713550448417664,0.16047579050064087
09002200121707051459363092B_1294685000_482105900,2,AC,medium,2.6666832639993148,0,localization_error,0.7632352113723755,0.17748118937015533,0.43437284231185913,0.4820232391357422,-0.04765039682388306,0.4379882216453552,0.5017033219337463,-0.06371510028839111,0.7098799347877502,0.6008481383323669,0.1090317964553833
09002200121707051459363092B_1294685000_482105900,3,P,medium,3.800015136866571,0,hit,0.9495468139648438,0.898708701133728,0.6440684199333191,0.46057453751564026,0.18349388241767883,0.7752355933189392,0.46549463272094727,0.30974096059799194,1.0746124982833862,0.6309146881103516,0.44369781017303467
09002200121707051459363092B_1294685000_482105900,4,MC,medium,2.656256675720215,0,localization_error,0.4947088062763214,0.14807401597499847,0.6008660197257996,0.5917806625366211,0.009085357189178467,0.6859857439994812,0.609214723110199,0.07677102088928223,0.8361797332763672,0.6498116254806519,0.18636810779571533
09002200121707051459363092B_1294685000_482105900,5,MC,medium,2.5217349768466306,0,hit,0.6571178436279297,0.20112209022045135,0.46897104382514954,0.5070673227310181,-0.03809627890586853,0.5569968819618225,0.580058753490448,-0.02306187152862549,0.8003191351890564,0.6894106864929199,0.11090844869613647
09002200121707051459363092B_1294685000_482105900,6,AC,medium,1.7758513824375604,0,hit,0.9058131575584412,0.636890172958374,0.48535898327827454,0.49277567863464355,-0.0074166953563690186,0.5276182293891907,0.48116108775138855,0.046457141637802124,0.6437179446220398,0.5411840677261353,0.10253387689590454
09002200121707071226467338D_1294853300_481915300,0,TC,large,16.312511444091797,1,hit,0.9622858762741089,0.8742827773094177,0.4599915146827698,0.5775752067565918,-0.11758369207382202,0.599992573261261,0.5956496596336365,0.004342913627624512,0.7958902716636658,0.6433423161506653,0.1525479555130005
09002200121707071228415328D_1294854800_481931200,0,TC,medium,4.947279490655377,0,hit,0.9146592020988464,0.7025098204612732,0.46917110681533813,0.4126157760620117,0.056555330753326416,0.7046735882759094,0.48506537079811096,0.21960821747779846,1.0699138641357422,0.6628821492195129,0.40703171491622925
09002200121707071228415328D_1294854800_481931200,1,TC,large,3.3281235148504624,0,hit,0.9700562357902527,0.9505119919776917,0.5350649952888489,0.6450101137161255,-0.10994511842727661,0.4743756353855133,0.55274498462677,-0.07836934924125671,0.5554077625274658,0.5751064419746399,-0.019698679447174072
09002200121707071603482311B_1295943600_480925500,0,AC,large,1.5718304207262181,0,hit,0.9819757342338562,0.9599007964134216,0.5577585101127625,0.6450592875480652,-0.08730077743530273,0.544752299785614,0.5429467558860779,0.0018055438995361328,0.689939022064209,0.5861737132072449,0.10376530885696411
09002200121707071603482311B_1295943600_480925500,1,AC,medium,1.3731292160676303,0,hit,0.8154051303863525,0.6153364777565002,0.5348014235496521,0.5050560832023621,0.02974534034729004,0.5792129635810852,0.5075544118881226,0.07165855169296265,0.783306360244751,0.6358960270881653,0.1474103331565857
09002200121707071603482311B_1295943600_480925500,2,AC,large,3.3767889160842564,0,hit,0.9260584712028503,0.829102635383606,0.4793567657470703,0.4899425506591797,-0.010585784912109375,0.5655210614204407,0.5292152166366577,0.03630584478378296,0.735129714012146,0.5483719110488892,0.18675780296325684
09002200121707071701326252Q_1295878600_482497200,0,LC,medium,5.714250525879827,1,hit,0.9213170409202576,0.8043917417526245,0.5933967232704163,0.49938806891441345,0.09400865435600281,0.6494008302688599,0.5126549005508423,0.13674592971801758,0.8080817461013794,0.6242624521255493,0.18381929397583008
09002200121707081016598022I_1294462900_482200800,0,TP,medium,4.307673046134681,0,hit,0.9429148435592651,0.8768215775489807,0.6792421340942383,0.8143723607063293,-0.13513022661209106,0.7259605526924133,0.5853350162506104,0.14062553644180298,0.8676741719245911,0.6758496761322021,0.19182449579238892
09002200121707081016598022I_1294462900_482200800,1,TP,large,11.81025256793005,1,hit,0.9209945797920227,0.9030967354774475,0.545918345451355,0.6913556456565857,-0.1454373002052307,0.6177079081535339,0.5267550349235535,0.09095287322998047,0.6411615014076233,0.553274929523468,0.08788657188415527
09002200121707081016598022I_1294462900_482200800,2,P,small,1.1578595704492742,0,localization_error,0.5564284920692444,0.3154989778995514,0.6307479739189148,0.6177616715431213,0.012986302375793457,0.5979434251785278,0.477198988199234,0.12074443697929382,0.783994734287262,0.5826379060745239,0.20135682821273804
09002200121707081016598022I_1294462900_482200800,3,LP,medium,1.1333381890329277,0,hit,0.9559314250946045,0.9336667060852051,0.5426235198974609,0.6581125259399414,-0.11548900604248047,0.7216862440109253,0.581159770488739,0.14052647352218628,0.7437269687652588,0.6694948673248291,0.07423210144042969
09002200121707081017248192I_1294454700_482229300,0,LP,small,1.071384041259226,0,hit,0.783734142780304,0.783734142780304,0.8770702481269836,0.704339325428009,0.1727309226989746,0.8261885046958923,0.8147478103637695,0.011440694332122803,0.7745400667190552,0.8180937170982361,-0.04355365037918091
09002200121707081017248192I_1294454700_482229300,1,LP,medium,2.8387737622933873,0,hit,0.9285112619400024,0.8212114572525024,0.7186678051948547,0.6102766394615173,0.1083911657333374,0.7033122181892395,0.46446797251701355,0.23884424567222595,0.8250018358230591,0.5785433650016785,0.24645847082138062
09002200121707081017248192I_1294454700_482229300,2,TP,medium,8.785663449256027,1,hit,0.8427813649177551,0.6229347586631775,0.6499161124229431,0.7550746202468872,-0.10515850782394409,0.9140734076499939,0.5978518724441528,0.31622153520584106,0.8258317112922668,0.7162429690361023,0.10958874225616455
09002200121707081017248192I_1294454700_482229300,3,LC,medium,1.333335028756496,0,hit,0.7301125526428223,0.6039971113204956,0.5667649507522583,0.5531092882156372,0.013655662536621094,0.6023322939872742,0.40572500228881836,0.1966072916984558,0.7020720839500427,0.43895387649536133,0.2631182074546814
09002200121707081017248192I_1294454700_482229300,4,TP,medium,19.714065242917098,1,hit,0.884727418422699,0.5876564979553223,0.668747067451477,0.5346311926841736,0.13411587476730347,0.6919892430305481,0.5653854608535767,0.12660378217697144,0.7096779942512512,0.7372912764549255,-0.027613282203674316
09002200121707081017248192I_1294454700_482229300,5,LP,medium,1.846127843376605,0,hit,0.8716896176338196,0.8577268123626709,0.6490976810455322,0.5506650805473328,0.09843260049819946,0.9547985792160034,0.519412636756897,0.43538594245910645,1.594128131866455,0.6910763382911682,0.9030517935752869
09002200121707081017483102I_1294448300_482255100,0,TP,medium,34.14242149455704,1,hit,0.7296662926673889,0.567605197429657,0.43696048855781555,0.808102548122406,-0.37114205956459045,0.4919966757297516,0.699928343296051,-0.20793166756629944,0.5956690311431885,0.6167705655097961,-0.021101534366607666
09002200121707081017483102I_1294448300_482255100,1,LP,medium,2.906979186923091,0,hit,0.9630394577980042,0.8377153873443604,0.6098230481147766,0.6735333800315857,-0.06371033191680908,0.6041358113288879,0.5309259295463562,0.07320988178253174,0.7455681562423706,0.5522199273109436,0.193348228931427
09002200121707081017483102I_1294448300_482255100,2,TP,large,8.224072614463752,1,hit,0.9711490273475647,0.9522241950035095,0.49173587560653687,0.6084012985229492,-0.11666542291641235,0.5376952290534973,0.5052101016044617,0.032485127449035645,0.6252586841583252,0.6152756810188293,0.00998300313949585
09002200121707081017483102I_1294448300_482255100,3,TP,large,2.9809512183779763,0,hit,0.9743043780326843,0.9653174877166748,0.5696914792060852,0.6525241136550903,-0.08283263444900513,0.48673704266548157,0.4950675964355469,-0.008330553770065308,0.7140682935714722,0.5326544642448425,0.18141382932662964
09002200121707081018142782I_1294444300_482277900,0,TP,medium,4.238048874059779,0,hit,0.5788710713386536,0.30073386430740356,0.6834723353385925,0.6069452166557312,0.07652711868286133,0.6992440819740295,0.5369073748588562,0.16233670711517334,0.7254555225372314,0.6177946925163269,0.10766083002090454
09002200121707081018142782I_1294444300_482277900,1,TP,medium,2.7500133514404297,0,hit,0.8875506520271301,0.7072485089302063,0.5842291712760925,0.4971674084663391,0.08706176280975342,0.8094503879547119,0.4763585031032562,0.3330918848514557,0.9903292059898376,0.5524538159370422,0.4378753900527954
09002200121707081018142782I_1294444300_482277900,2,LP,large,4.346150821488559,0,hit,0.9635462760925293,0.9586817622184753,0.5569797158241272,0.6243317127227783,-0.06735199689865112,0.49231114983558655,0.5362063646316528,-0.043895214796066284,0.6457088589668274,0.618538498878479,0.02717036008834839
09002200121707081018142782I_1294444300_482277900,3,LP,medium,2.6071201248594025,0,hit,0.9604722857475281,0.9083949327468872,0.6207059621810913,0.6275652050971985,-0.006859242916107178,0.8086250424385071,0.5307407379150391,0.277884304523468,0.9051559567451477,0.6340126395225525,0.2711433172225952
09002200121707081018545182I_1294442400_482322300,0,TP,large,11.684266996757627,1,hit,0.8844504952430725,0.7821775078773499,0.4911421835422516,0.6745685935020447,-0.1834264099597931,0.4796842038631439,0.538362979888916,-0.058678776025772095,0.5799130201339722,0.5828410387039185,-0.002928018569946289
09002200121707081018545182I_1294442400_482322300,1,LP,large,2.9358963373862976,0,hit,0.9465396404266357,0.9408519864082336,0.5965920686721802,0.5231728553771973,0.07341921329498291,0.5060834884643555,0.4740244448184967,0.032059043645858765,0.6892419457435608,0.5118728876113892,0.17736905813217163
09002200121707081018545182I_1294442400_482322300,2,LP,large,1.104575425436237,0,hit,0.9824034571647644,0.9687913656234741,0.6285988688468933,0.657183825969696,-0.028584957122802734,0.5170425772666931,0.49847275018692017,0.01856982707977295,0.6133687496185303,0.5755929350852966,0.03777581453323364
09002200121707081019478092I_1294442500_482378400,0,LP,medium,2.3166531711703646,0,hit,0.9162377715110779,0.8817476630210876,0.49989694356918335,0.6549076437950134,-0.15501070022583008,0.5851321816444397,0.5467524528503418,0.0383797287940979,0.7518173456192017,0.6336368918418884,0.11818045377731323
09002200121707081019478092I_1294442500_482378400,1,LP,small,1.1764224373151047,0,hit,0.5850884914398193,0.42201006412506104,0.8024773001670837,0.47512197494506836,0.3273553252220154,0.989378809928894,0.5635169744491577,0.42586183547973633,1.2445964813232422,0.9011532068252563,0.34344327449798584
09002200121707081019478092I_1294442500_482378400,2,TP,large,8.926361669210882,1,hit,0.9210888743400574,0.7126508951187134,0.5555486083030701,0.7141614556312561,-0.15861284732818604,0.4508014917373657,0.5238813757896423,-0.07307988405227661,0.6392856240272522,0.5104779601097107,0.1288076639175415
09002200121707081019478092I_1294442500_482378400,3,LP,large,1.0906594166677426,0,hit,0.9750186204910278,0.9653949737548828,0.7116039395332336,0.7715961337089539,-0.059992194175720215,0.5353738069534302,0.5905820727348328,-0.05520826578140259,0.5409589409828186,0.6297313570976257,-0.08877241611480713
09002200121707081339476092Q_1295924000_482460500,0,TC,medium,23.00048274331373,1,hit,0.6729639768600464,0.3452428877353668,0.4731462299823761,0.5987383723258972,-0.12559214234352112,0.559592068195343,0.5564984679222107,0.0030936002731323242,0.7872573137283325,0.734090268611908,0.05316704511642456
09002200121707081339476092Q_1295924000_482460500,1,P,small,3.3847183161413605,0,hit,0.8679291605949402,0.8679291605949402,0.7865644097328186,0.5466179847717285,0.2399464249610901,0.9085977673530579,0.5419197082519531,0.36667805910110474,1.3282554149627686,0.8165296912193298,0.5117257237434387
09002200121707081339476092Q_1295924000_482460500,2,MC,small,4.266806577362544,0,hit,0.8526535034179688,0.7508817315101624,0.5846377611160278,0.5527037978172302,0.03193396329879761,0.6557623147964478,0.5091831088066101,0.14657920598983765,0.5873836874961853,0.5606529116630554,0.026730775833129883
09002200121707081339476092Q_1295924000_482460500,3,LC,large,1.2061834003982999,0,hit,0.8306426405906677,0.6617457866668701,0.5020297169685364,0.6064146757125854,-0.10438495874404907,0.5390045046806335,0.5275049209594727,0.011499583721160889,0.7041206359863281,0.6362512707710266,0.06786936521530151
09002200121707081348587772I_1295898200_481489800,0,TP,large,8.016112741445014,1,hit,0.9023873209953308,0.8604232668876648,0.5263574719429016,0.5875781774520874,-0.06122070550918579,0.47134876251220703,0.4721285402774811,-0.0007797777652740479,0.5564213395118713,0.5018170475959778,0.054604291915893555
09002200121707081400020322I_1294725000_481462900,0,TP,large,3.017552444781863,0,hit,0.9550749063491821,0.9541515707969666,0.6220265030860901,0.48600292205810547,0.13602358102798462,0.4609608054161072,0.45553937554359436,0.005421429872512817,0.6066561937332153,0.4698769748210907,0.13677921891212463
09002200121707081401479802I_1294582200_481581200,0,TP,large,8.894114774816176,1,hit,0.9440572261810303,0.9089072346687317,0.4503141939640045,0.7295463681221008,-0.2792321741580963,0.5061615109443665,0.5371775031089783,-0.031015992164611816,0.6025370359420776,0.5760712623596191,0.026465773582458496
09002200121707081402418732I_1294575600_481618200,0,LP,large,10.225939511357618,1,hit,0.9707357883453369,0.8656501770019531,0.6208333373069763,0.6501541137695312,-0.02932077646255493,0.5310869216918945,0.4987378716468811,0.03234905004501343,0.7735927700996399,0.6008585095405579,0.17273426055908203
09002200121707081405071122I_1294549000_481735800,0,LP,small,1.450004653994577,0,hit,0.6892862319946289,0.5640864372253418,0.6971474885940552,0.7771035432815552,-0.0799560546875,0.9278295636177063,0.607665479183197,0.3201640844345093,1.0555073022842407,0.682547926902771,0.3729593753814697
09002200121707081405071122I_1294549000_481735800,1,TP,large,13.214194940654599,1,hit,0.8045176863670349,0.3078781068325043,0.4889356791973114,0.6215419173240662,-0.13260623812675476,0.48281994462013245,0.48889589309692383,-0.006075948476791382,0.5757338404655457,0.5138448476791382,0.06188899278640747
09002200121707081405071122I_1294549000_481735800,2,TP,medium,2.785696068707698,0,hit,0.927312970161438,0.6417838335037231,0.743834376335144,0.6192223429679871,0.12461203336715698,0.6098048090934753,0.520335853099823,0.08946895599365234,0.8094110488891602,0.5154853463172913,0.2939257025718689
09002200121707081405071122I_1294549000_481735800,3,LP,large,1.5560982566541837,0,hit,0.9451778531074524,0.7630103826522827,0.5513033270835876,0.6896349191665649,-0.1383315920829773,0.5486982464790344,0.5695148706436157,-0.0208166241645813,0.7004581093788147,0.6263368725776672,0.07412123680114746
09002200121707081405269712I_1294547600_481772100,0,LP,large,5.6852316525945765,1,hit,0.9645624160766602,0.9470699429512024,0.6184781193733215,0.6648301482200623,-0.04635202884674072,0.5723801255226135,0.554778516292572,0.017601609230041504,0.732538104057312,0.6202154159545898,0.11232268810272217
09002200121707081407142052I_1294544300_481981500,0,LC,medium,1.0704245935257257,0,hit,0.8841521739959717,0.8427903652191162,0.5654515027999878,0.5112788081169128,0.05417269468307495,0.5524806976318359,0.4734252095222473,0.07905548810958862,0.647264301776886,0.5597334504127502,0.08753085136413574
09002200121707081407142052I_1294544300_481981500,1,LP,small,2.588175316655657,0,hit,0.7737091779708862,0.7203394770622253,0.46454155445098877,0.4030068814754486,0.06153467297554016,0.6131340265274048,0.4958324134349823,0.11730161309242249,0.7679508328437805,0.7958905100822449,-0.027939677238464355
09002200121707081407142052I_1294544300_481981500,2,TP,medium,25.400812607832286,1,hit,0.8629432916641235,0.5544770359992981,0.5268388390541077,0.6775080561637878,-0.15066921710968018,0.613389790058136,0.5741961598396301,0.03919363021850586,0.8407155275344849,0.7349765300750732,0.10573899745941162
09002200121707081407142052I_1294544300_481981500,3,LP,large,1.1184968857552842,0,hit,0.9139224290847778,0.8717064261436462,0.5678350925445557,0.7427956461906433,-0.17496055364608765,0.4886623024940491,0.591425359249115,-0.10276305675506592,0.56092369556427,0.6358513236045837,-0.07492762804031372
09002200121707081407524182I_1294529500_482016000,0,LP,large,1.1809564222883275,0,hit,0.7197126746177673,0.38967782258987427,0.4686136245727539,0.5391853451728821,-0.07057172060012817,0.4704653322696686,0.463579386472702,0.006885945796966553,0.5790875554084778,0.5516931414604187,0.027394413948059082
09002200121707081407524182I_1294529500_482016000,1,TP,large,13.446320048130161,1,hit,0.7296933531761169,0.5428346991539001,0.4755367338657379,0.7238566279411316,-0.24831989407539368,0.4822796881198883,0.5389165282249451,-0.05663684010505676,0.644832968711853,0.5375472903251648,0.10728567838668823
09002200121707081407524182I_1294529500_482016000,2,LP,large,1.7523821163400508,0,hit,0.9430073499679565,0.8023410439491272,0.4732651114463806,0.6501700282096863,-0.17690491676330566,0.40248966217041016,0.48688775300979614,-0.08439809083938599,0.4916777014732361,0.5623982548713684,-0.07072055339813232
09002200121707081407524182I_1294529500_482016000,3,TP,large,14.814914154600839,1,hit,0.8525145649909973,0.8144846558570862,0.405060350894928,0.6772560477256775,-0.2721956968307495,0.5615754723548889,0.6417859196662903,-0.08021044731140137,0.5476512908935547,0.6638985872268677,-0.11624729633331299
09002200121707081408485572I_1294514400_482045100,0,TP,medium,18.70542481196259,1,hit,0.9075375199317932,0.7346199154853821,0.43424439430236816,0.48761969804763794,-0.053375303745269775,0.5046824216842651,0.5079126954078674,-0.003230273723602295,0.6785231828689575,0.6674320101737976,0.011091172695159912
09002200121707081408485572I_1294514400_482045100,1,LP,large,2.972610195906621,0,hit,0.9663507342338562,0.9501919150352478,0.5091373920440674,0.7567848563194275,-0.2476474642753601,0.6415808796882629,0.588878333568573,0.05270254611968994,0.7211601734161377,0.5857942700386047,0.13536590337753296
09002200121707081410569752I_1294484400_482124200,0,TP,large,6.1110979245256365,1,hit,0.9345201253890991,0.9199529886245728,0.5392645001411438,0.6663848757743835,-0.12712037563323975,0.5274427533149719,0.5439435243606567,-0.016500771045684814,0.5188891291618347,0.5883935689926147,-0.06950443983078003
09002200121707081410569752I_1294484400_482124200,1,LP,medium,2.324299090087296,0,hit,0.9438775777816772,0.9354109168052673,0.4719964265823364,0.4802422523498535,-0.00824582576751709,0.772903323173523,0.512758731842041,0.26014459133148193,0.9688017964363098,0.5306787490844727,0.43812304735183716
09002200121707081410569752I_1294484400_482124200,2,LP,medium,1.5303100502061793,0,localization_error,0.6971836090087891,0.10155035555362701,0.6047807335853577,0.5417974591255188,0.06298327445983887,0.5312871336936951,0.47693681716918945,0.054350316524505615,0.7348958253860474,0.5605166554450989,0.1743791699409485
09002200121707081420434872I_1294446100_482250000,0,TC,medium,1.5517111834642072,0,hit,0.8967416882514954,0.3406822979450226,0.5679600834846497,0.646455705165863,-0.07849562168121338,0.5515649914741516,0.5066276788711548,0.044937312602996826,0.6288764476776123,0.5317593812942505,0.09711706638336182
09002200121707081420434872I_1294446100_482250000,1,TP,large,4.273566659296417,0,hit,0.9709197878837585,0.9590553045272827,0.4777139723300934,0.6274787783622742,-0.1497648060321808,0.48713240027427673,0.54669189453125,-0.05955949425697327,0.540359616279602,0.5541884303092957,-0.013828814029693604
09002200121707081420434872I_1294446100_482250000,2,TC,medium,2.309520107304838,0,hit,0.9409840106964111,0.7492263913154602,0.5908992886543274,0.7450839281082153,-0.15418463945388794,0.5228053331375122,0.5481915473937988,-0.02538621425628662,0.622362494468689,0.5454996228218079,0.0768628716468811
09002200121707081420434872I_1294446100_482250000,3,TP,large,2.5172390992614044,0,hit,0.940283477306366,0.9158546328544617,0.5313318371772766,0.5174762606620789,0.013855576515197754,0.4854743778705597,0.46834036707878113,0.017134010791778564,0.7953504920005798,0.4727376401424408,0.32261285185813904
09002200121707081420434872I_1294446100_482250000,4,MC,medium,2.613630184491608,0,hit,0.9699148535728455,0.932741105556488,0.7394186854362488,0.5009503364562988,0.23846834897994995,0.7957770228385925,0.5157194137573242,0.2800576090812683,1.1164318323135376,0.6046080589294434,0.5118237733840942
09002200121707081426522602I_1294582200_481572900,0,TP,large,5.97118186401178,1,hit,0.9814714789390564,0.9595612287521362,0.6333390474319458,0.650678813457489,-0.017339766025543213,0.42969954013824463,0.5040051341056824,-0.07430559396743774,0.5115949511528015,0.5210554599761963,-0.009460508823394775
09002200121707081428367892I_1294743800_481460600,0,LP,large,1.643315546273698,0,hit,0.9708797931671143,0.9174079298973083,0.6223428845405579,0.5921749472618103,0.03016793727874756,0.5347427725791931,0.5140733122825623,0.02066946029663086,0.5800099968910217,0.5771502256393433,0.002859771251678467
09002200121707081428367892I_1294743800_481460600,1,LP,large,1.9170934045408636,0,hit,0.9544095396995544,0.8812704682350159,0.5523779392242432,0.6944743990898132,-0.14209645986557007,0.5926859378814697,0.558541476726532,0.034144461154937744,0.6192659735679626,0.6475356221199036,-0.028269648551940918
09002200121707081429105542I_1294823600_481458700,0,LP,large,2.495421227986673,0,hit,0.8867440819740295,0.8805601000785828,0.5260270237922668,0.6266428828239441,-0.10061585903167725,0.6221493482589722,0.5142807364463806,0.10786861181259155,0.8303936123847961,0.5749062895774841,0.255487322807312
09002200121707081429549342I_1294926200_481456400,0,P,small,1.9166331829533143,0,hit,0.7058337926864624,0.7058337926864624,0.6782902479171753,0.5166099667549133,0.16168028116226196,0.8771139979362488,0.6172369122505188,0.25987708568573,0.7993684411048889,0.7856248617172241,0.013743579387664795
09002200121707081429549342I_1294926200_481456400,1,LP,large,4.280705567917283,0,hit,0.9508410692214966,0.9449197053909302,0.5900929570198059,0.453249454498291,0.1368435025215149,0.6430031657218933,0.45448070764541626,0.18852245807647705,0.8094826936721802,0.5132291316986084,0.2962535619735718
09002200121707081430305842I_1295010200_481455100,0,TP,large,10.499968155655157,1,hit,0.9504987597465515,0.8768303990364075,0.6228845715522766,0.7278322577476501,-0.10494768619537354,0.5713887810707092,0.5071112513542175,0.0642775297164917,0.7388884425163269,0.5472568869590759,0.19163155555725098
09002200121707081431511392I_1295198200_481458800,0,TP,large,15.356946363878123,1,hit,0.7943431735038757,0.6729743480682373,0.41059768199920654,0.5918110609054565,-0.18121337890625,0.5060010552406311,0.4579141139984131,0.04808694124221802,0.6911941170692444,0.5821544528007507,0.10903966426849365
09002200121707081431511392I_1295198200_481458800,1,TP,large,7.412504577636719,1,hit,0.9344059824943542,0.8844378590583801,0.6185444593429565,0.5981654524803162,0.02037900686264038,0.5207136869430542,0.48609301447868347,0.03462067246437073,0.6663787961006165,0.5633856654167175,0.10299313068389893
09002200121707081431511392I_1295198200_481458800,2,LP,large,2.4379599083134895,0,hit,0.9535850286483765,0.9459280967712402,0.638347864151001,0.5947057604789734,0.04364210367202759,0.7313933968544006,0.48691806197166443,0.2444753348827362,0.725790798664093,0.5772017240524292,0.14858907461166382
09002200121707081432458332I_1295314800_481461600,0,TP,medium,2.8000610360875866,0,hit,0.8474187850952148,0.7001950740814209,0.6404603123664856,0.7008190155029297,-0.06035870313644409,0.8979473114013672,0.6602048277854919,0.23774248361587524,0.8467957973480225,0.7262514233589172,0.12054437398910522
09002200121707081432458332I_1295314800_481461600,1,LC,large,1.5000058128889187,0,hit,0.9615654349327087,0.29191938042640686,0.49628591537475586,0.5550231337547302,-0.058737218379974365,0.5583274960517883,0.47283655405044556,0.08549094200134277,0.6128829121589661,0.5333014130592346,0.07958149909973145
09002200121707081432458332I_1295314800_481461600,2,TP,large,10.844751909702309,1,hit,0.9880176782608032,0.9790713787078857,0.47369328141212463,0.7412466406822205,-0.2675533592700958,0.5340175628662109,0.6064860820770264,-0.07246851921081543,0.6064881682395935,0.6249035000801086,-0.018415331840515137
09002200121707081433230542I_1295390000_481463100,0,LP,large,4.342883649715357,0,hit,0.9577587246894836,0.9280256032943726,0.5828806757926941,0.7920827269554138,-0.20920205116271973,0.5857073664665222,0.64551842212677,-0.0598110556602478,0.6129476428031921,0.5735737085342407,0.039373934268951416
09002200121707081433230542I_1295390000_481463100,1,TP,large,9.742853073846726,1,hit,0.9567986130714417,0.9221762418746948,0.4320066273212433,0.7385780215263367,-0.3065713942050934,0.4257674217224121,0.5051196813583374,-0.07935225963592529,0.5459271669387817,0.5947985649108887,-0.048871397972106934
09002200121707081433463542I_1295437200_481464200,0,LP,large,3.7999814860779373,0,hit,0.8845995664596558,0.8270309567451477,0.46230193972587585,0.63777095079422,-0.17546901106834412,0.4936773478984833,0.5997793078422546,-0.10610195994377136,0.5755820870399475,0.5925152897834778,-0.016933202743530273
09002200121707081433463542I_1295437200_481464200,1,LP,large,1.1874984741210937,0,hit,0.8780059218406677,0.6021286845207214,0.5444700717926025,0.5260700583457947,0.01840001344680786,0.45663419365882874,0.48949703574180603,-0.032862842082977295,0.6131884455680847,0.5542802810668945,0.058908164501190186
09002200121707081433463542I_1295437200_481464200,2,LP,medium,3.6744423058361297,0,hit,0.775479257106781,0.24246235191822052,0.5175435543060303,0.5328551530838013,-0.015311598777770996,0.7117274403572083,0.4803086221218109,0.23141881823539734,0.827081561088562,0.5041192770004272,0.32296228408813477
09002200121707081433463542I_1295437200_481464200,3,LP,medium,2.2790784490736797,0,hit,0.9254298806190491,0.8145174384117126,0.39848822355270386,0.4792419373989105,-0.08075371384620667,0.7087867856025696,0.5331060290336609,0.1756807565689087,0.7634928226470947,0.5828288197517395,0.18066400289535522
09002200121707081433463542I_1295437200_481464200,4,TP,large,8.474151556925927,1,hit,0.9066368341445923,0.44108259677886963,0.4080173075199127,0.7178004384040833,-0.30978313088417053,0.4104655086994171,0.49496427178382874,-0.08449876308441162,0.45809996128082275,0.5454805493354797,-0.08738058805465698
09002200121707081434266032I_1295480200_481466200,0,LP,large,1.4731515169886507,0,hit,0.8973434567451477,0.7243593335151672,0.6002665758132935,0.6788687705993652,-0.07860219478607178,0.4931350350379944,0.5117014050483704,-0.018566370010375977,0.5404233932495117,0.6199641227722168,-0.07954072952270508
09002200121707081436364362B_1294685100_481977100,0,TP,medium,23.92363853192918,1,hit,0.7754231095314026,0.18698550760746002,0.4838211238384247,0.4997047483921051,-0.01588362455368042,0.49304232001304626,0.4548635482788086,0.03817877173423767,0.6757872700691223,0.6666898131370544,0.009097456932067871
09002200121707081436364362B_1294685100_481977100,1,TP,medium,5.9165513803837,1,localization_error,0.8218734264373779,0.20748665928840637,0.46794795989990234,0.4877369999885559,-0.019789040088653564,0.7153423428535461,0.527520477771759,0.1878218650817871,1.0149627923965454,0.6761710047721863,0.33879178762435913
09002200121707081436364362B_1294685100_481977100,2,TP,large,8.484722969736314,1,hit,0.9520198106765747,0.2687838673591614,0.5115126967430115,0.520624577999115,-0.009111881256103516,0.5662382245063782,0.47420474886894226,0.09203347563743591,0.7112572193145752,0.5349004864692688,0.1763567328453064
09002200121707081436364362B_1294685100_481977100,3,LP,medium,1.0568074628936053,0,hit,0.9216787219047546,0.9005985856056213,0.5133978724479675,0.5729885697364807,-0.059590697288513184,0.5989803671836853,0.4762781262397766,0.12270224094390869,0.682483434677124,0.6506703495979309,0.031813085079193115
09002200121707081437115822I_1295573800_481472300,0,TP,medium,5.523733680551519,1,hit,0.7957897782325745,0.7081938982009888,0.4643673300743103,0.6445943713188171,-0.18022704124450684,0.6860378980636597,0.5358721017837524,0.15016579627990723,0.7917869687080383,0.570513904094696,0.22127306461334229
09002200121707081437115822I_1295573800_481472300,1,LP,large,2.3921638908519287,0,hit,0.8726494312286377,0.8403843641281128,0.46110594272613525,0.7369597554206848,-0.27585381269454956,0.5833260416984558,0.5462619662284851,0.0370640754699707,0.627629816532135,0.6294624209403992,-0.0018326044082641602
09002200121707081437115822I_1295573800_481472300,2,TP,large,16.707969991735013,1,hit,0.9003221988677979,0.6649870276451111,0.41748544573783875,0.5509707927703857,-0.133485347032547,0.5953466892242432,0.5727903246879578,0.0225563645362854,0.6668338775634766,0.613502562046051,0.05333131551742554
09002200121707081437115822I_1295573800_481472300,3,LP,large,1.8963694914707512,0,hit,0.9660000801086426,0.9486402869224548,0.49888721108436584,0.5590009093284607,-0.06011369824409485,0.5118451714515686,0.4740113914012909,0.03783378005027771,0.6477879881858826,0.5835499167442322,0.06423807144165039
09002200121707081437321322I_1295595500_481473600,0,TP,large,10.809607589344536,1,hit,0.9255449175834656,0.908242404460907,0.582389235496521,0.7271444201469421,-0.14475518465042114,0.5533189177513123,0.5410488843917847,0.012270033359527588,0.6613448858261108,0.5272359251976013,0.13410896062850952
09002200121707081437321322I_1295595500_481473600,1,TP,medium,4.581420535436737,0,hit,0.928521990776062,0.9074892997741699,0.6712974905967712,0.6256229281425476,0.04567456245422363,0.5806248188018799,0.4833579957485199,0.09726682305335999,0.8220784664154053,0.512586772441864,0.30949169397354126
09002200121707081437321322I_1295595500_481473600,2,TP,large,5.281248092651367,1,hit,0.9652245044708252,0.9224727749824524,0.5839218497276306,0.6226862072944641,-0.038764357566833496,0.6103338599205017,0.5029827356338501,0.10735112428665161,0.7545701265335083,0.5379492044448853,0.21662092208862305
09002200121707081437321322I_1295595500_481473600,3,LP,large,1.7142941461723116,0,hit,0.9752600789070129,0.781055748462677,0.6078917384147644,0.6707285046577454,-0.06283676624298096,0.6444091796875,0.5716955661773682,0.07271361351013184,0.6342136263847351,0.6742507815361023,-0.04003715515136719
09002200121707081438096292I_1295619800_481475000,0,TP,large,9.29997547501892,1,hit,0.9558593034744263,0.89605712890625,0.543402910232544,0.7352102398872375,-0.1918073296546936,0.5379828214645386,0.5341356992721558,0.0038471221923828125,0.6461111307144165,0.560712456703186,0.08539867401123047
09002200121707081438426442I_1295646200_481476700,0,TP,large,11.953743254498487,1,hit,0.9438512325286865,0.9136094450950623,0.399488627910614,0.6980403065681458,-0.29855167865753174,0.4685145616531372,0.5050255656242371,-0.036511003971099854,0.5628848671913147,0.5249396562576294,0.0379452109336853
09002200121707081440410152I_1295759000_481482800,0,TP,large,4.469384329659598,0,hit,0.9808931946754456,0.9728457927703857,0.6134136915206909,0.6181624531745911,-0.0047487616539001465,0.5249924063682556,0.48457643389701843,0.04041597247123718,0.6424530744552612,0.5394324064254761,0.10302066802978516
09002200121707081443002002B_1294917800_481994200,0,LP,small,1.4614997282803255,0,hit,0.9227257966995239,0.6049805283546448,0.7980318665504456,0.6092235445976257,0.18880832195281982,1.164298176765442,0.6892569661140442,0.4750412106513977,1.1078556776046753,0.8870155215263367,0.22084015607833862
09002200121707081443002002B_1294917800_481994200,1,LP,large,1.6813236490560646,0,hit,0.9555690288543701,0.9134784936904907,0.6247148513793945,0.6285212635993958,-0.0038064122200012207,0.5753073692321777,0.4910913109779358,0.08421605825424194,0.8267992734909058,0.5530685782432556,0.27373069524765015
09002200121707081443002002B_1294917800_481994200,2,LP,large,2.3835677198732474,0,hit,0.968070924282074,0.968070924282074,0.5038323998451233,0.7848187685012817,-0.28098636865615845,0.4794793128967285,0.558643102645874,-0.07916378974914551,0.7137354612350464,0.5724995732307434,0.14123588800430298
09002200121707081443002002B_1294917800_481994200,3,LC,large,1.4571422758556547,0,hit,0.9012256860733032,0.877443253993988,0.6372755765914917,0.6516961455345154,-0.014420568943023682,0.5930845141410828,0.6221252679824829,-0.029040753841400146,0.6627151966094971,0.6253346800804138,0.03738051652908325
09002200121707081443002002B_1294917800_481994200,4,LP,large,1.2695090491288512,0,hit,0.860739529132843,0.8515109419822693,0.5882516503334045,0.7069528698921204,-0.11870121955871582,0.5067443251609802,0.5889657139778137,-0.0822213888168335,0.78656405210495,0.5748076438903809,0.2117564082145691
09002200121707081443389802I_1296026800_481486500,0,TP,large,13.877420053984503,1,hit,0.9704283475875854,0.9539433717727661,0.48535072803497314,0.6578304171562195,-0.17247968912124634,0.5397565960884094,0.521955132484436,0.01780146360397339,0.6531761884689331,0.5598697662353516,0.09330642223358154
09002200121707081443389802I_1296026800_481486500,1,LP,small,3.176376397939218,0,hit,0.7594045996665955,0.6379873156547546,0.6997925639152527,0.8037027716636658,-0.10391020774841309,0.7511863708496094,0.6474528908729553,0.10373347997665405,0.8689529895782471,0.6233887076377869,0.2455642819404602
09002200121707081443389802I_1296026800_481486500,2,TP,small,3.928528766800797,0,hit,0.7662760615348816,0.1179141029715538,0.8129913210868835,0.8577746748924255,-0.04478335380554199,0.6066287159919739,0.5926225781440735,0.01400613784790039,0.5630780458450317,0.627933144569397,-0.06485509872436523
09002200121707081449482512B_1294404300_481968100,0,TP,large,17.956411841818944,1,hit,0.7955333590507507,0.7947959899902344,0.626288115978241,0.5654368996620178,0.060851216316223145,0.5035036206245422,0.4946313500404358,0.008872270584106445,0.6905208230018616,0.6073608994483948,0.0831599235534668
09002200121707090856313992Q_1295174500_482422000,0,LP,medium,3.1052004330214165,0,hit,0.845501184463501,0.8289535641670227,0.596154510974884,0.41809001564979553,0.1780644953250885,0.8887727856636047,0.47486525774002075,0.413907527923584,1.0016428232192993,0.6222824454307556,0.3793603777885437
09002200121707090856313992Q_1295174500_482422000,1,TP,medium,28.154521167958606,1,hit,0.9277299046516418,0.8511011004447937,0.4548274278640747,0.6118475794792175,-0.15702015161514282,0.7362659573554993,0.5943102240562439,0.14195573329925537,0.7178866267204285,0.6764890551567078,0.0413975715637207
09002200121707090856313992Q_1295174500_482422000,2,LP,large,1.8741293394311762,0,hit,0.9809674024581909,0.9349240064620972,0.655906081199646,0.6463589668273926,0.009547114372253418,0.5638025403022766,0.5504504442214966,0.01335209608078003,0.7613687515258789,0.6244935393333435,0.1368752121925354
09002200121707090856313992Q_1295174500_482422000,3,TP,small,4.000274677063702,0,localization_error,0.3312668800354004,0.20754528045654297,0.6520249247550964,0.5360565185546875,0.11596840620040894,0.9841675162315369,0.7634380459785461,0.22072947025299072,1.2624727487564087,1.0053209066390991,0.25715184211730957
09002200121707091019379408D_1295013300_482055800,0,LC,medium,1.793083708135935,0,localization_error,0.6303765177726746,0.10697561502456665,0.490551620721817,0.5809244513511658,-0.09037283062934875,0.5298312306404114,0.5137986540794373,0.01603257656097412,0.6311102509498596,0.5590069890022278,0.07210326194763184
09002200121707091019379408D_1295013300_482055800,1,TC,small,10.125748685746549,1,hit,0.8707390427589417,0.7568954229354858,0.4726813733577728,0.5195111632347107,-0.046829789876937866,0.6529796719551086,0.49157801270484924,0.1614016592502594,0.9079915285110474,0.7402366995811462,0.16775482892990112
09002200121707091019379408D_1295013300_482055800,2,LC,large,1.3902430764123508,0,hit,0.9349409341812134,0.7079728245735168,0.508098840713501,0.5947955250740051,-0.08669668436050415,0.4839336574077606,0.5757163763046265,-0.09178271889686584,0.5326802134513855,0.5882308483123779,-0.05555063486099243
09002200121707091019379408D_1295013300_482055800,3,TC,large,1.7432408022949104,0,hit,0.9290430545806885,0.894011378288269,0.4647690951824188,0.6055187582969666,-0.14074966311454773,0.5321195125579834,0.5158222317695618,0.01629728078842163,0.7151221632957458,0.5487850308418274,0.16633713245391846
09002200121707091259179642Q_1295357800_482888100,0,LC,medium,3.05710922581939,0,hit,0.8558751940727234,0.7767258286476135,0.5477290749549866,0.540080726146698,0.007648348808288574,0.6918722987174988,0.5348796248435974,0.15699267387390137,0.9986218214035034,0.515523374080658,0.48309844732284546
09002200121707091259179642Q_1295357800_482888100,1,TP,medium,4.521693902354883,0,hit,0.8284274339675903,0.8232247829437256,0.6987643837928772,0.655889630317688,0.04287475347518921,0.7022446393966675,0.534141480922699,0.1681031584739685,0.8965034484863281,0.6056843996047974,0.29081904888153076
09002200121707091259179642Q_1295357800_482888100,2,MC,small,4.250284214461748,0,hit,0.8665168881416321,0.8414170145988464,0.5951317548751831,0.5383604168891907,0.05677133798599243,0.8574198484420776,0.8322767615318298,0.025143086910247803,1.08733069896698,0.9783781170845032,0.1089525818824768
09002200121707091259179642Q_1295357800_482888100,3,LP,medium,2.3030012151342474,0,hit,0.8410336375236511,0.45208248496055603,0.5594782829284668,0.6044107675552368,-0.04493248462677002,0.8729400634765625,0.5113947987556458,0.36154526472091675,1.0303382873535156,0.6043385863304138,0.4259997010231018
09002200121707091323274701M_1296231600_482917500,0,TC,large,6.913036959391772,1,hit,0.9020618200302124,0.4003998637199402,0.5051344633102417,0.5405884385108948,-0.035453975200653076,0.5920761823654175,0.4997182786464691,0.09235790371894836,0.6316717863082886,0.5679906010627747,0.06368118524551392
09002200121707091323274701M_1296231600_482917500,1,LC,medium,2.23530731732712,0,hit,0.7386019229888916,0.34729981422424316,0.5951697826385498,0.5047845840454102,0.09038519859313965,0.9139826893806458,0.508529007434845,0.4054536819458008,0.999406635761261,0.6734299063682556,0.32597672939300537
09002200121707091323274701M_1296231600_482917500,2,LC,medium,1.6999887085305525,0,hit,0.858559250831604,0.845011830329895,0.4840296804904938,0.5233449935913086,-0.03931531310081482,0.5298210978507996,0.5219303965568542,0.007890701293945312,0.598380446434021,0.6807422637939453,-0.08236181735992432
09002200121707091323274701M_1296231600_482917500,3,LC,small,1.038434994084396,0,hit,0.6567744016647339,0.1810956448316574,0.603304922580719,0.46105629205703735,0.14224863052368164,0.7394108176231384,0.4981001913547516,0.24131062626838684,0.7337772250175476,0.6565136313438416,0.07726359367370605
09002200121707091323274701M_1296231600_482917500,4,LC,medium,1.5999975585788488,0,hit,0.777413010597229,0.4689437747001648,0.5647566318511963,0.4615646302700043,0.10319200158119202,0.7953757643699646,0.506225049495697,0.2891507148742676,0.9528595805168152,0.6019814610481262,0.35087811946868896
09002200121707091431012111M_1296317500_483022700,0,LC,medium,2.037057675288139,0,hit,0.9395469427108765,0.7000036835670471,0.7488300800323486,0.5159263610839844,0.23290371894836426,0.7298360466957092,0.5649041533470154,0.16493189334869385,0.6663079857826233,0.6605262160301208,0.005781769752502441
09002200121707091431012111M_1296317500_483022700,1,MC,small,3.00004747275403,0,hit,0.6466726660728455,0.6367559432983398,0.6476408839225769,0.5087268352508545,0.1389140486717224,0.8420641422271729,0.5626177787780762,0.2794463634490967,0.7538607120513916,0.7373964190483093,0.016464293003082275
09002200121707091431012111M_1296317500_483022700,2,LC,medium,2.604660834708996,0,hit,0.931061327457428,0.843879759311676,0.4937934875488281,0.4526020586490631,0.041191428899765015,0.7633198499679565,0.5041277408599854,0.2591921091079712,0.971576988697052,0.6138960123062134,0.3576809763908386
09002200121707091431012111M_1296317500_483022700,3,MC,medium,2.689699008058864,0,hit,0.9056789875030518,0.8648465275764465,0.5702453255653381,0.5456027984619141,0.024642527103424072,0.7078278064727783,0.4874303936958313,0.22039741277694702,1.201080560684204,0.5283945202827454,0.6726860404014587
09002200121707091541226858T_1295687000_482010900,0,MC,small,4.3997595302906385,0,localization_error,0.4366174042224884,0.3043038249015808,0.7476620078086853,0.5931808352470398,0.1544811725616455,0.5593494176864624,0.526041567325592,0.03330785036087036,0.7127206921577454,0.6449368596076965,0.06778383255004883
09002200121707091541226858T_1295687000_482010900,1,MC,medium,3.2000394444512263,0,hit,0.7807787656784058,0.7074465751647949,0.6216948628425598,0.5312985777854919,0.09039628505706787,0.9570369720458984,0.5785152316093445,0.37852174043655396,1.0629664659500122,0.7056159377098083,0.35735052824020386
09002200121707091541226858T_1295687000_482010900,2,AC,large,2.8604553674251707,0,localization_error,0.7463613748550415,0.20237283408641815,0.5394564867019653,0.5602921843528748,-0.020835697650909424,0.543795645236969,0.5224232077598572,0.021372437477111816,0.6637894511222839,0.5841766595840454,0.07961279153823853
09002200121707091541226858T_1295687000_482010900,3,TC,medium,3.714249840874016,0,localization_error,0.48868000507354736,0.16447167098522186,0.5832503437995911,0.5853617787361145,-0.0021114349365234375,0.5095289945602417,0.5131635069847107,-0.003634512424468994,0.6876784563064575,0.5978729128837585,0.08980554342269897
09002200121707091545134709S_1295248500_482605400,0,LC,large,3.0151598661663006,0,hit,0.8383836150169373,0.5590551495552063,0.6371909379959106,0.5564204454421997,0.08077049255371094,0.6006472110748291,0.5132493376731873,0.08739787340164185,0.7084280848503113,0.6320827007293701,0.07634538412094116
09002200121707091656426761B_1295900100_481964800,0,AC,large,1.4981284825209593,0,hit,0.9723681807518005,0.94459068775177,0.5458786487579346,0.6771517992019653,-0.13127315044403076,0.4557567834854126,0.5024067163467407,-0.046649932861328125,0.6324464082717896,0.574885368347168,0.05756103992462158
09002200121707091656426761B_1295900100_481964800,1,MC,medium,2.7600080078711513,0,hit,0.9806752800941467,0.8912538886070251,0.5564168095588684,0.5648615956306458,-0.008444786071777344,0.9620234370231628,0.5553351640701294,0.40668827295303345,1.3315104246139526,0.6990061402320862,0.6325042843818665
09002200121707101031054972I_1294232100_481955200,0,MC,small,1.4761500633595686,0,hit,0.8110791444778442,0.7948086261749268,0.6276954412460327,0.6473833918571472,-0.019687950611114502,0.9831075668334961,0.6765393614768982,0.3065682053565979,1.311659812927246,0.7743350863456726,0.5373247265815735
09002200121707101031054972I_1294232100_481955200,1,LP,large,1.559531975248719,0,hit,0.9493487477302551,0.9275558590888977,0.5211984515190125,0.6790661215782166,-0.1578676700592041,0.5513976216316223,0.44518566131591797,0.10621196031570435,0.7943453788757324,0.521105945110321,0.2732394337654114
09002200121707101357248522I_1295245900_481484700,0,TP,large,7.577771186988577,1,hit,0.9585754871368408,0.7839317321777344,0.6286142468452454,0.7941331267356873,-0.1655188798904419,0.4754517376422882,0.611373245716095,-0.13592150807380676,0.6070038676261902,0.5498742461204529,0.057129621505737305
09002200121707101357248522I_1295245900_481484700,1,LP,large,1.1994756740304056,0,hit,0.8413165211677551,0.10439588874578476,0.6268637776374817,0.6319711208343506,-0.0051073431968688965,0.48587125539779663,0.5344700217247009,-0.0485987663269043,0.6384130120277405,0.62851482629776,0.009898185729980469
09002200121707101357248522I_1295245900_481484700,2,LP,medium,1.6060412701759448,0,hit,0.7939189076423645,0.6199012398719788,0.6644472479820251,0.8185726404190063,-0.1541253924369812,0.8013566732406616,0.6634562015533447,0.1379004716873169,0.8143211007118225,0.7310054898262024,0.08331561088562012
09002200121707101400081852I_1295245500_481575000,0,TP,small,2.7499898276809147,0,hit,0.8527097105979919,0.749525785446167,0.7242408394813538,0.6040989756584167,0.12014186382293701,0.9466514587402344,0.6121571063995361,0.33449435234069824,1.1011842489242554,0.7277302145957947,0.3734540343284607
09002200121707101400081852I_1295245500_481575000,1,LP,large,1.0160777528709082,0,hit,0.9039573669433594,0.8997464776039124,0.6794084906578064,0.6021038293838501,0.0773046612739563,0.5578558444976807,0.569725513458252,-0.011869668960571289,0.5848932266235352,0.5839183926582336,0.0009748339653015137
09002200121707101400081852I_1295245500_481575000,2,TP,large,8.895620131134942,1,hit,0.9254022240638733,0.8525794148445129,0.6355524659156799,0.7877321243286133,-0.15217965841293335,0.508083164691925,0.5335597395896912,-0.025476574897766113,0.6519158482551575,0.5647110939025879,0.08720475435256958
09002200121707101403451992I_1295248000_481687900,0,TC,large,4.968295350727535,0,hit,0.8881044387817383,0.8399094343185425,0.5235304236412048,0.5988682508468628,-0.07533782720565796,0.44993868470191956,0.44597169756889343,0.003966987133026123,0.5705488920211792,0.47670266032218933,0.09384623169898987
09002200121707101403451992I_1295248000_481687900,1,TC,medium,9.420923800437519,1,hit,0.7601473927497864,0.6438063979148865,0.5396217107772827,0.6379675269126892,-0.0983458161354065,0.5063040852546692,0.5564050078392029,-0.05010092258453369,0.6685571670532227,0.5354060530662537,0.133151113986969
09002200121707101403451992I_1295248000_481687900,2,TC,large,7.4901446881843965,1,hit,0.8512226343154907,0.5016299486160278,0.5513155460357666,0.6765460968017578,-0.1252305507659912,0.49345695972442627,0.49633145332336426,-0.0028744935989379883,0.5979249477386475,0.5815834403038025,0.01634150743484497
09002200121707101403451992I_1295248000_481687900,3,P,small,1.8571245883819816,0,hit,0.8808141946792603,0.8536047339439392,0.6481481194496155,0.5713229179382324,0.07682520151138306,0.9312625527381897,0.527894914150238,0.40336763858795166,1.3853174448013306,0.7495638132095337,0.6357536315917969
09002200121707101407216064C_1295945900_483209400,0,TC,medium,1.5714191048503259,0,hit,0.8426119089126587,0.8165529370307922,0.47435465455055237,0.5196161270141602,-0.04526147246360779,0.6314123272895813,0.5714452862739563,0.059967041015625,0.9355648159980774,0.5940513610839844,0.341513454914093
09002200121707101407216064C_1295945900_483209400,1,MC,small,3.6999011266677244,0,hit,0.8771985769271851,0.8300542235374451,0.6260847449302673,0.4932243824005127,0.13286036252975464,0.8249450922012329,0.5642345547676086,0.26071053743362427,0.906596839427948,0.6231145858764648,0.28348225355148315
09002200121707101407216064C_1295945900_483209400,2,MC,small,3.562511682554941,0,hit,0.9033424854278564,0.5863664150238037,0.550258219242096,0.4545082151889801,0.09575000405311584,0.7306297421455383,0.526479959487915,0.2041497826576233,1.3590543270111084,0.8144113421440125,0.544642984867096
09002200121707101407216064C_1295945900_483209400,3,TC,medium,3.954600311283615,0,hit,0.7901512980461121,0.7187128663063049,0.4892301559448242,0.4411209225654602,0.048109233379364014,0.6578655242919922,0.4659305512905121,0.1919349730014801,0.843517541885376,0.5846609473228455,0.2588565945625305
09002200121707101614492422I_1295241000_481420100,0,TC,large,13.867679015248957,1,hit,0.9218413829803467,0.21196261048316956,0.6385575532913208,0.7399144172668457,-0.1013568639755249,0.6011731028556824,0.5509276390075684,0.050245463848114014,0.6493542790412903,0.5682711005210876,0.08108317852020264
09002200121707101614492422I_1295241000_481420100,1,LC,large,1.7058819727927792,0,hit,0.9084506630897522,0.31002184748649597,0.5801336169242859,0.5624324083328247,0.01770120859146118,0.5800159573554993,0.51546311378479,0.06455284357070923,0.7015661597251892,0.5590479969978333,0.14251816272735596
09002200121707101614492422I_1295241000_481420100,2,LC,medium,2.069776255519802,0,hit,0.9295368194580078,0.9010821580886841,0.5102060437202454,0.6419866681098938,-0.13178062438964844,0.8517342209815979,0.5101502537727356,0.3415839672088623,0.8335773944854736,0.5407406091690063,0.2928367853164673
09002200121707101614492422I_1295241000_481420100,3,LC,large,1.134965975797939,0,hit,0.8488054275512695,0.3985973596572876,0.6059070229530334,0.5727616548538208,0.033145368099212646,0.5377539992332458,0.4584539532661438,0.07930004596710205,0.6347736716270447,0.5168675780296326,0.11790609359741211
09002200121707101618561212I_1295232400_481310000,0,LP,large,1.2686587056043666,0,hit,0.9177190065383911,0.8418912887573242,0.6126301884651184,0.7601407170295715,-0.14751052856445312,0.4607883095741272,0.5525936484336853,-0.0918053388595581,0.4997144341468811,0.5935282707214355,-0.09381383657455444
09002200121707101620572462I_1295234800_481201200,0,LP,large,1.5860469130271981,0,hit,0.977371335029602,0.9719113707542419,0.6109792590141296,0.652496874332428,-0.04151761531829834,0.5378845930099487,0.5558110475540161,-0.017926454544067383,0.6533831357955933,0.623482346534729,0.029900789260864258
09002200121707101639521732I_1295236300_481326400,0,LP,large,1.1572483072116861,0,hit,0.9706042408943176,0.9576473236083984,0.5866574048995972,0.643734872341156,-0.05707746744155884,0.48090681433677673,0.49418994784355164,-0.013283133506774902,0.5030324459075928,0.5879238247871399,-0.08489137887954712
09002200121707101639521732I_1295236300_481326400,1,TP,large,7.927249584406995,1,hit,0.940606951713562,0.9090440273284912,0.7038755416870117,0.5857800245285034,0.1180955171585083,0.5968931317329407,0.5511341094970703,0.04575902223587036,0.7899442315101624,0.575408935546875,0.21453529596328735
09002200121707111016308448T_1295699800_481897000,0,MC,medium,2.6579249694018174,0,hit,0.9308681488037109,0.8081480264663696,0.5507376790046692,0.5703338980674744,-0.019596219062805176,0.5157301425933838,0.4717507064342499,0.04397943615913391,1.0021882057189941,0.5178241729736328,0.48436403274536133
09002200121707111016308448T_1295699800_481897000,1,MC,medium,2.531261444091797,0,hit,0.9008290767669678,0.833043098449707,0.5649529695510864,0.5248942971229553,0.040058672428131104,0.6543404459953308,0.49442607164382935,0.15991437435150146,1.1041343212127686,0.5987263321876526,0.505407989025116
09002200121707111016308448T_1295699800_481897000,2,TP,large,2.694918129792314,0,localization_error,0.893136203289032,0.1253598928451538,0.5201210379600525,0.6720592975616455,-0.15193825960159302,0.5289207100868225,0.54218989610672,-0.013269186019897461,0.5461114645004272,0.5718072056770325,-0.025695741176605225
09002200121707111016308448T_1295699800_481897000,3,TP,medium,2.235305759754423,0,localization_error,0.7178560495376587,0.3418187201023102,0.4704357385635376,0.5482266545295715,-0.07779091596603394,0.4832232892513275,0.5243077874183655,-0.041084498167037964,0.6343180537223816,0.5506945848464966,0.08362346887588501
09002200121707111110472472Q_1296216900_483044100,0,AC,large,1.0165274206883055,0,hit,0.8784592151641846,0.6338265538215637,0.5234550833702087,0.5531560778617859,-0.02970099449157715,0.5031698942184448,0.447460412979126,0.05570948123931885,0.7701513767242432,0.5962571501731873,0.1738942265510559
09002200121707111110472472Q_1296216900_483044100,1,TC,small,8.666859948593789,1,hit,0.8961406350135803,0.8028392195701599,0.6030758023262024,0.6867662072181702,-0.08369040489196777,0.6402766704559326,0.557500958442688,0.08277571201324463,0.9191848039627075,0.7152933478355408,0.20389145612716675
09002200121707111110472472Q_1296216900_483044100,2,MC,medium,1.205884999479404,0,hit,0.8930925130844116,0.8301551938056946,0.56446373462677,0.5605542063713074,0.0039095282554626465,0.9189127087593079,0.6164395213127136,0.30247318744659424,1.6634180545806885,0.8254701495170593,0.8379479050636292
09002200121707111129162532Q_1296198900_482997200,0,LC,large,1.3357094838793495,0,hit,0.8707138895988464,0.8503665328025818,0.6456868052482605,0.5841201543807983,0.06156665086746216,0.6467917561531067,0.6106085181236267,0.03618323802947998,0.7129753232002258,0.6073312163352966,0.1056441068649292
09002200121707111138596042Q_1296136100_483041900,0,TC,medium,10.758750744531508,1,hit,0.840410590171814,0.803735613822937,0.5768939256668091,0.4712505042552948,0.10564342141151428,0.578606903553009,0.4833495616912842,0.09525734186172485,0.8341649174690247,0.6549744009971619,0.1791905164718628
09002200121707111138596042Q_1296136100_483041900,1,LC,medium,11.937515020427782,1,hit,0.9341524839401245,0.8246467113494873,0.5499441027641296,0.5421162247657776,0.00782787799835205,0.6962116956710815,0.5243461728096008,0.1718655228614807,0.9054862260818481,0.6495827436447144,0.2559034824371338
09002200121707111140014532Q_1296190200_483040600,0,LC,medium,1.862720517573789,0,hit,0.7647011280059814,0.3885767161846161,0.5322912335395813,0.5571754574775696,-0.02488422393798828,0.5128796696662903,0.5368367433547974,-0.02395707368850708,0.7286263704299927,0.665226399898529,0.06339997053146362
09002200121707111140014532Q_1296190200_483040600,1,TC,medium,21.500166152385475,1,hit,0.9190912842750549,0.9170586466789246,0.5175225138664246,0.5927854180335999,-0.07526290416717529,0.4725029170513153,0.5950872302055359,-0.12258431315422058,0.6658257246017456,0.8217765092849731,-0.15595078468322754
09002200121707111140014532Q_1296190200_483040600,2,MC,medium,3.388882578133742,0,hit,0.897609531879425,0.8753505349159241,0.6952077746391296,0.5117144584655762,0.18349331617355347,1.1671420335769653,0.49434685707092285,0.6727951765060425,1.4434977769851685,0.8063957095146179,0.6371020674705505
09002200121707111221423492Q_1296216400_482887600,0,TC,medium,18.40027924010071,1,hit,0.8604808449745178,0.8046818375587463,0.5383794903755188,0.5728256106376648,-0.034446120262145996,0.6335886120796204,0.5409368872642517,0.09265172481536865,0.6598336100578308,0.7630375027656555,-0.10320389270782471
09002200121707111221423492Q_1296216400_482887600,1,TC,medium,4.0851438429901785,0,hit,0.8816407322883606,0.7034798264503479,0.49040380120277405,0.6518672108650208,-0.1614634096622467,0.5275841355323792,0.5692400336265564,-0.041655898094177246,0.8636259436607361,0.638815701007843,0.22481024265289307
09002200121707111221423492Q_1296216400_482887600,2,MC,small,3.23520568256886,0,hit,0.881191611289978,0.84752357006073,0.5944450497627258,0.6173589825630188,-0.02291393280029297,0.8371450901031494,0.5854644775390625,0.2516806125640869,1.144885778427124,0.7297022938728333,0.41518348455429077
09002200121707111323485322Q_1296202500_482990800,0,MC,small,5.166963386471611,1,hit,0.9005880951881409,0.9005880951881409,0.650429368019104,0.4865639805793762,0.16386538743972778,0.8294609785079956,0.6114169359207153,0.21804404258728027,0.6892287731170654,0.6575675010681152,0.031661272048950195
09002200121707111323485322Q_1296202500_482990800,1,LC,large,2.0424224836740565,0,hit,0.9372161626815796,0.7440615892410278,0.5352106690406799,0.5837244391441345,-0.04851377010345459,0.42289358377456665,0.5578059554100037,-0.134912371635437,0.5650830268859863,0.6433649659156799,-0.0782819390296936
09002200121707111323485322Q_1296202500_482990800,2,LC,medium,4.21875,0,hit,0.924380362033844,0.6692858338356018,0.5884203910827637,0.5350930094718933,0.05332738161087036,0.6712109446525574,0.49968597292900085,0.17152497172355652,0.9546128511428833,0.7110339403152466,0.24357891082763672
09002200121707121158446862M_1296283900_483175000,0,LC,medium,1.6666781433447526,0,hit,0.7959331274032593,0.7177738547325134,0.6909540295600891,0.667488694190979,0.023465335369110107,0.680304765701294,0.47102436423301697,0.20928040146827698,0.8662717342376709,0.5653993487358093,0.3008723855018616
09002200121707121158446862M_1296283900_483175000,1,LP,medium,1.4729651011737692,0,localization_error,0.8782992959022522,0.3100135326385498,0.5522850751876831,0.6596826910972595,-0.10739761590957642,0.5768101811408997,0.5214753150939941,0.05533486604690552,0.7834551930427551,0.5428635478019714,0.2405916452407837
09002200121707121158446862M_1296283900_483175000,2,LP,large,2.388047559791352,0,hit,0.9229041337966919,0.8739976286888123,0.5561702847480774,0.6380545496940613,-0.08188426494598389,0.5329868197441101,0.5596704483032227,-0.02668362855911255,0.7169192433357239,0.5644952058792114,0.15242403745651245
09002200121707121158446862M_1296283900_483175000,3,LC,medium,1.3800094726793766,0,hit,0.8988987803459167,0.796394407749176,0.5854341983795166,0.6216524243354797,-0.036218225955963135,0.7449913024902344,0.46440181136131287,0.2805894911289215,0.7419589161872864,0.5713650584220886,0.17059385776519775
09002200121707121158446862M_1296283900_483175000,4,LP,medium,1.344267519428788,0,hit,0.9452812075614929,0.9296635389328003,0.5167157053947449,0.656567394733429,-0.13985168933868408,0.6920269131660461,0.528110682964325,0.1639162302017212,0.7744153738021851,0.5892819762229919,0.18513339757919312
09002200121707121158446862M_1296283900_483175000,5,LP,large,1.8249994850154763,0,hit,0.652836263179779,0.21664942800998688,0.4978644549846649,0.6413728594779968,-0.1435084044933319,0.5134334564208984,0.5385002493858337,-0.025066792964935303,0.5813252329826355,0.6303979754447937,-0.0490727424621582
09002200121707121158446862M_1296283900_483175000,6,TP,medium,13.916383537118792,1,hit,0.8194157481193542,0.795696496963501,0.5647900700569153,0.6990441679954529,-0.1342540979385376,0.6691849231719971,0.6259027123451233,0.04328221082687378,0.9632450938224792,0.5936693549156189,0.36957573890686035
09002200121707131020435729S_1295310800_483011700,0,LC,large,2.6455888130408933,0,hit,0.9592571258544922,0.9433231949806213,0.47940587997436523,0.5725914239883423,-0.09318554401397705,0.47869592905044556,0.49221211671829224,-0.01351618766784668,0.5733482837677002,0.5696214437484741,0.0037268400192260742
09002200121707131403056739S_1294786300_482203000,0,TP,medium,2.162794460815207,0,hit,0.9515146017074585,0.9209203720092773,0.6081684827804565,0.5168575644493103,0.09131091833114624,0.7042041420936584,0.5506002306938171,0.1536039113998413,0.9180867075920105,0.5695816874504089,0.34850502014160156
09002200121707131403056739S_1294786300_482203000,1,MC,small,4.333398890501445,0,hit,0.7705050706863403,0.7111009359359741,0.8091655969619751,0.5077548027038574,0.3014107942581177,1.0511146783828735,0.5752449035644531,0.4758697748184204,0.9180136919021606,0.7209522128105164,0.1970614790916443
09002200121707131403056739S_1294786300_482203000,2,TP,medium,14.666944721368843,1,localization_error,0.4881764352321625,0.26098132133483887,0.47546249628067017,0.5500687956809998,-0.07460629940032959,0.6793850660324097,0.6887393593788147,-0.00935429334640503,0.9376804828643799,0.8450544476509094,0.09262603521347046
09002200121707131403056739S_1294786300_482203000,3,LP,large,1.6334510884675266,0,hit,0.9864187836647034,0.9719043970108032,0.5639792680740356,0.6751342415809631,-0.11115497350692749,0.47020313143730164,0.5363858342170715,-0.0661827027797699,0.6315062642097473,0.5930251479148865,0.03848111629486084
09002200121901200926112092K_1296257400_483122000,0,LC,large,2.2525805468188858,0,localization_error,0.5852307081222534,0.10270407795906067,0.553918182849884,0.5729250311851501,-0.019006848335266113,0.48524010181427,0.5034918189048767,-0.01825171709060669,0.509141206741333,0.5647785067558289,-0.05563730001449585
09002200121901201024133982Q_1295841000_482006800,0,LP,medium,9.038305973600382,1,hit,0.9291213750839233,0.7773343324661255,0.7951371073722839,0.7115266919136047,0.0836104154586792,0.8480648398399353,0.5513041615486145,0.2967606782913208,0.9202154874801636,0.6307212114334106,0.28949427604675293
09002200121901201024133982Q_1295841000_482006800,1,TP,medium,15.833321465386284,1,hit,0.5793096423149109,0.28581133484840393,0.5060707926750183,0.5270319581031799,-0.02096116542816162,0.5579516291618347,0.5045033693313599,0.053448259830474854,0.6898844242095947,0.6661321520805359,0.023752272129058838
09002200121901201045145662K_1296136500_483322000,0,LP,small,1.923130917362919,0,hit,0.7712293267250061,0.7702513337135315,0.692455530166626,0.6465057730674744,0.04594975709915161,0.7404110431671143,0.606950581073761,0.13346046209335327,0.8080312013626099,0.7436808347702026,0.06435036659240723
09002200121901201045145662K_1296136500_483322000,1,LP,large,1.0148127602185146,0,hit,0.935594379901886,0.9343752264976501,0.47393599152565,0.47984328866004944,-0.005907297134399414,0.483144611120224,0.4325827658176422,0.05056184530258179,0.7008870840072632,0.5007374882698059,0.20014959573745728
09002200121901201057451662Q_1295841800_481977800,0,TP,medium,19.41647423833986,1,hit,0.9024756550788879,0.8978524208068848,0.5438032150268555,0.7261945009231567,-0.18239128589630127,0.5928751230239868,0.652824342250824,-0.05994921922683716,1.0097312927246094,0.7316285967826843,0.27810269594192505
09002200121901201057451662Q_1295841800_481977800,1,LP,medium,1.1666853163926005,0,hit,0.6670423150062561,0.16109925508499146,0.737481951713562,0.6437341570854187,0.09374779462814331,0.6798754334449768,0.6296346187591553,0.05024081468582153,1.027722954750061,0.7477323412895203,0.27999061346054077
09002200121901201151526292K_1295907900_483319900,0,LC,large,2.4133442762898496,0,hit,0.852472722530365,0.7987169027328491,0.44801220297813416,0.4475037753582001,0.000508427619934082,0.5916150212287903,0.4873863756656647,0.10422864556312561,0.7285839915275574,0.536398708820343,0.19218528270721436
09002200121901201205427912K_1295992900_483321200,0,LC,large,1.372337344766372,0,hit,0.9705231189727783,0.9209921956062317,0.47941187024116516,0.627284824848175,-0.1478729546070099,0.4764357805252075,0.5241055488586426,-0.04766976833343506,0.5532854795455933,0.5572003722190857,-0.003914892673492432
09002200121901201205427912K_1295992900_483321200,1,LC,large,2.430117096080215,0,hit,0.847872257232666,0.47419804334640503,0.5139416456222534,0.6385106444358826,-0.12456899881362915,0.4699271023273468,0.5346425175666809,-0.0647154152393341,0.627328634262085,0.557037353515625,0.07029128074645996
09002200121901201240460582K_1296213800_483111600,0,TC,large,20.727596950410884,1,hit,0.9318400621414185,0.8194668292999268,0.60835200548172,0.618169367313385,-0.009817361831665039,0.5509711503982544,0.48857298493385315,0.062398165464401245,0.7122682332992554,0.53471440076828,0.17755383253097534
09002200121901201336205082K_1296053200_483189600,0,LC,medium,1.631577200288257,0,hit,0.87021404504776,0.7608299255371094,0.6021719574928284,0.5310297012329102,0.07114225625991821,0.5516771674156189,0.45773059129714966,0.09394657611846924,0.6804794669151306,0.5220391154289246,0.15844035148620605
09002200121901201344271162L_1295281600_482059700,0,LP,medium,3.8500199891966784,0,hit,0.9057716131210327,0.7531771063804626,0.5663750171661377,0.4724251925945282,0.0939498245716095,0.5822726488113403,0.44280821084976196,0.13946443796157837,1.2591843605041504,0.5530845522880554,0.706099808216095
09002200121901201344271162L_1295281600_482059700,1,TP,large,5.422032085561497,1,hit,0.7355690598487854,0.1900269240140915,0.486333966255188,0.6992343068122864,-0.2129003405570984,0.4606189727783203,0.5717858672142029,-0.11116689443588257,0.616256594657898,0.5248428583145142,0.09141373634338379
09002200121901201344271162L_1295281600_482059700,2,LP,large,1.0345683377180668,0,hit,0.924532413482666,0.924532413482666,0.5765725374221802,0.7176278233528137,-0.14105528593063354,0.46800845861434937,0.5565038323402405,-0.08849537372589111,0.5074788331985474,0.5488148331642151,-0.041335999965667725
09002200121901201346498812L_1295278400_482206300,0,TP,medium,22.528820435492847,1,hit,0.9242609739303589,0.8227738738059998,0.6185410618782043,0.6204904913902283,-0.0019494295120239258,0.7901766300201416,0.6360578536987305,0.15411877632141113,1.1317540407180786,0.5850514769554138,0.5467025637626648
09002200121901201346498812L_1295278400_482206300,1,TP,small,14.399375022887346,1,hit,0.6969251036643982,0.46205008029937744,0.7714477181434631,0.5245506763458252,0.24689704179763794,0.7437853217124939,0.680881679058075,0.06290364265441895,1.0162361860275269,0.8957061171531677,0.12053006887435913
09002200121901201346498812L_1295278400_482206300,2,LP,large,1.9238135928199405,0,hit,0.979347288608551,0.9590296149253845,0.7006810307502747,0.5463464260101318,0.15433460474014282,0.7816300988197327,0.4905087947845459,0.29112130403518677,0.941514790058136,0.5948021411895752,0.3467126488685608
09002200121901201346498812L_1295278400_482206300,3,TP,small,23.001464933162424,1,localization_error,0.2292807251214981,0.12670370936393738,0.5543273091316223,0.4567050039768219,0.09762230515480042,0.622174084186554,0.5936946272850037,0.028479456901550293,1.0369799137115479,0.8599597811698914,0.1770201325416565
09002200121901201347012222L_1295278000_482224200,0,LP,medium,1.0459705685093152,0,hit,0.918674111366272,0.9124390482902527,0.7834200859069824,0.6135428547859192,0.16987723112106323,0.7429503202438354,0.5259101986885071,0.21704012155532837,0.8451274037361145,0.6324066519737244,0.21272075176239014
09002200121901201347012222L_1295278000_482224200,1,TP,medium,17.823050963074657,1,hit,0.9040147066116333,0.6652804017066956,0.5728891491889954,0.6675794124603271,-0.09469026327133179,0.695200502872467,0.6218494772911072,0.07335102558135986,0.8997312188148499,0.7229258418083191,0.17680537700653076
09002200121901201347012222L_1295278000_482224200,2,LP,small,1.6956484818248885,0,hit,0.8297861218452454,0.7706797122955322,0.9199914932250977,0.6394702792167664,0.2805212140083313,1.113911747932434,0.5733300447463989,0.5405817031860352,1.0707063674926758,0.6447555422782898,0.425950825214386
09002200121901201348408502L_1295276000_482398700,0,LP,large,2.72412728679658,0,hit,0.8240935802459717,0.8096790909767151,0.5890558362007141,0.49788475036621094,0.09117108583450317,0.6715415120124817,0.4411691129207611,0.23037239909172058,0.8583620190620422,0.4903460443019867,0.36801597476005554
09002200121901201349080892L_1295279200_482415600,0,LP,large,1.8502432124745576,0,hit,0.9333638548851013,0.9333638548851013,0.4231398105621338,0.6454243063926697,-0.2222844958305359,0.4761163890361786,0.5192659497261047,-0.04314956068992615,0.4721161425113678,0.5292078256607056,-0.05709168314933777
09002200121901201350102202L_1295295500_482429600,0,LP,medium,1.350001627597544,0,hit,0.9388654828071594,0.9006385803222656,0.6624179482460022,0.6727964282035828,-0.010378479957580566,0.836594820022583,0.5963177680969238,0.24027705192565918,0.7973082065582275,0.6017407774925232,0.19556742906570435
09002200121901201350351562L_1295312000_482431900,0,LP,large,1.4437850161995913,0,hit,0.9114363789558411,0.8893868327140808,0.5913234353065491,0.5617953538894653,0.02952808141708374,0.6044912338256836,0.4900611937046051,0.11443004012107849,0.6772552132606506,0.5367512702941895,0.14050394296646118
09002200121901201351317032L_1295343400_482435400,0,TP,small,7.142781783780484,1,hit,0.5058066248893738,0.5058066248893738,0.7754255533218384,0.7655946016311646,0.009830951690673828,0.6725691556930542,0.630992591381073,0.0415765643119812,0.784530520439148,0.8591519594192505,-0.07462143898010254
09002200121901201351317032L_1295343400_482435400,1,LP,large,2.229721169691741,0,hit,0.8451080918312073,0.810541033744812,0.5034826397895813,0.4651143252849579,0.03836831450462341,0.712152361869812,0.4480172097682953,0.2641351521015167,0.935235321521759,0.5407014489173889,0.3945338726043701
09002200121901201351317032L_1295343400_482435400,2,TP,large,4.500010322149808,0,hit,0.9775776863098145,0.959028422832489,0.5447419881820679,0.5182949900627136,0.026446998119354248,0.5171106457710266,0.5608333945274353,-0.04372274875640869,0.7828569412231445,0.6605715751647949,0.12228536605834961
09002200121901201352181052L_1295366000_482470300,0,LP,large,1.0399990776934742,0,hit,0.9510518312454224,0.940468430519104,0.6621626019477844,0.6403631567955017,0.021799445152282715,0.6216058731079102,0.5690605044364929,0.052545368671417236,0.6504293084144592,0.589463472366333,0.06096583604812622
09002200121901201352181052L_1295366000_482470300,1,TP,large,18.280130225563177,1,hit,0.7214268445968628,0.3022441864013672,0.5914905667304993,0.6307570338249207,-0.03926646709442139,0.5751820802688599,0.552189826965332,0.022992253303527832,0.7426537871360779,0.601931095123291,0.14072269201278687
09002200121901201352181052L_1295366000_482470300,2,TP,small,10.875762038103813,1,localization_error,0.4486237168312073,0.13699883222579956,0.7622964382171631,0.8308454751968384,-0.06854903697967529,0.7557671070098877,0.7482017278671265,0.0075653791427612305,0.7171652913093567,0.7521471381187439,-0.03498184680938721
09002200121901201352181052L_1295366000_482470300,3,TP,small,11.999869211519849,1,hit,0.5976436734199524,0.5965256690979004,0.6151509284973145,0.7730920910835266,-0.15794116258621216,0.76018887758255,0.6211282014846802,0.13906067609786987,0.8914309740066528,0.8602229952812195,0.03120797872543335
09002200121901201355138472L_1295362000_482588800,0,LP,small,1.0000138720112752,0,hit,0.6421729922294617,0.6040253639221191,0.8641199469566345,0.7581843733787537,0.10593557357788086,1.1432666778564453,0.9133324027061462,0.22993427515029907,0.6527844667434692,0.6965643763542175,-0.04377990961074829
09002200121901201355138472L_1295362000_482588800,1,LP,large,1.2651536099091591,0,hit,0.9637012481689453,0.9359865784645081,0.5904734134674072,0.5226758122444153,0.06779760122299194,0.6205325126647949,0.48871156573295593,0.131820946931839,0.6121015548706055,0.5573619604110718,0.05473959445953369
09002200121901201355138472L_1295362000_482588800,2,TP,small,9.000350968214487,1,localization_error,0.37650439143180847,0.37650439143180847,0.7494144439697266,0.6563343405723572,0.09308010339736938,1.0255849361419678,0.6637730598449707,0.36181187629699707,0.8412939310073853,0.7489517331123352,0.09234219789505005
09002200121901201357410762K_1296005300_483207900,0,TC,medium,2.403850984313891,0,hit,0.8923541903495789,0.8565902709960938,0.4405398368835449,0.5390607714653015,-0.09852093458175659,0.47276487946510315,0.45071330666542053,0.022051572799682617,0.6802587509155273,0.47654685378074646,0.20371189713478088
09002200121901201357410762K_1296005300_483207900,1,LC,large,1.422761526664829,0,hit,0.8772444128990173,0.7868537902832031,0.41060537099838257,0.5460432171821594,-0.13543784618377686,0.4324125647544861,0.5059819221496582,-0.07356935739517212,0.5354942679405212,0.548791229724884,-0.013296961784362793
09002200121901201400451062L_1295359300_482807100,0,LP,medium,3.8276278652744833,0,hit,0.6862804889678955,0.46893975138664246,0.5940197706222534,0.6729981303215027,-0.07897835969924927,0.714038074016571,0.5262193083763123,0.1878187656402588,0.9454890489578247,0.6028584837913513,0.3426305651664734
09002200121901201401094602L_1295358700_482825500,0,LP,medium,3.875045586258356,0,hit,0.9411348700523376,0.8203015327453613,0.5181058049201965,0.5193126797676086,-0.0012068748474121094,0.5319240689277649,0.5235713124275208,0.00835275650024414,0.8328667879104614,0.5509468913078308,0.2819198966026306
09002200121901201401551192L_1295357700_482856900,0,LP,medium,3.1915147265077137,0,hit,0.931119978427887,0.7936208844184875,0.5581339001655579,0.6094904541969299,-0.05135655403137207,0.6520223021507263,0.5470430850982666,0.10497921705245972,0.8739543557167053,0.61504727602005,0.2589070796966553
09002200121901201401551192L_1295357700_482856900,1,LP,medium,2.324299090087296,0,hit,0.8968618512153625,0.8488352298736572,0.601138174533844,0.6922528147697449,-0.09111464023590088,0.7518905997276306,0.6084027290344238,0.1434878706932068,0.7612617611885071,0.6709909439086914,0.09027081727981567
09002200121901201402245452L_1295356800_482883600,0,TP,medium,14.60016449175405,1,hit,0.8198426961898804,0.5284570455551147,0.6261780261993408,0.6029545664787292,0.023223459720611572,0.5822398066520691,0.5247672200202942,0.0574725866317749,0.7762339115142822,0.6555936932563782,0.12064021825790405
09002200121901201402245452L_1295356800_482883600,1,LP,large,1.368093114795349,0,hit,0.9094240069389343,0.9094240069389343,0.5935862064361572,0.5909215211868286,0.0026646852493286133,0.6222328543663025,0.540515124797821,0.08171772956848145,0.6919822692871094,0.6101743578910828,0.08180791139602661
09002200121901201402245452L_1295356800_482883600,2,LP,medium,5.526202851250554,1,hit,0.8483835458755493,0.8102473616600037,0.5960375070571899,0.5352765917778015,0.06076091527938843,0.6401245594024658,0.5356760025024414,0.10444855690002441,0.9905412793159485,0.8494434356689453,0.14109784364700317
09002200121901201404050822K_1295947400_483180900,0,LC,large,2.1702138435346323,0,hit,0.9380649924278259,0.92891925573349,0.4517514407634735,0.5100222826004028,-0.05827084183692932,0.5283700227737427,0.5497908592224121,-0.021420836448669434,0.6113222241401672,0.5876695513725281,0.02365267276763916
09002200121901201404050822K_1295947400_483180900,1,TC,medium,12.333682600008952,1,hit,0.8182163238525391,0.4913087785243988,0.48656797409057617,0.5018600225448608,-0.015292048454284668,0.5160855054855347,0.4698617160320282,0.04622378945350647,0.585879921913147,0.5530893206596375,0.03279060125350952
09002200121901201404050822K_1295947400_483180900,2,TC,small,7.899710091855107,1,hit,0.6540189981460571,0.6259790658950806,0.6255319714546204,0.5482549071311951,0.07727706432342529,0.591636061668396,0.4094855487346649,0.18215051293373108,0.6702532172203064,0.5316974520683289,0.13855576515197754
09002200121901201404050822K_1295947400_483180900,3,TC,small,6.727455332371546,1,localization_error,0.3727027475833893,0.25029754638671875,0.6526862382888794,0.6627549529075623,-0.010068714618682861,0.5465278625488281,0.4784615933895111,0.06806626915931702,0.9457777738571167,0.6073915362358093,0.3383862376213074
09002200121901201416585722K_1295977600_483287800,0,MC,small,3.5455332371545887,0,hit,0.8294398784637451,0.7763352394104004,0.572855532169342,0.4615057408809662,0.11134979128837585,0.799950897693634,0.5818716883659363,0.21807920932769775,0.7348890900611877,0.7042202949523926,0.030668795108795166
09002200121901201416585722K_1295977600_483287800,1,MC,medium,3.1000424199514156,0,hit,0.9341899752616882,0.8395712375640869,0.5621349811553955,0.5572669506072998,0.004868030548095703,0.7735674381256104,0.6070807576179504,0.1664866805076599,1.0802650451660156,0.7828952670097351,0.2973697781562805
09002200121901201416585722K_1295977600_483287800,2,LC,large,1.0774633168857357,0,hit,0.8825746774673462,0.8497334718704224,0.45400482416152954,0.433990478515625,0.02001434564590454,0.42023760080337524,0.45612239837646484,-0.0358847975730896,0.5099330544471741,0.503063440322876,0.006869614124298096
09002200121901201416585722K_1295977600_483287800,3,TC,medium,6.874850276559222,1,hit,0.7856289744377136,0.5874238610267639,0.4448183476924896,0.45557424426078796,-0.01075589656829834,0.4967793822288513,0.5472964644432068,-0.05051708221435547,0.5991876721382141,0.671964704990387,-0.07277703285217285
09002200121901201420401272L_1295357400_483082400,0,LP,medium,1.2739686513142219,0,hit,0.8596375584602356,0.7935360074043274,0.5235055088996887,0.5504446029663086,-0.026939094066619873,0.6646106839179993,0.5057724118232727,0.15883827209472656,0.9998840689659119,0.5752207636833191,0.4246633052825928
09002200121901201420401272L_1295357400_483082400,1,LP,medium,1.1818033015801384,0,hit,0.9406139254570007,0.9193291068077087,0.8322294354438782,0.538155198097229,0.29407423734664917,1.0765682458877563,0.6223401427268982,0.45422810316085815,1.5829784870147705,0.8046579360961914,0.7783205509185791
09002200121901201420401272L_1295357400_483082400,2,MC,small,3.4001131217116374,0,hit,0.8420030474662781,0.808567464351654,0.7741719484329224,0.7971369624137878,-0.02296501398086548,1.061041235923767,0.8028786778450012,0.25816255807876587,1.2685983180999756,1.162461280822754,0.10613703727722168
09002200121901201421322552L_1295412300_483112700,0,TP,small,21.50116481347725,1,hit,0.8616915941238403,0.8544267416000366,0.7177344560623169,0.7138963937759399,0.003838062286376953,0.7467224597930908,0.5771457552909851,0.1695767045021057,0.89604252576828,0.725629985332489,0.17041254043579102
09002200121901201421322552L_1295412300_483112700,1,TP,medium,13.550142518829576,1,hit,0.902833104133606,0.8913499712944031,0.6197519898414612,0.5021500587463379,0.11760193109512329,0.5950287580490112,0.48299384117126465,0.11203491687774658,0.7120263576507568,0.6047419905662537,0.10728436708450317
09002200121901201421322552L_1295412300_483112700,2,LP,large,1.3983770578926762,0,hit,0.9853230118751526,0.9599689245223999,0.4652438759803772,0.5119774341583252,-0.046733558177948,0.4738251268863678,0.4837300777435303,-0.009904950857162476,0.6842291951179504,0.6226305961608887,0.06159859895706177
09002200121901201422113572L_1295473300_483138900,0,LP,medium,9.916444783520886,1,hit,0.9508187174797058,0.8722771406173706,0.7739704251289368,0.4855780601501465,0.2883923649787903,0.8774964213371277,0.49918824434280396,0.37830817699432373,1.0710099935531616,0.627842128276825,0.44316786527633667
09002200121901201422579202L_1295557100_483167800,0,LP,small,1.0909552464897168,0,hit,0.822544276714325,0.6190831065177917,0.9265903830528259,0.5264133810997009,0.400177001953125,1.0556542873382568,0.6344404220581055,0.42121386528015137,1.3655896186828613,0.9485886693000793,0.417000949382782
09002200121901201422579202L_1295557100_483167800,1,LP,medium,1.187497695284138,0,hit,0.9336301684379578,0.8891348242759705,0.7388449907302856,0.4817929267883301,0.25705206394195557,0.8717644810676575,0.5242038369178772,0.3475606441497803,0.9335655570030212,0.5400238633155823,0.39354169368743896
09002200121901201422579202L_1295557100_483167800,2,TP,large,10.176494400458123,1,hit,0.9547850489616394,0.8622951507568359,0.45375528931617737,0.6974207162857056,-0.2436654269695282,0.5810564756393433,0.5766066908836365,0.004449784755706787,0.6834630370140076,0.558888852596283,0.12457418441772461
09002200121901201431300552K_1295992100_483377000,0,LC,large,1.423362016925027,0,hit,0.9167539477348328,0.1764317750930786,0.3891144394874573,0.4629477560520172,-0.07383331656455994,0.4603061079978943,0.47681924700737,-0.016513139009475708,0.5214129686355591,0.5735055208206177,-0.052092552185058594
09002200121901201431300552K_1295992100_483377000,1,LC,medium,1.3913006557281342,0,hit,0.8850317597389221,0.4071258008480072,0.4705773591995239,0.41890984773635864,0.05166751146316528,0.5548093914985657,0.41738662123680115,0.13742277026176453,0.6547096371650696,0.5563811659812927,0.09832847118377686
09002200121901201431300552K_1295992100_483377000,2,MC,small,3.000079348286077,0,hit,0.9144184589385986,0.7633646726608276,0.45061153173446655,0.39251968264579773,0.05809184908866882,0.6157894134521484,0.4958494305610657,0.11993998289108276,0.728272020816803,0.560400664806366,0.167871356010437
09002200121901201431300552K_1295992100_483377000,3,MC,medium,2.1818545008628294,0,hit,0.9097227454185486,0.8740203976631165,0.5188700556755066,0.5184919238090515,0.0003781318664550781,0.5809029340744019,0.47397270798683167,0.10693022608757019,0.7483027577400208,0.5380987524986267,0.21020400524139404
09002200121901201514074962L_1295965800_482065200,0,LP,medium,5.818278668967546,1,hit,0.8123018145561218,0.3560158610343933,0.9346580505371094,0.6587268114089966,0.2759312391281128,0.9856420159339905,0.6607437133789062,0.32489830255508423,1.239689588546753,0.880728542804718,0.3589610457420349
09002200121901201514074962L_1295965800_482065200,1,LP,medium,4.285678993687294,0,hit,0.9152997136116028,0.6860547065734863,0.6478161215782166,0.48198196291923523,0.16583415865898132,0.7806903123855591,0.5414823889732361,0.239207923412323,1.095481276512146,0.7836654782295227,0.3118157982826233
09002200121901201514074962L_1295965800_482065200,2,TP,small,14.59946535161066,1,localization_error,0.4240207374095917,0.18872541189193726,0.7157904505729675,0.8960901498794556,-0.18029969930648804,0.7665153741836548,0.7948095798492432,-0.02829420566558838,0.8503196835517883,0.844740092754364,0.005579590797424316
09002200121901201514337662L_1295928200_482064400,0,TP,large,25.124419861402504,1,hit,0.9536738395690918,0.9076188802719116,0.6000624299049377,0.5817370414733887,0.018325388431549072,0.6401463747024536,0.559744656085968,0.0804017186164856,0.7228530049324036,0.547520637512207,0.17533236742019653
09002200121901201517528462L_1295741500_482054100,0,TP,large,13.561423384199587,1,hit,0.858055591583252,0.6546524167060852,0.5883615016937256,0.7313820123672485,-0.14302051067352295,0.6165779232978821,0.5770272612571716,0.03955066204071045,0.6721299290657043,0.5462098121643066,0.1259201169013977
09002200121901201517528462L_1295741500_482054100,1,TP,small,11.714161776630714,1,hit,0.7120612263679504,0.5465909242630005,0.7948353290557861,0.7483658194541931,0.04646950960159302,0.691260576248169,0.7565789818763733,-0.06531840562820435,0.9359138607978821,0.7710621356964111,0.16485172510147095
09002200121901201517528462L_1295741500_482054100,2,TP,small,9.399443386553392,1,localization_error,0.5014575123786926,0.4972759187221527,0.8183017373085022,0.799141526222229,0.019160211086273193,0.7384130358695984,0.7942728400230408,-0.05585980415344238,0.8930765986442566,0.7503947615623474,0.14268183708190918
09002200121901201518474472L_1295679000_482048400,0,TP,large,9.370440699422423,1,hit,0.8726892471313477,0.6961237192153931,0.48202356696128845,0.5018841624259949,-0.01986059546470642,0.507205605506897,0.44375649094581604,0.06344911456108093,0.6700752377510071,0.5208099484443665,0.14926528930664062
09002200121901201518474472L_1295679000_482048400,1,TP,medium,16.2994305628456,1,hit,0.8333916068077087,0.4802764356136322,0.5767825245857239,0.4747389853000641,0.10204353928565979,0.6531700491905212,0.5651817321777344,0.08798831701278687,0.7928606271743774,0.7177010774612427,0.07515954971313477
09002200121901201518474472L_1295679000_482048400,2,TP,medium,3.8666369630719215,0,hit,0.8587707877159119,0.8549421429634094,0.4058828055858612,0.4706219732761383,-0.0647391676902771,0.624052882194519,0.41081318259239197,0.21323969960212708,0.7991188168525696,0.5052928328514099,0.29382598400115967
09002200121901201519015652L_1295657800_482046200,0,TP,medium,15.227547643026181,1,hit,0.9330867528915405,0.9127028584480286,0.5032992362976074,0.5202600359916687,-0.01696079969406128,0.6487628221511841,0.5946059226989746,0.05415689945220947,0.8576769232749939,0.7003682851791382,0.1573086380958557
09002200121901201519015652L_1295657800_482046200,1,TP,medium,14.231170123857906,1,hit,0.6469485759735107,0.5618600845336914,0.5669107437133789,0.7197316288948059,-0.152820885181427,0.7815725803375244,0.646386444568634,0.13518613576889038,0.6486735939979553,0.6542702913284302,-0.0055966973304748535
09002200121901201519015652L_1295657800_482046200,2,LP,medium,2.2580863011325154,0,hit,0.7263987064361572,0.3764597177505493,0.637877881526947,0.6362695097923279,0.0016083717346191406,0.8101547360420227,0.6226246953010559,0.1875300407409668,0.6815798282623291,0.674606442451477,0.006973385810852051
09002200121901201519015652L_1295657800_482046200,3,LP,small,1.5624923706054688,0,localization_error,0.38676193356513977,0.38460516929626465,0.980525553226471,0.8507460951805115,0.12977945804595947,0.8345174789428711,0.758734405040741,0.07578307390213013,0.9853742718696594,0.7949351668357849,0.1904391050338745
09002200121901201519015652L_1295657800_482046200,4,TP,medium,1.8611356006917366,0,hit,0.7759859561920166,0.2990180253982544,0.4709305167198181,0.5421091914176941,-0.07117867469787598,0.6760411858558655,0.511199414730072,0.16484177112579346,0.8546987175941467,0.5603792071342468,0.2943195104598999
09002200121901201520536422L_1295548300_482033300,0,LP,medium,1.0250110246264978,0,hit,0.829426646232605,0.6871131658554077,0.6181537508964539,0.4280972480773926,0.19005650281906128,0.7743425369262695,0.41583147644996643,0.3585110604763031,0.9177830815315247,0.4990819990634918,0.41870108246803284
09002200121901201520536422L_1295548300_482033300,1,LP,medium,1.5000015650027818,0,hit,0.8548298478126526,0.8486492037773132,0.5695408582687378,0.6658675670623779,-0.09632670879364014,0.5366300940513611,0.6204891800880432,-0.08385908603668213,0.7371028065681458,0.6710817217826843,0.06602108478546143
09002200121901201522299042L_1295448800_482016800,0,LP,large,1.1900005813597745,0,hit,0.9927542209625244,0.9927542209625244,0.7401316165924072,0.6980916857719421,0.04203993082046509,0.5003560185432434,0.5267043113708496,-0.0263482928276062,0.5781852006912231,0.5611435770988464,0.01704162359237671
09002200121901201522299042L_1295448800_482016800,1,LP,medium,1.6249914169311523,0,hit,0.92547208070755,0.888808012008667,0.7316271662712097,0.6579620242118835,0.07366514205932617,0.7843847870826721,0.5437853932380676,0.2405993938446045,0.846757709980011,0.6877761483192444,0.1589815616607666
09002200121901201532240442L_1295726700_482051400,0,TP,medium,12.27289890495862,1,hit,0.8300421833992004,0.7024357318878174,0.7767905592918396,0.7356781959533691,0.04111236333847046,0.7144148349761963,0.6583425402641296,0.05607229471206665,0.9442596435546875,0.7711424231529236,0.17311722040176392
09002200121901201532240442L_1295726700_482051400,1,LP,medium,4.206962305053354,0,hit,0.9618707895278931,0.9618707895278931,0.7479103803634644,0.552781879901886,0.19512850046157837,0.8347035050392151,0.5057545900344849,0.3289489150047302,1.5417115688323975,0.5935511589050293,0.9481604099273682
09002200121901201534112552L_1295814800_482057000,0,TP,small,25.66828419703351,1,localization_error,0.5017442107200623,0.23833900690078735,0.882336437702179,0.6844298243522644,0.19790661334991455,0.6186960339546204,0.6186551451683044,4.088878631591797e-05,0.6112076640129089,0.6013526320457458,0.009855031967163086
09002200121901201534112552L_1295814800_482057000,1,TP,small,12.199486102803853,1,hit,0.5498955249786377,0.5213472247123718,0.7086169123649597,0.7352375388145447,-0.02662062644958496,0.604626476764679,0.615897536277771,-0.011271059513092041,0.672772228717804,0.5638006329536438,0.10897159576416016
09002200121901201534112552L_1295814800_482057000,2,LP,large,1.018399617464097,0,hit,0.859689474105835,0.7614181637763977,0.5664544105529785,0.6184810996055603,-0.05202668905258179,0.5745115280151367,0.5321125984191895,0.042398929595947266,0.5913378596305847,0.6070222854614258,-0.015684425830841064
09002200121901201534112552L_1295814800_482057000,3,LC,large,1.2242997984409765,0,hit,0.8479869961738586,0.7848271727561951,0.6929559707641602,0.6759470105171204,0.017008960247039795,0.5166569948196411,0.5845824480056763,-0.06792545318603516,0.5563745498657227,0.5893017649650574,-0.03292721509933472
09002200121901201534112552L_1295814800_482057000,4,TP,large,17.799879151128227,1,hit,0.8702425956726074,0.8373980522155762,0.6040959358215332,0.5519631505012512,0.05213278532028198,0.5519489645957947,0.4626691937446594,0.08927977085113525,0.7243896126747131,0.5616793632507324,0.1627102494239807
09002200121901201534112552L_1295814800_482057000,5,LP,medium,3.485699139149473,0,hit,0.9181707501411438,0.8544163107872009,0.6316547989845276,0.44971057772636414,0.18194422125816345,0.6229610443115234,0.4430525004863739,0.17990854382514954,1.0337861776351929,0.5164824724197388,0.5173037052154541
09002200121901201534112552L_1295814800_482057000,6,LP,small,1.2777879503038194,0,localization_error,0.4707688093185425,0.4707688093185425,0.9030727744102478,0.8173136115074158,0.08575916290283203,0.9851327538490295,0.6774232983589172,0.3077094554901123,0.7500408291816711,0.7557253241539001,-0.005684494972229004
09002200121901201536210532L_1295886600_482061600,0,LP,medium,2.28000556641984,0,hit,0.9662414789199829,0.8772455453872681,0.6208922863006592,0.5647432208061218,0.056149065494537354,0.7003052234649658,0.5305714011192322,0.16973382234573364,0.6161933541297913,0.508025586605072,0.10816776752471924
09002200121901201536210532L_1295886600_482061600,1,TP,large,18.421269384903265,1,hit,0.9264436364173889,0.5819456577301025,0.5540061593055725,0.763522744178772,-0.20951658487319946,0.6067705154418945,0.6322874426841736,-0.025516927242279053,0.6538352966308594,0.5527685284614563,0.10106676816940308
09002200121901201536210532L_1295886600_482061600,2,LP,large,1.0872646832905126,0,hit,0.9558349251747131,0.872552216053009,0.5457717776298523,0.7011187672615051,-0.15534698963165283,0.4610258638858795,0.5492314696311951,-0.08820560574531555,0.5577037334442139,0.5825069546699524,-0.024803221225738525
09002200121901201537098252L_1295910600_482062600,0,LP,medium,1.1666690281536478,0,hit,0.8378692269325256,0.2617229223251343,0.5104228258132935,0.44446277618408203,0.06596004962921143,0.716815710067749,0.42203933000564575,0.29477638006210327,0.795309841632843,0.56828373670578,0.227026104927063
09002200121901201537098252L_1295910600_482062600,1,LP,small,1.5237991437714167,0,hit,0.8665673136711121,0.7884541749954224,0.8849318027496338,0.8006651997566223,0.08426660299301147,1.2072161436080933,0.8412807583808899,0.36593538522720337,0.9675635099411011,0.7568764090538025,0.21068710088729858
09002200121901201537098252L_1295910600_482062600,2,LP,small,5.625340485110214,1,hit,0.8563631772994995,0.7807891964912415,0.8944738507270813,0.5387624502182007,0.3557114005088806,0.8842760324478149,0.60809725522995,0.276178777217865,1.3421746492385864,0.8484982848167419,0.4936763644218445
09002200121901201537098252L_1295910600_482062600,3,TP,large,8.613825923531083,1,hit,0.9533654451370239,0.930326521396637,0.4455881118774414,0.7521496415138245,-0.30656152963638306,0.5937443971633911,0.5341507792472839,0.05959361791610718,0.5589974522590637,0.578697144985199,-0.019699692726135254
09002200121901201537583632L_1295945000_482063400,0,TP,small,14.14278614339649,1,localization_error,0.5510977506637573,0.14316831529140472,0.7645533680915833,0.6496475338935852,0.11490583419799805,0.755772590637207,0.7089781165122986,0.04679447412490845,0.8264007568359375,0.6880596876144409,0.13834106922149658
09002200121901201537583632L_1295945000_482063400,1,LP,medium,2.2758828617791727,0,hit,0.845410168170929,0.7799109816551208,0.7578917145729065,0.8085657358169556,-0.05067402124404907,0.8370741009712219,0.7019972205162048,0.1350768804550171,0.6263748407363892,0.8184744119644165,-0.19209957122802734
09002200121901201537583632L_1295945000_482063400,2,LP,medium,3.1817703463882023,0,hit,0.949878990650177,0.9302191734313965,0.6924359798431396,0.3895370066165924,0.30289897322654724,0.7283609509468079,0.41873660683631897,0.3096243441104889,1.2117341756820679,0.5165495276451111,0.6951846480369568
09002200121901201537583632L_1295945000_482063400,3,TP,medium,11.199515401563653,1,hit,0.8450839519500732,0.29428818821907043,0.8171811699867249,0.8414499163627625,-0.024268746376037598,0.8928760886192322,0.6667646765708923,0.22611141204833984,0.7122408747673035,0.7103667855262756,0.001874089241027832
09002200121901201537583632L_1295945000_482063400,4,TP,small,7.750488311054141,1,hit,0.5827969908714294,0.10482943803071976,0.7682246565818787,0.6824081540107727,0.08581650257110596,0.793390691280365,0.7992038130760193,-0.005813121795654297,0.9043362736701965,0.6859515309333801,0.2183847427368164
09002200121901201538392812L_1295983400_482064100,0,LP,large,1.4767440870166315,0,hit,0.979991614818573,0.9558699727058411,0.7118181586265564,0.6801020503044128,0.031716108322143555,0.7072556018829346,0.5876895785331726,0.11956602334976196,0.7787050604820251,0.6403815150260925,0.13832354545593262
09002200121901201538392812L_1295983400_482064100,1,LP,medium,1.2702524368577937,0,hit,0.8923491835594177,0.8146772384643555,0.7721498608589172,0.8383676409721375,-0.06621778011322021,0.7905929684638977,0.753962516784668,0.036630451679229736,0.899194061756134,0.6580445170402527,0.24114954471588135
09002200121901201538392812L_1295983400_482064100,2,LP,medium,8.473543375885797,1,hit,0.8479454517364502,0.7679325938224792,0.8723487854003906,0.591493546962738,0.2808552384376526,0.830748438835144,0.5172979831695557,0.3134504556655884,1.1506085395812988,0.6647108197212219,0.4858977198600769
09002200121901201544057272K_1295829000_483212500,0,AC,large,1.3084161635060478,0,hit,0.9312884211540222,0.8560211062431335,0.5774785280227661,0.5130244493484497,0.0644540786743164,0.44682079553604126,0.497859388589859,-0.05103859305381775,0.6327245831489563,0.5317954421043396,0.1009291410446167
09002200121901201544057272K_1295829000_483212500,1,MC,small,3.3334196327206587,0,hit,0.7705771327018738,0.3878885507583618,0.47535720467567444,0.4889124035835266,-0.013555198907852173,0.5734543800354004,0.5675733685493469,0.005881011486053467,0.9333820343017578,0.6651937365531921,0.2681882977485657
09002200121901201544057272K_1295829000_483212500,2,MC,medium,2.689687686132877,0,hit,0.9501462578773499,0.8939111232757568,0.5620350241661072,0.48065057396888733,0.08138445019721985,0.7280145287513733,0.5307677984237671,0.1972467303276062,1.0480191707611084,0.5871583819389343,0.4608607888221741
09002200121901201559389592L_1296227700_482888400,0,LP,medium,1.0853690216117038,0,hit,0.9381201863288879,0.6014571189880371,0.5822663307189941,0.5267084240913391,0.05555790662765503,0.6048223972320557,0.4958895742893219,0.10893282294273376,0.6820801496505737,0.605836033821106,0.07624411582946777
09002200121901201559389592L_1296227700_482888400,1,TP,large,16.37500762939453,1,hit,0.9544022679328918,0.9483583569526672,0.6790773868560791,0.6878459453582764,-0.008768558502197266,0.6100093126296997,0.563631534576416,0.04637777805328369,0.776418149471283,0.637515664100647,0.138902485370636
09002200121901201600044792L_1296227000_482910600,0,LP,large,1.2105278712580583,0,hit,0.9771007895469666,0.9685109853744507,0.4954410195350647,0.7338496446609497,-0.238408625125885,0.49011367559432983,0.5598893165588379,-0.06977564096450806,0.5024358034133911,0.5395051836967468,-0.03706938028335571
09002200121901201600044792L_1296227000_482910600,1,TP,large,11.026986478305409,1,hit,0.9545981287956238,0.9374885559082031,0.5323742628097534,0.6097220182418823,-0.0773477554321289,0.5207631587982178,0.564038872718811,-0.04327571392059326,0.6537145376205444,0.5566751956939697,0.09703934192657471
09002200121901201600271152L_1296226300_482932900,0,LP,small,5.222238799896917,1,hit,0.7349616885185242,0.6630101203918457,0.896270751953125,0.7152813673019409,0.18098938465118408,0.8877272009849548,0.7630462050437927,0.12468099594116211,1.0717847347259521,0.9109177589416504,0.16086697578430176
09002200121901201600271152L_1296226300_482932900,1,LP,medium,4.484764583922868,0,hit,0.970038115978241,0.9401832818984985,0.6798443794250488,0.46441593766212463,0.2154284417629242,0.6094151735305786,0.4834645390510559,0.1259506344795227,0.9752030968666077,0.706692636013031,0.26851046085357666
09002200121901201600271152L_1296226300_482932900,2,TP,medium,27.999967302594865,1,hit,0.9108554720878601,0.8998063802719116,0.5576828718185425,0.7291755080223083,-0.17149263620376587,0.5802980065345764,0.6243920922279358,-0.044094085693359375,0.7775408029556274,0.7310740351676941,0.04646676778793335
09002200121901201601563522L_1296222700_483037800,0,TP,medium,24.636863278215515,1,hit,0.8168048858642578,0.6606971025466919,0.5429920554161072,0.640710175037384,-0.09771811962127686,0.7960612177848816,0.6390693783760071,0.1569918394088745,0.934795618057251,0.8090803027153015,0.12571531534194946
09002200121901201601563522L_1296222700_483037800,1,LP,medium,8.684080680755924,1,hit,0.9322138428688049,0.8188381791114807,0.8400633335113525,0.5723607540130615,0.267702579498291,0.7571832537651062,0.5879872441291809,0.1691960096359253,0.9985978007316589,0.6753735542297363,0.3232242465019226
09002200121901201601563522L_1296222700_483037800,2,LP,large,1.2857131133709494,0,hit,0.9787166118621826,0.9688709378242493,0.4533637464046478,0.5916299223899841,-0.1382661759853363,0.48955801129341125,0.496549516916275,-0.0069915056228637695,0.6246871948242188,0.5334925651550293,0.09119462966918945
09002200121901201601563522L_1296222700_483037800,3,LP,medium,1.0600087646805347,0,hit,0.8051130175590515,0.5674299001693726,0.8192762732505798,0.8377802968025208,-0.018504023551940918,0.7923311591148376,0.7087912559509277,0.08353990316390991,0.8000996708869934,0.7621785402297974,0.037921130657196045
09002200121901201601563522L_1296222700_483037800,4,LP,medium,1.250005161074904,0,hit,0.9614347815513611,0.942160427570343,0.5159474611282349,0.44236859679222107,0.0735788643360138,0.6511781811714172,0.4414939880371094,0.20968419313430786,0.6811205148696899,0.5032109618186951,0.17790955305099487
09002200121901201603226332L_1296221500_483112000,0,LC,large,1.267247729592642,0,hit,0.9755914211273193,0.3968474864959717,0.45676189661026,0.6364986300468445,-0.17973673343658447,0.56292325258255,0.5321732759475708,0.030749976634979248,0.6416504979133606,0.5653814673423767,0.07626903057098389
09002200121901201608553352L_1295891800_483177200,0,TC,medium,20.11120304091743,1,hit,0.8223122954368591,0.517730712890625,0.6268370151519775,0.4479316174983978,0.1789053976535797,0.5436312556266785,0.4426972568035126,0.1009339988231659,0.7837422490119934,0.5612309575080872,0.22251129150390625
09002200121901201611316592L_1295682000_483173800,0,TP,small,2.7999359150416554,0,hit,0.8837871551513672,0.8837871551513672,0.8673709034919739,0.5346749424934387,0.33269596099853516,0.9513986706733704,0.7254759669303894,0.22592270374298096,0.8396027088165283,0.7580804228782654,0.08152228593826294
09002200121901201611316592L_1295682000_483173800,1,LP,medium,1.4999750774886653,0,hit,0.9200128316879272,0.7940914034843445,0.7211402058601379,0.4640236794948578,0.25711652636528015,0.7118297815322876,0.44834938645362854,0.26348039507865906,1.314376711845398,0.7354370355606079,0.57893967628479
09002200121901201611316592L_1295682000_483173800,2,TP,medium,10.125029087177609,1,hit,0.9323047399520874,0.8285984396934509,0.7841487526893616,0.40887942910194397,0.3752693235874176,0.6460089087486267,0.4073459804058075,0.2386629283428192,1.0730170011520386,0.6653447151184082,0.40767228603363037
09002200121901201611521332L_1295643000_483172600,0,LP,small,1.1599938476111886,0,hit,0.9357804656028748,0.9357804656028748,0.9804724454879761,0.5768027305603027,0.40366971492767334,1.145450234413147,0.5644861459732056,0.5809640884399414,1.451993703842163,1.0014266967773438,0.45056700706481934
09002200121901201611521332L_1295643000_483172600,1,LP,medium,3.5333498807770245,0,hit,0.9155696034431458,0.9092254638671875,0.7486711144447327,0.5880016684532166,0.1606694459915161,0.7382448315620422,0.5784382820129395,0.15980654954910278,1.1580810546875,0.6525196433067322,0.5055614113807678
09002200121901201614543722L_1295476500_483142100,0,LP,medium,2.642832619990387,0,hit,0.7829335927963257,0.6424126029014587,0.9008761644363403,0.7082299590110779,0.19264620542526245,0.7051036953926086,0.5115489363670349,0.19355475902557373,0.9174536466598511,0.5487232208251953,0.36873042583465576
09002200121901201614543722L_1295476500_483142100,1,TP,large,18.599888509795065,1,hit,0.9697844386100769,0.9277417659759521,0.6500194072723389,0.6296526789665222,0.02036672830581665,0.6638848185539246,0.45819100737571716,0.2056938111782074,0.724114716053009,0.5461929440498352,0.17792177200317383
09002200121901201618335942K_1295780600_483244300,0,TC,medium,13.750181581806418,1,hit,0.8313910961151123,0.6079388856887817,0.4213672876358032,0.5304818749427795,-0.10911458730697632,0.5500797629356384,0.4883129298686981,0.06176683306694031,0.6276114583015442,0.5886062979698181,0.039005160331726074
09002200121901201618335942K_1295780600_483244300,1,TC,large,9.368521567336186,1,hit,0.7298523783683777,0.18414543569087982,0.5546634197235107,0.5268625617027283,0.02780085802078247,0.4514157474040985,0.4765142500400543,-0.02509850263595581,0.7153478264808655,0.5349957346916199,0.1803520917892456
09002200121901201618335942K_1295780600_483244300,2,MC,medium,2.6500339892638176,0,hit,0.8878982067108154,0.8752492666244507,0.5799763202667236,0.5472991466522217,0.03267717361450195,0.8225038647651672,0.5258453488349915,0.2966585159301758,0.9915110468864441,0.6952359080314636,0.29627513885498047
09002200121901201618335942K_1295780600_483244300,3,TC,medium,4.545518419052164,0,hit,0.7051082253456116,0.7051082253456116,0.5390157699584961,0.6808382868766785,-0.14182251691818237,0.5730807185173035,0.5416815876960754,0.03139913082122803,0.8511551022529602,0.6508669853210449,0.20028811693191528
09002200121901201618335942K_1295780600_483244300,4,TC,medium,1.3636060146482207,0,hit,0.6197953224182129,0.6049238443374634,0.5888605117797852,0.4876558482646942,0.10120466351509094,0.7314132452011108,0.44085493683815,0.2905583083629608,0.9406917691230774,0.597051739692688,0.3436400294303894
09002200121901201623324852K_1295850200_483186500,0,TC,medium,1.9722337370151284,0,hit,0.8751351237297058,0.7985232472419739,0.5679163336753845,0.5931423306465149,-0.02522599697113037,0.681765615940094,0.46187493205070496,0.21989068388938904,1.0241378545761108,0.5390019416809082,0.48513591289520264
09002200121901201623324852K_1295850200_483186500,1,TC,medium,20.050325780117493,1,hit,0.9198827743530273,0.3591356575489044,0.6108795404434204,0.571647584438324,0.039231956005096436,0.5131415128707886,0.511445164680481,0.0016963481903076172,0.6194570660591125,0.6421183943748474,-0.022661328315734863
09002200121901201646598192K_1295788400_483362100,0,MC,small,4.285648269247537,0,hit,0.6770051717758179,0.5739119648933411,0.7400785684585571,0.771774411201477,-0.03169584274291992,0.6723552346229553,0.6309967041015625,0.04135853052139282,0.760989248752594,0.6355159878730774,0.1254732608795166
09002200121901201646598192K_1295788400_483362100,1,LP,small,1.5555657280815973,0,localization_error,0.5661526322364807,0.46530917286872864,0.7652450203895569,0.6397925615310669,0.12545245885849,1.119702935218811,0.7403812408447266,0.3793216943740845,1.354614496231079,0.9506250619888306,0.40398943424224854
09002200121901201646598192K_1295788400_483362100,2,LP,large,1.357144738546295,0,hit,0.910674512386322,0.8802942633628845,0.620357096195221,0.6016812324523926,0.01867586374282837,0.5693033933639526,0.49088484048843384,0.0784185528755188,0.6936599016189575,0.5408639311790466,0.1527959704399109
09002200121901201646598192K_1295788400_483362100,3,TP,small,6.11121434481262,1,hit,0.5300134420394897,0.27116456627845764,0.6985790729522705,0.7146638035774231,-0.016084730625152588,0.9697476625442505,0.6260689496994019,0.34367871284484863,1.0026487112045288,0.7927378416061401,0.20991086959838867
09002200121901201646598192K_1295788400_483362100,4,TP,small,8.167236362896498,1,hit,0.5417988896369934,0.46354418992996216,0.6631584763526917,0.49453455209732056,0.1686239242553711,0.6301335096359253,0.6007351279258728,0.02939838171005249,0.9993374943733215,0.8450424075126648,0.15429508686065674
09002200121901201646598192K_1295788400_483362100,5,TP,small,8.399765633582755,1,hit,0.5426511764526367,0.29377949237823486,0.7716403007507324,0.5939311385154724,0.17770916223526,1.0831985473632812,0.6893810629844666,0.3938174843788147,1.168760895729065,0.8948168158531189,0.27394407987594604
09002200121901201650126672K_1295791800_483228800,0,TP,medium,13.416444571033304,1,hit,0.7815001010894775,0.5350290536880493,0.5487895607948303,0.5744656324386597,-0.025676071643829346,0.6365640759468079,0.5265054702758789,0.11005860567092896,0.9359790086746216,0.5918981432914734,0.3440808653831482
09002200121901201650126672K_1295791800_483228800,1,TP,large,12.296878814697266,1,hit,0.8994570970535278,0.8755699396133423,0.45540252327919006,0.6391083598136902,-0.18370583653450012,0.5828487873077393,0.5659148097038269,0.016933977603912354,0.6803408861160278,0.5400722026824951,0.14026868343353271
09002200121901201654039762K_1295914200_483172300,0,LC,large,1.3000036960215549,0,localization_error,0.8821637630462646,0.20423690974712372,0.5914519429206848,0.6189721822738647,-0.02752023935317993,0.6220031380653381,0.5873456001281738,0.03465753793716431,0.5886425375938416,0.56797856092453,0.020663976669311523
09002200121901201654039762K_1295914200_483172300,1,MC,small,4.000091555313495,0,hit,0.8751574158668518,0.7089499235153198,0.7133001685142517,0.6954601407051086,0.017840027809143066,0.756397545337677,0.5164028406143188,0.23999470472335815,1.2963935136795044,0.7115489840507507,0.5848445296287537
09002200121901201654039762K_1295914200_483172300,2,LC,large,1.6834593374601652,0,hit,0.9258728623390198,0.8854670524597168,0.5466145277023315,0.5350527763366699,0.011561751365661621,0.46586886048316956,0.5069560408592224,-0.041087180376052856,0.6489232778549194,0.5577432513237,0.09118002653121948
09002200121901201654039762K_1295914200_483172300,3,MC,small,4.555596999742293,0,localization_error,0.2116292268037796,0.12080845236778259,0.8267867565155029,0.8021020889282227,0.024684667587280273,0.6899638175964355,0.6897146105766296,0.0002492070198059082,0.5968192219734192,0.6213329434394836,-0.024513721466064453
09002200121901210909359202K_1296299600_483169900,0,LC,medium,4.399970354611166,0,hit,0.7480406761169434,0.6283981800079346,0.7046865820884705,0.6778731346130371,0.02681344747543335,0.6370075941085815,0.49683162569999695,0.1401759684085846,0.689301609992981,0.633236825466156,0.05606478452682495
09002200121901210909359202K_1296299600_483169900,1,TC,large,7.911785112587727,1,hit,0.9224242568016052,0.902400016784668,0.5708414316177368,0.7271665930747986,-0.15632516145706177,0.559307336807251,0.5504559874534607,0.008851349353790283,0.5600840449333191,0.575611412525177,-0.01552736759185791
09002200121901210911399212K_1296275200_483087300,0,MC,small,3.2999279811530338,0,hit,0.746636152267456,0.691806435585022,0.6460702419281006,0.5908733010292053,0.055196940898895264,0.9981210827827454,0.6738373041152954,0.32428377866744995,1.5783153772354126,0.9234015345573425,0.6549138426780701
09002200121901210911399212K_1296275200_483087300,1,LC,large,2.4705983198527015,0,hit,0.9428384304046631,0.9112517833709717,0.5612934827804565,0.5748056173324585,-0.013512134552001953,0.532715380191803,0.5608016848564148,-0.028086304664611816,0.7271999716758728,0.5839524269104004,0.1432475447654724
09002200121901211003121282K_1296342100_483067600,0,AC,large,2.369557934151202,0,hit,0.8090890049934387,0.6578572988510132,0.5403611063957214,0.6278903484344482,-0.0875292420387268,0.46230757236480713,0.552247941493988,-0.08994036912918091,0.6321877837181091,0.6008543372154236,0.03133344650268555
09002200121901211003121282K_1296342100_483067600,1,MC,medium,3.1428147924247534,0,hit,0.8648618459701538,0.8219391107559204,0.7260387539863586,0.5604758262634277,0.1655629277229309,0.9335238337516785,0.6096159219741821,0.32390791177749634,1.070853352546692,0.7906717658042908,0.2801815867424011
09002200121901211022210172K_1296253400_483053700,0,LP,large,3.5000110005691907,0,hit,0.9141693711280823,0.8830909132957458,0.681628942489624,0.5476791262626648,0.13394981622695923,0.5449917316436768,0.48002979159355164,0.06496194005012512,0.7128297686576843,0.5262256860733032,0.1866040825843811
09002200121901211022210172K_1296253400_483053700,1,LP,large,2.4433895123538183,0,hit,0.9566941261291504,0.9473208785057068,0.5207691192626953,0.5929985046386719,-0.07222938537597656,0.5312427878379822,0.5827674269676208,-0.05152463912963867,0.5193952918052673,0.5710976719856262,-0.05170238018035889
09002200121901211022302982K_1296265800_483053400,0,LP,large,1.237069383104974,0,hit,0.7798420786857605,0.5919103026390076,0.5547931790351868,0.5692143440246582,-0.014421164989471436,0.5319231152534485,0.5055074095726013,0.026415705680847168,0.715397298336029,0.5476499795913696,0.16774731874465942
09002200121901211116162532Q_1295655000_482010700,0,LC,medium,4.972957457916915,0,hit,0.9122695326805115,0.8121058940887451,0.6278114318847656,0.534994900226593,0.09281653165817261,0.5529605150222778,0.4567233622074127,0.09623715281486511,0.7777039408683777,0.5325750112533569,0.24512892961502075
09002200121901211143302912L_1295375400_482014400,0,LC,large,3.1646955929808236,0,hit,0.9656304717063904,0.8549882769584656,0.5491568446159363,0.6036049127578735,-0.054448068141937256,0.5477007031440735,0.49382802844047546,0.05387267470359802,0.531940221786499,0.5906328558921814,-0.05869263410568237
09002200121901211143302912L_1295375400_482014400,1,AC,large,1.2151516463012921,0,hit,0.7845921516418457,0.5104477405548096,0.4576765298843384,0.7016016244888306,-0.2439250946044922,0.4780251681804657,0.6038424968719482,-0.12581732869148254,0.5516960620880127,0.5876437425613403,-0.03594768047332764
09002200121901211204353672L_1295069200_482414800,0,LC,large,1.4245245320174353,0,hit,0.8827075958251953,0.7007298469543457,0.4467000961303711,0.3906203508377075,0.056079745292663574,0.5905148386955261,0.4304216802120209,0.16009315848350525,0.5857217311859131,0.5119323134422302,0.07378941774368286
09002200121901211229206022L_1295324400_483041800,0,TC,medium,12.240114649557125,1,hit,0.8426802754402161,0.8426802754402161,0.5562837719917297,0.6357247233390808,-0.07944095134735107,0.5025404691696167,0.5101606845855713,-0.00762021541595459,0.655212938785553,0.5815234184265137,0.0736895203590393
09002200121901211229206022L_1295324400_483041800,1,TC,medium,2.31111771200395,0,hit,0.7975659966468811,0.28056833148002625,0.5289782285690308,0.494892418384552,0.03408581018447876,0.5186637043952942,0.49610552191734314,0.02255818247795105,0.6900215744972229,0.5601844787597656,0.12983709573745728
09002200121901211229206022L_1295324400_483041800,2,TC,medium,4.0833676657833475,0,hit,0.803661048412323,0.29101526737213135,0.511942982673645,0.44479772448539734,0.06714525818824768,0.55108243227005,0.4957915246486664,0.05529090762138367,0.7366957068443298,0.5451459884643555,0.19154971837997437
09002200121901211414107272L_1295613800_483279100,0,TC,medium,18.28549879674948,1,hit,0.6854154467582703,0.2753537595272064,0.46651914715766907,0.376434326171875,0.09008482098579407,0.4962603747844696,0.3810354173183441,0.11522495746612549,0.6359467506408691,0.4863588809967041,0.14958786964416504
09002200121901211414107272L_1295613800_483279100,1,LC,medium,13.200347503387547,1,hit,0.7718092203140259,0.726094663143158,0.49583306908607483,0.5917100310325623,-0.09587696194648743,0.4766642153263092,0.4499998986721039,0.026664316654205322,0.6371318101882935,0.5728578567504883,0.06427395343780518
09002200121901211446570272Q_1296254200_482150900,0,LC,large,3.333319180291181,0,hit,0.9612360000610352,0.9193754196166992,0.5954023003578186,0.5959100723266602,-0.0005077719688415527,0.583237886428833,0.515422523021698,0.06781536340713501,0.5893431901931763,0.6316252946853638,-0.0422821044921875
09002200121901211448332302Q_1296287200_482094000,0,MC,small,3.5455387859283096,0,hit,0.7785765528678894,0.6438287496566772,0.6248295307159424,0.6284027695655823,-0.0035732388496398926,0.7207484841346741,0.5232324004173279,0.1975160837173462,0.8699575066566467,0.6831527352333069,0.18680477142333984
09002200121901211448332302Q_1296287200_482094000,1,LC,large,1.8350427826380231,0,hit,0.9595823287963867,0.9061190485954285,0.57671719789505,0.5256091356277466,0.05110806226730347,0.5706220269203186,0.5045449137687683,0.06607711315155029,0.5852181315422058,0.5781212449073792,0.00709688663482666
09002200121901211448332302Q_1296287200_482094000,2,MC,small,3.846255152920849,0,hit,0.6794207692146301,0.6681296229362488,0.6451380252838135,0.5970582365989685,0.04807978868484497,0.7347696423530579,0.6046864986419678,0.1300831437110901,0.727068305015564,0.6482752561569214,0.07879304885864258
09002200121901211448332302Q_1296287200_482094000,3,MC,medium,3.500038841200526,0,hit,0.9545513391494751,0.9236879348754883,0.5112831592559814,0.5146380066871643,-0.0033548474311828613,0.7548813223838806,0.5112906694412231,0.24359065294265747,1.2082432508468628,0.6207312941551208,0.5875119566917419
09002200121901211631409462L_1295273200_482385600,0,TC,medium,16.125053882804423,1,hit,0.6938266158103943,0.40148475766181946,0.5454497933387756,0.4766816198825836,0.06876817345619202,0.586920440196991,0.41173478960990906,0.1751856505870819,0.7857924699783325,0.4892673194408417,0.29652515053749084
09002200121901211632194512Q_1296283600_482191400,0,AC,medium,3.2127993350994752,0,hit,0.8895883560180664,0.6842360496520996,0.5268698930740356,0.5336689352989197,-0.006799042224884033,0.47102490067481995,0.49793559312820435,-0.0269106924533844,0.7267347574234009,0.5972315669059753,0.12950319051742554
09002200121901211632194512Q_1296283600_482191400,1,AC,large,4.615397410625116,0,hit,0.8915659189224243,0.5575494766235352,0.5306795835494995,0.5622750520706177,-0.031595468521118164,0.49699878692626953,0.5190002918243408,-0.02200150489807129,0.5967774987220764,0.6005336046218872,-0.003756105899810791
09002200121901211632194512Q_1296283600_482191400,2,MC,small,5.000127621795583,1,hit,0.7530856728553772,0.7501095533370972,0.6604712605476379,0.531136155128479,0.12933510541915894,0.5992739796638489,0.6085599660873413,-0.009285986423492432,1.04403817653656,0.687980592250824,0.3560575842857361
09002200121901211632194512Q_1296283600_482191400,3,MC,small,4.272781184108312,0,hit,0.9288830161094666,0.9115398526191711,0.5879502296447754,0.5852283835411072,0.002721846103668213,0.6630225777626038,0.5365872979164124,0.1264352798461914,0.7804730534553528,0.621528148651123,0.15894490480422974
09002200121901221204081442Q_1296053300_482332100,0,MC,small,4.28569435604112,0,hit,0.5056496262550354,0.5056496262550354,0.6703720092773438,0.6866647601127625,-0.0162927508354187,0.7272308468818665,0.6048038601875305,0.12242698669433594,0.6170746684074402,0.6570876240730286,-0.04001295566558838
09002200121901221204081442Q_1296053300_482332100,1,TC,large,8.121966469269452,1,hit,0.7003347277641296,0.6273806095123291,0.5282459259033203,0.6074817776679993,-0.07923585176467896,0.4618043005466461,0.5280710458755493,-0.0662667453289032,0.5906466245651245,0.6392221450805664,-0.048575520515441895
09002200121901221204081442Q_1296053300_482332100,2,LC,large,1.376808825129434,0,hit,0.9269596338272095,0.8837066888809204,0.7706185579299927,0.675203263759613,0.09541529417037964,0.6935028433799744,0.5579792261123657,0.13552361726760864,0.6561399698257446,0.605297863483429,0.050842106342315674
09002200121901221209507862Q_1296075100_482204900,0,LP,medium,5.774296312630932,1,hit,0.910261332988739,0.85212242603302,0.6837212443351746,0.658697783946991,0.025023460388183594,0.6078233122825623,0.5682687759399414,0.03955453634262085,0.9622038006782532,0.6185044646263123,0.3436993360519409
09002200121901221209507862Q_1296075100_482204900,1,MC,small,3.699861761277289,0,hit,0.7661226391792297,0.7325624227523804,0.6508170962333679,0.6238645911216736,0.026952505111694336,0.7770708203315735,0.627581775188446,0.14948904514312744,1.3547710180282593,0.7477155923843384,0.6070554256439209
09002200121901221209507862Q_1296075100_482204900,2,TC,small,3.3998425360244617,0,hit,0.806403636932373,0.7751458287239075,0.6585020422935486,0.6042754650115967,0.054226577281951904,0.872664749622345,0.6336917281150818,0.23897302150726318,1.2652758359909058,0.7827901244163513,0.48248571157455444
09002200121901221345011662Q_1295909300_482350200,0,MC,small,4.625351929987868,0,hit,0.710261344909668,0.5413352251052856,0.731634795665741,0.6801573634147644,0.05147743225097656,0.6574190258979797,0.5876955986022949,0.06972342729568481,0.8936070203781128,0.7496315240859985,0.14397549629211426
09002200121901221345011662Q_1295909300_482350200,1,MC,small,4.777851247516158,0,hit,0.8391605019569397,0.8391605019569397,0.7421131730079651,0.6749470829963684,0.06716609001159668,0.8840647339820862,0.6364906430244446,0.2475740909576416,0.9544659852981567,0.8132311105728149,0.1412348747253418
09002200121901221345011662Q_1295909300_482350200,2,MC,small,3.6666136858380973,0,hit,0.8770158886909485,0.8770158886909485,0.7573769092559814,0.6718158721923828,0.08556103706359863,0.8454353213310242,0.600338876247406,0.24509644508361816,0.9229502081871033,0.6601136922836304,0.2628365159034729
09002200121901221345011662Q_1295909300_482350200,3,MC,small,4.899890140071409,0,hit,0.8033887147903442,0.8033887147903442,0.6885467171669006,0.5561114549636841,0.13243526220321655,0.6789348721504211,0.5895655751228333,0.08936929702758789,0.8894430994987488,0.6763148307800293,0.21312826871871948
09002200121901221345011662Q_1295909300_482350200,4,MC,medium,3.473609629877097,0,hit,0.8118283748626709,0.8118283748626709,0.5974079966545105,0.5174670219421387,0.07994097471237183,0.8345991969108582,0.486528605222702,0.34807059168815613,1.2225733995437622,0.6098515391349792,0.612721860408783
09002200121901221345011662Q_1295909300_482350200,5,LC,large,1.067730868190894,0,hit,0.9662563800811768,0.9485505223274231,0.7360996007919312,0.6198933124542236,0.11620628833770752,0.5707273483276367,0.6087096333503723,-0.037982285022735596,0.6756377220153809,0.5953357219696045,0.08030200004577637
09002200121901221345011662Q_1295909300_482350200,6,MC,small,4.285685636809109,0,hit,0.705855667591095,0.6287556886672974,0.7829087376594543,0.6850638389587402,0.09784489870071411,0.8585319519042969,0.6648697853088379,0.19366216659545898,0.7038429379463196,0.6806032061576843,0.023239731788635254
09002200121901221345126822Q_1295907900_482339400,0,LC,large,5.478258908135578,1,hit,0.9099501371383667,0.881912350654602,0.7240191698074341,0.5518268942832947,0.1721922755241394,0.5856099724769592,0.47207704186439514,0.11353293061256409,0.7518520355224609,0.5454983115196228,0.20635372400283813
09002200121901221645196242Q_1296298000_482197300,0,TC,medium,22.308211299281176,1,hit,0.869443953037262,0.6393675208091736,0.5245645642280579,0.6398810744285583,-0.11531651020050049,0.5423330664634705,0.5140676498413086,0.028265416622161865,0.7260659337043762,0.6941057443618774,0.03196018934249878
09002200121901231008374602K_1295882200_483175800,0,LP,medium,6.176282103063691,1,hit,0.9087586402893066,0.880099892616272,0.6753509640693665,0.5867434740066528,0.08860749006271362,0.7088143229484558,0.5283069014549255,0.18050742149353027,1.2219895124435425,0.7183822989463806,0.5036072134971619
09002200121901231008374602K_1295882200_483175800,1,LP,large,1.0367648048799534,0,hit,0.8917455673217773,0.31673911213874817,0.54582679271698,0.6199002265930176,-0.0740734338760376,0.5369775891304016,0.48885223269462585,0.04812535643577576,0.4785071909427643,0.4808557629585266,-0.002348572015762329
09002200121901231013157602K_1296092300_483179300,0,TP,large,12.703794377945814,1,hit,0.7446628212928772,0.6878874897956848,0.5840850472450256,0.6484627723693848,-0.06437772512435913,0.5958327651023865,0.663898229598999,-0.06806546449661255,0.8973143696784973,0.6884962320327759,0.20881813764572144
09002200121901231013253432K_1296108900_483179600,0,TP,medium,19.126301854833173,1,hit,0.9511268138885498,0.7740146517753601,0.8160173892974854,0.6239532232284546,0.19206416606903076,0.8255600929260254,0.6374549269676208,0.18810516595840454,1.2649818658828735,0.808885395526886,0.45609647035598755
09002200121901231013253432K_1296108900_483179600,1,LP,medium,1.7090931285511364,0,hit,0.9352834820747375,0.8980013728141785,0.6158854365348816,0.48033639788627625,0.13554903864860535,0.6236767172813416,0.47030964493751526,0.1533670723438263,0.9776575565338135,0.6041471362113953,0.3735104203224182
09002200121901231013253432K_1296108900_483179600,2,LP,small,1.4999069245112011,0,hit,0.590160071849823,0.590160071849823,0.8486570715904236,0.891882598400116,-0.04322552680969238,1.0472365617752075,0.7838414311408997,0.26339513063430786,0.943604588508606,0.8569355010986328,0.08666908740997314
09002200121901231014439882K_1296220700_483139600,0,TP,large,10.909100997555818,1,hit,0.882851243019104,0.8746654391288757,0.6501725316047668,0.7157453894615173,-0.06557285785675049,0.5583013296127319,0.558888852596283,-0.0005875229835510254,0.6104617118835449,0.5404955744743347,0.0699661374092102
09002200121901231014439882K_1296220700_483139600,1,LP,medium,2.365391240352433,0,hit,0.9739136099815369,0.937942385673523,0.6761273145675659,0.6237818598747253,0.052345454692840576,0.8148954510688782,0.5567560195922852,0.258139431476593,0.9169294834136963,0.7278252840042114,0.18910419940948486
09002200121901231014439882K_1296220700_483139600,2,LP,small,2.4116882557371397,0,hit,0.8469836711883545,0.7372887134552002,0.6377697587013245,0.6010531783103943,0.036716580390930176,0.7502354383468628,0.5769484043121338,0.173287034034729,1.6579753160476685,0.9329630136489868,0.7250123023986816
09002200121901231015114032K_1296220400_483118700,0,TP,medium,14.600167543549116,1,hit,0.8470090627670288,0.6202767491340637,0.5456433892250061,0.7282845377922058,-0.1826411485671997,0.5198236107826233,0.5686041116714478,-0.04878050088882446,0.7664440274238586,0.6259136199951172,0.14053040742874146
09002200121901231015114032K_1296220400_483118700,1,LP,large,1.0199982177690863,0,hit,0.9736011028289795,0.9579887986183167,0.580899715423584,0.5910457372665405,-0.010146021842956543,0.5652296543121338,0.620543897151947,-0.05531424283981323,0.7189419865608215,0.6068692803382874,0.11207270622253418
09002200121901231015114032K_1296220400_483118700,2,LP,large,1.9519298937513792,0,hit,0.8754739761352539,0.8658424019813538,0.6545876264572144,0.6480658650398254,0.006521761417388916,0.5235798954963684,0.5590366721153259,-0.03545677661895752,0.7196004986763,0.5761264562606812,0.1434740424156189
09002200121901231015114032K_1296220400_483118700,3,LP,small,1.2940553465261222,0,hit,0.7037305235862732,0.7037305235862732,0.892943263053894,0.6909488439559937,0.2019944190979004,0.6861855983734131,0.5389418005943298,0.14724379777908325,0.5712079405784607,0.5749967098236084,-0.003788769245147705
09002200121901231015114032K_1296220400_483118700,4,LP,medium,2.1379622419127395,0,hit,0.859032928943634,0.35182660818099976,0.6905714869499207,0.6943788528442383,-0.003807365894317627,0.6694507598876953,0.5529096722602844,0.11654108762741089,0.6315714120864868,0.6620534062385559,-0.030481994152069092
09002200121901231015549942K_1296219900_483084800,0,TP,medium,4.045507888903377,0,hit,0.9331464171409607,0.7571228742599487,0.6351085305213928,0.6364964246749878,-0.0013878941535949707,0.6239567995071411,0.5043488144874573,0.11960798501968384,0.9850173592567444,0.5869583487510681,0.39805901050567627
09002200121901231015549942K_1296219900_483084800,1,LP,medium,2.79315849678877,0,hit,0.9052435159683228,0.881115734577179,0.6445693373680115,0.6385170817375183,0.006052255630493164,0.7322251200675964,0.5479888916015625,0.18423622846603394,1.1050889492034912,0.6724836230278015,0.4326053261756897
09002200121901231015549942K_1296219900_483084800,2,TP,large,15.845941219277448,1,hit,0.9495866298675537,0.7201961278915405,0.5309398770332336,0.6649142503738403,-0.1339743733406067,0.5736215710639954,0.5039767026901245,0.06964486837387085,0.6970440745353699,0.6062063574790955,0.09083771705627441
09002200121901231015549942K_1296219900_483084800,3,LP,medium,1.014916168291983,0,hit,0.9308445453643799,0.8820112347602844,0.6846149563789368,0.5942276120185852,0.09038734436035156,0.6954954266548157,0.5270063877105713,0.16848903894424438,0.6685938239097595,0.5583586096763611,0.11023521423339844
09002200121901231015549942K_1296219900_483084800,4,TP,medium,2.566647067679575,0,hit,0.8804211020469666,0.5904821157455444,0.652420699596405,0.6254523396492004,0.02696835994720459,0.6093574166297913,0.5742998123168945,0.03505760431289673,0.8008902668952942,0.7309342622756958,0.06995600461959839
09002200121901231016312592K_1296220700_483056600,0,LP,small,1.476151447247193,0,hit,0.7359005808830261,0.6469112038612366,0.6696852445602417,0.6073326468467712,0.06235259771347046,0.873762845993042,0.513530433177948,0.360232412815094,0.9584720730781555,0.6730858683586121,0.28538620471954346
09002200121901231016312592K_1296220700_483056600,1,TP,large,13.840045800948978,1,hit,0.9484829306602478,0.9229612350463867,0.6259415745735168,0.7728554606437683,-0.14691388607025146,0.5036255121231079,0.5833236575126648,-0.07969814538955688,0.645824670791626,0.550726592540741,0.09509807825088501
09002200121901231017276812K_1296222300_483009800,0,LP,large,1.1324482565577398,0,hit,0.9343284964561462,0.9146692156791687,0.5476617813110352,0.5850856900215149,-0.037423908710479736,0.558969259262085,0.5005328059196472,0.058436453342437744,0.6807021498680115,0.5757898688316345,0.10491228103637695
09002200121901231017276812K_1296222300_483009800,1,TP,large,10.871765337406512,1,hit,0.9530990719795227,0.8112452626228333,0.51893150806427,0.6362786293029785,-0.1173471212387085,0.5833704471588135,0.5456243753433228,0.03774607181549072,0.7344697117805481,0.5552682876586914,0.1792014241218567
09002200121901231017276812K_1296222300_483009800,2,LP,small,1.235277433715691,0,hit,0.6177411079406738,0.6177411079406738,0.8290647268295288,0.6921330690383911,0.1369316577911377,0.7106115818023682,0.5774738192558289,0.1331377625465393,0.6263430118560791,0.6919921040534973,-0.06564909219741821
09002200121901231017276812K_1296222300_483009800,3,TP,small,37.397674702471775,1,hit,0.5178378820419312,0.5178378820419312,0.6344768404960632,0.7031708359718323,-0.06869399547576904,0.6716808676719666,0.6782583594322205,-0.006577491760253906,0.7528627514839172,0.7198345065116882,0.033028244972229004
09002200121901231017414972K_1296223100_482985700,0,TP,medium,27.818788147819333,1,hit,0.8783508539199829,0.8063086867332458,0.5204485058784485,0.7238559126853943,-0.2034074068069458,0.517907440662384,0.6065971255302429,-0.08868968486785889,0.8357658386230469,0.645540714263916,0.19022512435913086
09002200121901231017414972K_1296223100_482985700,1,TP,large,17.358926285412018,1,hit,0.9197690486907959,0.8540738224983215,0.6837888956069946,0.6613135933876038,0.02247530221939087,0.5445555448532104,0.5667936205863953,-0.022238075733184814,0.710252583026886,0.5980033874511719,0.11224919557571411
09002200121901231017414972K_1296223100_482985700,2,LP,large,1.070925663716048,0,hit,0.9747445583343506,0.9603204131126404,0.5266960859298706,0.5413397550582886,-0.014643669128417969,0.5868991017341614,0.4459857940673828,0.14091330766677856,0.7322190403938293,0.5323004722595215,0.19991856813430786
09002200121901231017414972K_1296223100_482985700,3,MC,small,4.857040718458453,0,localization_error,0.3561352789402008,0.2194189876317978,0.7962573766708374,0.7964609265327454,-0.00020354986190795898,0.5132489800453186,0.5962458848953247,-0.0829969048500061,0.5860727429389954,0.5893689393997192,-0.003296196460723877
09002200121901231017495912K_1296223600_482972700,0,LP,small,1.28570556640625,0,hit,0.6953372955322266,0.6953372955322266,0.7409531474113464,0.692037045955658,0.04891610145568848,0.6728718876838684,0.75044184923172,-0.07756996154785156,0.5877522230148315,0.6417673230171204,-0.05401510000228882
09002200121901231017495912K_1296223600_482972700,1,TP,large,17.038213338341276,1,hit,0.9106931090354919,0.9088670611381531,0.5199066996574402,0.6550038456916809,-0.13509714603424072,0.6201412677764893,0.6150161027908325,0.005125164985656738,0.7130624055862427,0.598845899105072,0.11421650648117065
09002200121901231017495912K_1296223600_482972700,2,TP,medium,2.576921790306186,0,hit,0.9122925400733948,0.8851834535598755,0.6498197913169861,0.7028092741966248,-0.05298948287963867,0.5458624958992004,0.5514304637908936,-0.005567967891693115,0.8087025880813599,0.609717607498169,0.19898498058319092
09002200121901231017495912K_1296223600_482972700,3,TP,medium,27.571008806347546,1,hit,0.6588514447212219,0.578610897064209,0.6049647927284241,0.7374007105827332,-0.13243591785430908,0.6477813124656677,0.6008992195129395,0.04688209295272827,0.7348772883415222,0.7267282605171204,0.008149027824401855
09002200121901231017495912K_1296223600_482972700,4,TP,large,4.057705489903329,0,hit,0.9745924472808838,0.9417160749435425,0.5034565329551697,0.557988166809082,-0.054531633853912354,0.5656387805938721,0.5272710919380188,0.03836768865585327,0.732232391834259,0.5352776646614075,0.19695472717285156
09002200121901231020279842K_1296228600_482823100,0,TP,large,15.861185003585833,1,hit,0.7792453169822693,0.6295933127403259,0.6451750993728638,0.4712989926338196,0.1738761067390442,0.5253190994262695,0.5009991526603699,0.024319946765899658,0.7342222929000854,0.555665910243988,0.1785563826560974
09002200121901231020279842K_1296228600_482823100,1,LP,medium,1.5000032697191312,0,hit,0.7526534795761108,0.723206102848053,0.5553760528564453,0.6310275793075562,-0.07565152645111084,0.710394561290741,0.5568907260894775,0.15350383520126343,0.926625669002533,0.7198057174682617,0.20681995153427124
09002200121901231035209972Q_1296254800_482371800,0,MC,small,5.125336670150996,1,localization_error,0.643666684627533,0.4995121359825134,0.5573633909225464,0.6664218902587891,-0.10905849933624268,0.742472231388092,0.551104724407196,0.191367506980896,1.2073718309402466,1.0035221576690674,0.2038496732711792
09002200121901231035209972Q_1296254800_482371800,1,LC,large,1.9523811222374678,0,hit,0.9517967700958252,0.94730144739151,0.5945377349853516,0.6893324851989746,-0.09479475021362305,0.46322357654571533,0.5403896570205688,-0.07716608047485352,0.4876902997493744,0.5789963006973267,-0.09130600094795227
09002200121901231035209972Q_1296254800_482371800,2,MC,small,3.9999186214473177,0,localization_error,0.5295572876930237,0.22136957943439484,0.5480551719665527,0.5178288817405701,0.030226290225982666,0.5300822854042053,0.45980653166770935,0.07027575373649597,0.5662927031517029,0.5166084170341492,0.04968428611755371
09002200121901231124467182Q_1296055600_482426700,0,LC,medium,3.6666578505133036,0,hit,0.9213489294052124,0.8627311587333679,0.5192688703536987,0.5435222387313843,-0.024253368377685547,0.5148183107376099,0.43569040298461914,0.07912790775299072,0.7318223118782043,0.5392304062843323,0.19259190559387207
09002200121901231148090352Q_1296050700_482415800,0,TC,medium,11.237950056384204,1,hit,0.8723112344741821,0.7864536046981812,0.5115016102790833,0.6662819981575012,-0.15478038787841797,0.5065048933029175,0.5582498908042908,-0.05174499750137329,0.8114131093025208,0.6338836550712585,0.1775294542312622
09002200121901231148090352Q_1296050700_482415800,1,TC,medium,17.64657351293908,1,hit,0.8192651867866516,0.6399346590042114,0.5441148281097412,0.5096575617790222,0.034457266330718994,0.5814886093139648,0.4940260052680969,0.08746260404586792,0.6827896237373352,0.6486262679100037,0.03416335582733154
09002200121901231233206472Q_1296053100_482356300,0,MC,small,3.499904636060691,0,hit,0.8374714255332947,0.7609254717826843,0.7397302389144897,0.7523564100265503,-0.012626171112060547,0.6826346516609192,0.7288169264793396,-0.04618227481842041,1.0481855869293213,0.7442789077758789,0.3039066791534424
09002200121901231233206472Q_1296053100_482356300,1,TC,large,1.542162605763164,0,hit,0.8808769583702087,0.8113488554954529,0.6204240918159485,0.7001852989196777,-0.07976120710372925,0.4814803898334503,0.5115529298782349,-0.030072540044784546,0.5691387057304382,0.6150760650634766,-0.04593735933303833
09002200121901231358498662L_1295319000_483006300,0,MC,small,4.714264539192606,0,hit,0.6666746735572815,0.6199162006378174,0.6710146069526672,0.5843870043754578,0.08662760257720947,0.8994019031524658,0.7400804162025452,0.15932148694992065,0.8631885647773743,0.7349136471748352,0.12827491760253906
09002200121901231358498662L_1295319000_483006300,1,TC,large,2.6666555617042573,0,hit,0.9598147869110107,0.8477178812026978,0.415885865688324,0.4956318438053131,-0.07974597811698914,0.5108813047409058,0.43812093138694763,0.07276037335395813,0.6068897843360901,0.5178784728050232,0.0890113115310669
09002200121901231410434452L_1295283700_482961300,0,AC,large,6.326536420883753,1,hit,0.7640934586524963,0.6350082755088806,0.613662838935852,0.5644884705543518,0.049174368381500244,0.6208437085151672,0.5666640400886536,0.05417966842651367,0.6434409022331238,0.5417377352714539,0.10170316696166992
09002200121901231410434452L_1295283700_482961300,1,MC,medium,2.7714201013174757,0,hit,0.952820897102356,0.8575307726860046,0.613121509552002,0.659676194190979,-0.04655468463897705,0.7991120219230652,0.7047490477561951,0.09436297416687012,1.3391622304916382,0.8614850044250488,0.47767722606658936
09002200121901231422002602K_1296128400_483163600,0,AC,large,5.565766722963342,1,hit,0.6302807331085205,0.2014937698841095,0.5187451243400574,0.5936084985733032,-0.07486337423324585,0.47475454211235046,0.5380423665046692,-0.06328782439231873,0.6443842053413391,0.5979549884796143,0.046429216861724854
09002200121901231422002602K_1296128400_483163600,1,TC,large,5.365119009788953,1,localization_error,0.6423075795173645,0.10658010840415955,0.5323442816734314,0.5991811752319336,-0.0668368935585022,0.5701326131820679,0.5280691385269165,0.04206347465515137,0.6315131783485413,0.5946773886680603,0.03683578968048096
09002200121901231422002602K_1296128400_483163600,2,LC,medium,1.0000026536954036,0,localization_error,0.4455661177635193,0.22680357098579407,0.503900408744812,0.5689638257026672,-0.06506341695785522,0.5144496560096741,0.5373417139053345,-0.0228920578956604,0.5658905506134033,0.5689619183540344,-0.0030713677406311035
09002200121901231424075782L_1295309500_483059200,0,LP,medium,1.6341616275296171,0,hit,0.9724501371383667,0.9003569483757019,0.7712405323982239,0.5839112997055054,0.1873292326927185,0.831620991230011,0.5100206732749939,0.3216003179550171,1.0850037336349487,0.5877152681350708,0.49728846549987793
09002200121901231424075782L_1295309500_483059200,1,TP,large,10.08693683055005,1,hit,0.8486803770065308,0.7158036828041077,0.49063074588775635,0.6923696398735046,-0.2017388939857483,0.48656347393989563,0.5362836122512817,-0.04972013831138611,0.5853354930877686,0.5326299667358398,0.05270552635192871
09002200121901231525164612Q_1296051900_482437000,0,TC,medium,9.760037890810013,1,hit,0.7907324433326721,0.6174052953720093,0.6261609196662903,0.5962371230125427,0.02992379665374756,0.5364401936531067,0.4697994291782379,0.06664076447486877,0.7257741093635559,0.5513808727264404,0.17439323663711548
09002200121901231525164612Q_1296051900_482437000,1,LC,medium,1.8032943205889034,0,hit,0.741539478302002,0.5963622331619263,0.6123092770576477,0.5142437219619751,0.09806555509567261,0.5487797260284424,0.5327464938163757,0.01603323221206665,0.7432270050048828,0.5822339057922363,0.16099309921264648
09002200121901231526352652Q_1296053400_482385400,0,LC,large,2.0857150164766143,0,hit,0.8829708099365234,0.8316229581832886,0.7226997017860413,0.614454984664917,0.10824471712112427,0.5938717722892761,0.5830488204956055,0.010822951793670654,0.6580937504768372,0.6310184597969055,0.02707529067993164
09002200121901231526352652Q_1296053400_482385400,1,LP,small,2.3528412844300197,0,localization_error,0.5475717186927795,0.36476844549179077,0.8175111413002014,0.79747074842453,0.020040392875671387,0.6945779919624329,0.6796519160270691,0.01492607593536377,0.7309055924415588,0.6787980794906616,0.05210751295089722
09002200121901231548497902L_1295240800_483010400,0,LC,large,1.7142877441814652,0,hit,0.9665424227714539,0.9362626075744629,0.6774925589561462,0.6308732032775879,0.04661935567855835,0.5941784977912903,0.5120835304260254,0.08209496736526489,0.665773868560791,0.5608447790145874,0.10492908954620361
09002200121901231557213562Q_1295910000_482367400,0,AC,large,1.6209635660212047,0,hit,0.824508547782898,0.6751706600189209,0.629477322101593,0.594862163066864,0.034615159034729004,0.768061101436615,0.5626038908958435,0.20545721054077148,0.8125138878822327,0.6120824217796326,0.2004314661026001
09002200121901231557213562Q_1295910000_482367400,1,MC,small,3.062528371810913,0,hit,0.8467694520950317,0.7900428175926208,0.6750109791755676,0.6934229135513306,-0.01841193437576294,0.9673510789871216,0.6155555248260498,0.3517955541610718,1.10796058177948,0.8086520433425903,0.29930853843688965
09002200121901231629183152L_1295222500_482959800,0,TP,medium,2.030286917006209,0,hit,0.8200291991233826,0.7539195418357849,0.5633569359779358,0.37131011486053467,0.19204682111740112,0.6149835586547852,0.4188888669013977,0.19609469175338745,1.0450834035873413,0.4939960539340973,0.551087349653244
09002200121901231629183152L_1295222500_482959800,1,LP,medium,1.657138871208224,0,hit,0.9398370981216431,0.9242673516273499,0.7977891564369202,0.5820272564888,0.21576189994812012,0.9602320194244385,0.5774828791618347,0.38274914026260376,1.588248610496521,0.7270997762680054,0.8611488342285156
09002200121901231631026672Q_1295864100_482387900,0,LC,large,2.2127630839076473,0,hit,0.9049957990646362,0.8930954933166504,0.4766086935997009,0.5614232420921326,-0.08481454849243164,0.575176477432251,0.4856860339641571,0.08949044346809387,0.6729990243911743,0.582533061504364,0.0904659628868103
09002200121901231631026672Q_1295864100_482387900,1,TC,large,13.178501596712842,1,hit,0.9283234477043152,0.1684579998254776,0.4609154760837555,0.5867289900779724,-0.12581351399421692,0.49565887451171875,0.5090358257293701,-0.013376951217651367,0.6576647758483887,0.5700081586837769,0.08765661716461182
09002200121901231631026672Q_1295864100_482387900,2,TC,small,10.142861502511161,1,localization_error,0.4496934115886688,0.25820493698120117,0.5956403017044067,0.6580767631530762,-0.062436461448669434,0.5625527501106262,0.5611591935157776,0.0013935565948486328,0.62059086561203,0.739762008190155,-0.119171142578125
09002200121901231637291082L_1295171900_482971500,0,LC,medium,6.227365290393461,1,hit,0.9097235798835754,0.9027099609375,0.5467330813407898,0.35495927929878235,0.19177380204200745,0.6020401120185852,0.3906101882457733,0.2114299237728119,0.7824881672859192,0.5053097605705261,0.27717840671539307
09002200121901231657489772Q_1295915500_482428900,0,TC,medium,29.75228899299568,1,hit,0.8487693071365356,0.7110299468040466,0.4973487854003906,0.6312025785446167,-0.13385379314422607,0.4939116835594177,0.549997091293335,-0.056085407733917236,0.6462681889533997,0.8085160255432129,-0.16224783658981323
09002200121901231657489772Q_1295915500_482428900,1,MC,small,4.500275630803507,0,hit,0.8201883435249329,0.8201883435249329,0.5877367854118347,0.5621466636657715,0.025590121746063232,0.860107421875,0.5518219470977783,0.3082854747772217,0.9763036370277405,0.8025955557823181,0.17370808124542236
09002200121901241120388432L_1295020500_482191900,0,TC,medium,17.27311896570858,1,hit,0.7510814070701599,0.44634920358657837,0.3998648226261139,0.5351354479789734,-0.1352706253528595,0.48907724022865295,0.5385124087333679,-0.049435168504714966,0.7014520764350891,0.6072202920913696,0.09423178434371948
09002200121901241120388432L_1295020500_482191900,1,LC,medium,2.7727240570454392,0,hit,0.9504349827766418,0.8814685940742493,0.4732773005962372,0.4681948721408844,0.005082428455352783,0.5157408118247986,0.4726355969905853,0.04310521483421326,0.6313260197639465,0.5714492201805115,0.05987679958343506
09002200121901241202289012K_1295943600_482892300,0,LC,large,1.0352118518034568,0,hit,0.93133544921875,0.8286773562431335,0.5064752101898193,0.5114080905914307,-0.004932880401611328,0.4896596372127533,0.45852431654930115,0.03113532066345215,0.6017771363258362,0.5766947865486145,0.02508234977722168
09002200121901251018310982Q_1296397100_482343500,0,LC,medium,7.999932425951922,1,hit,0.9343865513801575,0.8428119421005249,0.5150657296180725,0.5133079886436462,0.0017577409744262695,0.5298498272895813,0.4809536039829254,0.048896223306655884,0.6369773745536804,0.5425383448600769,0.09443902969360352
09002200121901251018310982Q_1296397100_482343500,1,LC,medium,2.289499193283493,0,hit,0.9348387718200684,0.8187577128410339,0.4966012239456177,0.5382072925567627,-0.04160606861114502,0.6040048599243164,0.47439152002334595,0.12961333990097046,0.8643742799758911,0.6077777743339539,0.25659650564193726
09002200121901251018310982Q_1296397100_482343500,2,MC,small,4.000072774394681,0,hit,0.6215073466300964,0.5144675374031067,0.5982984304428101,0.6352257132530212,-0.03692728281021118,0.8226877450942993,0.6301803588867188,0.19250738620758057,0.971531867980957,0.7578430771827698,0.21368879079818726
09002200121901251047440262L_1295475600_482147900,0,LC,medium,2.9038631959369128,0,hit,0.7628573179244995,0.7276199460029602,0.6409761309623718,0.5396385788917542,0.10133755207061768,0.5383048057556152,0.5331982970237732,0.005106508731842041,0.7447158098220825,0.6117386817932129,0.13297712802886963
09002200121901251047440262L_1295475600_482147900,1,MC,small,3.500034877232143,0,hit,0.7640706300735474,0.7165567278862,0.5479844212532043,0.5866091847419739,-0.03862476348876953,0.6136004328727722,0.5041831135749817,0.10941731929779053,0.8568637371063232,0.6536626219749451,0.20320111513137817
09002200121901251047440262L_1295475600_482147900,2,MC,medium,2.292697631974228,0,localization_error,0.5841192603111267,0.4393291771411896,0.420998752117157,0.5143459439277649,-0.09334719181060791,0.4729670584201813,0.5587782263755798,-0.08581116795539856,0.6522817611694336,0.6321197748184204,0.020161986351013184
09002200121901251047440262L_1295475600_482147900,3,MC,small,3.6667711075754923,0,hit,0.9653487801551819,0.8958179950714111,0.5678761005401611,0.617262065410614,-0.04938596487045288,0.701960563659668,0.49717703461647034,0.20478352904319763,1.0128148794174194,0.8134253621101379,0.1993895173072815
09002200121901251047440262L_1295475600_482147900,4,MC,small,3.2940647046152187,0,hit,0.9579828977584839,0.9177701473236084,0.5715596079826355,0.550424337387085,0.021135270595550537,0.7974470257759094,0.514558732509613,0.2828882932662964,1.056098222732544,0.7270066142082214,0.3290916085243225
09002200121901251124007772Q_1296331400_482436300,0,LC,medium,8.613016024902686,1,hit,0.965897262096405,0.8209618926048279,0.5234259366989136,0.6377531886100769,-0.11432725191116333,0.5691608190536499,0.49746498465538025,0.07169583439826965,0.6613262295722961,0.6201431155204773,0.04118311405181885
09002200121901251300273052Q_1295979100_482413800,0,LC,large,1.1648366002441244,0,hit,0.9369166493415833,0.7583139538764954,0.559382438659668,0.6007543802261353,-0.041371941566467285,0.5426729321479797,0.5802492499351501,-0.03757631778717041,0.6753697395324707,0.5914736986160278,0.08389604091644287
09002200121901251300273052Q_1295979100_482413800,1,LC,large,2.3681339503038683,0,hit,0.9599112868309021,0.9245404601097107,0.6885082721710205,0.7065975666046143,-0.01808929443359375,0.5314779281616211,0.5967211127281189,-0.0652431845664978,0.642646074295044,0.5781444907188416,0.06450158357620239
09002200121901251300273052Q_1295979100_482413800,2,TC,medium,9.380852040875642,1,hit,0.802226722240448,0.766352653503418,0.5834469199180603,0.6371065974235535,-0.053659677505493164,0.512705385684967,0.49403077363967896,0.018674612045288086,0.7242581844329834,0.6719805002212524,0.05227768421173096
09002200121901251300273052Q_1295979100_482413800,3,TC,medium,12.714161776630714,1,hit,0.6707471609115601,0.3656015694141388,0.5360478758811951,0.6083632707595825,-0.07231539487838745,0.47218766808509827,0.4550599157810211,0.01712775230407715,0.6595614552497864,0.5767687559127808,0.08279269933700562
09002200121901251452536972Q_1295978100_482437600,0,LC,large,2.4601656531535485,0,hit,0.9767692685127258,0.9651937484741211,0.5806450247764587,0.6059632897377014,-0.025318264961242676,0.46444204449653625,0.5285218954086304,-0.06407985091209412,0.5689504742622375,0.5468055605888367,0.02214491367340088
09002200121901251452536972Q_1295978100_482437600,1,LC,large,2.1134823488976204,0,hit,0.935533344745636,0.3887258470058441,0.5884900093078613,0.6756777167320251,-0.08718770742416382,0.5407907962799072,0.5427841544151306,-0.0019933581352233887,0.6696003079414368,0.5639087557792664,0.10569155216217041
09002200121901251452536972Q_1295978100_482437600,2,LC,large,3.5945817545376113,0,hit,0.9276791214942932,0.8739193081855774,0.7230027318000793,0.6867284178733826,0.03627431392669678,0.5728729367256165,0.6347476243972778,-0.06187468767166138,0.6722010374069214,0.5908778309822083,0.08132320642471313
09002200121901251611508022L_1295446200_482112400,0,LC,medium,1.1071358700835139,0,hit,0.8460444211959839,0.7348584532737732,0.41578376293182373,0.37704023718833923,0.0387435257434845,0.5800660252571106,0.40232521295547485,0.17774081230163574,1.0274006128311157,0.4990837574005127,0.528316855430603
09002200121901251611508022L_1295446200_482112400,1,LC,small,2.0526018226732328,0,localization_error,0.5008581876754761,0.4663817584514618,0.6227962374687195,0.4622015655040741,0.16059467196464539,0.695410430431366,0.48132210969924927,0.2140883207321167,0.9223678708076477,0.7898295521736145,0.1325383186340332
09002200121901251619029052Q_1296162400_482425200,0,LC,large,1.7857130089612494,0,hit,0.975398063659668,0.9143337607383728,0.4949924647808075,0.5531919598579407,-0.05819949507713318,0.4708559215068817,0.4806745648384094,-0.00981864333152771,0.6179047226905823,0.5438100695610046,0.07409465312957764
09002200121901251619029052Q_1296162400_482425200,1,MC,small,3.7693521200824462,0,hit,0.7770085334777832,0.44709500670433044,0.4955946207046509,0.440052330493927,0.05554229021072388,0.5679269433021545,0.44987350702285767,0.11805343627929688,0.9530799984931946,0.8147744536399841,0.13830554485321045
09002200121901251619029052Q_1296162400_482425200,2,TC,large,20.586514399247363,1,hit,0.8267508745193481,0.793901264667511,0.48693615198135376,0.6543802618980408,-0.167444109916687,0.4536818563938141,0.5437596440315247,-0.09007778763771057,0.622313916683197,0.5693217515945435,0.052992165088653564
09002200121901251619029052Q_1296162400_482425200,3,MC,small,3.6668023031067527,0,hit,0.8102246522903442,0.7832171320915222,0.600258469581604,0.5347532629966736,0.06550520658493042,0.694652259349823,0.6379408836364746,0.05671137571334839,1.1355277299880981,0.8651939630508423,0.27033376693725586
09002200121901251619029052Q_1296162400_482425200,4,TC,large,12.050163194990166,1,hit,0.7279649376869202,0.30512404441833496,0.44489723443984985,0.6330809593200684,-0.1881837248802185,0.5192039608955383,0.5516600608825684,-0.03245609998703003,0.6075920462608337,0.589148998260498,0.018443048000335693
09002200121901251654002612Q_1296148500_482448100,0,LC,large,1.0967738548159194,0,hit,0.8707586526870728,0.8358431458473206,0.5393785834312439,0.5838751792907715,-0.04449659585952759,0.4865727424621582,0.49249306321144104,-0.005920320749282837,0.5924855470657349,0.6677758097648621,-0.0752902626991272
09002200121901251654002612Q_1296148500_482448100,1,MC,small,4.153952156255135,0,hit,0.9071762561798096,0.881488561630249,0.5255037546157837,0.5511624217033386,-0.02565866708755493,0.6915152668952942,0.4907241761684418,0.20079109072685242,1.002152919769287,0.6418228149414062,0.36033010482788086
09002200121901251654002612Q_1296148500_482448100,2,MC,medium,3.2500648506451495,0,hit,0.9217491745948792,0.8186673521995544,0.5729333162307739,0.5558937191963196,0.017039597034454346,0.6362116932868958,0.5055761337280273,0.1306355595588684,1.1184347867965698,0.6392671465873718,0.479167640209198
09002200121901261030311352Q_1296278300_482037700,0,TP,medium,15.062586069435385,1,hit,0.7566357254981995,0.7566357254981995,0.5452335476875305,0.552876353263855,-0.007642805576324463,0.5738315582275391,0.5477466583251953,0.02608489990234375,0.8149392604827881,0.6887711882591248,0.12616807222366333
09002200121901261030311352Q_1296278300_482037700,1,TP,medium,10.318367448854461,1,hit,0.8420387506484985,0.348784863948822,0.5860053896903992,0.4100247025489807,0.17598068714141846,0.6346213221549988,0.4707601070404053,0.1638612151145935,0.745342493057251,0.6611821055412292,0.08416038751602173
09002200121901261031267012Q_1296257700_482039500,0,TP,large,8.399997558595105,1,hit,0.9479689598083496,0.9234695434570312,0.4792861044406891,0.6693969964981079,-0.19011089205741882,0.48129114508628845,0.5613617300987244,-0.08007058501243591,0.5496809482574463,0.5340560078620911,0.015624940395355225
09002200121901261031267012Q_1296257700_482039500,1,LP,large,2.2872315592903827,0,localization_error,0.7175584435462952,0.3535086214542389,0.4260070323944092,0.5890280604362488,-0.1630210280418396,0.5290803909301758,0.5044230818748474,0.02465730905532837,0.5886912941932678,0.5406555533409119,0.04803574085235596
09002200121901261032182582Q_1296232100_482041900,0,TP,medium,23.683744402541585,1,hit,0.8087583780288696,0.5237232446670532,0.5705357789993286,0.5823720097541809,-0.011836230754852295,0.6217386722564697,0.6524989604949951,-0.03076028823852539,0.6279326677322388,0.6945581436157227,-0.06662547588348389
09002200121901261032182582Q_1296232100_482041900,1,MC,small,4.999646017699115,0,localization_error,0.37674659490585327,0.37674659490585327,0.6836851239204407,0.689346432685852,-0.005661308765411377,0.8148728609085083,0.7545674443244934,0.06030541658401489,0.9397269487380981,0.8826873898506165,0.05703955888748169
09002200121901261032182582Q_1296232100_482041900,2,TP,small,12.71416613624672,1,hit,0.9266029000282288,0.8943669199943542,0.6861467957496643,0.7825186848640442,-0.09637188911437988,0.7749678492546082,0.6238141059875488,0.15115374326705933,0.7567354440689087,0.7560959458351135,0.000639498233795166
09002200121901261032182582Q_1296232100_482041900,3,LP,large,1.7395838101704915,0,hit,0.966930091381073,0.9472401142120361,0.5417360663414001,0.7244307398796082,-0.182694673538208,0.5293709635734558,0.572160542011261,-0.042789578437805176,0.6192079186439514,0.6117231249809265,0.007484793663024902
09002200121901261032182582Q_1296232100_482041900,4,LP,medium,1.6071192684548397,0,hit,0.9080604314804077,0.8018089532852173,0.5971431732177734,0.6356279253959656,-0.03848475217819214,0.687774121761322,0.5879252552986145,0.09984886646270752,0.8459471464157104,0.6291983723640442,0.21674877405166626
09002200121901261032182582Q_1296232100_482041900,5,TP,small,6.249884289281882,1,hit,0.5160893797874451,0.3288985788822174,0.6379233598709106,0.6840829849243164,-0.04615962505340576,0.6742383241653442,0.5391966700553894,0.13504165410995483,0.9274001717567444,0.6696386337280273,0.25776153802871704
09002200121901261032585012Q_1296197900_482045100,0,LP,medium,1.5454380679180515,0,hit,0.8255317211151123,0.7941928505897522,0.8013142347335815,0.6798468828201294,0.12146735191345215,0.7060348987579346,0.6407663226127625,0.06526857614517212,0.6977220177650452,0.6778811812400818,0.01984083652496338
09002200121901261032585012Q_1296197900_482045100,1,TP,medium,10.249771122820581,1,hit,0.7159634828567505,0.6025602221488953,0.49649423360824585,0.5502628684043884,-0.05376863479614258,0.6023374199867249,0.5172486305236816,0.08508878946304321,0.5990601778030396,0.5550534129142761,0.04400676488876343
09002200121901261032585012Q_1296197900_482045100,2,TP,medium,14.909405171457108,1,hit,0.7906506657600403,0.7906506657600403,0.6355619430541992,0.5729415416717529,0.06262040138244629,0.7931618094444275,0.5191805958747864,0.2739812135696411,0.761296808719635,0.5826012492179871,0.17869555950164795
09002200121901261032585012Q_1296197900_482045100,3,LP,medium,1.0895462835258816,0,hit,0.9048240780830383,0.8236657381057739,0.5896639823913574,0.5455562472343445,0.04410773515701294,0.6135489344596863,0.4968997538089752,0.11664918065071106,0.8096883893013,0.6344628930091858,0.17522549629211426
09002200121901261032585012Q_1296197900_482045100,4,LP,large,1.2042237599445353,0,hit,0.7545841336250305,0.5623170733451843,0.6244485974311829,0.516852080821991,0.1075965166091919,0.44230934977531433,0.4856177270412445,-0.043308377265930176,0.5701153874397278,0.5060413479804993,0.06407403945922852
09002200121901261032585012Q_1296197900_482045100,5,LP,large,1.634145152346323,0,hit,0.9367040991783142,0.42553406953811646,0.614562451839447,0.5757802128791809,0.03878223896026611,0.47887372970581055,0.4998948276042938,-0.021021097898483276,0.7451271414756775,0.5791678428649902,0.16595929861068726
09002200121901261032585012Q_1296197900_482045100,6,MC,small,3.5000400544740846,0,hit,0.6074543595314026,0.6074543595314026,0.5132089257240295,0.6238786578178406,-0.11066973209381104,0.6374788880348206,0.7499316334724426,-0.11245274543762207,1.5032987594604492,0.9854691624641418,0.5178295969963074
09002200121901261032585012Q_1296197900_482045100,7,TP,large,2.5094322131296685,0,hit,0.9386005997657776,0.8512923717498779,0.5214002132415771,0.6609572768211365,-0.13955706357955933,0.5199562907218933,0.5236978530883789,-0.0037415623664855957,0.6245644688606262,0.528739333152771,0.09582513570785522
09002200121901261032585012Q_1296197900_482045100,8,LP,large,2.232005693373275,0,hit,0.9852067828178406,0.9731772541999817,0.41977134346961975,0.5960240960121155,-0.17625275254249573,0.4280990660190582,0.48623067140579224,-0.05813160538673401,0.5302377939224243,0.4946119487285614,0.035625845193862915
09002200121901261032585012Q_1296197900_482045100,9,LP,medium,1.6101710958763815,0,hit,0.979925811290741,0.943952202796936,0.6001182198524475,0.5362001657485962,0.06391805410385132,0.5967884063720703,0.4947602450847626,0.10202816128730774,0.6844597458839417,0.7060484886169434,-0.02158874273300171
09002200121901261033338182Q_1296163800_482048200,0,LP,small,1.312520265656531,0,hit,0.5665387511253357,0.5252945423126221,0.9915936589241028,0.8031591773033142,0.18843448162078857,1.0271860361099243,0.7065140604972839,0.3206719756126404,0.6571953296661377,0.6800395846366882,-0.022844254970550537
09002200121901261033338182Q_1296163800_482048200,1,TP,small,17.142619234458106,1,hit,0.6513515114784241,0.614526093006134,0.6496239304542542,0.6218950152397156,0.027728915214538574,0.8825728297233582,0.6904743313789368,0.1920984983444214,0.8281920552253723,0.7508692741394043,0.07732278108596802
09002200121901261033338182Q_1296163800_482048200,2,LP,medium,1.691186409947321,0,hit,0.9295129179954529,0.6464874148368835,0.6184065341949463,0.6604539155960083,-0.04204738140106201,0.5762847065925598,0.6234639286994934,-0.047179222106933594,0.6059861183166504,0.6010672450065613,0.004918873310089111
09002200121901261033338182Q_1296163800_482048200,3,TP,large,4.452813707741986,0,hit,0.9755264520645142,0.9582236409187317,0.5378512144088745,0.6265797019004822,-0.08872848749160767,0.5291768312454224,0.5787881016731262,-0.04961127042770386,0.733859121799469,0.5946559309959412,0.13920319080352783
09002200121901261033338182Q_1296163800_482048200,4,LP,large,1.719842634091846,0,hit,0.9825578331947327,0.9751048684120178,0.4102551341056824,0.679254412651062,-0.26899927854537964,0.44267740845680237,0.5232369899749756,-0.08055958151817322,0.5690191984176636,0.626017153263092,-0.05699795484542847
09002200121901261033338182Q_1296163800_482048200,5,LP,large,1.3789484425956369,0,hit,0.9849851727485657,0.9739382266998291,0.5071782469749451,0.6975620985031128,-0.19038385152816772,0.47888681292533875,0.5625382661819458,-0.08365145325660706,0.4961387813091278,0.5596081018447876,-0.06346932053565979
09002200121901261033338182Q_1296163800_482048200,6,TP,large,2.576076139828518,0,hit,0.9134191870689392,0.5397190451622009,0.6523863673210144,0.5804572105407715,0.07192915678024292,0.5065946578979492,0.504141628742218,0.002453029155731201,0.5544423460960388,0.5327085256576538,0.02173382043838501
09002200121901261033338182Q_1296163800_482048200,7,LP,medium,2.7916231165363343,0,hit,0.8326646685600281,0.8326646685600281,0.6280198097229004,0.46156787872314453,0.16645193099975586,0.8301641941070557,0.44576406478881836,0.3844001293182373,1.0856574773788452,0.5643903613090515,0.5212671160697937
09002200121901261033338182Q_1296163800_482048200,8,TP,large,15.843744277954102,1,hit,0.8644573092460632,0.788760781288147,0.604390025138855,0.5928170084953308,0.01157301664352417,0.579386293888092,0.553398072719574,0.025988221168518066,0.6470756530761719,0.5366565585136414,0.11041909456253052
09002200121901261033338182Q_1296163800_482048200,9,TP,large,11.701418830592083,1,hit,0.7003769874572754,0.5667990446090698,0.4902839660644531,0.7571009397506714,-0.26681697368621826,0.5164667963981628,0.5848116874694824,-0.06834489107131958,0.5467010140419006,0.5724229216575623,-0.02572190761566162
09002200121901261033338182Q_1296163800_482048200,10,TP,medium,2.529404861279407,0,hit,0.5439870953559875,0.5284364223480225,0.5447248816490173,0.49478456377983093,0.0499403178691864,0.6735967993736267,0.5028212666511536,0.17077553272247314,0.9532405138015747,0.6370003819465637,0.316240131855011
09002200121901261034188842Q_1296121900_482051300,0,TP,medium,18.832945089821578,1,hit,0.7683225274085999,0.290978342294693,0.5371042490005493,0.5832633972167969,-0.04615914821624756,0.6271410584449768,0.5841408967971802,0.04300016164779663,0.7212285399436951,0.7222759127616882,-0.001047372817993164
09002200121901261034188842Q_1296121900_482051300,1,TP,small,7.375460656325584,1,hit,0.517219603061676,0.19548554718494415,0.5134157538414001,0.5699450373649597,-0.05652928352355957,0.6624830365180969,0.5960556268692017,0.06642740964889526,0.7860202789306641,0.6051523089408875,0.1808679699897766
09002200121901261034188842Q_1296121900_482051300,2,TP,large,4.79542710183597,0,hit,0.9264063239097595,0.8001784086227417,0.47326675057411194,0.6219340562820435,-0.14866730570793152,0.5563954710960388,0.5416628122329712,0.014732658863067627,0.6104883551597595,0.5580312013626099,0.05245715379714966
09002200121901261034188842Q_1296121900_482051300,3,LP,large,3.2755202865916453,0,hit,0.9193006753921509,0.9101336598396301,0.47167810797691345,0.5737720727920532,-0.10209396481513977,0.46780386567115784,0.5082064867019653,-0.040402621030807495,0.6357907056808472,0.5459786653518677,0.08981204032897949
09002200121901261037424872L_1295502300_483088700,0,TC,medium,10.867048894820796,1,hit,0.8517138957977295,0.34845170378685,0.5352712273597717,0.43012577295303345,0.10514545440673828,0.47775664925575256,0.42016109824180603,0.05759555101394653,0.7739070057868958,0.573668360710144,0.2002386450767517
09002200121901261037424872L_1295502300_483088700,1,LP,large,3.89612559668094,0,hit,0.8882598280906677,0.867065966129303,0.601884663105011,0.547886073589325,0.053998589515686035,0.49261152744293213,0.5132212042808533,-0.020609676837921143,0.6872202754020691,0.6398915648460388,0.04732871055603027
09002200121901261037424872L_1295502300_483088700,2,TC,medium,10.999710987847129,1,hit,0.7543280720710754,0.5085118412971497,0.5089125037193298,0.4977966845035553,0.011115819215774536,0.5206318497657776,0.4668409526348114,0.053790897130966187,0.6944438815116882,0.553609311580658,0.14083456993103027
09002200121901261037424872L_1295502300_483088700,3,MC,small,4.555627894990268,0,hit,0.7180788516998291,0.7180788516998291,0.6211519241333008,0.5173131823539734,0.10383874177932739,0.5498636364936829,0.5182657241821289,0.031597912311553955,0.6172831654548645,0.6563276648521423,-0.03904449939727783
09002200121901261120388912Q_1295867700_482063400,0,TC,large,15.821286261106122,1,hit,0.8733684420585632,0.4728536605834961,0.4934733808040619,0.7016030550003052,-0.2081296741962433,0.504281759262085,0.5887207388877869,-0.0844389796257019,0.5627009272575378,0.5580874681472778,0.00461345911026001
09002200121901261120388912Q_1295867700_482063400,1,LP,small,1.038436844909869,0,hit,0.638475239276886,0.5108460187911987,0.6668531894683838,0.7762133479118347,-0.10936015844345093,0.7292327880859375,0.5309484601020813,0.1982843279838562,1.0181541442871094,0.7147812843322754,0.303372859954834
09002200121901261133579692Q_1295593800_482039500,0,TP,medium,26.625122547617142,1,hit,0.8345466256141663,0.5600109696388245,0.5177300572395325,0.6474699974060059,-0.1297399401664734,0.6226256489753723,0.5959143042564392,0.026711344718933105,0.7426995038986206,0.810276448726654,-0.06757694482803345
09002200121901261133579692Q_1295593800_482039500,1,LP,large,2.114940478508106,0,hit,0.8838181495666504,0.8008749485015869,0.5472103953361511,0.677510678768158,-0.13030028343200684,0.468126505613327,0.5327844023704529,-0.06465789675712585,0.6109793782234192,0.5523576736450195,0.05862170457839966
09002200121901261133579692Q_1295593800_482039500,2,LP,large,1.1993747423597791,0,hit,0.9881023168563843,0.9814472198486328,0.45833438634872437,0.6335631012916565,-0.17522871494293213,0.42518147826194763,0.5621343851089478,-0.13695290684700012,0.5549337267875671,0.6004354357719421,-0.045501708984375
09002200121901261211313082K_1296214100_482859300,0,LC,large,2.362317879095868,0,hit,0.9499631524085999,0.5925660729408264,0.5906986594200134,0.5076543688774109,0.08304429054260254,0.5488284230232239,0.5107617974281311,0.03806662559509277,0.6859779357910156,0.5523025393486023,0.13367539644241333
09002200121901261211313082K_1296214100_482859300,1,LC,large,1.2301556007452095,0,hit,0.8261780738830566,0.7430530190467834,0.4982299208641052,0.5953680872917175,-0.0971381664276123,0.577160656452179,0.5433051586151123,0.03385549783706665,0.542584240436554,0.6065410375595093,-0.06395679712295532
09002200121901261211313082K_1296214100_482859300,2,MC,small,6.000366233290606,1,hit,0.6566895842552185,0.6566895842552185,0.5800778269767761,0.6543712615966797,-0.07429343461990356,0.719971239566803,0.5935067534446716,0.12646448612213135,1.0167268514633179,0.7514556646347046,0.2652711868286133
09002200121901261315533272Q_1296343300_482387900,0,AC,large,1.983818384765792,0,hit,0.7835986018180847,0.5996825695037842,0.5905467867851257,0.7977119088172913,-0.20716512203216553,0.5410467982292175,0.60566645860672,-0.06461966037750244,0.582259476184845,0.5597884654998779,0.02247101068496704
09002200121901261315533272Q_1296343300_482387900,1,P,small,1.5499961852445259,0,hit,0.8527478575706482,0.727411687374115,0.7414686679840088,0.5789658427238464,0.16250282526016235,0.7661153078079224,0.5159680247306824,0.25014728307724,1.1000550985336304,0.7072275280952454,0.392827570438385
09002200121901261408039852K_1296153300_482780800,0,MC,medium,2.4255545166484858,0,hit,0.9786941409111023,0.8940133452415466,0.5123746991157532,0.36732253432273865,0.14505216479301453,0.539981484413147,0.4253486096858978,0.11463287472724915,1.1070983409881592,0.48717832565307617,0.619920015335083
09002200121901261408039852K_1296153300_482780800,1,LC,large,4.155154596865338,0,hit,0.912167489528656,0.8895885944366455,0.4615325927734375,0.5315338373184204,-0.07000124454498291,0.44745302200317383,0.4790952205657959,-0.03164219856262207,0.5859684348106384,0.5898883938789368,-0.00391995906829834
09002200121901261448529852Q_1295910500_482481000,0,LP,medium,3.6428224215539884,0,hit,0.8800637722015381,0.7796091437339783,0.6699194312095642,0.5132962465286255,0.15662318468093872,0.6580737233161926,0.48165377974510193,0.1764199435710907,0.8036603927612305,0.6573721766471863,0.1462882161140442
09002200121901261448529852Q_1295910500_482481000,1,LC,small,5.125336670150996,1,hit,0.7501859664916992,0.565956175327301,0.7178849577903748,0.6112958788871765,0.10658907890319824,0.6225400567054749,0.5984070897102356,0.024132966995239258,0.9416232705116272,0.6404486298561096,0.3011746406555176
09002200121901261448529852Q_1295910500_482481000,2,TP,small,6.583158708522369,1,hit,0.6183291673660278,0.5868191719055176,0.5817036032676697,0.5885518789291382,-0.006848275661468506,0.4920768737792969,0.5005871057510376,-0.008510231971740723,0.5666497349739075,0.5691103339195251,-0.0024605989456176758
09002200121901261544532242K_1296132300_482907500,0,MC,small,3.6154413180147147,0,hit,0.8340930342674255,0.8068512678146362,0.7074193954467773,0.6706669926643372,0.036752402782440186,0.8473204374313354,0.6196814775466919,0.22763895988464355,0.9229308366775513,0.8934709429740906,0.029459893703460693
09002200121901261544532242K_1296132300_482907500,1,LC,large,1.5640987461883846,0,hit,0.9816552996635437,0.9698900580406189,0.4346610903739929,0.6853269338607788,-0.2506658434867859,0.4487129747867584,0.5268023014068604,-0.07808932662010193,0.5422859787940979,0.559980571269989,-0.017694592475891113
09002200121901261544532242K_1296132300_482907500,2,MC,medium,2.249964169405959,0,hit,0.8100020885467529,0.7928310036659241,0.6313998103141785,0.6525099873542786,-0.021110177040100098,0.7628882527351379,0.5194342732429504,0.2434539794921875,1.1784087419509888,0.7880864143371582,0.39032232761383057
09002200121901261544532242K_1296132300_482907500,3,LC,large,2.315780174736526,0,localization_error,0.6976298689842224,0.10526657849550247,0.6499376893043518,0.6411250233650208,0.008812665939331055,0.5416020750999451,0.5497004985809326,-0.008098423480987549,0.6554478406906128,0.5498673319816589,0.10558050870895386
09002200121901271029548512L_1295355500_482434300,0,TC,medium,13.333203029633678,1,hit,0.7918719053268433,0.6744597554206848,0.4441336989402771,0.3794933557510376,0.0646403431892395,0.5906350016593933,0.4442686140537262,0.14636638760566711,0.7919661402702332,0.5521679520606995,0.2397981882095337
09002200121901271029548512L_1295355500_482434300,1,LC,medium,4.090873718531588,0,hit,0.874983012676239,0.8044226765632629,0.5495933890342712,0.5036360621452332,0.045957326889038086,0.6129950284957886,0.4706452488899231,0.14234977960586548,0.8858565092086792,0.5361863970756531,0.3496701121330261
09002200121901271059544762Q_1295998100_482644100,0,LC,large,1.0445864800204643,0,hit,0.7502098679542542,0.6595681309700012,0.6799815893173218,0.6375593543052673,0.04242223501205444,0.6657116413116455,0.5209655165672302,0.14474612474441528,0.7287119030952454,0.6103785037994385,0.11833339929580688
09002200121901271059544762Q_1295998100_482644100,1,MC,small,4.181922788813672,0,hit,0.8650655150413513,0.5170294642448425,0.6164071559906006,0.7139190435409546,-0.097511887550354,0.6975634098052979,0.6174975633621216,0.08006584644317627,0.8941774368286133,0.5635589957237244,0.3306184411048889
09002200121901271059544762Q_1295998100_482644100,2,MC,small,3.6154489027447814,0,hit,0.7683871984481812,0.7173134088516235,0.6876099705696106,0.6635583639144897,0.02405160665512085,0.6157919764518738,0.5228901505470276,0.09290182590484619,0.8404150605201721,0.607504665851593,0.2329103946685791
09002200121901271106002992K_1296110100_482815500,0,TP,medium,13.200403252058987,1,hit,0.8315509557723999,0.6094885468482971,0.5361484885215759,0.5306660532951355,0.00548243522644043,0.7164656519889832,0.4841391146183014,0.23232653737068176,0.8694764375686646,0.6755024790763855,0.19397395849227905
09002200121901271106002992K_1296110100_482815500,1,LC,medium,3.5652036613059774,0,hit,0.8391600847244263,0.5766400694847107,0.5861220359802246,0.45554929971694946,0.13057273626327515,0.5303068161010742,0.4740602672100067,0.056246548891067505,0.7645085453987122,0.5557971596717834,0.2087113857269287
09002200121901271245105572Q_1295925400_482633100,0,LC,medium,1.444453863481977,0,hit,0.8399249315261841,0.6845006942749023,0.5872490406036377,0.5644387602806091,0.022810280323028564,0.7499130964279175,0.5829426646232605,0.16697043180465698,0.767390787601471,0.7426224946975708,0.024768292903900146
09002200121901271245105572Q_1295925400_482633100,1,MC,small,4.500270862104484,0,hit,0.6231306791305542,0.5728817582130432,0.6064793467521667,0.4619568884372711,0.14452245831489563,0.6720774173736572,0.5688408017158508,0.1032366156578064,0.716996967792511,0.7938355803489685,-0.07683861255645752
09002200121901271245105572Q_1295925400_482633100,2,MC,small,3.9334392662551423,0,hit,0.9012442827224731,0.6979954242706299,0.5762202739715576,0.5161557197570801,0.06006455421447754,0.6540701389312744,0.523184597492218,0.1308855414390564,0.9434013366699219,0.7802707552909851,0.16313058137893677
09002200121901271427401192K_1296041000_482742500,0,LC,large,3.0933368923726965,0,hit,0.8952775001525879,0.11418365687131882,0.5453863143920898,0.49465522170066833,0.05073109269142151,0.5748710632324219,0.4890162944793701,0.08585476875305176,0.6750675439834595,0.5682555437088013,0.1068120002746582
09002200121901271427401192K_1296041000_482742500,1,TP,medium,6.600071167687185,1,hit,0.8194214105606079,0.7295706272125244,0.4055466651916504,0.46596503257751465,-0.06041836738586426,0.5113720893859863,0.43351680040359497,0.07785528898239136,0.6635198593139648,0.5586439967155457,0.10487586259841919
09002200121901271427401192K_1296041000_482742500,2,AC,large,2.369866512713085,0,hit,0.9354071617126465,0.9281496405601501,0.5714799165725708,0.5146402716636658,0.05683964490890503,0.572659432888031,0.5055395364761353,0.06711989641189575,0.6572242379188538,0.4955079257488251,0.1617163121700287
09002200121901271427401192K_1296041000_482742500,3,MC,small,3.9232340305655327,0,hit,0.8586793541908264,0.7753313183784485,0.5921132564544678,0.5485543608665466,0.04355889558792114,0.8081642389297485,0.6843419075012207,0.12382233142852783,0.9805760979652405,0.6470552682876587,0.3335208296775818
09002200121901271427401192K_1296041000_482742500,4,MC,medium,3.150015564154836,0,hit,0.8943080902099609,0.8780395984649658,0.6162371039390564,0.5230451822280884,0.09319192171096802,0.8482295274734497,0.5357654094696045,0.3124641180038452,1.0556350946426392,0.6748145818710327,0.38082051277160645
09002200121901311320505512L_1295021100_482353300,0,TC,large,2.860773226899807,0,hit,0.9464813470840454,0.908312976360321,0.6140750050544739,0.4962547719478607,0.11782023310661316,0.5720739364624023,0.4856832027435303,0.08639073371887207,0.6842440366744995,0.5259396433830261,0.1583043932914734
09002200121901311320505512L_1295021100_482353300,1,MC,medium,3.1666043613707164,0,hit,0.932669997215271,0.9241662621498108,0.6853212714195251,0.628993809223175,0.0563274621963501,0.924788773059845,0.49979540705680847,0.4249933660030365,1.2854820489883423,0.6128824949264526,0.6725995540618896
09002200121901311320505512L_1295021100_482353300,2,TC,medium,6.099977213634385,1,hit,0.8154679536819458,0.4378962814807892,0.6701034903526306,0.5564336180686951,0.11366987228393555,0.5371105670928955,0.4577253460884094,0.07938522100448608,0.5768579840660095,0.5670639276504517,0.009794056415557861
09002200121902031013531952L_1295474500_482806000,0,LP,medium,4.374910992208004,0,hit,0.8601375222206116,0.5295689105987549,0.4955560863018036,0.44680413603782654,0.04875195026397705,0.5425899624824524,0.5074116587638855,0.035178303718566895,0.8527905344963074,0.6424005627632141,0.21038997173309326
09002200121902031013531952L_1295474500_482806000,1,LP,medium,1.166674126488743,0,hit,0.7116132378578186,0.36410149931907654,0.6955034732818604,0.6149110198020935,0.08059245347976685,0.6713788509368896,0.5778318047523499,0.0935470461845398,0.9360386729240417,0.7161561846733093,0.21988248825073242
09002200121902031013531952L_1295474500_482806000,2,LP,small,5.199779060825409,1,hit,0.6208158731460571,0.3255137801170349,0.5067785382270813,0.48587509989738464,0.020903438329696655,0.6454244256019592,0.5857852697372437,0.059639155864715576,0.8821325302124023,0.8229297995567322,0.059202730655670166
09002200121902031020198592L_1295691500_482791000,0,LP,large,1.2906986605915114,0,hit,0.9563220739364624,0.8681237101554871,0.5063319802284241,0.5250478386878967,-0.018715858459472656,0.5426235198974609,0.47289353609085083,0.06972998380661011,0.8215627670288086,0.5564000010490417,0.26516276597976685
09002200121902031020198592L_1295691500_482791000,1,MC,medium,1.1538362296295486,0,hit,0.7757815718650818,0.7434328198432922,0.6255043148994446,0.4727456271648407,0.15275868773460388,0.828893780708313,0.4909570813179016,0.3379366993904114,1.3298287391662598,0.5859106183052063,0.7439181208610535
09002200121902031020198592L_1295691500_482791000,2,MC,small,5.166848085941871,1,hit,0.6811063289642334,0.6624171733856201,0.7335911989212036,0.7023302316665649,0.03126096725463867,0.6436850428581238,0.6676344871520996,-0.02394944429397583,0.6203473806381226,0.6353420615196228,-0.014994680881500244
09002200121902031048485102L_1295803100_482929900,0,LC,large,1.0564479331764798,0,hit,0.9513442516326904,0.8685096502304077,0.5556257367134094,0.5418698191642761,0.0137559175491333,0.44990062713623047,0.5615779161453247,-0.11167728900909424,0.5000067949295044,0.5442233085632324,-0.04421651363372803
09002200121902031048591492L_1295803700_482915500,0,LC,large,1.0468073164591762,0,hit,0.989128828048706,0.9743538498878479,0.5863640308380127,0.5214734077453613,0.06489062309265137,0.4898258447647095,0.5329057574272156,-0.043079912662506104,0.5770290493965149,0.5455242395401001,0.031504809856414795
09002200121902031048591492L_1295803700_482915500,1,MC,small,4.099837652429721,0,hit,0.8207197785377502,0.7772307395935059,0.486554354429245,0.4868541657924652,-0.00029981136322021484,0.751015305519104,0.48416805267333984,0.26684725284576416,1.2856537103652954,0.792421817779541,0.4932318925857544
09002200121902031049207862L_1295804500_482892600,0,LC,large,1.1538490986476555,0,hit,0.9294732213020325,0.8859113454818726,0.5299587249755859,0.5395437479019165,-0.009585022926330566,0.4759984612464905,0.4915074408054352,-0.015508979558944702,0.6370394825935364,0.5851117372512817,0.05192774534225464
09002200121902031139268262L_1295596200_483298800,0,LC,medium,16.00006103538908,1,hit,0.7808949947357178,0.557063102722168,0.6549363732337952,0.5596785545349121,0.09525781869888306,0.5889875888824463,0.520063579082489,0.06892400979995728,0.667664110660553,0.5750945210456848,0.09256958961486816
09002200121902031139268262L_1295596200_483298800,1,MC,small,2.6154413180147147,0,hit,0.8287782073020935,0.8287782073020935,0.6733072996139526,0.6245754361152649,0.048731863498687744,0.7732946276664734,0.5577887296676636,0.21550589799880981,1.0133416652679443,0.6746885776519775,0.3386530876159668
09002200121902031148245462L_1295607800_483306000,0,TC,medium,12.933740111982813,1,hit,0.7957664132118225,0.25930529832839966,0.5190508961677551,0.4423566460609436,0.07669425010681152,0.5209279656410217,0.4303354322910309,0.09059253334999084,0.5837195515632629,0.5218302011489868,0.06188935041427612
09002200121902031148245462L_1295607800_483306000,1,LC,large,2.0776663474666264,0,hit,0.9163756966590881,0.8863109946250916,0.6304022073745728,0.5556525588035583,0.0747496485710144,0.5665381550788879,0.4977392256259918,0.06879892945289612,0.5953491926193237,0.5691578984260559,0.026191294193267822
09002200121902031221595152L_1295601300_483356300,0,LC,medium,2.2195126852923552,0,hit,0.7427691221237183,0.6334012746810913,0.5280300378799438,0.44753941893577576,0.08049061894416809,0.5411709547042847,0.4884903132915497,0.052680641412734985,0.827576756477356,0.5767427086830139,0.25083404779434204
09002200121902031221595152L_1295601300_483356300,1,LC,medium,4.407444539514359,0,hit,0.884602963924408,0.607276976108551,0.5266289114952087,0.5311409831047058,-0.00451207160949707,0.6127504110336304,0.5463209748268127,0.06642943620681763,0.7079922556877136,0.6834513545036316,0.02454090118408203
09002200121902031221595152L_1295601300_483356300,2,MC,small,4.099843755721836,0,hit,0.8224743008613586,0.592881441116333,0.6288716793060303,0.4927384555339813,0.13613322377204895,0.7961536049842834,0.5354706645011902,0.26068294048309326,1.0189955234527588,0.6330460906028748,0.38594943284988403
09002200121902031221595152L_1295601300_483356300,3,MC,small,4.1998889200834935,0,hit,0.7458733320236206,0.7458733320236206,0.6183995604515076,0.4813544452190399,0.13704511523246765,0.8873584866523743,0.4753361642360687,0.41202232241630554,0.8685014843940735,0.7193285822868347,0.14917290210723877
09002200121902031221595152L_1295601300_483356300,4,MC,small,3.583245173234594,0,hit,0.8810843229293823,0.8703343272209167,0.6815076470375061,0.8363785743713379,-0.1548709273338318,0.656683623790741,0.642037034034729,0.014646589756011963,1.0623133182525635,0.7076912522315979,0.3546220660209656
09002200121902031221595152L_1295601300_483356300,5,MC,small,3.7334722261783173,0,hit,0.94942307472229,0.9389742612838745,0.6207267642021179,0.5542506575584412,0.06647610664367676,1.0914978981018066,0.5219064950942993,0.5695914030075073,1.0429872274398804,0.6737005114555359,0.3692867159843445
09002200121902031221595152L_1295601300_483356300,6,MC,medium,2.636320677072063,0,hit,0.9724506735801697,0.9291808605194092,0.512483537197113,0.4765673577785492,0.03591617941856384,0.7722955942153931,0.46657896041870117,0.3057166337966919,1.1124757528305054,0.6807694435119629,0.4317063093185425
09002200121902031242331462L_1295651200_483374500,0,MC,small,3.71431436319089,0,hit,0.7681469917297363,0.7681469917297363,0.5774175524711609,0.5586473345756531,0.018770217895507812,0.691525399684906,0.5430231690406799,0.14850223064422607,0.6375668048858643,0.6716265082359314,-0.03405970335006714
09002200121902031242331462L_1295651200_483374500,1,AC,large,1.107138917892635,0,hit,0.8555611371994019,0.8010904788970947,0.4155624210834503,0.49277248978614807,-0.07721006870269775,0.4200682044029236,0.47418585419654846,-0.05411764979362488,0.6831615567207336,0.6007100939750671,0.0824514627456665
09002200121902031242331462L_1295651200_483374500,2,MC,medium,3.0869267400142237,0,hit,0.845900297164917,0.7811686396598816,0.5929698944091797,0.46976134181022644,0.12320855259895325,0.7038273215293884,0.45823344588279724,0.2455938756465912,1.248036503791809,0.5928247570991516,0.6552117466926575
09002200121902031250033922L_1295679800_483414300,0,MC,small,3.7498931906496042,0,hit,0.6727262139320374,0.6638734340667725,0.667383074760437,0.6676884889602661,-0.00030541419982910156,0.6596419215202332,0.6068337559700012,0.052808165550231934,0.8776490092277527,0.7118244767189026,0.1658245325088501
09002200121902031250033922L_1295679800_483414300,1,TC,large,1.761906059423667,0,hit,0.9017320275306702,0.6022631525993347,0.4691680371761322,0.4919779896736145,-0.0228099524974823,0.5295111536979675,0.45161017775535583,0.0779009759426117,0.658976674079895,0.5324657559394836,0.12651091814041138
09002200121902031250033922L_1295679800_483414300,2,MC,small,4.199860235463572,0,hit,0.7137248516082764,0.5964270830154419,0.6748812794685364,0.6022952198982239,0.0725860595703125,0.8192625641822815,0.579097330570221,0.24016523361206055,0.99784916639328,0.724780261516571,0.273068904876709
09002200121902031250033922L_1295679800_483414300,3,MC,small,3.461607805207854,0,hit,0.8889563083648682,0.8889563083648682,0.7075155377388,0.7413123250007629,-0.03379678726196289,0.7591589093208313,0.6031327247619629,0.1560261845588684,0.824600875377655,0.6856005787849426,0.1390002965927124
09002200121902031250033922L_1295679800_483414300,4,MC,small,3.6666098712184403,0,hit,0.9095928072929382,0.9095928072929382,0.5342747569084167,0.4844314157962799,0.04984334111213684,0.8443043828010559,0.5688576698303223,0.27544671297073364,0.9812296628952026,0.8030557632446289,0.17817389965057373
09002200121902031250033922L_1295679800_483414300,5,MC,small,3.2940599924605527,0,hit,0.8474628329277039,0.8474628329277039,0.7025451064109802,0.5724872946739197,0.13005781173706055,0.9128802418708801,0.5583242774009705,0.35455596446990967,1.083451747894287,0.7915052175521851,0.29194653034210205
09002200121902031339007812L_1295603500_483191200,0,TC,large,13.534952051644552,1,hit,0.8926459550857544,0.845515787601471,0.5140631794929504,0.6495082974433899,-0.13544511795043945,0.5320044755935669,0.5818330645561218,-0.04982858896255493,0.6217553019523621,0.5996313095092773,0.022123992443084717
09002200121902031343076382L_1295682300_483183600,0,LC,large,3.0317647161404517,0,hit,0.9631468057632446,0.9473677277565002,0.39518052339553833,0.5047783851623535,-0.10959786176681519,0.4455331265926361,0.48812136054039,-0.042588233947753906,0.6576919555664062,0.5904514193534851,0.06724053621292114
09002200121902031343550772L_1295753800_483185300,0,LC,medium,3.4047170976625227,0,hit,0.9717330932617188,0.515791654586792,0.45087528228759766,0.42694202065467834,0.02393326163291931,0.5417699813842773,0.4625280499458313,0.07924193143844604,0.6444819569587708,0.5312564969062805,0.11322546005249023
09002200121902031432171182L_1295622500_483175200,0,TC,large,3.560349953171204,0,hit,0.9773079752922058,0.9521229267120361,0.6716004014015198,0.7453161478042603,-0.07371574640274048,0.46319642663002014,0.5652585625648499,-0.10206213593482971,0.62739497423172,0.6742942929267883,-0.04689931869506836
09002200121902031432171182L_1295622500_483175200,1,TC,medium,3.4390344478518475,0,hit,0.7585551142692566,0.6860517859458923,0.4892306923866272,0.5415549874305725,-0.05232429504394531,0.4724714457988739,0.44886085391044617,0.023610591888427734,0.7038299441337585,0.4740158021450043,0.22981414198875427
09002200121902031606266842L_1295590000_482875600,0,LC,large,1.3757582684974234,0,hit,0.8247153162956238,0.7370602488517761,0.4162711799144745,0.5239706039428711,-0.1076994240283966,0.4674437344074249,0.471775621175766,-0.0043318867683410645,0.5143874287605286,0.5269397497177124,-0.012552320957183838
09002200121902031606266842L_1295590000_482875600,1,MC,medium,3.0525886355094554,0,hit,0.844636857509613,0.8319637775421143,0.5461524128913879,0.40473175048828125,0.1414206624031067,0.6859289407730103,0.4370395839214325,0.24888935685157776,0.8965709805488586,0.579329788684845,0.31724119186401367
09002200121902031607082772L_1295588500_482926200,0,LC,large,1.3007055985423222,0,hit,0.9312437772750854,0.8966781497001648,0.4005151093006134,0.4997960031032562,-0.09928089380264282,0.43714195489883423,0.4744893014431,-0.03734734654426575,0.5428705215454102,0.5445995330810547,-0.0017290115356445312
09002200121902031607082772L_1295588500_482926200,1,MC,medium,2.8148211778907557,0,hit,0.9477106928825378,0.8810993432998657,0.4097480773925781,0.43066778779029846,-0.020919710397720337,0.605224609375,0.4688863754272461,0.1363382339477539,1.028780460357666,0.5490574240684509,0.4797230362892151
09002200121902031607082772L_1295588500_482926200,2,MC,small,3.5,0,hit,0.941901445388794,0.925239622592926,0.518967866897583,0.5609250664710999,-0.041957199573516846,0.5291693806648254,0.5498421788215637,-0.02067279815673828,1.007936716079712,0.611156165599823,0.3967805504798889
09002200121902031619015462L_1295639500_482867700,0,LC,large,2.4363647814027094,0,hit,0.9476065039634705,0.8573980331420898,0.39464229345321655,0.4613598883152008,-0.06671759486198425,0.4246702492237091,0.47808000445365906,-0.05340975522994995,0.5115031003952026,0.5521740317344666,-0.040670931339263916
09002200121902031619264652L_1295643700_482886700,0,LC,medium,1.8955064665087047,0,hit,0.8572304248809814,0.6467604041099548,0.4173082411289215,0.48575663566589355,-0.06844839453697205,0.5188620090484619,0.48913154006004333,0.02973046898841858,0.6675382852554321,0.5761061906814575,0.09143209457397461
09002200121902031626215182L_1295633000_482931600,0,MC,small,3.1763692175130593,0,hit,0.8181198239326477,0.8181198239326477,0.4669908583164215,0.6011168956756592,-0.13412603735923767,0.5271989107131958,0.5748173594474792,-0.04761844873428345,0.7779582142829895,0.6626311540603638,0.11532706022262573
09002200121902031626215182L_1295633000_482931600,1,LC,large,2.1379337439289356,0,hit,0.9584251642227173,0.8382273316383362,0.4545929729938507,0.48610231280326843,-0.031509339809417725,0.6014574766159058,0.46551743149757385,0.1359400451183319,0.520894467830658,0.5270302891731262,-0.006135821342468262
09002200121902031626215182L_1295633000_482931600,2,MC,medium,2.9999421783348645,0,hit,0.8784723877906799,0.7459717392921448,0.6973431706428528,0.5519635081291199,0.1453796625137329,0.844545304775238,0.4883204400539398,0.3562248647212982,0.9613734483718872,0.6565925478935242,0.30478090047836304
09002200121902040948518162L_1295566900_482936000,0,TC,large,14.589694793873967,1,hit,0.9309974908828735,0.40876585245132446,0.7001813650131226,0.6721610426902771,0.02802032232284546,0.690409243106842,0.5421887636184692,0.1482204794883728,0.6111680269241333,0.5498504042625427,0.061317622661590576
09002200121902041300121972L_1295558500_482357700,0,LC,large,1.3750032697405135,0,hit,0.8587770462036133,0.7945041656494141,0.5392266511917114,0.5678101181983948,-0.02858346700668335,0.4770611822605133,0.5027713179588318,-0.02571013569831848,0.5697339177131653,0.5510780215263367,0.018655896186828613
09002200121902041300121972L_1295558500_482357700,1,MC,small,4.699807745124966,0,localization_error,0.41180914640426636,0.30007675290107727,0.6508956551551819,0.6193627715110779,0.031532883644104004,0.5670344829559326,0.5111395716667175,0.05589491128921509,0.6840758919715881,0.5980653166770935,0.08601057529449463
09002200121902041354547292L_1295554900_482518200,0,TC,large,21.086795281754615,1,hit,0.8515071272850037,0.6669536828994751,0.700218915939331,0.571966290473938,0.12825262546539307,0.5503069758415222,0.5962775945663452,-0.045970618724823,0.752361536026001,0.6151780486106873,0.13718348741531372
09002200121902041354547292L_1295554900_482518200,1,TC,medium,12.538779362120692,1,localization_error,0.4847288429737091,0.34952282905578613,0.6408102512359619,0.6353378295898438,0.005472421646118164,0.5746000409126282,0.4849408268928528,0.08965921401977539,0.5810242295265198,0.5618570446968079,0.019167184829711914
09002200121902041436226202L_1295752400_482523900,0,LC,large,3.68058278846325,0,hit,0.9171245694160461,0.8948619365692139,0.470410019159317,0.6250331997871399,-0.15462318062782288,0.5716338753700256,0.5342966914176941,0.03733718395233154,0.7285535931587219,0.6136102080345154,0.11494338512420654
09002200121902041436226202L_1295752400_482523900,1,TC,large,6.173901967184403,1,hit,0.80344158411026,0.1634945422410965,0.5820936560630798,0.6704347133636475,-0.08834105730056763,0.49271509051322937,0.5150306224822998,-0.022315531969070435,0.6029576063156128,0.5799385905265808,0.023019015789031982
09002200121902041505162662L_1295670900_482416400,0,LC,large,2.5877226045549406,0,hit,0.9207449555397034,0.788617730140686,0.48222002387046814,0.6926066279411316,-0.21038660407066345,0.5913491249084473,0.5555508732795715,0.03579825162887573,0.5467007756233215,0.5921699404716492,-0.04546916484832764
09002200121902041505162662L_1295670900_482416400,1,MC,small,3.583240087075051,0,hit,0.638866126537323,0.5267795920372009,0.6644911170005798,0.5983035564422607,0.06618756055831909,0.7395021915435791,0.7371355891227722,0.0023666024208068848,0.8304005861282349,0.6759379506111145,0.15446263551712036
09002200121902041505162662L_1295670900_482416400,2,LC,large,1.7834906500333174,0,hit,0.9501695036888123,0.9501695036888123,0.5764226913452148,0.48841553926467896,0.08800715208053589,0.5699846148490906,0.48577070236206055,0.08421391248703003,0.6727879047393799,0.5347213745117188,0.13806653022766113
09002200121902041505162662L_1295670900_482416400,3,LC,large,3.4833272976591076,0,hit,0.9112046360969543,0.7279787659645081,0.4768214225769043,0.6372939944267273,-0.160472571849823,0.5519356727600098,0.5570201277732849,-0.0050844550132751465,0.6377555727958679,0.5211582183837891,0.11659735441207886
09002200121902041506173042L_1295673400_482377900,0,TP,medium,21.53910820429512,1,hit,0.9496414661407471,0.2913190722465515,0.5730376839637756,0.39125990867614746,0.18177777528762817,0.5853414535522461,0.42887839674949646,0.15646305680274963,0.8891234993934631,0.5684884190559387,0.3206350803375244
09002200121902041506173042L_1295673400_482377900,1,LP,large,2.3678172370175856,0,hit,0.9605907201766968,0.9149312376976013,0.601668655872345,0.5396758913993835,0.061992764472961426,0.4486408233642578,0.5349960327148438,-0.08635520935058594,0.742164671421051,0.5150038599967957,0.22716081142425537
09002200121902041506173042L_1295673400_482377900,2,TP,medium,2.909047865650662,0,hit,0.8965277075767517,0.8612880706787109,0.5800296068191528,0.5826284289360046,-0.0025988221168518066,0.5607126355171204,0.49571314454078674,0.06499949097633362,0.6485821008682251,0.4795680046081543,0.1690140962600708
09002200121902041506173042L_1295673400_482377900,3,LP,medium,1.0793705385861436,0,hit,0.8576186299324036,0.4829992949962616,0.5648112297058105,0.48937636613845825,0.0754348635673523,0.6363592147827148,0.4984993040561676,0.13785991072654724,0.6479172110557556,0.566195547580719,0.08172166347503662
09002200121902041506313602L_1295673900_482357800,0,LC,large,2.1917853231106244,0,hit,0.8736376166343689,0.43169769644737244,0.477262407541275,0.4474715292453766,0.029790878295898438,0.4591769576072693,0.43594589829444885,0.023231059312820435,0.6548953056335449,0.4961431622505188,0.15875214338302612
09002200121902041506313602L_1295673900_482357800,1,MC,small,2.2631113054567766,0,hit,0.8975517749786377,0.8630586266517639,0.5930215120315552,0.549558699131012,0.04346281290054321,0.6734088063240051,0.5264113545417786,0.14699745178222656,1.0314555168151855,0.7171640396118164,0.31429147720336914
09002200121902041506313602L_1295673900_482357800,2,MC,medium,3.157847524269038,0,hit,0.8722419142723083,0.740631639957428,0.6845031380653381,0.5212215781211853,0.16328155994415283,0.7107315063476562,0.502464234828949,0.20826727151870728,0.9245938062667847,0.5706847310066223,0.35390907526016235
09002200121902041506313602L_1295673900_482357800,3,MC,medium,3.130398265549287,0,hit,0.9833510518074036,0.9472153186798096,0.7163820266723633,0.5514146685600281,0.1649673581123352,0.8644989132881165,0.5797556042671204,0.2847433090209961,1.2986139059066772,0.7607987523078918,0.5378151535987854
09002200121902041506313602L_1295673900_482357800,4,LC,small,3.666720920138889,0,hit,0.5382897257804871,0.1401720941066742,0.7093899846076965,0.6490318775177002,0.06035810708999634,0.6288606524467468,0.5683519840240479,0.060508668422698975,0.6303890943527222,0.7158511281013489,-0.08546203374862671
09002200121902041520083962L_1295793000_482269900,0,LC,medium,20.69296429326009,1,hit,0.9705344438552856,0.9202561974525452,0.5119474530220032,0.4767226278781891,0.03522482514381409,0.525737464427948,0.4966908395290375,0.029046624898910522,0.6384142637252808,0.5999652743339539,0.038448989391326904
09002200121902041544400602L_1295732300_482279800,0,MC,small,4.222235409008912,0,hit,0.6449254155158997,0.6259214878082275,0.6237421035766602,0.48415908217430115,0.139583021402359,0.6306917667388916,0.486295223236084,0.14439654350280762,0.656326174736023,0.6189817786216736,0.037344396114349365
09002200121902041544400602L_1295732300_482279800,1,LC,large,3.898310923522155,0,hit,0.9078503847122192,0.8584551811218262,0.4561704993247986,0.5043870806694031,-0.04821658134460449,0.4928821921348572,0.4586191177368164,0.03426307439804077,0.6531924605369568,0.584335446357727,0.06885701417922974
09002200121902041544400602L_1295732300_482279800,2,MC,medium,2.133328865908069,0,hit,0.9206271171569824,0.9084668755531311,0.5736905336380005,0.5342071652412415,0.03948336839675903,0.8408495783805847,0.4715439975261688,0.3693055808544159,1.1552767753601074,0.5947853922843933,0.5604913830757141
09002200121902041621464192L_1295717200_482165900,0,TC,large,4.034459353516178,0,hit,0.8543872237205505,0.8336127996444702,0.4378372132778168,0.5503660440444946,-0.11252883076667786,0.5751808881759644,0.48829397559165955,0.08688691258430481,0.7201297879219055,0.6048938632011414,0.11523592472076416
09002200121902041621464192L_1295717200_482165900,1,TC,large,11.56887293100237,1,hit,0.839466392993927,0.7667908072471619,0.47872394323349,0.6502560973167419,-0.17153215408325195,0.5380293726921082,0.5429018139839172,-0.004872441291809082,0.6491415500640869,0.5175557732582092,0.13158577680587769
09002200121902041621464192L_1295717200_482165900,2,MC,medium,2.500028229147434,0,hit,0.9763256311416626,0.9723764657974243,0.5914979577064514,0.4643743932247162,0.12712356448173523,0.7442004084587097,0.5363625288009644,0.20783787965774536,1.2530611753463745,0.6278691291809082,0.6251920461654663
09002200121902041625222722L_1295768900_482149200,0,TC,large,16.299900513302532,1,hit,0.9559230208396912,0.8693498969078064,0.45676031708717346,0.5334205031394958,-0.07666018605232239,0.5349486470222473,0.5357924699783325,-0.0008438229560852051,0.650614321231842,0.6355045437812805,0.015109777450561523
09002200121902051022470002L_1295443500_482158100,0,LP,large,1.2740371008598472,0,hit,0.9115884900093079,0.9020407795906067,0.6618354916572571,0.585392951965332,0.07644253969192505,0.5200161337852478,0.4967881143093109,0.02322801947593689,0.7021178007125854,0.5848719477653503,0.11724585294723511
09002200121902051022470002L_1295443500_482158100,1,TP,medium,11.749894279311878,1,hit,0.9570210576057434,0.8943899869918823,0.5409237146377563,0.5965523719787598,-0.05562865734100342,0.5658367872238159,0.4986540973186493,0.06718268990516663,0.7677401304244995,0.7209261059761047,0.046814024448394775
09002200121902051022470002L_1295443500_482158100,2,MC,medium,2.8571270795307906,0,hit,0.8784604072570801,0.8230724334716797,0.4619840085506439,0.5109332203865051,-0.048949211835861206,0.6937085390090942,0.5935642123222351,0.10014432668685913,1.198467493057251,0.5996451377868652,0.5988223552703857
09002200121902051236279612L_1295620900_482222100,0,LC,large,2.2405253996472303,0,hit,0.8730952143669128,0.7957927584648132,0.42396602034568787,0.4618850648403168,-0.037919044494628906,0.4403417110443115,0.4590151011943817,-0.01867339015007019,0.575225830078125,0.5078731775283813,0.06735265254974365
09002200121902051236279612L_1295620900_482222100,1,MC,medium,3.0384094424973416,0,hit,0.9303995966911316,0.9076448082923889,0.4850354790687561,0.4398007392883301,0.045234739780426025,0.663168728351593,0.4911269247531891,0.17204180359840393,1.0025017261505127,0.6397172212600708,0.3627845048904419
09002200121902051236279612L_1295620900_482222100,2,MC,medium,2.4042906861981197,0,hit,0.9447658658027649,0.9127246737480164,0.503296971321106,0.47879454493522644,0.024502426385879517,0.6401779651641846,0.5079785585403442,0.13219940662384033,1.0980981588363647,0.5173304677009583,0.5807676911354065
09002200121902051241054632L_1295600000_482255200,0,LC,medium,7.199945940761538,1,hit,0.8984184265136719,0.8593405485153198,0.5100801587104797,0.49544215202331543,0.014638006687164307,0.5635302662849426,0.4830544888973236,0.08047577738761902,0.6987336277961731,0.5302976965904236,0.1684359312057495
09002200121902051241054632L_1295600000_482255200,1,MC,small,3.750268954624875,0,hit,0.7281972169876099,0.7119727730751038,0.6727720499038696,0.47481128573417664,0.197960764169693,0.6940079927444458,0.602327287197113,0.09168070554733276,1.2266087532043457,0.8686551451683044,0.35795360803604126
09002200121902051248437042L_1295537500_482222500,0,LC,large,1.8955302537203096,0,hit,0.9370824098587036,0.9182363152503967,0.4924936890602112,0.5592812895774841,-0.06678760051727295,0.538453221321106,0.4839819073677063,0.05447131395339966,0.6157227754592896,0.5486645698547363,0.06705820560455322
09002200121902051504286052L_1295566900_482435000,0,TC,medium,7.521680633913076,1,hit,0.8892001509666443,0.5058969259262085,0.3634761869907379,0.5861531496047974,-0.22267696261405945,0.48892560601234436,0.5391556620597839,-0.050230056047439575,0.7362563610076904,0.6672713756561279,0.0689849853515625
09002200121902051504286052L_1295566900_482435000,1,AC,large,1.6433809265542707,0,hit,0.9812175631523132,0.9409185647964478,0.6364647746086121,0.6283692717552185,0.008095502853393555,0.6007359623908997,0.4960096776485443,0.10472628474235535,0.713286817073822,0.5609878897666931,0.1522989273071289
09002200121902051545010262L_1295732900_482494100,0,LC,large,1.3949554186909139,0,hit,0.9010880589485168,0.867118775844574,0.4203462302684784,0.4736061096191406,-0.05325987935066223,0.4494771361351013,0.48638781905174255,-0.036910682916641235,0.5464925765991211,0.5216949582099915,0.02479761838912964
09002200121902051632582932L_1295603500_482469400,0,MC,small,3.3847248175936446,0,hit,0.6944058537483215,0.6854421496391296,0.5157573819160461,0.40472862124443054,0.1110287606716156,0.7905986905097961,0.580895721912384,0.2097029685974121,0.7866180539131165,0.6675669550895691,0.11905109882354736
09002200121902051632582932L_1295603500_482469400,1,MC,small,3.5000267028808594,0,hit,0.8105599880218506,0.7302843332290649,0.49413415789604187,0.31197389960289,0.18216025829315186,0.7942438721656799,0.44737282395362854,0.3468710482120514,0.94704270362854,0.6036770939826965,0.3433656096458435
09002200121902051632582932L_1295603500_482469400,2,MC,small,3.0625267028808594,0,hit,0.9329348206520081,0.9231050610542297,0.49455589056015015,0.44908687472343445,0.0454690158367157,0.8556393980979919,0.5195803046226501,0.3360590934753418,1.1389671564102173,0.5861822962760925,0.5527848601341248
09002200121902051632582932L_1295603500_482469400,3,LC,medium,7.7306465754518,1,hit,0.9483760595321655,0.8066626191139221,0.34880372881889343,0.48519381880760193,-0.1363900899887085,0.5070961117744446,0.5076273083686829,-0.0005311965942382812,0.6003970503807068,0.5328432321548462,0.0675538182258606
09002200121902051635307372L_1295660800_482481200,0,LC,large,1.9541943974063387,0,hit,0.8992876410484314,0.8833466172218323,0.5450431108474731,0.5423072576522827,0.0027358531951904297,0.5964317321777344,0.4694092869758606,0.12702244520187378,0.6005916595458984,0.5778937935829163,0.022697865962982178
09002200121902061053394082L_1295371300_482508100,0,TC,medium,18.84661035650063,1,hit,0.8100487589836121,0.7890987992286682,0.4146336019039154,0.513346791267395,-0.09871318936347961,0.5945895314216614,0.474114328622818,0.12047520279884338,0.6587800979614258,0.6503043174743652,0.008475780487060547
09002200121902061053394082L_1295371300_482508100,1,LC,medium,2.3124898274739585,0,hit,0.9026246666908264,0.8646669387817383,0.5483181476593018,0.40834927558898926,0.1399688720703125,0.6086453199386597,0.46574267745018005,0.14290264248847961,0.8764258623123169,0.6148795485496521,0.2615463137626648
09002200121902061127228092L_1295448500_482687800,0,LC,large,1.6491270714051414,0,hit,0.9229879975318909,0.29247942566871643,0.3757608234882355,0.5984699130058289,-0.22270908951759338,0.46710601449012756,0.5258976817131042,-0.058791667222976685,0.456024169921875,0.5168865323066711,-0.06086236238479614
09002200121902061127228092L_1295448500_482687800,1,LP,medium,4.499961853430316,0,hit,0.7662567496299744,0.5838021636009216,0.5580644011497498,0.5408669710159302,0.01719743013381958,0.6736308336257935,0.5606394410133362,0.11299139261245728,0.9214638471603394,0.6974325180053711,0.22403132915496826
09002200121902061127228092L_1295448500_482687800,2,LP,medium,2.1372337357241418,0,hit,0.8664270043373108,0.7107536792755127,0.4355984330177307,0.4497619569301605,-0.01416352391242981,0.5152326226234436,0.4773527681827545,0.03787985444068909,0.7850849032402039,0.624733567237854,0.16035133600234985
09002200121902061127228092L_1295448500_482687800,3,MC,medium,3.2104586878937105,0,hit,0.9197245240211487,0.8819987773895264,0.5465725660324097,0.611927330493927,-0.06535476446151733,0.8832471966743469,0.7684764862060547,0.11477071046829224,1.413379430770874,0.9939538836479187,0.4194255471229553
09002200121902061127228092L_1295448500_482687800,4,TP,small,11.111306653645569,1,localization_error,0.4132019877433777,0.1698705106973648,0.46102631092071533,0.42588528990745544,0.03514102101325989,0.5698579549789429,0.5441882610321045,0.02566969394683838,0.8181242346763611,0.6745627522468567,0.1435614824295044
09002200121902061240434182L_1295392100_482913800,0,LC,medium,3.2380624371033195,0,hit,0.9697207808494568,0.9680082201957703,0.5848655700683594,0.4324250817298889,0.15244048833847046,0.612665593624115,0.4666409492492676,0.1460246443748474,0.8080375790596008,0.5737433433532715,0.23429423570632935
09002200121902061240434182L_1295392100_482913800,1,LC,medium,3.708250259394137,0,hit,0.9484496712684631,0.8466271162033081,0.5700192451477051,0.7137045860290527,-0.14368534088134766,0.6602555513381958,0.6003729104995728,0.05988264083862305,0.844556987285614,0.6631891131401062,0.1813678741455078
09002200121902061355517092L_1295499100_482711000,0,LC,large,1.46694403200866,0,hit,0.9940207004547119,0.9517977237701416,0.6311228275299072,0.6299319863319397,0.0011908411979675293,0.5361006259918213,0.5186236500740051,0.017476975917816162,0.5838640332221985,0.5479182600975037,0.035945773124694824
09002200121902061355517092L_1295499100_482711000,1,LC,large,1.4545431720361794,0,hit,0.9593561291694641,0.9519438743591309,0.4397141635417938,0.6219172477722168,-0.18220308423042297,0.5148341059684753,0.5755985379219055,-0.060764431953430176,0.6611784100532532,0.5999164581298828,0.06126195192337036
09002200121902061355517092L_1295499100_482711000,2,LC,large,1.6771734846882869,0,hit,0.983362078666687,0.9344823360443115,0.507841169834137,0.4944605827331543,0.013380587100982666,0.4645583927631378,0.43908247351646423,0.025475919246673584,0.6085213422775269,0.5410913825035095,0.06742995977401733
09002200121902061437551022L_1295438400_482772100,0,MC,medium,2.640009838915229,0,hit,0.9394242167472839,0.925441563129425,0.6538138389587402,0.5371627807617188,0.11665105819702148,1.0159584283828735,0.5541990995407104,0.4617593288421631,1.2935881614685059,0.8324455618858337,0.4611425995826721
09002200121902061437551022L_1295438400_482772100,1,TC,medium,11.652124012164508,1,hit,0.8242941498756409,0.7452532649040222,0.5082261562347412,0.4124870300292969,0.09573912620544434,0.48257318139076233,0.4821436405181885,0.00042954087257385254,0.6271155476570129,0.6467916965484619,-0.019676148891448975
09002200121902061437551022L_1295438400_482772100,2,LC,large,1.0360433230306325,0,hit,0.795207679271698,0.703316330909729,0.6223854422569275,0.45886465907096863,0.16352078318595886,0.5023615956306458,0.4478210508823395,0.054540544748306274,0.6272274851799011,0.5546731352806091,0.07255434989929199
09002200121902061523545232L_1295451200_482794400,0,MC,small,3.0587322957617533,0,hit,0.5867467522621155,0.5867467522621155,0.5001554489135742,0.42681246995925903,0.07334297895431519,0.6051796078681946,0.5650646686553955,0.04011493921279907,1.3243749141693115,0.7030954360961914,0.6212794780731201
09002200121902061523545232L_1295451200_482794400,1,TP,medium,7.000077990159676,1,hit,0.8249987959861755,0.5785180330276489,0.4237183630466461,0.5688211917877197,-0.1451028287410736,0.588119387626648,0.4748033583164215,0.11331602931022644,0.7336647510528564,0.5182086229324341,0.21545612812042236
09002200121902061523545232L_1295451200_482794400,2,LC,large,3.322578041169116,0,hit,0.9312469363212585,0.8605349659919739,0.49960973858833313,0.5915350914001465,-0.09192535281181335,0.4806634187698364,0.5011611580848694,-0.02049773931503296,0.6193345189094543,0.5702508091926575,0.049083709716796875
09002200121902061523545232L_1295451200_482794400,3,TP,large,15.333311292905085,1,hit,0.7770466208457947,0.27053871750831604,0.3982100188732147,0.5887665748596191,-0.19055655598640442,0.5001929402351379,0.49575120210647583,0.004441738128662109,0.555999755859375,0.5185705423355103,0.037429213523864746
09002200121902061611510982L_1295210100_482863800,0,MC,small,4.1998889200834935,0,hit,0.8501601815223694,0.8501601815223694,0.6578998565673828,0.5336230397224426,0.12427681684494019,0.8944768905639648,0.6409514546394348,0.25352543592453003,0.6943057179450989,0.624523937702179,0.06978178024291992
09002200121902061611510982L_1295210100_482863800,1,AC,large,2.2739320091573005,0,hit,0.907141923904419,0.907141923904419,0.4602128267288208,0.6941931247711182,-0.23398029804229736,0.41741493344306946,0.5393811464309692,-0.12196621298789978,0.6248288154602051,0.5806345343589783,0.04419428110122681
09002200121902061640513662L_1295224800_482846000,0,LC,large,2.4360850360818236,0,hit,0.924877941608429,0.9061728119850159,0.553631603717804,0.6557384729385376,-0.10210686922073364,0.5152448415756226,0.49775439500808716,0.0174904465675354,0.5875427722930908,0.5226156115531921,0.06492716073989868
09002200121902061640513662L_1295224800_482846000,1,LC,medium,6.4800109375267025,1,hit,0.8318225741386414,0.4594096541404724,0.678554356098175,0.4196537137031555,0.25890064239501953,0.5630948543548584,0.44365498423576355,0.11943987011909485,0.6195552945137024,0.5236775279045105,0.0958777666091919
09002200121902071141028592L_1295204000_482446400,0,LC,large,2.413036800760018,0,hit,0.8773694038391113,0.8065736889839172,0.6016621589660645,0.6471015810966492,-0.04543942213058472,0.5244418382644653,0.5093412399291992,0.015100598335266113,0.7027587890625,0.5928241014480591,0.10993468761444092
09002200121902071141028592L_1295204000_482446400,1,TC,medium,4.7179468620202885,0,hit,0.8433050513267517,0.24892964959144592,0.5741691589355469,0.5732475519180298,0.0009216070175170898,0.600747287273407,0.5213934779167175,0.07935380935668945,0.8723747134208679,0.6095288395881653,0.26284587383270264
09002200121902071145319092L_1295205600_482483400,0,MC,small,3.4375283719191434,0,hit,0.832455575466156,0.7844579815864563,0.6846491694450378,0.5334054231643677,0.15124374628067017,0.8683348894119263,0.6394509077072144,0.22888398170471191,1.61500084400177,0.8879495859146118,0.7270512580871582
09002200121902071145319092L_1295205600_482483400,1,LP,large,7.194491210045081,1,hit,0.9048795104026794,0.7821084856987,0.4732014834880829,0.48811718821525574,-0.014915704727172852,0.4750484526157379,0.5285240411758423,-0.05347558856010437,0.705633819103241,0.5684328079223633,0.13720101118087769
09002200121902071520440982L_1295238800_482723000,0,LC,large,1.3786984983896098,0,hit,0.9072200059890747,0.6723164916038513,0.5318366289138794,0.5083363056182861,0.02350032329559326,0.5053781867027283,0.5058421492576599,-0.0004639625549316406,0.5312409996986389,0.537604033946991,-0.006363034248352051
09002200121902071611461862L_1295796000_482457200,0,TC,large,5.294125170876458,1,hit,0.9304980039596558,0.7591795921325684,0.5676142573356628,0.545207142829895,0.022407114505767822,0.5754154920578003,0.45168668031692505,0.12372881174087524,0.7042810916900635,0.48882943391799927,0.2154516577720642
09002200121902071613337752L_1295783300_482416500,0,LC,large,4.384635248244349,0,hit,0.9156628251075745,0.8240182399749756,0.649082601070404,0.5733620524406433,0.07572054862976074,0.57530277967453,0.5414356589317322,0.03386712074279785,0.7762957811355591,0.6349809765815735,0.1413148045539856
09002200121902071614519452L_1295784200_482381000,0,LC,medium,3.717955419365642,0,hit,0.7637664675712585,0.6209014058113098,0.661864161491394,0.41343042254447937,0.24843373894691467,0.6757559180259705,0.4213577210903168,0.2543981969356537,0.8575555086135864,0.6212435364723206,0.23631197214126587
09002200121902071614519452L_1295784200_482381000,1,MC,small,3.888998528344625,0,hit,0.8184417486190796,0.8184417486190796,0.6910132169723511,0.5866522192955017,0.10436099767684937,0.8095916509628296,0.6791966557502747,0.13039499521255493,1.0918816328048706,0.8859466910362244,0.20593494176864624
09002200121902071614519452L_1295784200_482381000,2,TC,medium,6.07138871208224,1,hit,0.8670899271965027,0.595142126083374,0.5238159894943237,0.42484378814697266,0.09897220134735107,0.46572935581207275,0.39134150743484497,0.07438784837722778,0.5779913067817688,0.5660116672515869,0.011979639530181885
09002200121902071614519452L_1295784200_482381000,3,MC,medium,2.666661241330482,0,hit,0.8884373903274536,0.7667562365531921,0.5078691840171814,0.6615975499153137,-0.15372836589813232,0.6058160066604614,0.5794473886489868,0.02636861801147461,1.033131718635559,0.6584848761558533,0.3746468424797058
09002200121902071614519452L_1295784200_482381000,4,MC,small,4.199851080581274,0,hit,0.6295416355133057,0.44019290804862976,0.7015191316604614,0.48920416831970215,0.21231496334075928,0.8211458325386047,0.5330715179443359,0.2880743145942688,0.9650972485542297,0.7159686088562012,0.24912863969802856
09002200121902071614519452L_1295784200_482381000,5,MC,medium,2.869544348439897,0,hit,0.8338381052017212,0.75702303647995,0.523148238658905,0.5260810852050781,-0.0029328465461730957,0.779262900352478,0.5713815689086914,0.20788133144378662,1.2242650985717773,0.6814281344413757,0.5428369641304016
09002200121902071614519452L_1295784200_482381000,6,MC,medium,2.26470144725646,0,hit,0.927139401435852,0.8967183232307434,0.5188643336296082,0.5787596106529236,-0.05989527702331543,0.6038534641265869,0.5612218379974365,0.04263162612915039,1.175404667854309,0.6150330901145935,0.5603715777397156
09002200121902071614519452L_1295784200_482381000,7,LC,small,4.000013078905034,0,localization_error,0.4657202661037445,0.19306035339832306,0.5246535539627075,0.46767130494117737,0.05698224902153015,0.6430323123931885,0.476640909910202,0.16639140248298645,1.1774436235427856,0.7804105281829834,0.39703309535980225
09002200121902161018409549K_1295644400_483456300,0,TC,large,5.8651773621136005,1,hit,0.9105619192123413,0.8445461392402649,0.525410532951355,0.7380229234695435,-0.21261239051818848,0.46872228384017944,0.5508314371109009,-0.08210915327072144,0.6913130879402161,0.609745442867279,0.08156764507293701
09002200121902161018409549K_1295644400_483456300,1,MC,small,3.8890120919886337,0,hit,0.8132217526435852,0.8132217526435852,0.7268994450569153,0.5535070300102234,0.1733924150466919,1.091471552848816,0.5072188377380371,0.5842527151107788,0.9542281031608582,0.7308155298233032,0.22341257333755493
09002200121902161018409549K_1295644400_483456300,2,LP,large,3.1606994357560834,0,localization_error,0.8817418217658997,0.4113175868988037,0.5137527585029602,0.5428974032402039,-0.029144644737243652,0.5046276450157166,0.4461747109889984,0.05845293402671814,0.6936310529708862,0.5078146457672119,0.18581640720367432
09002200121902161018409549K_1295644400_483456300,3,LP,medium,1.9322113151489007,0,classification_error,0.7041078805923462,0.655479371547699,0.5575571060180664,0.5939547419548035,-0.03639763593673706,0.4874359667301178,0.5147011876106262,-0.027265220880508423,0.5985274910926819,0.5907500386238098,0.00777745246887207
09002200121902161018409549K_1295644400_483456300,4,LP,medium,2.7273188825972485,0,localization_error,0.6501530408859253,0.328290730714798,0.7320870757102966,0.6385696530342102,0.09351742267608643,0.7815621495246887,0.584662139415741,0.19690001010894775,0.9042448401451111,0.6912758350372314,0.21296900510787964
09002200121902171130421252Q_1296386500_481836400,0,P,small,2.5333954555812364,0,hit,0.8480991125106812,0.8194085359573364,0.5088550448417664,0.4737547039985657,0.035100340843200684,0.6855764985084534,0.5245351791381836,0.16104131937026978,0.9254751205444336,0.5974783897399902,0.32799673080444336
09002200121902171130421252Q_1296386500_481836400,1,P,small,1.5000343322753906,0,hit,0.8447707295417786,0.8447707295417786,0.5678740739822388,0.4448269307613373,0.12304714322090149,0.9543376564979553,0.4588387608528137,0.4954988956451416,0.9010438919067383,0.6489552855491638,0.25208860635757446
09002200121902171130421252Q_1296386500_481836400,2,P,small,1.8420890325150496,0,hit,0.8672118186950684,0.8672118186950684,0.6010815501213074,0.4254795014858246,0.1756020486354828,0.9242098331451416,0.4341440200805664,0.4900658130645752,1.0724904537200928,0.6067156195640564,0.4657748341560364
09002200121902171233057112K_1296056800_481513000,0,LC,medium,1.818169207699809,0,localization_error,0.848876953125,0.5110978484153748,0.6390636563301086,0.6327194571495056,0.006344199180603027,0.5635541081428528,0.5433200001716614,0.020234107971191406,0.6248405575752258,0.5495470762252808,0.07529348134994507
09002200121902171233057112K_1296056800_481513000,1,TC,medium,24.705158399632364,1,hit,0.8312376737594604,0.5100301504135132,0.5599769949913025,0.6335590481758118,-0.07358205318450928,0.7118005156517029,0.5457322001457214,0.16606831550598145,0.6964139938354492,0.7004045844078064,-0.003990590572357178
09002200121902171252439002Q_1296284800_481840200,0,LC,large,2.1411644747943663,0,hit,0.7056047916412354,0.30591800808906555,0.5175028443336487,0.550084114074707,-0.03258126974105835,0.429184228181839,0.4824398458003998,-0.05325561761856079,0.5135863423347473,0.5635551810264587,-0.049968838691711426
09002200121902171252439002Q_1296284800_481840200,1,LC,large,1.2209605229168619,0,hit,0.897969126701355,0.8681661486625671,0.4850291609764099,0.6404628157615662,-0.15543365478515625,0.487438827753067,0.5490984916687012,-0.061659663915634155,0.5396947860717773,0.5292548537254333,0.010439932346343994
09002200121902171410239832K_1295925500_481811500,0,AC,large,1.5706371917069974,0,hit,0.673223078250885,0.12711964547634125,0.6242078542709351,0.6706314086914062,-0.04642355442047119,0.5145338177680969,0.5126206278800964,0.0019131898880004883,0.6352806091308594,0.5449919700622559,0.09028863906860352
09002200121902171410239832K_1295925500_481811500,1,P,medium,1.5522229201245474,0,localization_error,0.8512353897094727,0.1484609842300415,0.5601129531860352,0.531956672668457,0.028156280517578125,0.4566892087459564,0.489469975233078,-0.03278076648712158,0.6463738679885864,0.5676630139350891,0.07871085405349731
09002200121902171410239832K_1295925500_481811500,2,TC,medium,13.467123360135421,1,hit,0.9213756322860718,0.8028132319450378,0.5239824652671814,0.5158743858337402,0.008108079433441162,0.4993850290775299,0.5059992671012878,-0.006614238023757935,0.571884036064148,0.65084308385849,-0.07895904779434204
09002200121902171411237252K_1295921200_481781300,0,P,large,2.1011263752654865,0,hit,0.9712635278701782,0.8159201145172119,0.5733249187469482,0.5702269673347473,0.0030979514122009277,0.4833444654941559,0.49624624848365784,-0.012901782989501953,0.8415470719337463,0.565100371837616,0.27644670009613037
09002200121902171439407262K_1295901100_481739000,0,P,small,1.714251252659358,0,hit,0.5875775814056396,0.4767962098121643,0.5212212800979614,0.50022953748703,0.020991742610931396,0.6042115688323975,0.5442739725112915,0.05993759632110596,0.9743462800979614,0.7059938311576843,0.2683524489402771
09002200121902171439407262K_1295901100_481739000,1,P,small,2.5713999223984967,0,localization_error,0.29218754172325134,0.26335668563842773,0.493615061044693,0.5546972155570984,-0.061082154512405396,0.5590790510177612,0.4970053732395172,0.06207367777824402,0.8824813961982727,0.7595143914222717,0.12296700477600098
09002200121902171439407262K_1295901100_481739000,2,AC,large,2.4260235857576156,0,hit,0.7471431493759155,0.4192885160446167,0.5529249310493469,0.7127830386161804,-0.1598581075668335,0.49389880895614624,0.5631992220878601,-0.06930041313171387,0.6361324787139893,0.5425571203231812,0.0935753583908081
09002200121902171447464392K_1295991000_481737600,0,LC,small,1.2916175004577544,0,hit,0.86078941822052,0.7804620862007141,0.5642679333686829,0.5188054442405701,0.04546248912811279,0.7912538647651672,0.4575839042663574,0.3336699604988098,0.7699984312057495,0.622908890247345,0.14708954095840454
09002200121902171447464392K_1295991000_481737600,1,LC,small,1.2500171663734396,0,hit,0.5339218974113464,0.10974889993667603,0.580407440662384,0.5084085464477539,0.07199889421463013,0.6866832375526428,0.49481821060180664,0.19186502695083618,0.9062340259552002,0.7364562153816223,0.16977781057357788
09002200121902171447464392K_1295991000_481737600,2,LC,large,1.551585664796781,0,hit,0.8314955830574036,0.7738277316093445,0.7227782011032104,0.5949966907501221,0.12778151035308838,0.6634634137153625,0.5419543385505676,0.12150907516479492,0.7110511064529419,0.5763427019119263,0.13470840454101562
09002200121902171541164402K_1296048600_481571900,0,TC,large,14.171255582468824,1,hit,0.914095938205719,0.8434973359107971,0.457846075296402,0.6029500961303711,-0.14510402083396912,0.4834287464618683,0.46169471740722656,0.021734029054641724,0.6059225797653198,0.5984004735946655,0.007522106170654297
09002200121902171616378502Q_1296106500_482058800,0,TC,large,7.361092775488337,1,hit,0.9427261352539062,0.789838433265686,0.4315987527370453,0.6880084872245789,-0.25640973448753357,0.47161832451820374,0.5526887774467468,-0.08107045292854309,0.5455266237258911,0.5328559279441833,0.012670695781707764
09002200121902171640091982K_1295881400_481518200,0,AC,large,1.4538999133172232,0,hit,0.869158148765564,0.8590406179428101,0.5294363498687744,0.6566776633262634,-0.127241313457489,0.5635111331939697,0.5755929946899414,-0.01208186149597168,0.6418894529342651,0.5419983863830566,0.0998910665512085
09002200121902180912112718K_1294820200_480604400,0,TP,large,10.620603001855244,1,hit,0.9218680262565613,0.8922217488288879,0.5482232570648193,0.7275430560112,-0.17931979894638062,0.5083135962486267,0.5585741400718689,-0.05026054382324219,0.639765739440918,0.5875332951545715,0.052232444286346436
09002200121902180921377648K_1294823300_480694500,0,TP,medium,19.356861351736647,1,hit,0.8459663391113281,0.5943756103515625,0.5056750178337097,0.7221185564994812,-0.21644353866577148,0.6887339353561401,0.6875767111778259,0.001157224178314209,0.8154512643814087,0.8070021867752075,0.008449077606201172
09002200121902180928107372K_1295937500_481341100,0,TC,medium,9.533575378530475,1,hit,0.7079440355300903,0.7079440355300903,0.46925321221351624,0.4568031430244446,0.012450069189071655,0.5442376732826233,0.46530887484550476,0.07892879843711853,0.5965570211410522,0.5831517577171326,0.013405263423919678
09002200121902180928107372K_1295937500_481341100,1,MC,small,3.5832282199040755,0,hit,0.7737308144569397,0.7101514935493469,0.5271872282028198,0.5483161807060242,-0.021128952503204346,0.6121507287025452,0.5651788711547852,0.04697185754776001,0.8302494883537292,0.6604626774787903,0.16978681087493896
09002200121902180928107372K_1295937500_481341100,2,AC,large,2.1726034951925177,0,hit,0.9101725220680237,0.7743350267410278,0.42819586396217346,0.7598791718482971,-0.33168330788612366,0.4833357036113739,0.5484287738800049,-0.06509307026863098,0.5943033695220947,0.5678060054779053,0.026497364044189453
09002200121902180928107372K_1295937500_481341100,3,MC,small,3.7273471312839863,0,hit,0.7379426956176758,0.710879921913147,0.5945843458175659,0.5406265258789062,0.05395781993865967,0.5399426817893982,0.5364646911621094,0.0034779906272888184,0.67145174741745,0.6080562472343445,0.06339550018310547
09002200121902180928107372K_1295937500_481341100,4,LC,medium,2.0000006357826754,0,localization_error,0.44569993019104004,0.32898518443107605,0.47253790497779846,0.4557609558105469,0.016776949167251587,0.4710029065608978,0.4918830990791321,-0.020880192518234253,0.5812985897064209,0.504997193813324,0.07630139589309692
09002200121902180928435462K_1295939600_481374900,0,LC,medium,1.96427076703084,0,hit,0.7408864498138428,0.7082764506340027,0.6926544904708862,0.4967334270477295,0.19592106342315674,0.674340546131134,0.5683181881904602,0.10602235794067383,0.6971882581710815,0.6008195877075195,0.09636867046356201
09002200121902180928435462K_1295939600_481374900,1,LC,large,1.7184509168008353,0,hit,0.9815852046012878,0.9613550901412964,0.5460017919540405,0.5463089942932129,-0.0003072023391723633,0.49596351385116577,0.44832488894462585,0.04763862490653992,0.6440622210502625,0.5677452087402344,0.07631701231002808
09002200121902180928435462K_1295939600_481374900,2,LC,small,1.5000343322753906,0,hit,0.8130583763122559,0.8130583763122559,0.7883246541023254,0.47156310081481934,0.3167615532875061,0.967753529548645,0.607984185218811,0.359769344329834,0.8210725784301758,0.7410452961921692,0.08002728223800659
09002200121902180928435462K_1295939600_481374900,3,AC,large,1.308017690440976,0,hit,0.7019600868225098,0.20969818532466888,0.5466289520263672,0.5802430510520935,-0.03361409902572632,0.6103385090827942,0.5276695489883423,0.0826689600944519,0.6943390965461731,0.5724011659622192,0.12193793058395386
09002200121902180928435462K_1295939600_481374900,4,TC,medium,11.182049717012541,1,hit,0.7987879514694214,0.7100719213485718,0.5347491502761841,0.47273775935173035,0.062011390924453735,0.6844261288642883,0.47319212555885315,0.21123400330543518,0.6285749077796936,0.6112288236618042,0.017346084117889404
09002200121902180942221672Q_1296100800_481633300,0,P,small,1.2000083008217814,0,hit,0.8563500046730042,0.8563500046730042,0.513856828212738,0.4608921706676483,0.05296465754508972,0.9801763892173767,0.49766722321510315,0.48250916600227356,1.0147961378097534,0.7221538424491882,0.2926422953605652
09002200121902180942221672Q_1296100800_481633300,1,AC,large,1.4493093814845468,0,hit,0.9755404591560364,0.9614968299865723,0.5002655386924744,0.683918297290802,-0.18365275859832764,0.5089154839515686,0.5811266899108887,-0.07221120595932007,0.6696280241012573,0.544201672077179,0.12542635202407837
09002200121902180942221672Q_1296100800_481633300,2,MC,small,3.6667955212847483,0,hit,0.6187217235565186,0.6002489328384399,0.5506481528282166,0.5216077566146851,0.029040396213531494,0.6502827405929565,0.5717664957046509,0.07851624488830566,0.7177020311355591,0.6446743011474609,0.07302772998809814
09002200121902180942221672Q_1296100800_481633300,3,AC,medium,1.8918734566017443,0,hit,0.8490532636642456,0.5761746764183044,0.5168685913085938,0.4992068409919739,0.017661750316619873,0.7142465710639954,0.525030255317688,0.18921631574630737,0.7683210372924805,0.5905471444129944,0.17777389287948608
09002200121902180943451052K_1295950800_481404400,0,AC,large,1.1612152891267928,0,hit,0.9723996520042419,0.9595978260040283,0.6165190935134888,0.687081515789032,-0.07056242227554321,0.6842010617256165,0.5679230690002441,0.11627799272537231,0.7481503486633301,0.5348015427589417,0.21334880590438843
09002200121902180943451052K_1295950800_481404400,1,AC,large,1.5041665395100912,0,hit,0.9352911710739136,0.7742584943771362,0.5370400547981262,0.6451064944267273,-0.10806643962860107,0.5679991245269775,0.5555651783943176,0.012433946132659912,0.5964975357055664,0.5707909464836121,0.025706589221954346
09002200121902180943586792K_1295955300_481415700,0,AC,large,2.1515159275505273,0,hit,0.9509940147399902,0.9508465528488159,0.541298508644104,0.735823929309845,-0.19452542066574097,0.5970361828804016,0.5469645857810974,0.0500715970993042,0.56415855884552,0.5593143701553345,0.004844188690185547
09002200121902180944260862K_1295963600_481441100,0,AC,large,2.2136473300241586,0,hit,0.9833196401596069,0.9103280305862427,0.5491006374359131,0.7436921000480652,-0.1945914626121521,0.5405697822570801,0.5605974793434143,-0.02002769708633423,0.6364684104919434,0.5470178723335266,0.08945053815841675
09002200121902180944460492K_1295972000_481464600,0,AC,large,2.5898743370147606,0,hit,0.965351939201355,0.9442704319953918,0.5062577128410339,0.7834092378616333,-0.27715152502059937,0.5090332627296448,0.5598024129867554,-0.050769150257110596,0.634158194065094,0.5514926910400391,0.08266550302505493
09002200121902181013567532K_1295914000_481676500,0,MC,small,4.249938966085488,0,classification_error,0.6405286192893982,0.2885035574436188,0.5043157339096069,0.47118160128593445,0.033134132623672485,0.5705302357673645,0.4846658408641815,0.08586439490318298,0.6655152440071106,0.5963032841682434,0.06921195983886719
09002200121902181013567532K_1295914000_481676500,1,LC,large,2.9517987656236557,0,hit,0.7525988221168518,0.4295126795768738,0.45785194635391235,0.5350877046585083,-0.07723575830459595,0.4985191524028778,0.47759515047073364,0.020924001932144165,0.68812495470047,0.5542661547660828,0.1338587999343872
09002200121902181013567532K_1295914000_481676500,2,TC,large,9.868531204574476,1,hit,0.7854494452476501,0.5604833364486694,0.43749675154685974,0.5432519912719727,-0.10575523972511292,0.5537130832672119,0.4990260601043701,0.0546870231628418,0.5597606301307678,0.5798981189727783,-0.020137488842010498
09002200121902181026188057F_1294019400_481879300,0,LC,medium,3.050046768759384,0,hit,0.9286327958106995,0.5586262345314026,0.5441096425056458,0.5935615301132202,-0.04945188760757446,0.5487167835235596,0.4811176359653473,0.06759914755821228,0.6877729892730713,0.4832773804664612,0.2044956088066101
09002200121902181026188057F_1294019400_481879300,1,AC,large,1.548223740284349,0,hit,0.951116144657135,0.8590610027313232,0.562089204788208,0.6017524600028992,-0.03966325521469116,0.576567530632019,0.45746156573295593,0.11910596489906311,0.692096471786499,0.5534960627555847,0.1386004090309143
09002200121902181026188057F_1294019400_481879300,2,LC,large,1.3071411561020616,0,hit,0.829059362411499,0.8041051626205444,0.6920678019523621,0.6304895281791687,0.06157827377319336,0.5651583075523376,0.5863292813301086,-0.021170973777770996,0.6565473675727844,0.5991950035095215,0.05735236406326294
09002200121902181026188057F_1294019400_481879300,3,AC,large,1.3436286221014822,0,hit,0.9597720503807068,0.9428914785385132,0.5799480676651001,0.6471909284591675,-0.06724286079406738,0.610300600528717,0.4937783181667328,0.11652228236198425,0.6693118214607239,0.5346344709396362,0.13467735052108765
09002200121902181044097272Q_1296172500_481652400,0,TC,medium,20.31538987863875,1,hit,0.738471269607544,0.5582471489906311,0.39905792474746704,0.5355840921401978,-0.1365261673927307,0.506831169128418,0.553501307964325,-0.04667013883590698,0.6840589642524719,0.6275567412376404,0.05650222301483154
09002200121902181044097272Q_1296172500_481652400,1,LC,medium,2.6333022564559543,0,hit,0.8207679986953735,0.7357416152954102,0.4307999014854431,0.5053858160972595,-0.0745859146118164,0.5705374479293823,0.4561610221862793,0.11437642574310303,0.7095828652381897,0.4756786525249481,0.23390421271324158
09002200121902181044097272Q_1296172500_481652400,2,LC,medium,3.425579190691393,0,hit,0.9308217763900757,0.6528371572494507,0.4629792273044586,0.4408818185329437,0.022097408771514893,0.6254728436470032,0.41583043336868286,0.2096424102783203,0.6409311890602112,0.5336535573005676,0.10727763175964355
09002200121902181044097272Q_1296172500_481652400,3,LC,large,1.2484046322908255,0,hit,0.9872038960456848,0.9835389852523804,0.48195287585258484,0.6562163233757019,-0.17426344752311707,0.4314032793045044,0.5626683235168457,-0.1312650442123413,0.5177745223045349,0.5706443190574646,-0.05286979675292969
09002200121902181143597587F_1293895200_481703100,0,AC,large,1.0322557145712008,0,hit,0.842821478843689,0.6764171123504639,0.39384788274765015,0.5063430666923523,-0.11249518394470215,0.48917973041534424,0.48357364535331726,0.0056060850620269775,0.6216606497764587,0.5602390170097351,0.06142163276672363
09002200121902181143597587F_1293895200_481703100,1,TC,large,6.7558544402618566,1,hit,0.9789479970932007,0.9410610198974609,0.44315305352211,0.5749329328536987,-0.13177987933158875,0.4990290701389313,0.4657977223396301,0.03323134779930115,0.5218559503555298,0.5284647345542908,-0.006608784198760986
09002200121902181143597587F_1293895200_481703100,2,P,small,2.125190746505524,0,hit,0.7318251729011536,0.7318251729011536,0.7131788730621338,0.4544590413570404,0.2587198317050934,0.9992111325263977,0.5935844779014587,0.40562665462493896,0.8317527770996094,0.6867378354072571,0.1450149416923523
09002200121902181236344132Q_1296313700_481939800,0,MC,small,4.099843755721836,0,hit,0.7184285521507263,0.6538575887680054,0.5529850125312805,0.5145767331123352,0.03840827941894531,0.8830882906913757,0.635053813457489,0.24803447723388672,1.0975927114486694,0.8813957571983337,0.2161969542503357
09002200121902181236344132Q_1296313700_481939800,1,LC,large,4.954556909172542,0,hit,0.9400375485420227,0.9150747060775757,0.4913850426673889,0.5277631282806396,-0.03637808561325073,0.5532049536705017,0.5094984173774719,0.043706536293029785,0.5745181441307068,0.5912226438522339,-0.0167044997215271
09002200121902181236344132Q_1296313700_481939800,2,TC,large,2.4697015935724433,0,hit,0.9535173177719116,0.7308053970336914,0.4896315038204193,0.6300351023674011,-0.1404035985469818,0.4469694197177887,0.48489800095558167,-0.03792858123779297,0.5983374714851379,0.530549943447113,0.0677875280380249
09002200121902181236344132Q_1296313700_481939800,3,MC,small,5.00027849202292,1,hit,0.755425751209259,0.755425751209259,0.4872197210788727,0.4201919734477997,0.067027747631073,0.8771527409553528,0.5558860301971436,0.32126671075820923,1.0806421041488647,0.7598753571510315,0.32076674699783325
09002200121902181252296622Q_1296348600_481945400,0,P,small,3.2222286272328997,0,hit,0.7145377397537231,0.702232301235199,0.6724339127540588,0.4827600121498108,0.18967390060424805,0.7455375790596008,0.658979594707489,0.08655798435211182,0.8852541446685791,0.6487073302268982,0.2365468144416809
09002200121902181252296622Q_1296348600_481945400,1,AC,large,1.3747079565743845,0,hit,0.9399732947349548,0.5507112145423889,0.5380147695541382,0.7187314033508301,-0.1807166337966919,0.5219577550888062,0.5665435194969177,-0.04458576440811157,0.5977946519851685,0.5793448686599731,0.018449783325195312
09002200121902181252296622Q_1296348600_481945400,2,P,small,2.7142358901028,0,hit,0.8657145500183105,0.8582733869552612,0.5921817421913147,0.46614742279052734,0.12603431940078735,0.7272297739982605,0.5089495778083801,0.21828019618988037,0.7774389386177063,0.6673331260681152,0.11010581254959106
09002200121902181252296622Q_1296348600_481945400,3,AC,large,1.092348022363038,0,hit,0.9170283675193787,0.7970802187919617,0.5212141871452332,0.7275423407554626,-0.2063281536102295,0.5116584897041321,0.5550771951675415,-0.043418705463409424,0.5287827253341675,0.5938076376914978,-0.06502491235733032
09002200121902181318175772K_1295472300_481853100,0,MC,small,4.4444738323397965,0,hit,0.8304791450500488,0.8304791450500488,0.5431020855903625,0.41526612639427185,0.1278359591960907,0.547802209854126,0.4877106845378876,0.0600915253162384,0.735582172870636,0.6052777767181396,0.13030439615249634
09002200121902181318175772K_1295472300_481853100,1,MC,small,5.000023736216041,1,hit,0.7181016206741333,0.6702235341072083,0.5756829977035522,0.4172140061855316,0.15846899151802063,0.6962803602218628,0.5620982050895691,0.1341821551322937,0.9236274361610413,0.6793099045753479,0.24431753158569336
09002200121902181318175772K_1295472300_481853100,2,AC,large,2.383334062365108,0,hit,0.9415414929389954,0.9415414929389954,0.5371655225753784,0.6036712527275085,-0.06650573015213013,0.5475063323974609,0.5118746757507324,0.035631656646728516,0.6743067502975464,0.5685426592826843,0.10576409101486206
09002200121902181318175772K_1295472300_481853100,3,MC,medium,3.628526711367263,0,hit,0.7916097640991211,0.6994913220405579,0.5657883286476135,0.6396486163139343,-0.0738602876663208,0.5048668384552002,0.5869747400283813,-0.08210790157318115,0.779072105884552,0.6942840814590454,0.08478802442550659
09002200121902181318175772K_1295472300_481853100,4,TC,large,5.646099088330271,1,hit,0.9459500312805176,0.8601298928260803,0.41099628806114197,0.526635468006134,-0.11563917994499207,0.4985717833042145,0.5728281140327454,-0.07425633072853088,0.6006463170051575,0.6135749220848083,-0.012928605079650879
09002200121902181318175772K_1295472300_481853100,5,LC,medium,2.2727136533689185,0,hit,0.8890983462333679,0.7095112204551697,0.5055926442146301,0.4799911677837372,0.025601476430892944,0.6299422383308411,0.507804811000824,0.12213742733001709,0.8729275465011597,0.6469024419784546,0.22602510452270508
09002200121902181349002028K_1294659300_481308100,0,LC,large,5.093047914289121,1,hit,0.7514516711235046,0.31684595346450806,0.6173317432403564,0.6751163005828857,-0.0577845573425293,0.6628803610801697,0.5668483972549438,0.09603196382522583,0.6456015706062317,0.5944633483886719,0.051138222217559814
09002200121902181349002028K_1294659300_481308100,1,MC,small,3.8570830681233597,0,hit,0.5282222628593445,0.5282222628593445,0.600064754486084,0.5451690554618835,0.05489569902420044,0.5916926264762878,0.5947243571281433,-0.0030317306518554688,0.6047486066818237,0.6104924082756042,-0.005743801593780518
09002200121902181349002028K_1294659300_481308100,2,AC,large,2.3571422041991914,0,hit,0.886888325214386,0.8027933239936829,0.4733927547931671,0.7637001872062683,-0.2903074324131012,0.411539226770401,0.5614447593688965,-0.14990553259849548,0.4891184866428375,0.6044318079948425,-0.115313321352005
09002200121902181349002028K_1294659300_481308100,3,MC,small,4.750276584543311,0,hit,0.8414342999458313,0.8414342999458313,0.6684763431549072,0.5662704706192017,0.10220587253570557,0.8985778093338013,0.6177831888198853,0.280794620513916,0.9936832785606384,0.8398842215538025,0.15379905700683594
09002200121902181349002028K_1294659300_481308100,4,MC,small,4.250284214461748,0,hit,0.7242288589477539,0.6205421686172485,0.6297400593757629,0.6226674318313599,0.007072627544403076,0.8672130703926086,0.6929563879966736,0.17425668239593506,0.8645534515380859,0.8240355849266052,0.04051786661148071
09002200121902181349002028K_1294659300_481308100,5,P,medium,4.045520499830763,0,hit,0.9497578740119934,0.837638795375824,0.6981799602508545,0.5121779441833496,0.18600201606750488,0.7949798703193665,0.4383639991283417,0.3566158711910248,1.173642635345459,0.5928301215171814,0.5808125138282776
09002200121902181349002028K_1294659300_481308100,6,LC,large,3.3010872161857785,0,hit,0.9728444218635559,0.9471458792686462,0.4770631790161133,0.6336212158203125,-0.15655803680419922,0.5440441370010376,0.5164240002632141,0.027620136737823486,0.5437497496604919,0.5826172828674316,-0.0388675332069397
09002200121902181349002028K_1294659300_481308100,7,TC,medium,7.461752360472705,1,localization_error,0.39031559228897095,0.1130329966545105,0.6351844072341919,0.5905755162239075,0.044608891010284424,0.7537520527839661,0.6124605536460876,0.14129149913787842,0.7538143992424011,0.6481660008430481,0.10564839839935303
09002200121902181410307678K_1294690700_481147700,0,AC,large,1.6370325561081867,0,localization_error,0.518639862537384,0.10015035420656204,0.46362680196762085,0.5651445984840393,-0.10151779651641846,0.4512777328491211,0.5438718199729919,-0.09259408712387085,0.6171606779098511,0.6014324426651001,0.015728235244750977
09002200121902181410307678K_1294690700_481147700,1,TC,medium,5.545363624762105,1,hit,0.9099229574203491,0.9099229574203491,0.5217130780220032,0.4986773431301117,0.02303573489189148,0.6234235763549805,0.5369458794593811,0.08647769689559937,0.7521165013313293,0.6743497848510742,0.07776671648025513
09002200121902181410307678K_1294690700_481147700,2,TC,medium,20.666985975287208,1,hit,0.6336183547973633,0.5331931114196777,0.39873650670051575,0.4146815836429596,-0.015945076942443848,0.4604003131389618,0.47269105911254883,-0.012290745973587036,0.6221739649772644,0.5845091938972473,0.03766477108001709
09002200121902181410307678K_1294690700_481147700,3,LC,large,3.3606709104698935,0,hit,0.7286527156829834,0.30404144525527954,0.415714293718338,0.6216168999671936,-0.2059026062488556,0.41959312558174133,0.45801326632499695,-0.038420140743255615,0.5328793525695801,0.5694670081138611,-0.036587655544281006
09002200121902181410307678K_1294690700_481147700,4,P,medium,3.655240208448653,0,hit,0.9675271511077881,0.9335110783576965,0.6454805731773376,0.39711999893188477,0.24836057424545288,0.7754584550857544,0.42911043763160706,0.34634801745414734,1.2833303213119507,0.5472592711448669,0.7360710501670837
09002200121902181410307678K_1294690700_481147700,5,LC,large,2.7325674689748465,0,hit,0.9369881749153137,0.9228238463401794,0.4856621325016022,0.5910932421684265,-0.10543110966682434,0.558701753616333,0.5129808783531189,0.04572087526321411,0.6606349945068359,0.6193071603775024,0.041327834129333496
09002200121902181413512308K_1294509400_481062200,0,AC,large,2.258276289737677,0,hit,0.962367594242096,0.9569032788276672,0.5236847996711731,0.7725191116333008,-0.24883431196212769,0.4716672897338867,0.5464891195297241,-0.0748218297958374,0.5742050409317017,0.5218390822410583,0.05236595869064331
09002200121902181413512308K_1294509400_481062200,1,AC,large,2.146679554620946,0,hit,0.9603768587112427,0.9514431953430176,0.49593788385391235,0.5898014307022095,-0.09386354684829712,0.587977945804596,0.4463566839694977,0.14162126183509827,0.6353527903556824,0.5158709287643433,0.11948186159133911
09002200121902181413512308K_1294509400_481062200,2,P,small,1.6666124142982117,0,localization_error,0.7960485816001892,0.7414968609809875,0.8627545237541199,0.5471973419189453,0.31555718183517456,0.7905325293540955,0.5628048181533813,0.2277277112007141,0.8456652760505676,0.6262052655220032,0.21946001052856445
09002200121902181447410818K_1294634300_481078600,0,LC,medium,1.3414693874512926,0,hit,0.8316015005111694,0.27853143215179443,0.49141809344291687,0.49561744928359985,-0.004199355840682983,0.6158831715583801,0.5056630373001099,0.11022013425827026,0.6529935002326965,0.5962820053100586,0.05671149492263794
09002200121902181447410818K_1294634300_481078600,1,TC,large,18.866616075406746,1,hit,0.8240870237350464,0.7628985047340393,0.5160813927650452,0.4804410934448242,0.03564029932022095,0.5160123705863953,0.5553480386734009,-0.039335668087005615,0.7212854027748108,0.5589063763618469,0.16237902641296387
09002200121902181447410818K_1294634300_481078600,2,LC,large,1.2663329618061008,0,hit,0.9942020773887634,0.9847972989082336,0.5075041651725769,0.6307054162025452,-0.12320125102996826,0.4622640013694763,0.4889374375343323,-0.026673436164855957,0.5794550180435181,0.5263187885284424,0.053136229515075684
09002200121902181447410818K_1294634300_481078600,3,MC,medium,3.3500653084144094,0,hit,0.9187594652175903,0.8874651193618774,0.5390327572822571,0.5058262944221497,0.03320646286010742,0.9131344556808472,0.5118919610977173,0.4012424945831299,0.9730601906776428,0.6415424346923828,0.33151775598526
09002200121902181457353472K_1295443200_481920000,0,P,small,2.500001695438254,0,hit,0.5762485861778259,0.5401448607444763,0.615109920501709,0.5301440358161926,0.08496588468551636,0.7782338261604309,0.5487974286079407,0.22943639755249023,1.0226342678070068,0.7565571069717407,0.2660771608352661
09002200121902181457353472K_1295443200_481920000,1,TC,medium,4.052552031634977,0,hit,0.8916487097740173,0.5136249661445618,0.44788795709609985,0.42927423119544983,0.018613725900650024,0.5192093253135681,0.46786537766456604,0.051343947649002075,0.6681787967681885,0.691655158996582,-0.023476362228393555
09002200121902181457353472K_1295443200_481920000,2,LC,large,4.020008593770981,0,hit,0.8967341184616089,0.8482067584991455,0.6682370901107788,0.5856440663337708,0.08259302377700806,0.5565875768661499,0.4891294538974762,0.0674581229686737,0.7083240747451782,0.5765616297721863,0.13176244497299194
09002200121902181457353472K_1295443200_481920000,3,LC,medium,2.640009668004155,0,hit,0.9034701585769653,0.8853517174720764,0.5758841037750244,0.5653015375137329,0.010582566261291504,0.6379050016403198,0.531869113445282,0.10603588819503784,0.6533246040344238,0.6347291469573975,0.018595457077026367
09002200121902181457353472K_1295443200_481920000,4,LC,medium,1.9642718569348412,0,hit,0.7555686831474304,0.707597017288208,0.5235576629638672,0.4575648307800293,0.06599283218383789,0.6220241189002991,0.39121052622795105,0.23081359267234802,0.7544089555740356,0.449896901845932,0.30451205372810364
09002200121902181457353472K_1295443200_481920000,5,TC,large,2.8205117320341735,0,hit,0.9429872035980225,0.9323424100875854,0.5032880902290344,0.6163656115531921,-0.11307752132415771,0.47916561365127563,0.48219481110572815,-0.0030291974544525146,0.6509290933609009,0.5446828007698059,0.10624629259109497
09002200121902181457353472K_1295443200_481920000,6,TC,large,3.250011219758264,0,hit,0.9552907943725586,0.9209170341491699,0.4652120769023895,0.6695316433906555,-0.204319566488266,0.5118826031684875,0.499636173248291,0.012246429920196533,0.6048439145088196,0.5341933369636536,0.07065057754516602
09002200121902181457353472K_1295443200_481920000,7,MC,medium,2.92305259055985,0,hit,0.8277040719985962,0.7837483882904053,0.6202419996261597,0.5559898614883423,0.06425213813781738,0.5408559441566467,0.5192235112190247,0.02163243293762207,1.0773471593856812,0.6099073886871338,0.46743977069854736
09002200121902181457353472K_1295443200_481920000,8,MC,medium,2.8965716823360292,0,hit,0.9475553035736084,0.9268785119056702,0.527363657951355,0.46828150749206543,0.05908215045928955,0.6284499764442444,0.43119391798973083,0.19725605845451355,1.2165285348892212,0.5887009501457214,0.6278275847434998
09002200121902181457353472K_1295443200_481920000,9,LC,large,1.4588204459858758,0,hit,0.9695979952812195,0.894467294216156,0.6036995053291321,0.6129764318466187,-0.009276926517486572,0.5713313221931458,0.5588445067405701,0.012486815452575684,0.6110246777534485,0.5812541842460632,0.029770493507385254
09002200121902181457353472K_1295443200_481920000,10,TC,medium,13.210306102453895,1,hit,0.8991594314575195,0.8991594314575195,0.41060671210289,0.42922765016555786,-0.018620938062667847,0.5410743355751038,0.48675355315208435,0.05432078242301941,0.7107636332511902,0.6146649718284607,0.09609866142272949
09002200121902181458093692K_1295415000_481917800,0,TC,large,9.368504913377429,1,hit,0.8775243163108826,0.7730735540390015,0.4751722514629364,0.6529102325439453,-0.1777379810810089,0.5489242672920227,0.529796838760376,0.01912742853164673,0.674530565738678,0.628334641456604,0.046195924282073975
09002200121902181458093692K_1295415000_481917800,1,MC,small,3.5000448228638565,0,hit,0.9604045152664185,0.9109840393066406,0.572343647480011,0.5705157518386841,0.0018278956413269043,0.6498993635177612,0.5396708846092224,0.11022847890853882,0.6657479405403137,0.5631940960884094,0.1025538444519043
09002200121902181458093692K_1295415000_481917800,2,AC,large,1.2918894999736064,0,hit,0.8388790488243103,0.5905712842941284,0.6203783750534058,0.6712639331817627,-0.050885558128356934,0.4858793616294861,0.512112557888031,-0.026233196258544922,0.5548638701438904,0.5449599027633667,0.009903967380523682
09002200121902181506372218K_1294735000_481105100,0,TP,large,15.63327582488678,1,hit,0.9030946493148804,0.7076455950737,0.5030618906021118,0.6583225131034851,-0.1552606225013733,0.5258477330207825,0.5829526782035828,-0.05710494518280029,0.6098201870918274,0.5905768275260925,0.019243359565734863
09002200121902181507316672K_1295354200_481912700,0,TC,large,13.205945025078359,1,hit,0.9722681045532227,0.5903937816619873,0.5199000239372253,0.45369186997413635,0.06620815396308899,0.5331146717071533,0.5099167227745056,0.023197948932647705,0.6546131372451782,0.6386367082595825,0.015976428985595703
09002200121902181507316672K_1295354200_481912700,1,TC,medium,4.842021573905725,0,hit,0.8997326493263245,0.898562490940094,0.5928927659988403,0.5083714723587036,0.08452129364013672,0.6139320135116577,0.5658329129219055,0.0480991005897522,0.7090954780578613,0.7465537190437317,-0.03745824098587036
09002200121902181513325698K_1294739600_481122700,0,MC,small,3.999984196460879,0,hit,0.8061285614967346,0.5622689127922058,0.4829446077346802,0.5116197466850281,-0.0286751389503479,0.6078079342842102,0.5102171897888184,0.09759074449539185,0.604471743106842,0.5912310481071472,0.013240694999694824
09002200121902181513325698K_1294739600_481122700,1,AC,large,1.5322582800037408,0,hit,0.9626783728599548,0.9613869786262512,0.41214993596076965,0.666357159614563,-0.25420722365379333,0.4889615476131439,0.5285429358482361,-0.03958138823509216,0.5311577320098877,0.5725851655006409,-0.041427433490753174
09002200121902181514213008K_1294770900_481169300,0,P,small,3.8570651628963417,0,hit,0.812515139579773,0.7486196756362915,0.7819662690162659,0.5051624178886414,0.2768038511276245,0.8763790726661682,0.5490942001342773,0.32728487253189087,0.9984793066978455,0.6099564433097839,0.3885228633880615
09002200121902181514213008K_1294770900_481169300,1,AC,large,2.021051657722076,0,hit,0.8499112725257874,0.7941040992736816,0.4370388388633728,0.7445549368858337,-0.30751609802246094,0.48650115728378296,0.5462203025817871,-0.05971914529800415,0.6803162097930908,0.5780240893363953,0.10229212045669556
09002200121902181514213008K_1294770900_481169300,2,P,small,2.9091554766396626,0,hit,0.7782534956932068,0.7517914772033691,0.7322517037391663,0.49454164505004883,0.23771005868911743,0.8666939735412598,0.5138248205184937,0.3528691530227661,0.9389052987098694,0.7294632792472839,0.20944201946258545
09002200121902181514567952K_1295365500_481920900,0,P,medium,2.5624903440659637,0,hit,0.9314861297607422,0.8980890512466431,0.5077753067016602,0.4147700369358063,0.09300526976585388,0.5696869492530823,0.4561536908149719,0.11353325843811035,1.0652754306793213,0.5569038987159729,0.5083715319633484
09002200121902181526201408K_1294760700_481190100,0,P,medium,2.518525990980299,0,hit,0.9486126899719238,0.6496831178665161,0.6033355593681335,0.5495506525039673,0.05378490686416626,0.6996326446533203,0.46987420320510864,0.22975844144821167,0.9034931659698486,0.517831563949585,0.38566160202026367
09002200121902181526201408K_1294760700_481190100,1,TC,large,4.297926081761986,0,localization_error,0.7323641180992126,0.4632894992828369,0.5735541582107544,0.5178694128990173,0.05568474531173706,0.45324966311454773,0.45813050866127014,-0.004880845546722412,0.5964099168777466,0.5220690965652466,0.0743408203125
09002200121902181526201408K_1294760700_481190100,2,P,medium,3.406240463256836,0,hit,0.8584481477737427,0.7400516271591187,0.6730331182479858,0.5288527607917786,0.14418035745620728,0.6557888984680176,0.4398414194583893,0.2159474790096283,1.2031757831573486,0.5066115260124207,0.696564257144928
09002200121902181547507897F_1294003400_481850500,0,TC,large,13.550168459087635,1,hit,0.9683486819267273,0.8926606774330139,0.5038331151008606,0.6114816069602966,-0.10764849185943604,0.5293002724647522,0.5428556203842163,-0.013555347919464111,0.6498752236366272,0.5840110778808594,0.06586414575576782
09002200121902181547507897F_1294003400_481850500,1,LC,large,1.634608594165245,0,hit,0.9709293842315674,0.9504256844520569,0.44353288412094116,0.5771797299385071,-0.13364684581756592,0.4549214541912079,0.5365055203437805,-0.08158406615257263,0.5955618023872375,0.5913512110710144,0.0042105913162231445
09002200121902181551070908K_1294778500_480948100,0,LP,large,2.2631592473179305,0,hit,0.930763840675354,0.42395666241645813,0.566152811050415,0.7950884103775024,-0.2289355993270874,0.5282291769981384,0.5567131042480469,-0.028483927249908447,0.7454649806022644,0.5581554770469666,0.18730950355529785
09002200121902181551070908K_1294778500_480948100,1,LP,medium,1.6562566757202148,0,hit,0.9259936809539795,0.7009477615356445,0.5988945960998535,0.8451177477836609,-0.24622315168380737,0.8002906441688538,0.6889752745628357,0.11131536960601807,0.8465083837509155,0.725322425365448,0.12118595838546753
09002200121902181600251632K_1295323800_481996400,0,TC,large,2.4733414062697094,0,hit,0.9749028086662292,0.9499115347862244,0.444379061460495,0.5805081129074097,-0.13612905144691467,0.4310612678527832,0.4655728340148926,-0.034511566162109375,0.5161866545677185,0.5908586382865906,-0.07467198371887207
09002200121902181600251632K_1295323800_481996400,1,TC,large,4.981498352043331,0,hit,0.9510795474052429,0.9398343563079834,0.4572080969810486,0.4974566102027893,-0.04024851322174072,0.47895491123199463,0.4516180157661438,0.02733689546585083,0.6569023132324219,0.5276508331298828,0.12925148010253906
09002200121902181600251632K_1295323800_481996400,2,TC,medium,3.372118383157632,0,hit,0.892259418964386,0.7814366817474365,0.496976763010025,0.71580570936203,-0.218828946352005,0.6476321816444397,0.5153743624687195,0.13225781917572021,0.751465916633606,0.571427047252655,0.18003886938095093
09002200121902181600251632K_1295323800_481996400,3,TC,large,8.317090332751595,1,hit,0.9582497477531433,0.9304090738296509,0.48651155829429626,0.657171368598938,-0.17065981030464172,0.4855872690677643,0.5175361037254333,-0.03194883465766907,0.5239475965499878,0.5522148013114929,-0.028267204761505127
09002200121902181600251632K_1295323800_481996400,4,LC,medium,1.0588219454487358,0,hit,0.5757824182510376,0.390427827835083,0.4193098545074463,0.3698905110359192,0.0494193434715271,0.5477622151374817,0.367227166891098,0.18053504824638367,0.5378628373146057,0.4880222976207733,0.0498405396938324
09002200121902181610547782K_1295303900_481895200,0,AC,large,2.8740737910851557,0,hit,0.9190170764923096,0.7316067814826965,0.45188501477241516,0.5634229779243469,-0.11153796315193176,0.48860496282577515,0.5364329218864441,-0.047827959060668945,0.6163643598556519,0.6327447295188904,-0.016380369663238525
09002200121902181610547782K_1295303900_481895200,1,P,small,3.889001919255627,0,hit,0.8788872957229614,0.8283198475837708,0.7821083068847656,0.43103504180908203,0.3510732650756836,1.0694855451583862,0.6046323180198669,0.4648532271385193,0.8225497007369995,0.7101729512214661,0.11237674951553345
09002200121902181610547782K_1295303900_481895200,2,LC,medium,1.5957539923198896,0,hit,0.9440858960151672,0.9010990262031555,0.637297511100769,0.5370528101921082,0.10024470090866089,0.6906610727310181,0.4850448668003082,0.20561620593070984,0.8645495772361755,0.6142800450325012,0.2502695322036743
09002200121902181616389802K_1295296500_481900700,0,AC,large,1.4820521287592403,0,hit,0.9460921287536621,0.9160047173500061,0.4672160744667053,0.6880931258201599,-0.2208770513534546,0.5019724369049072,0.5354472994804382,-0.033474862575531006,0.576797604560852,0.5637918710708618,0.013005733489990234
09002200121902181617425922K_1295280000_481901500,0,AC,large,1.1502478465172126,0,hit,0.953236997127533,0.8685166835784912,0.5678790807723999,0.6587532162666321,-0.09087413549423218,0.48722043633461,0.5200485587120056,-0.03282812237739563,0.62129145860672,0.5513808131217957,0.06991064548492432
09002200121902181617425922K_1295280000_481901500,1,P,medium,2.708296776654587,0,classification_error,0.5442811846733093,0.3819314241409302,0.5030950307846069,0.5681107640266418,-0.06501573324203491,0.5075483918190002,0.6127136945724487,-0.10516530275344849,0.8651097416877747,0.6512542963027954,0.21385544538497925
09002200121902181620339712K_1295377600_481906100,0,TC,large,2.782601532597552,0,hit,0.9484381675720215,0.9377934336662292,0.42069461941719055,0.6119648814201355,-0.19127026200294495,0.5523005723953247,0.5014387965202332,0.05086177587509155,0.6682408452033997,0.5499597787857056,0.11828106641769409
09002200121902181620339712K_1295377600_481906100,1,TC,large,3.4925186862038653,0,hit,0.9030536413192749,0.8259343504905701,0.3831758499145508,0.4989008605480194,-0.11572501063346863,0.5037170052528381,0.4869050681591034,0.01681193709373474,0.6335469484329224,0.609642505645752,0.02390444278717041
09002200121902181629173312K_1295377800_481858300,0,TC,large,10.92114663676986,1,hit,0.8773290514945984,0.5636798739433289,0.43547192215919495,0.6085954904556274,-0.1731235682964325,0.5247095823287964,0.5348577499389648,-0.010148167610168457,0.6210594177246094,0.5635924339294434,0.057466983795166016
09002200121902200946142212K_1295239400_481170000,0,TC,large,14.633274807638315,1,hit,0.8962000608444214,0.7815272212028503,0.574296236038208,0.6437038779258728,-0.0694076418876648,0.4990638196468353,0.47582361102104187,0.023240208625793457,0.75636225938797,0.5828312039375305,0.17353105545043945
09002200121902200946142212K_1295239400_481170000,1,MC,large,1.9560471917045623,0,hit,0.952221155166626,0.9125523567199707,0.7788886427879333,0.6827691197395325,0.09611952304840088,0.5666201710700989,0.5871121287345886,-0.020491957664489746,0.9138669967651367,0.523125946521759,0.3907410502433777
09002200121902201007342732K_1295259300_481517100,0,LC,large,1.0841123414508376,0,hit,0.9416009783744812,0.9294365048408508,0.6017565131187439,0.5876261591911316,0.014130353927612305,0.60829097032547,0.5318164229393005,0.07647454738616943,0.5614333152770996,0.5848678946495056,-0.023434579372406006
09002200121902201007342732K_1295259300_481517100,1,AC,large,2.8495800136623495,0,hit,0.9346144795417786,0.7371055483818054,0.5392564535140991,0.7394534349441528,-0.2001969814300537,0.4566842317581177,0.5809430480003357,-0.12425881624221802,0.4823647141456604,0.5699595212936401,-0.08759480714797974
09002200121902201007342732K_1295259300_481517100,2,MC,small,3.9999186214473177,0,hit,0.8213835954666138,0.8213835954666138,0.6505072116851807,0.6040176749229431,0.04648953676223755,0.8044490814208984,0.5256635546684265,0.2787855267524719,0.9271591901779175,0.6643821597099304,0.26277703046798706
09002200121902201007342732K_1295259300_481517100,3,MC,small,4.777822236087187,0,hit,0.6642267107963562,0.648013174533844,0.6426941752433777,0.6110835075378418,0.03161066770553589,0.5645695924758911,0.5575609803199768,0.007008612155914307,0.740977942943573,0.6376387476921082,0.10333919525146484
09002200121902201042109397F_1294254200_482289900,0,MC,small,3.687480926513672,0,hit,0.858227550983429,0.8275098204612732,0.5973775386810303,0.4772801101207733,0.12009742856025696,1.1923936605453491,0.6745941042900085,0.5177995562553406,1.2441145181655884,0.8608469367027283,0.3832675814628601
09002200121902201042109397F_1294254200_482289900,1,TC,large,12.491598312110575,1,hit,0.9490436911582947,0.9266292452812195,0.5152388215065002,0.7205280065536499,-0.20528918504714966,0.4940852224826813,0.5634122490882874,-0.06932702660560608,0.6541494727134705,0.5766022801399231,0.07754719257354736
09002200121902201100029017F_1294327200_482247200,0,LC,large,2.2753495855923833,0,hit,0.9276825189590454,0.9034890532493591,0.6714147329330444,0.722038209438324,-0.05062347650527954,0.5650855302810669,0.5641642808914185,0.0009212493896484375,0.5307625532150269,0.5766311287879944,-0.04586857557296753
09002200121902201101168882Q_1295269800_482077900,0,LC,large,4.472709315326163,0,hit,0.9358537197113037,0.8786742091178894,0.5767129063606262,0.5501099824905396,0.02660292387008667,0.5128173828125,0.49727869033813477,0.015538692474365234,0.6324306130409241,0.5918717384338379,0.04055887460708618
09002200121902201101339642Q_1295256800_482077200,0,TC,small,1.7272791745158043,0,hit,0.7178134918212891,0.5120145082473755,0.5068447589874268,0.6184872984886169,-0.11164253950119019,0.7291513085365295,0.5328341126441956,0.19631719589233398,0.719555675983429,0.6608206629753113,0.058735013008117676
09002200121902201101339642Q_1295256800_482077200,1,MC,small,1.2631592472904125,0,hit,0.8617736101150513,0.8061521053314209,0.6542518734931946,0.602316677570343,0.05193519592285156,1.346582055091858,0.5196624398231506,0.8269196152687073,1.5575438737869263,0.8042615056037903,0.753282368183136
09002200121902201101339642Q_1295256800_482077200,2,LC,medium,2.603766197273929,0,hit,0.9115194082260132,0.8762505054473877,0.5592759251594543,0.6078177690505981,-0.0485418438911438,0.6111233830451965,0.4934326112270355,0.11769077181816101,0.7866646647453308,0.5809640288352966,0.20570063591003418
09002200121902201101339642Q_1295256800_482077200,3,LC,small,2.3157576886753057,0,hit,0.7887500524520874,0.5557482838630676,0.659350574016571,0.5547625422477722,0.10458803176879883,0.8774698376655579,0.4889162480831146,0.38855358958244324,1.036669135093689,0.6854716539382935,0.3511974811553955
09002200121902201101339642Q_1295256800_482077200,4,LC,small,1.500021362565461,0,localization_error,0.4415734112262726,0.22893689572811127,0.6278649568557739,0.7228527069091797,-0.09498775005340576,0.6608083248138428,0.5562668442726135,0.10454148054122925,0.7130820155143738,0.6305949091911316,0.08248710632324219
09002200121902201101339642Q_1295256800_482077200,5,LC,small,3.4999415094627517,0,localization_error,0.47122955322265625,0.45786333084106445,0.7307880520820618,0.6419224143028259,0.08886563777923584,0.48517513275146484,0.49503085017204285,-0.009855717420578003,0.555451512336731,0.5152052640914917,0.04024624824523926
09002200121902201103385438K_1294682400_480922000,0,TC,large,6.57137952569506,1,hit,0.9039103984832764,0.7746793627738953,0.5313456058502197,0.6354421973228455,-0.10409659147262573,0.4878663122653961,0.4846824109554291,0.003183901309967041,0.5558019876480103,0.5589174628257751,-0.0031154751777648926
09002200121902201103385438K_1294682400_480922000,1,MC,medium,2.4615346092269363,0,hit,0.9365204572677612,0.8924459218978882,0.5781427621841431,0.5786458253860474,-0.0005030632019042969,0.7462595105171204,0.4436633288860321,0.30259618163108826,1.3009450435638428,0.5006740689277649,0.8002709746360779
09002200121902201121502577F_1294330000_482187800,0,P,medium,1.9166945001585238,0,hit,0.8457177877426147,0.6668160557746887,0.6394926905632019,0.5231068730354309,0.116385817527771,0.7128822803497314,0.5469393134117126,0.1659429669380188,1.0798554420471191,0.6518230438232422,0.42803239822387695
09002200121902201121502577F_1294330000_482187800,1,P,medium,1.2597531791912095,0,hit,0.8445379734039307,0.510503351688385,0.5973421931266785,0.5833180546760559,0.014024138450622559,0.6923338174819946,0.5030900835990906,0.18924373388290405,0.7787208557128906,0.6070426106452942,0.17167824506759644
09002200121902201121502577F_1294330000_482187800,2,TC,medium,5.971392199775043,1,hit,0.9470064043998718,0.9124504923820496,0.504979133605957,0.5026382803916931,0.002340853214263916,0.5318209528923035,0.5215843319892883,0.010236620903015137,0.6709763407707214,0.6331817507743835,0.03779458999633789
09002200121902201121502577F_1294330000_482187800,3,AC,large,1.2426201124685794,0,hit,0.92367023229599,0.8928714990615845,0.4964432716369629,0.6738755106925964,-0.17743223905563354,0.5030193328857422,0.5507155060768127,-0.04769617319107056,0.6358559727668762,0.5304567813873291,0.10539919137954712
09002200121902201121502577F_1294330000_482187800,4,P,small,2.631521801980071,0,hit,0.8189178109169006,0.800948441028595,0.7357553839683533,0.5104977488517761,0.22525763511657715,0.8375427722930908,0.5564442873001099,0.28109848499298096,0.8957606554031372,0.6448408961296082,0.25091975927352905
09002200121902201121502577F_1294330000_482187800,5,P,medium,1.5434748860568024,0,hit,0.9577246308326721,0.8908054828643799,0.5434173941612244,0.4924103319644928,0.05100706219673157,0.5867789387702942,0.5700592398643494,0.016719698905944824,0.9036067128181458,0.6903538107872009,0.21325290203094482
09002200121902201151041687F_1294233400_482015100,0,TC,large,20.03555484832896,1,hit,0.7500470280647278,0.3123684525489807,0.4897195100784302,0.5978031158447266,-0.10808360576629639,0.5027377009391785,0.5421915054321289,-0.03945380449295044,0.5639612674713135,0.670461118221283,-0.10649985074996948
09002200121902201151041687F_1294233400_482015100,1,LC,large,7.204497156332362,1,hit,0.8649365305900574,0.7576928734779358,0.6808155179023743,0.5551066994667053,0.12570881843566895,0.5268261432647705,0.4651673436164856,0.06165879964828491,0.6318638920783997,0.5682463645935059,0.0636175274848938
09002200121902201202442722Q_1295244100_481848100,0,TC,large,3.1606874663492874,0,localization_error,0.6301034092903137,0.3030300736427307,0.5440803170204163,0.5323895812034607,0.011690735816955566,0.5036409497261047,0.5003057718276978,0.0033351778984069824,0.6430581212043762,0.5645560622215271,0.07850205898284912
09002200121902201202442722Q_1295244100_481848100,1,LC,large,2.7631597827146113,0,hit,0.9591960310935974,0.8111375570297241,0.5119608044624329,0.5241813063621521,-0.012220501899719238,0.5609566569328308,0.4971769452095032,0.06377971172332764,0.5975162982940674,0.5414363741874695,0.0560799241065979
09002200121902201202442722Q_1295244100_481848100,2,LC,medium,1.7999703546111658,0,hit,0.7819817066192627,0.7703018188476562,0.4338313639163971,0.46689367294311523,-0.03306230902671814,0.5910105109214783,0.4843059480190277,0.10670456290245056,0.7702586650848389,0.557491660118103,0.21276700496673584
09002200121902201202442722Q_1295244100_481848100,3,P,medium,1.7407550891232353,0,hit,0.879096269607544,0.517486035823822,0.6239617466926575,0.5681799054145813,0.05578184127807617,0.6140812039375305,0.5153301954269409,0.0987510085105896,0.9386889338493347,0.5351921916007996,0.40349674224853516
09002200121902201202442722Q_1295244100_481848100,4,AC,large,1.0588194322524034,0,hit,0.9130999445915222,0.35562023520469666,0.5222046375274658,0.5233403444290161,-0.001135706901550293,0.5517335534095764,0.500238835811615,0.051494717597961426,0.6070560216903687,0.5869760513305664,0.020079970359802246
09002200121902201202442722Q_1295244100_481848100,5,TC,large,14.8529927080678,1,localization_error,0.43467265367507935,0.4079449772834778,0.5655806660652161,0.5358251929283142,0.029755473136901855,0.5798740386962891,0.5073744654655457,0.07249957323074341,0.5775521397590637,0.5851898193359375,-0.007637679576873779
09002200121902201345383602K_1295242900_481691600,0,TC,large,6.472210118820554,1,hit,0.9315551519393921,0.774610161781311,0.5559465885162354,0.6883741021156311,-0.13242751359939575,0.4425520896911621,0.5349283814430237,-0.09237629175186157,0.5882670283317566,0.5294525027275085,0.05881452560424805
09002200121902201345383602K_1295242900_481691600,1,MC,medium,3.611161032179309,0,hit,0.894420862197876,0.7808327078819275,0.5422576665878296,0.5935571789741516,-0.05129951238632202,0.6194843649864197,0.5114328265190125,0.10805153846740723,0.7920989394187927,0.5677456259727478,0.22435331344604492
09002200121902201345383602K_1295242900_481691600,2,MC,medium,3.263104637940007,0,hit,0.9026699662208557,0.8936172127723694,0.47937169671058655,0.453244686126709,0.026127010583877563,0.9362068176269531,0.5002590417861938,0.4359477758407593,1.1008344888687134,0.7266201376914978,0.3742143511772156
09002200121902201410179042Q_1295063500_481772800,0,AC,large,2.220587139724606,0,hit,0.929130494594574,0.5531849265098572,0.5087264180183411,0.6298252940177917,-0.12109887599945068,0.49504566192626953,0.5138462781906128,-0.01880061626434326,0.5553139448165894,0.5896766781806946,-0.034362733364105225
09002200121902201410179042Q_1295063500_481772800,1,MC,medium,2.3035603932813884,0,hit,0.9567030668258667,0.944782555103302,0.6329374313354492,0.5400487780570984,0.09288865327835083,0.5521654486656189,0.4713689982891083,0.08079645037651062,1.059458613395691,0.493500679731369,0.5659579336643219
09002200121902201412570032Q_1295084600_481789700,0,AC,large,1.9934931961625402,0,hit,0.9369078874588013,0.9280315041542053,0.5164371132850647,0.7252774238586426,-0.20884031057357788,0.465930312871933,0.5840796828269958,-0.11814936995506287,0.5858364105224609,0.5341631174087524,0.051673293113708496
09002200121902201432235892Q_1294978100_481859100,0,AC,large,2.2733323838975696,0,hit,0.9505530595779419,0.9407841563224792,0.5006436705589294,0.8012401461601257,-0.3005964756011963,0.48881542682647705,0.5727895498275757,-0.08397412300109863,0.6053009629249573,0.5322734713554382,0.07302749156951904
09002200121902201432235892Q_1294978100_481859100,1,MC,small,4.19985718383614,0,hit,0.7746232151985168,0.6055906414985657,0.5937932133674622,0.5575020909309387,0.03629112243652344,0.631062388420105,0.6175137758255005,0.013548612594604492,0.7087324261665344,0.6519582867622375,0.056774139404296875
09002200121902201432235892Q_1294978100_481859100,2,AC,large,1.4510817789312507,0,localization_error,0.745261013507843,0.4105594754219055,0.5484288334846497,0.7297319769859314,-0.18130314350128174,0.5036450624465942,0.5186471939086914,-0.015002131462097168,0.5564106702804565,0.5704676508903503,-0.014056980609893799
09002200121902201439153758K_1294416100_481278900,0,AC,large,1.1478719967301025,0,hit,0.9536224007606506,0.6666035652160645,0.6654306650161743,0.7050530910491943,-0.03962242603302002,0.5758690237998962,0.5355536937713623,0.040315330028533936,0.6365612149238586,0.5583341717720032,0.07822704315185547
09002200121902201440091038K_1294437300_481216800,0,AC,large,1.0578517732739527,0,hit,0.9949511289596558,0.9783843755722046,0.6910284757614136,0.7340657114982605,-0.043037235736846924,0.5647680163383484,0.5319945812225342,0.03277343511581421,0.721384584903717,0.538979709148407,0.18240487575531006
09002200121902201441131138K_1294415900_481180400,0,AC,large,2.430071334396684,0,hit,0.8956792950630188,0.8732042908668518,0.48272839188575745,0.6655768752098083,-0.1828484833240509,0.47013357281684875,0.5261475443840027,-0.05601397156715393,0.5668841004371643,0.5438408851623535,0.02304321527481079
09002200121902201441346728K_1294427100_481156200,0,AC,large,1.845862508570154,0,hit,0.8718986511230469,0.8202218413352966,0.564732551574707,0.6751132011413574,-0.11038064956665039,0.42411008477211,0.5292879939079285,-0.10517790913581848,0.5626476407051086,0.6518577933311462,-0.0892101526260376
09002200121902201443044762K_1295376400_481704600,0,AC,large,1.716844722372015,0,hit,0.7775859832763672,0.7570567727088928,0.5284233093261719,0.5441588759422302,-0.01573556661605835,0.5469323396682739,0.48845306038856506,0.05847927927970886,0.6556814908981323,0.5387935042381287,0.11688798666000366
09002200121902201443044762K_1295376400_481704600,1,P,small,4.000105426700699,0,localization_error,0.5848801136016846,0.4276930093765259,0.6466965079307556,0.4892958104610443,0.1574006974697113,0.7321168184280396,0.5518044233322144,0.1803123950958252,0.7859575152397156,0.6730054616928101,0.11295205354690552
09002200121902201443044762K_1295376400_481704600,2,AC,large,1.3625024795532226,0,hit,0.9737279415130615,0.9603065252304077,0.5549414157867432,0.6265616416931152,-0.07162022590637207,0.6165704727172852,0.5362669229507446,0.08030354976654053,0.6808242201805115,0.5444151163101196,0.13640910387039185
09002200121902201503222077F_1294361600_482244200,0,AC,large,2.103448251670574,0,hit,0.7808641195297241,0.4500553607940674,0.49119070172309875,0.6358423233032227,-0.1446516215801239,0.4828810691833496,0.5062620043754578,-0.023380935192108154,0.5909709930419922,0.5925104022026062,-0.0015394091606140137
09002200121902201519127662K_1295343100_481619000,0,TC,medium,14.166370821719935,1,hit,0.7643254399299622,0.7311990857124329,0.38224467635154724,0.4451726973056793,-0.06292802095413208,0.5467398166656494,0.5356284379959106,0.01111137866973877,0.7173946499824524,0.5397956967353821,0.1775989532470703
09002200121902201519127662K_1295343100_481619000,1,TC,large,8.384593835781514,1,hit,0.8193832635879517,0.7094584703445435,0.5776510238647461,0.5765212774276733,0.001129746437072754,0.5167815685272217,0.5479344129562378,-0.031152844429016113,0.6276261210441589,0.5271316766738892,0.10049444437026978
09002200121902201519127662K_1295343100_481619000,2,LC,large,1.6562486052518444,0,hit,0.870841920375824,0.5015383362770081,0.6524784564971924,0.639568030834198,0.012910425662994385,0.5863659977912903,0.5533936619758606,0.03297233581542969,0.5624983906745911,0.5499259829521179,0.012572407722473145
09002200121902201519127662K_1295343100_481619000,3,TC,large,2.833345201340746,0,hit,0.95329350233078,0.9522175192832947,0.5560070872306824,0.6972638964653015,-0.14125680923461914,0.5173559188842773,0.5936362147331238,-0.07628029584884644,0.7251823544502258,0.5334542393684387,0.1917281150817871
09002200121902201519127662K_1295343100_481619000,4,LC,large,1.0634308349976593,0,hit,0.9471858739852905,0.909891664981842,0.4376993477344513,0.5975985527038574,-0.15989920496940613,0.47763484716415405,0.5164147019386292,-0.0387798547744751,0.5625250339508057,0.5260043144226074,0.03652071952819824
09002200121902201519127662K_1295343100_481619000,5,LC,large,3.071427058894603,0,hit,0.9650776982307434,0.9619306921958923,0.5629536509513855,0.6398686766624451,-0.07691502571105957,0.4811026155948639,0.5778880715370178,-0.09678545594215393,0.5696328282356262,0.504208505153656,0.06542432308197021
09002200121902201519127662K_1295343100_481619000,6,LC,medium,2.1333246528130987,0,hit,0.8278125524520874,0.6810457110404968,0.7353063821792603,0.5490339398384094,0.18627244234085083,0.6467797160148621,0.49700021743774414,0.14977949857711792,0.7845391035079956,0.5831922292709351,0.20134687423706055
09002200121902201527566622K_1295442000_481646200,0,TC,medium,10.833075211392968,1,hit,0.8906534910202026,0.7624127268791199,0.5320644378662109,0.5799290537834167,-0.04786461591720581,0.48708561062812805,0.5452253222465515,-0.05813971161842346,0.6960347294807434,0.5586352944374084,0.13739943504333496
09002200121902201527566622K_1295442000_481646200,1,TC,large,2.8990945488142903,0,hit,0.9693689942359924,0.9359005093574524,0.49050065875053406,0.5968787670135498,-0.10637810826301575,0.5189838409423828,0.5074684023857117,0.011515438556671143,0.5886679291725159,0.56715327501297,0.0215146541595459
09002200121902201558235052Q_1295038300_482072000,0,AC,large,2.127963642685422,0,hit,0.9412983059883118,0.8887356519699097,0.5291366577148438,0.7279138565063477,-0.1987771987915039,0.5093058347702026,0.5625194311141968,-0.05321359634399414,0.5532347559928894,0.5797292590141296,-0.026494503021240234
09002200121902201623200162K_1295451000_481679500,0,LC,large,1.9487135814261394,0,hit,0.9793021082878113,0.11751057207584381,0.5337094664573669,0.6311722993850708,-0.09746283292770386,0.5583517551422119,0.5961129069328308,-0.037761151790618896,0.5647628307342529,0.549574077129364,0.015188753604888916
09002200121902201623200162K_1295451000_481679500,1,LC,large,1.928566460277214,0,hit,0.9585528373718262,0.9246152639389038,0.513611376285553,0.649960458278656,-0.13634908199310303,0.5225775837898254,0.5136778950691223,0.008899688720703125,0.5840262770652771,0.5584635138511658,0.025562763214111328
09002200121902201623200162K_1295451000_481679500,2,P,small,1.85716309830541,0,hit,0.796312689781189,0.7957510948181152,0.8224980235099792,0.4849759042263031,0.33752211928367615,1.0170879364013672,0.4686926305294037,0.5483953058719635,1.3412342071533203,0.8437429666519165,0.4974912405014038
09002200121902201623200162K_1295451000_481679500,3,LC,large,1.4166707841296506,0,hit,0.8651097416877747,0.8326622843742371,0.5097076892852783,0.4735698699951172,0.03613781929016113,0.5631066560745239,0.4910415709018707,0.0720650851726532,0.7031722664833069,0.6046223044395447,0.09854996204376221
09002200121902201624545932Q_1294969400_482116000,0,LC,large,1.799998256142194,0,hit,0.9713650345802307,0.9409231543540955,0.47856786847114563,0.5617745518684387,-0.08320668339729309,0.5350656509399414,0.5019990801811218,0.03306657075881958,0.5543901324272156,0.5244037508964539,0.02998638153076172
09002200121902201645557352Q_1295003900_482259200,0,TC,medium,11.587958425332543,1,hit,0.9018568992614746,0.8321572542190552,0.47149839997291565,0.6493908166885376,-0.17789241671562195,0.5052706599235535,0.5562235713005066,-0.050952911376953125,0.6976737976074219,0.6844789981842041,0.013194799423217773
09002200121902210901080252K_1295494600_480828800,0,P,medium,1.264706885533128,0,hit,0.8185956478118896,0.7106478810310364,0.8322554230690002,0.6589637994766235,0.1732916235923767,0.719445526599884,0.5654274821281433,0.15401804447174072,1.2763612270355225,0.6882132887840271,0.5881479382514954
09002200121902210901080252K_1295494600_480828800,1,P,medium,1.1212010801213288,0,hit,0.8561872243881226,0.633892297744751,0.7100217938423157,0.6149992346763611,0.09502255916595459,0.6951720714569092,0.4948071539402008,0.20036491751670837,1.070475697517395,0.6511832475662231,0.4192924499511719
09002200121902210901080252K_1295494600_480828800,2,P,small,1.1538457926812091,0,localization_error,0.37967449426651,0.3347540497779846,0.6053490042686462,0.5703901648521423,0.034958839416503906,0.695037305355072,0.5449042320251465,0.15013307332992554,0.8967292904853821,0.7625666856765747,0.13416260480880737
09002200121902210901080252K_1295494600_480828800,3,P,small,1.0000174386160714,0,localization_error,0.40291067957878113,0.36682596802711487,0.7371269464492798,0.5407776832580566,0.19634926319122314,0.7656691670417786,0.703689694404602,0.061979472637176514,0.4377503991127014,0.46006256341934204,-0.022312164306640625
09002200121902210904001912K_1295557300_480880300,0,TC,large,4.706874198918632,0,hit,0.9907774329185486,0.9425351023674011,0.443530410528183,0.5505926012992859,-0.1070621907711029,0.528971254825592,0.4971984028816223,0.03177285194396973,0.6932183504104614,0.4782089293003082,0.2150094211101532
09002200121902210904001912K_1295557300_480880300,1,TC,large,4.421028454314968,0,hit,0.952887773513794,0.9357656240463257,0.6116722822189331,0.6535763144493103,-0.0419040322303772,0.5388985872268677,0.5329794883728027,0.005919098854064941,0.6383287906646729,0.5513491630554199,0.08697962760925293
09002200121902211013400442K_1295349100_481295900,0,TC,medium,6.652119627953879,1,hit,0.6262011528015137,0.4800786077976227,0.5210609436035156,0.5324474573135376,-0.011386513710021973,0.45182016491889954,0.46909257769584656,-0.01727241277694702,0.6576393246650696,0.5936586260795593,0.06398069858551025
09002200121902211013400442K_1295349100_481295900,1,MC,small,2.8332536505724444,0,hit,0.6890480518341064,0.5376067757606506,0.6146073937416077,0.5402052998542786,0.0744020938873291,0.61372309923172,0.5850973725318909,0.0286257266998291,0.5445401072502136,0.6018477082252502,-0.05730760097503662
09002200121902211013400442K_1295349100_481295900,2,P,small,1.8181972034180447,0,localization_error,0.3991873860359192,0.3991873860359192,0.5332250595092773,0.48849716782569885,0.04472789168357849,0.5982611775398254,0.5449339151382446,0.05332726240158081,0.7509510517120361,0.6967346668243408,0.05421638488769531
09002200121902211355283957F_1294521900_482317100,0,AC,large,1.2300642723504576,0,hit,0.838496744632721,0.1077779084444046,0.5457823872566223,0.7254618406295776,-0.17967945337295532,0.408558189868927,0.5607354044914246,-0.15217721462249756,0.532990574836731,0.5630967020988464,-0.03010612726211548
09002200121902211355283957F_1294521900_482317100,1,TC,medium,2.5651985558608774,0,hit,0.9245830178260803,0.8785251379013062,0.5632092356681824,0.722366213798523,-0.15915697813034058,0.5455555319786072,0.5546242594718933,-0.009068727493286133,0.6681076288223267,0.5927266478538513,0.07538098096847534
09002200121902211355283957F_1294521900_482317100,2,P,small,1.8260931869205008,0,hit,0.889983057975769,0.876167893409729,0.8044605255126953,0.5659868121147156,0.23847371339797974,1.0692261457443237,0.6140635013580322,0.4551626443862915,1.0091314315795898,0.8258855938911438,0.18324583768844604
09002200121902211355283957F_1294521900_482317100,3,LC,medium,1.3333395499252072,0,hit,0.9046449065208435,0.7234159111976624,0.6987072825431824,0.5136814117431641,0.1850258708000183,0.7040482759475708,0.48470231890678406,0.21934595704078674,0.8254413604736328,0.5849012732505798,0.24054008722305298
09002200121902211355283957F_1294521900_482317100,4,TC,small,5.699785164117525,1,localization_error,0.23825755715370178,0.1856963038444519,0.7288539409637451,0.5737556219100952,0.1550983190536499,0.6115222573280334,0.6651529669761658,-0.053630709648132324,1.3361639976501465,0.9350566267967224,0.4011073708534241
09002200121902211355283957F_1294521900_482317100,5,LC,medium,1.3928493578285626,0,localization_error,0.5363680124282837,0.1559092402458191,0.6891613006591797,0.49475470185279846,0.19440659880638123,0.8355444073677063,0.5339857339859009,0.3015586733818054,0.71238774061203,0.6394274830818176,0.0729602575302124
09002200121902211445329982K_1295674600_481628700,0,LC,large,3.1738991596638657,0,hit,0.9126601219177246,0.8829190135002136,0.5961058735847473,0.6743224263191223,-0.078216552734375,0.6058378219604492,0.5795470476150513,0.02629077434539795,0.6591858863830566,0.5684891939163208,0.09069669246673584
09002200121902211445329982K_1295674600_481628700,1,LC,large,1.606737188609049,0,hit,0.8756251335144043,0.8120349049568176,0.4354487955570221,0.4895828664302826,-0.0541340708732605,0.6050206422805786,0.41797399520874023,0.18704664707183838,0.5887349247932434,0.5381847620010376,0.05055016279220581
09002200121902211449195742K_1295725700_481628500,0,TC,large,9.12939362736439,1,hit,0.9331549406051636,0.8529544472694397,0.47959938645362854,0.6253200769424438,-0.1457206904888153,0.4926914572715759,0.5081110000610352,-0.015419542789459229,0.6286106109619141,0.5333749055862427,0.09523570537567139
09002200121902211511293947N_1294958800_483232500,0,TC,medium,2.033331417515391,0,hit,0.9578063488006592,0.8056383728981018,0.5114769339561462,0.6815165281295776,-0.1700395941734314,0.5075448155403137,0.5167051553726196,-0.009160339832305908,0.608819842338562,0.53607577085495,0.07274407148361206
09002200121902211511293947N_1294958800_483232500,1,LC,large,1.1315841745307516,0,hit,0.9288290739059448,0.8498848676681519,0.5628047585487366,0.5216827392578125,0.04112201929092407,0.5054212212562561,0.47123461961746216,0.034186601638793945,0.6667864918708801,0.5710365772247314,0.09574991464614868
09002200121902211511293947N_1294958800_483232500,2,P,small,3.1819137720563755,0,hit,0.8188037872314453,0.7829150557518005,0.7132986187934875,0.5568985342979431,0.15640008449554443,0.7723336815834045,0.544017493724823,0.22831618785858154,1.2815099954605103,0.8191822171211243,0.462327778339386
09002200121902211527093477F_1294623400_482245000,0,AC,large,1.2387108968534377,0,hit,0.7583345174789429,0.16141025722026825,0.5557916164398193,0.6678170561790466,-0.1120254397392273,0.5107619166374207,0.6234179139137268,-0.11265599727630615,0.6110191345214844,0.627866268157959,-0.01684713363647461
09002200121902211527093477F_1294623400_482245000,1,AC,large,1.0784876396886927,0,hit,0.865731954574585,0.8422447443008423,0.6783484220504761,0.683748185634613,-0.005399763584136963,0.5647203922271729,0.5575317740440369,0.007188618183135986,0.6452569961547852,0.6205404996871948,0.024716496467590332
09002200121902211601452912K_1295609500_481370500,0,AC,large,1.9352072244609126,0,hit,0.9229866862297058,0.8871898055076599,0.5138033032417297,0.8022283911705017,-0.288425087928772,0.45581477880477905,0.5528962016105652,-0.09708142280578613,0.5210695266723633,0.5478024482727051,-0.026732921600341797
09002200121902221039493232Q_1295156100_481693900,0,AC,large,1.0028829889579967,0,hit,0.9354682564735413,0.9261342287063599,0.4878334403038025,0.7032607197761536,-0.21542727947235107,0.45758241415023804,0.5584461688995361,-0.1008637547492981,0.6358829140663147,0.5648788809776306,0.07100403308868408
09002200121902221135420278K_1294100700_481578600,0,P,medium,2.1304363978929772,0,hit,0.8835588693618774,0.8441107869148254,0.6500727534294128,0.5072638392448425,0.1428089141845703,0.774027943611145,0.5310931205749512,0.24293482303619385,0.8645517826080322,0.6959023475646973,0.16864943504333496
09002200121902221135420278K_1294100700_481578600,1,TC,medium,23.249534616401846,1,hit,0.8548986911773682,0.8548986911773682,0.6303651928901672,0.46597394347190857,0.16439124941825867,0.6044965386390686,0.5055543184280396,0.09894222021102905,0.6497811079025269,0.6315324306488037,0.018248677253723145
09002200121902221135420278K_1294100700_481578600,2,TC,small,13.375899376635664,1,hit,0.7162352204322815,0.6996020078659058,0.4822600185871124,0.5434663891792297,-0.06120637059211731,0.652478039264679,0.5276841521263123,0.1247938871383667,0.8022467494010925,0.6524774432182312,0.14976930618286133
09002200121902221238214302Q_1295130200_481854800,0,AC,large,1.594007570365147,0,hit,0.9719607830047607,0.8467913269996643,0.4843851625919342,0.667789876461029,-0.18340471386909485,0.46196630597114563,0.5215581059455872,-0.05959179997444153,0.5860893726348877,0.5725452899932861,0.013544082641601562
09002200121902221238366692Q_1295114400_481855800,0,AC,large,1.1098397010759082,0,hit,0.9821842312812805,0.97220379114151,0.4378521144390106,0.6620185971260071,-0.22416648268699646,0.5319963097572327,0.5056970119476318,0.02629929780960083,0.6853313446044922,0.5919991135597229,0.09333223104476929
09002200121902221258535662Q_1294890200_481927100,0,AC,large,2.142855934987791,0,hit,0.9763426780700684,0.398184210062027,0.47735849022865295,0.7276867628097534,-0.25032827258110046,0.4851243793964386,0.5905923247337341,-0.10546794533729553,0.6371133923530579,0.5503450632095337,0.08676832914352417
09002200121902221307252858K_1294021500_481728400,0,AC,large,2.330295154336916,0,hit,0.9758754372596741,0.9691264629364014,0.5449334383010864,0.7103449702262878,-0.16541153192520142,0.5125247240066528,0.5213614702224731,-0.008836746215820312,0.5421696901321411,0.5300969481468201,0.012072741985321045
09002200121902221308173568K_1294036200_481693800,0,AC,large,1.4548276833751896,0,hit,0.8023875951766968,0.5966757535934448,0.45574888586997986,0.5472888946533203,-0.09154000878334045,0.4427635967731476,0.5238293409347534,-0.08106574416160583,0.6179259419441223,0.5603002905845642,0.057625651359558105
09002200121902221317057892Q_1295094300_481915000,0,TC,large,16.360156105040087,1,hit,0.9388620853424072,0.9313169717788696,0.5883159637451172,0.7026270627975464,-0.1143110990524292,0.5258165001869202,0.5675117373466492,-0.041695237159729004,0.7499876022338867,0.590167224407196,0.15982037782669067
09002200121902221317546132Q_1295092400_481915400,0,TC,medium,5.12507095445182,1,hit,0.9721048474311829,0.9660162329673767,0.5641345381736755,0.5587572455406189,0.005377292633056641,0.5427136421203613,0.47662481665611267,0.06608882546424866,0.8347318768501282,0.5670081973075867,0.2677236795425415
09002200121902221317546132Q_1295092400_481915400,1,TC,large,7.5475335508294155,1,hit,0.8768340349197388,0.7525430917739868,0.608386754989624,0.5920916795730591,0.01629507541656494,0.5734585523605347,0.5068562626838684,0.06660228967666626,0.6987664103507996,0.5404458045959473,0.1583206057548523
09002200121902221317546132Q_1295092400_481915400,2,TC,large,2.670898721189683,0,hit,0.9882601499557495,0.9682785272598267,0.5455275774002075,0.5339049696922302,0.011622607707977295,0.5533650517463684,0.5598319172859192,-0.006466865539550781,0.7733252644538879,0.5440314412117004,0.2292938232421875
09002200121902221340586942Q_1295189400_481997100,0,AC,large,2.144655113311165,0,hit,0.9876360893249512,0.9745267033576965,0.5283675789833069,0.6986686587333679,-0.17030107975006104,0.48360320925712585,0.527122437953949,-0.04351922869682312,0.557402491569519,0.5422452092170715,0.01515728235244751
09002200121902221409534072Q_1294968100_482153100,0,LP,large,1.9385964090399612,0,hit,0.9323837161064148,0.9212998151779175,0.5998932123184204,0.5728095769882202,0.027083635330200195,0.4770418703556061,0.5022801756858826,-0.02523830533027649,0.6777529120445251,0.5458205938339233,0.1319323182106018
09002200121902221417230942Q_1294972800_482353900,0,AC,large,1.7333318112223735,0,hit,0.8798897862434387,0.8121853470802307,0.5885007977485657,0.6339184045791626,-0.045417606830596924,0.4787473678588867,0.5468451380729675,-0.06809777021408081,0.6822500824928284,0.6026261448860168,0.07962393760681152
09002200121902221512439482Q_1294946100_481997500,0,AC,large,2.190136035269709,0,hit,0.8523086309432983,0.8147882223129272,0.5147396922111511,0.6204118132591248,-0.10567212104797363,0.504159688949585,0.5283185243606567,-0.024158835411071777,0.7468876242637634,0.5879695415496826,0.1589180827140808
09002200121902221512439482Q_1294946100_481997500,1,MC,medium,3.222264419653454,0,hit,0.852635383605957,0.840019702911377,0.6857892274856567,0.6074799299240112,0.07830929756164551,0.8416404128074646,0.6127509474754333,0.22888946533203125,1.2699904441833496,0.8315936923027039,0.43839675188064575
09002200121902221512439482Q_1294946100_481997500,2,P,small,2.8234447252778816,0,hit,0.9532243013381958,0.8843164443969727,0.7528172731399536,0.4613097310066223,0.2915075421333313,1.072888970375061,0.4214930534362793,0.6513959169387817,0.9655855894088745,0.6248182654380798,0.3407673239707947
09002200121902221512439482Q_1294946100_481997500,3,MC,medium,3.2856862596928513,0,hit,0.9055562615394592,0.8693214654922485,0.615349292755127,0.5511956214904785,0.06415367126464844,1.058382511138916,0.7200570702552795,0.3383254408836365,1.3202763795852661,0.798934280872345,0.5213420987129211
09002200121902221535429668K_1294346200_481407700,0,TC,large,13.868935720589382,1,hit,0.9611653685569763,0.9438565969467163,0.4524863660335541,0.6097263097763062,-0.15723994374275208,0.4953167140483856,0.4954849183559418,-0.00016820430755615234,0.5604113340377808,0.5469614863395691,0.01344984769821167
09002200121902221630288662Q_1294865400_482202600,0,P,small,1.200039062976843,0,hit,0.7394665479660034,0.6176565289497375,0.6043623089790344,0.4128738343715668,0.19148847460746765,0.9502587914466858,0.436058908700943,0.5141998827457428,1.1006150245666504,0.679646909236908,0.42096811532974243
09002200121902221630288662Q_1294865400_482202600,1,LC,large,1.396554137245204,0,hit,0.9529544115066528,0.9410809278488159,0.5214204788208008,0.6533461809158325,-0.13192570209503174,0.4906538426876068,0.4866412580013275,0.004012584686279297,0.5951467156410217,0.5838932394981384,0.0112534761428833
09002200121902221630288662Q_1294865400_482202600,2,LC,medium,1.305550327980862,0,hit,0.8367710113525391,0.8367710113525391,0.4873528480529785,0.501818835735321,-0.01446598768234253,0.7661940455436707,0.4815257489681244,0.28466829657554626,0.6873530149459839,0.5745934247970581,0.11275959014892578
09002200121902221630288662Q_1294865400_482202600,3,LC,medium,1.3283500374407644,0,hit,0.9067991375923157,0.7296087145805359,0.4529838562011719,0.5160064101219177,-0.06302255392074585,0.47031137347221375,0.4942016303539276,-0.023890256881713867,0.5290277600288391,0.5430359244346619,-0.014008164405822754
09002200121902221630288662Q_1294865400_482202600,4,MC,small,2.999995640383995,0,hit,0.5677130222320557,0.3268146514892578,0.4958081841468811,0.5131349563598633,-0.017326772212982178,0.7801637053489685,0.5909242630004883,0.18923944234848022,0.8518412709236145,0.781862735748291,0.06997853517532349
09002200121902221630288662Q_1294865400_482202600,5,LC,medium,1.5614074538085525,0,hit,0.8444972038269043,0.5354602932929993,0.40447238087654114,0.4678319990634918,-0.06335961818695068,0.4975428581237793,0.4632227420806885,0.03432011604309082,0.6068254113197327,0.5394119620323181,0.06741344928741455
09002200121902231002405652Q_1295183500_481516800,0,MC,small,4.00037005198531,0,hit,0.5576704740524292,0.5576704740524292,0.659946620464325,0.5923036932945251,0.0676429271697998,0.5470266342163086,0.5400477647781372,0.006978869438171387,0.5651257634162903,0.526172935962677,0.03895282745361328
09002200121902231002405652Q_1295183500_481516800,1,AC,large,4.0500141907171345,0,hit,0.8103880882263184,0.478511244058609,0.5721917748451233,0.5689200758934021,0.0032716989517211914,0.5322188138961792,0.5048529505729675,0.02736586332321167,0.6598861813545227,0.5513856410980225,0.10850054025650024
09002200121902231002405652Q_1295183500_481516800,2,AC,large,1.1796879768371582,0,hit,0.940661609172821,0.9017907381057739,0.6830783486366272,0.7514483332633972,-0.06836998462677002,0.7219224572181702,0.5147750377655029,0.20714741945266724,0.7905820608139038,0.5620124936103821,0.22856956720352173
09002200121902231002405652Q_1295183500_481516800,3,AC,large,2.6972528487834926,0,hit,0.9553927183151245,0.8492799997329712,0.7202945351600647,0.6560086607933044,0.06428587436676025,0.6261358261108398,0.523926317691803,0.10220950841903687,0.6857905387878418,0.5389111638069153,0.1468793749809265
09002200121902231002405652Q_1295183500_481516800,4,MC,small,4.142734763274915,0,hit,0.7371572852134705,0.7371572852134705,0.6649219989776611,0.587257444858551,0.07766455411911011,0.8700429797172546,0.650574803352356,0.21946817636489868,0.8585609793663025,0.653847336769104,0.2047136425971985
09002200121902231002405652Q_1295183500_481516800,5,MC,medium,3.8234519056782608,0,hit,0.8863676190376282,0.8209719657897949,0.67863529920578,0.4631091058254242,0.21552619338035583,1.0328303575515747,0.48944544792175293,0.5433849096298218,1.0832973718643188,0.6526212692260742,0.43067610263824463
09002200121902231026289602K_1295531800_481108400,0,LC,large,1.5061219415827165,0,hit,0.915861964225769,0.72260981798172,0.45361819863319397,0.6898080706596375,-0.23618987202644348,0.5458545684814453,0.5423369407653809,0.003517627716064453,0.562225878238678,0.595861554145813,-0.03363567590713501
09002200121902231056237912K_1295591400_481145100,0,P,small,1.8333825010426945,0,hit,0.7959504723548889,0.7959504723548889,0.5410577058792114,0.529800295829773,0.011257410049438477,0.6916408538818359,0.504833996295929,0.18680685758590698,1.0450212955474854,0.6696036458015442,0.37541764974594116
09002200121902231056237912K_1295591400_481145100,1,LC,large,1.1471698113207547,0,hit,0.8484416007995605,0.35952842235565186,0.5107510685920715,0.6153509616851807,-0.10459989309310913,0.5193918943405151,0.5492526888847351,-0.02986079454421997,0.5363889336585999,0.6026460528373718,-0.06625711917877197
09002200121902231123084392K_1295585800_481247100,0,AC,large,1.1108490243506046,0,hit,0.9246995449066162,0.8995746970176697,0.599071204662323,0.6430923342704773,-0.0440211296081543,0.6586692929267883,0.5659732818603516,0.09269601106643677,0.6220742464065552,0.5652415752410889,0.05683267116546631
09002200121902231123084392K_1295585800_481247100,1,P,small,1.5262654070150303,0,hit,0.694146990776062,0.6387279033660889,0.5790814161300659,0.46046820282936096,0.11861321330070496,0.7873450517654419,0.42994824051856995,0.35739681124687195,0.8788958787918091,0.6902356147766113,0.18866026401519775
09002200121902231150365852K_1295695600_481357300,0,AC,large,2.186695041469203,0,hit,0.9713687300682068,0.9142510294914246,0.5587698817253113,0.6881143450737,-0.12934446334838867,0.46994391083717346,0.5572137832641602,-0.0872698724269867,0.6112754344940186,0.5321947932243347,0.07908064126968384
09002200121902231150550982K_1295723500_481358500,0,AC,large,2.089130797358983,0,hit,0.9413741230964661,0.8942646384239197,0.5984054207801819,0.6895001530647278,-0.0910947322845459,0.5018414855003357,0.5374394655227661,-0.03559798002243042,0.5530369281768799,0.5430541634559631,0.009982764720916748
09002200121902231151025142K_1295735800_481359000,0,AC,large,1.5973459955244462,0,hit,0.9095460176467896,0.9078903198242188,0.549415647983551,0.6391412019729614,-0.0897255539894104,0.47297775745391846,0.5398523807525635,-0.06687462329864502,0.6179525256156921,0.5897968411445618,0.02815568447113037
09002200121902231215024312Q_1295000900_482356700,0,LC,large,1.4545492862282994,0,hit,0.9107694625854492,0.9045699834823608,0.6450185775756836,0.6553308367729187,-0.010312259197235107,0.5014657974243164,0.5242666602134705,-0.022800862789154053,0.583086371421814,0.5459623336791992,0.037124037742614746
09002200121902231215024312Q_1295000900_482356700,1,LC,medium,1.9076799418574626,0,hit,0.8489295840263367,0.7626385688781738,0.5284777283668518,0.5434924364089966,-0.015014708042144775,0.5165354609489441,0.49374720454216003,0.022788256406784058,0.6523038148880005,0.5956862568855286,0.056617558002471924
09002200121902231215024312Q_1295000900_482356700,2,LC,medium,1.3650822138645555,0,localization_error,0.7548574209213257,0.3424605429172516,0.6929293274879456,0.660519540309906,0.03240978717803955,0.5337830185890198,0.5324425101280212,0.0013405084609985352,0.5396580100059509,0.575432538986206,-0.03577452898025513
09002200121902231238146848K_1294534100_481541300,0,MC,small,3.9165662145047837,0,hit,0.9277704954147339,0.9004516005516052,0.5675416588783264,0.5278034210205078,0.039738237857818604,0.7405322194099426,0.5665542483329773,0.17397797107696533,1.0554414987564087,0.844678521156311,0.21076297760009766
09002200121902231238146848K_1294534100_481541300,1,P,small,1.8094876869911964,0,hit,0.8006142377853394,0.8006142377853394,0.7870243787765503,0.5935409069061279,0.19348347187042236,1.0499176979064941,0.4774148166179657,0.5725028812885284,1.3802820444107056,0.6806974411010742,0.6995846033096313
09002200121902231238146848K_1294534100_481541300,2,LP,large,1.008000975260258,0,localization_error,0.6870811581611633,0.2572709321975708,0.5732722878456116,0.7084489464759827,-0.1351766586303711,0.4844313859939575,0.6039402484893799,-0.11950886249542236,0.5082061886787415,0.5629094243049622,-0.0547032356262207
09002200121902231243420132K_1295727600_481818600,0,AC,large,1.186992644508391,0,hit,0.9717592000961304,0.9474097490310669,0.5395556688308716,0.6298457980155945,-0.0902901291847229,0.5085952877998352,0.48178622126579285,0.02680906653404236,0.6986047029495239,0.5248286128044128,0.17377609014511108
09002200121902231243420132K_1295727600_481818600,1,TC,large,11.203760238987895,1,hit,0.9162954688072205,0.9014816284179688,0.4443008303642273,0.6214239001274109,-0.1771230697631836,0.46079573035240173,0.4992436468601227,-0.03844791650772095,0.5978084206581116,0.5283799767494202,0.0694284439086914
09002200121902231243420132K_1295727600_481818600,2,MC,medium,2.523799904960233,0,hit,0.9527496099472046,0.9268710613250732,0.6018062233924866,0.5163339972496033,0.0854722261428833,0.5651119351387024,0.5342833995819092,0.030828535556793213,1.1228386163711548,0.6466748118400574,0.4761638045310974
09002200121902231244283462K_1295733800_481764700,0,TC,large,13.827806764057762,1,hit,0.8790041208267212,0.7337985038757324,0.43809840083122253,0.6277761459350586,-0.18967774510383606,0.6395443081855774,0.526024341583252,0.11351996660232544,0.7078949213027954,0.6207271218299866,0.08716779947280884
09002200121902231349129807F_1294784900_481982300,0,LC,large,1.2509092006713414,0,hit,0.9782558679580688,0.9576115012168884,0.46309906244277954,0.7070297598838806,-0.24393069744110107,0.5103390216827393,0.5813211798667908,-0.07098215818405151,0.5389192700386047,0.5837019085884094,-0.04478263854980469
09002200121902231446387652K_1295822500_481702900,0,TC,medium,2.6046655964162224,0,localization_error,0.8060731291770935,0.4571026861667633,0.47898951172828674,0.5035383701324463,-0.024548858404159546,0.5024297833442688,0.46289634704589844,0.03953343629837036,0.534624457359314,0.5833716988563538,-0.048747241497039795
09002200121902231446387652K_1295822500_481702900,1,LC,large,1.5518879888754695,0,hit,0.9471176266670227,0.6673693060874939,0.4561822712421417,0.6803010106086731,-0.22411873936653137,0.4264656901359558,0.4851938784122467,-0.058728188276290894,0.5358905792236328,0.590728759765625,-0.05483818054199219
09002200121902231446387652K_1295822500_481702900,2,AC,large,1.6835735915482575,0,hit,0.943577766418457,0.44224995374679565,0.48524209856987,0.71244877576828,-0.22720667719841003,0.4544561207294464,0.5912227630615234,-0.13676664233207703,0.5664575695991516,0.581948459148407,-0.015490889549255371
09002200121902231446387652K_1295822500_481702900,3,P,medium,4.1599906249771115,0,localization_error,0.6410849094390869,0.1550256609916687,0.6331756711006165,0.5017449259757996,0.1314307451248169,0.6548730134963989,0.4758787155151367,0.1789942979812622,0.8404096961021423,0.6049867272377014,0.23542296886444092
09002200121902231446387652K_1295822500_481702900,4,P,medium,2.105286828304569,0,hit,0.9098846316337585,0.6681004762649536,0.5586410760879517,0.4889943599700928,0.06964671611785889,0.5306733250617981,0.49721962213516235,0.03345370292663574,0.8029811978340149,0.5265137553215027,0.2764674425125122
09002200121902231446387652K_1295822500_481702900,5,P,medium,2.500015258960624,0,hit,0.969369649887085,0.8995469808578491,0.5252587199211121,0.5204476714134216,0.00481104850769043,0.46575823426246643,0.46336498856544495,0.0023932456970214844,0.7394977807998657,0.5777977108955383,0.1617000699043274
09002200121902231450591112K_1295746300_481751000,0,LC,medium,4.225880666631883,0,hit,0.7837417125701904,0.7464823126792908,0.5412721633911133,0.5642556548118591,-0.02298349142074585,0.733698308467865,0.4745660424232483,0.2591322660446167,0.8864279389381409,0.5497405529022217,0.3366873860359192
09002200121902231450591112K_1295746300_481751000,1,LC,medium,2.823512516320823,0,hit,0.8872218728065491,0.8439863920211792,0.49494096636772156,0.46961328387260437,0.025327682495117188,0.520662784576416,0.4709261953830719,0.049736589193344116,0.727303147315979,0.5898239016532898,0.1374792456626892
09002200121902231523136697F_1294593100_481903500,0,LC,large,1.9855063618093296,0,hit,0.9534755945205688,0.933183491230011,0.46187010407447815,0.409428209066391,0.05244189500808716,0.4686872065067291,0.4411042332649231,0.02758297324180603,0.5809705853462219,0.5135830044746399,0.06738758087158203
09002200121902231604479438K_1294497700_481725700,0,AC,large,1.5728801576733336,0,hit,0.9655542969703674,0.7262123823165894,0.3872246742248535,0.644874632358551,-0.2576499581336975,0.4811953604221344,0.5509608387947083,-0.06976547837257385,0.5815072655677795,0.5506911277770996,0.03081613779067993
09002200121902231636526782Q_1294971200_481726500,0,LC,medium,1.762708936251652,0,hit,0.70733642578125,0.35151931643486023,0.44088301062583923,0.4654112458229065,-0.02452823519706726,0.4381904602050781,0.515769898891449,-0.07757943868637085,0.6241868138313293,0.590008556842804,0.03417825698852539
09002200121902231636526782Q_1294971200_481726500,1,LC,medium,1.6769064205745343,0,hit,0.8839775323867798,0.7698617577552795,0.453791081905365,0.4050725996494293,0.04871848225593567,0.5398176908493042,0.43249961733818054,0.10731807351112366,0.6553860902786255,0.5344287753105164,0.12095731496810913
09002200121902231636526782Q_1294971200_481726500,2,P,small,2.583229491437494,0,hit,0.740774929523468,0.740774929523468,0.5303996801376343,0.45401236414909363,0.07638731598854065,0.9496400952339172,0.49974414706230164,0.4498959481716156,0.9628245234489441,0.7475010752677917,0.21532344818115234
09002200121902231636526782Q_1294971200_481726500,3,P,small,3.1175803758953093,0,hit,0.9147813320159912,0.8842746019363403,0.5554006695747375,0.5424875617027283,0.012913107872009277,0.9235952496528625,0.5631598234176636,0.360435426235199,1.0486950874328613,0.6941224932670593,0.354572594165802
09002200121902231636526782Q_1294971200_481726500,4,LC,large,1.402595233924317,0,hit,0.8426859974861145,0.7309287786483765,0.47809791564941406,0.6739410758018494,-0.1958431601524353,0.4964047074317932,0.529335618019104,-0.03293091058731079,0.6363458037376404,0.5581241846084595,0.07822161912918091
09002200121902231636526782Q_1294971200_481726500,5,TC,large,8.29726579898055,1,hit,0.6962094306945801,0.4755444824695587,0.408581405878067,0.6017042994499207,-0.19312289357185364,0.5141410827636719,0.5396909713745117,-0.025549888610839844,0.6183854341506958,0.5713907480239868,0.046994686126708984
09002200121902231636526782Q_1294971200_481726500,6,LC,medium,2.206926743130031,0,hit,0.6745761036872864,0.23979182541370392,0.48877087235450745,0.4649432301521301,0.02382764220237732,0.5126726031303406,0.4867189824581146,0.025953620672225952,0.5801666378974915,0.6686544418334961,-0.08848780393600464
09002200121902231713507682Q_1295023300_481678800,0,AC,medium,3.1389182056929137,0,hit,0.9193190932273865,0.9137239456176758,0.48935064673423767,0.43126288056373596,0.05808776617050171,0.5818019509315491,0.4038905203342438,0.1779114305973053,0.8717184066772461,0.4860200881958008,0.3856983184814453
09002200121902231713507682Q_1295023300_481678800,1,LC,large,1.4583365122477214,0,hit,0.9517770409584045,0.9102621078491211,0.48965883255004883,0.43519654870033264,0.054462283849716187,0.5369778871536255,0.4404762387275696,0.09650164842605591,0.6835314035415649,0.5719559192657471,0.11157548427581787
09002200121902231713507682Q_1295023300_481678800,2,AC,large,1.8333430820785004,0,hit,0.9662711024284363,0.7652658820152283,0.5436719655990601,0.40425148606300354,0.13942047953605652,0.574876070022583,0.4548396170139313,0.12003645300865173,0.889729917049408,0.5590154528617859,0.33071446418762207
09002200121902240936476118O_1295936600_484612800,0,TC,large,5.280711222473859,1,hit,0.7766700983047485,0.5066909790039062,0.4813426434993744,0.5720680356025696,-0.09072539210319519,0.48834365606307983,0.5141939520835876,-0.025850296020507812,0.6023496985435486,0.5791513919830322,0.023198306560516357
09002200121902240944490082G_1297315900_484019300,0,MC,small,3.7778444656941534,0,hit,0.8387134075164795,0.8237233757972717,0.7830936908721924,0.5576306581497192,0.22546303272247314,0.937545120716095,0.6543192267417908,0.2832258939743042,0.9208895564079285,0.7102002501487732,0.21068930625915527
09002200121902240944490082G_1297315900_484019300,1,MC,small,4.199882816791377,0,hit,0.6261704564094543,0.5241667628288269,0.6734911799430847,0.5133610367774963,0.16013014316558838,0.982345461845398,0.6218511462211609,0.36049431562423706,0.7529575228691101,0.6446625590324402,0.10829496383666992
09002200121902240944490082G_1297315900_484019300,2,MC,small,4.09096937076906,0,hit,0.8569781184196472,0.8131409883499146,0.7487642765045166,0.4780340790748596,0.270730197429657,1.0741239786148071,0.6224021315574646,0.45172184705734253,1.072500467300415,0.7102118730545044,0.36228859424591064
09002200121902240944490082G_1297315900_484019300,3,AC,large,10.795389790539604,1,hit,0.9229078888893127,0.5624764561653137,0.6428589820861816,0.6860658526420593,-0.043206870555877686,0.5232316255569458,0.511400043964386,0.011831581592559814,0.8224653005599976,0.5268802642822266,0.295585036277771
09002200121902240945059232G_1297330100_484021400,0,AC,large,4.827393529673345,0,hit,0.7873600125312805,0.7776663899421692,0.5948827862739563,0.8001702427864075,-0.20528745651245117,0.4927612841129303,0.5942090153694153,-0.10144773125648499,0.6137165427207947,0.5883557200431824,0.025360822677612305
09002200121902240945059232G_1297330100_484021400,1,MC,small,4.50027849202292,0,hit,0.798539936542511,0.7573172450065613,0.9203534722328186,0.559991180896759,0.36036229133605957,1.0278034210205078,0.8298187255859375,0.1979846954345703,0.9241974949836731,0.9097200632095337,0.014477431774139404
09002200121902240945583158O_1295937900_484594800,0,TC,medium,5.434720766383165,1,hit,0.9429660439491272,0.8778359293937683,0.4484401345252991,0.5305992364883423,-0.08215910196304321,0.6622638702392578,0.5972599387168884,0.06500393152236938,0.9395641684532166,0.6926984190940857,0.24686574935913086
09002200121902240945583158O_1295937900_484594800,1,LC,medium,2.600007080104053,0,hit,0.9235466718673706,0.7293279767036438,0.48177284002304077,0.6593335270881653,-0.1775606870651245,0.5797103047370911,0.4969175457954407,0.08279275894165039,0.5399094820022583,0.528814971446991,0.011094510555267334
09002200121902240945583158O_1295937900_484594800,2,TC,large,8.08155710342491,1,hit,0.8594645261764526,0.5316345691680908,0.476079523563385,0.47009214758872986,0.005987375974655151,0.5236307978630066,0.5908740162849426,-0.06724321842193604,0.724285900592804,0.6064760088920593,0.11780989170074463
09002200121902240945583158O_1295937900_484594800,3,MC,small,5.500361143043164,1,localization_error,0.4954429864883423,0.4954429864883423,0.6519296765327454,0.6177536845207214,0.034175992012023926,0.7541854977607727,0.6761659383773804,0.07801955938339233,1.3811228275299072,0.9897645115852356,0.39135831594467163
09002200121902240945583158O_1295937900_484594800,4,MC,medium,3.0768797389610083,0,hit,0.9443725347518921,0.8992323279380798,0.5990950465202332,0.3887849748134613,0.21031007170677185,0.709084689617157,0.5225633978843689,0.18652129173278809,1.5575006008148193,0.7889643311500549,0.7685362696647644
09002200121902240948498202G_1297414700_484034100,0,LC,small,1.6249699599083984,0,hit,0.7110098004341125,0.6474542021751404,0.5737189650535583,0.4665907919406891,0.10712817311286926,0.7509729266166687,0.537630021572113,0.21334290504455566,0.8207910656929016,0.5970321893692017,0.22375887632369995
09002200121902240948498202G_1297414700_484034100,1,LC,medium,1.1052547042629355,0,hit,0.9055126905441284,0.7795858979225159,0.5299941301345825,0.4761810302734375,0.05381309986114502,0.7728771567344666,0.46486425399780273,0.3080129027366638,0.8752754926681519,0.5527448058128357,0.32253068685531616
09002200121902240950099818K_1294059900_481833800,0,AC,large,2.4591332275488593,0,hit,0.9700090289115906,0.8941263556480408,0.5718342661857605,0.7691182494163513,-0.19728398323059082,0.5047011971473694,0.5812791585922241,-0.07657796144485474,0.5233614444732666,0.5746774077415466,-0.05131596326828003
09002200121902240959021802G_1297620700_484142500,0,LC,large,1.6915413775847326,0,hit,0.9602001905441284,0.9602001905441284,0.6445105075836182,0.6812989115715027,-0.03678840398788452,0.5098228454589844,0.5499975681304932,-0.04017472267150879,0.5276182293891907,0.5708551406860352,-0.04323691129684448
09002200121902240959021802G_1297620700_484142500,1,LC,large,1.1858318029599222,0,hit,0.8498799800872803,0.7359203100204468,0.5867757797241211,0.5264095664024353,0.06036621332168579,0.5966200232505798,0.49108514189720154,0.1055348813533783,0.6308602690696716,0.5747137069702148,0.05614656209945679
09002200121902240959274162G_1297635600_484142700,0,TC,large,12.755643416635584,1,hit,0.7407267093658447,0.5176287889480591,0.5847553610801697,0.6449398398399353,-0.060184478759765625,0.4611871540546417,0.5384982824325562,-0.07731112837791443,0.5116247534751892,0.591094434261322,-0.07946968078613281
09002200121902240959274162G_1297635600_484142700,1,LC,medium,1.564520368454368,0,hit,0.933404803276062,0.6546772122383118,0.6121220588684082,0.553796112537384,0.05832594633102417,0.6100606918334961,0.508383572101593,0.10167711973190308,0.7657194137573242,0.5311127305030823,0.23460668325424194
09002200121902241003469672G_1297573100_484142600,0,TC,large,18.333299946633446,1,hit,0.7683883905410767,0.5383145213127136,0.5776127576828003,0.8194636702537537,-0.24185091257095337,0.517562747001648,0.5447613596916199,-0.027198612689971924,0.5990812182426453,0.564628541469574,0.03445267677307129
09002200121902241003469672G_1297573100_484142600,1,TC,large,3.5781283378601074,0,hit,0.9159560799598694,0.8597436547279358,0.461792528629303,0.6835155487060547,-0.2217230200767517,0.48574352264404297,0.5150160193443298,-0.029272496700286865,0.6161897778511047,0.5218062400817871,0.09438353776931763
09002200121902241003469672G_1297573100_484142600,2,MC,small,3.0667629184587777,0,hit,0.9180901646614075,0.7433452606201172,0.878968358039856,0.5736039876937866,0.30536437034606934,0.8328226208686829,0.5333818197250366,0.29944080114364624,0.8423951268196106,0.6890769004821777,0.15331822633743286
09002200121902241015141162G_1297502000_484109600,0,MC,small,4.25027849202292,0,hit,0.7829424738883972,0.7829424738883972,0.751428484916687,0.5960961580276489,0.15533232688903809,0.8358801603317261,0.6282350420951843,0.20764511823654175,0.728069007396698,0.6973905563354492,0.03067845106124878
09002200121902241015141162G_1297502000_484109600,1,P,medium,1.9600362308225667,0,hit,0.8352504372596741,0.7727552652359009,0.7748924493789673,0.6080249547958374,0.16686749458312988,0.7941449284553528,0.5610837340354919,0.23306119441986084,1.0661416053771973,0.7377502918243408,0.32839131355285645
09002200121902241015141162G_1297502000_484109600,2,AC,large,1.2222205058687985,0,hit,0.8139593005180359,0.7063525319099426,0.47313743829727173,0.5900501608848572,-0.11691272258758545,0.46759167313575745,0.4996107220649719,-0.03201904892921448,0.63246089220047,0.5245997309684753,0.10786116123199463
09002200121902241015141162G_1297502000_484109600,3,TC,medium,7.6562415957611165,1,hit,0.9014391303062439,0.8225444555282593,0.6084021329879761,0.6557943224906921,-0.047392189502716064,0.49275580048561096,0.46526598930358887,0.027489811182022095,0.6190832257270813,0.5157938003540039,0.10328942537307739
09002200121902241019038588K_1294223000_481902400,0,LC,large,2.9253508360396636,0,hit,0.942357063293457,0.9084842205047607,0.581376850605011,0.6499166488647461,-0.06853979825973511,0.5556157231330872,0.5197456479072571,0.03587007522583008,0.610579252243042,0.5287135243415833,0.08186572790145874
09002200121902241019038588K_1294223000_481902400,1,P,medium,2.1929783796112376,0,hit,0.8524569869041443,0.5006693601608276,0.6936094760894775,0.4543934762477875,0.23921599984169006,0.5523008108139038,0.4638032019138336,0.08849760890007019,0.8100701570510864,0.6424447894096375,0.16762536764144897
09002200121902241019038588K_1294223000_481902400,2,MC,medium,2.0635070878835555,0,hit,0.9634496569633484,0.8886905312538147,0.5793431997299194,0.5650655627250671,0.014277637004852295,0.5728511214256287,0.5021085739135742,0.07074254751205444,0.8257967829704285,0.6139740943908691,0.21182268857955933
09002200121902241019038588K_1294223000_481902400,3,P,small,4.384724817593645,0,hit,0.7892894744873047,0.731283962726593,0.6190220713615417,0.49070149660110474,0.128320574760437,0.5753293633460999,0.4674464166164398,0.10788294672966003,0.67317134141922,0.5903018116950989,0.0828695297241211
09002200121902241019038588K_1294223000_481902400,4,LC,medium,6.84195918760691,1,hit,0.9215447902679443,0.7393319010734558,0.5551665425300598,0.4768763482570648,0.078290194272995,0.5534380078315735,0.48350778222084045,0.06993022561073303,0.7183879017829895,0.572937548160553,0.14545035362243652
09002200121902241019238852G_1297502700_484135500,0,LC,large,2.2941274148220687,0,hit,0.9444286823272705,0.8783782124519348,0.7715990543365479,0.637690544128418,0.13390851020812988,0.6335890889167786,0.5583511590957642,0.0752379298210144,0.7539882659912109,0.5934030413627625,0.1605852246284485
09002200121902241019238852G_1297502700_484135500,1,AC,medium,2.4897819942876573,0,hit,0.9654861688613892,0.8335580229759216,0.4997146427631378,0.559393584728241,-0.05967894196510315,0.5541170239448547,0.49843740463256836,0.05567961931228638,0.6916223168373108,0.5500527620315552,0.14156955480575562
09002200121902241019556892G_1297523400_484138100,0,LC,large,1.6276544559797779,0,hit,0.9055888652801514,0.8255821466445923,0.5952971577644348,0.5949459075927734,0.00035125017166137695,0.529965341091156,0.5551716089248657,-0.025206267833709717,0.6354290246963501,0.5864640474319458,0.0489649772644043
09002200121902241020094542G_1297534200_484139100,0,LC,large,1.0000013463691788,0,hit,0.9370870590209961,0.8707934021949768,0.663769006729126,0.6307584643363953,0.03301054239273071,0.5925087928771973,0.5346490144729614,0.05785977840423584,0.6593517661094666,0.5684024095535278,0.09094935655593872
09002200121902241020094542G_1297534200_484139100,1,TC,medium,37.00071548222145,1,hit,0.6139066219329834,0.12269817292690277,0.6903379559516907,0.7411516308784485,-0.05081367492675781,0.594904363155365,0.5835607647895813,0.011343598365783691,0.6430992484092712,0.7680242657661438,-0.12492501735687256
09002200121902241020094542G_1297534200_484139100,2,TC,small,7.000593230684714,1,localization_error,0.3562121093273163,0.2903202176094055,0.7053454518318176,0.6897196769714355,0.01562577486038208,0.7768047451972961,0.579221248626709,0.19758349657058716,0.658257246017456,0.6738675236701965,-0.015610277652740479
09002200121902241022186698O_1295969100_484460200,0,MC,small,4.625338577630605,0,hit,0.7150242328643799,0.7150242328643799,0.7672622799873352,0.5904858708381653,0.17677640914916992,0.8591609597206116,0.6750170588493347,0.18414390087127686,0.8425819873809814,0.7649950385093689,0.07758694887161255
09002200121902241022186698O_1295969100_484460200,1,LC,large,1.1900037551988751,0,hit,0.9545856714248657,0.9143401980400085,0.5102519392967224,0.5280052423477173,-0.017753303050994873,0.48448488116264343,0.5280935168266296,-0.043608635663986206,0.5919747352600098,0.5470990538597107,0.04487568140029907
09002200121902241024129302B_1296551300_482569500,0,TC,large,8.541673024495443,1,hit,0.9486381411552429,0.9202402830123901,0.511583149433136,0.6064740419387817,-0.09489089250564575,0.5055887699127197,0.5743951797485352,-0.06880640983581543,0.7166670560836792,0.6792570948600769,0.037409961223602295
09002200121902241045329768O_1295852100_484453900,0,MC,small,4.714314363190891,0,hit,0.554328978061676,0.542192816734314,0.5646700263023376,0.39641693234443665,0.168253093957901,0.5528357028961182,0.493887335062027,0.058948367834091187,0.7783203125,0.7432330846786499,0.0350872278213501
09002200121902241045329768O_1295852100_484453900,1,TC,large,14.428444750586369,1,hit,0.8400537967681885,0.7349148988723755,0.550877571105957,0.6761348247528076,-0.12525725364685059,0.48550987243652344,0.5084503293037415,-0.022940456867218018,0.526631236076355,0.5644964575767517,-0.03786522150039673
09002200121902241045329768O_1295852100_484453900,2,MC,small,4.199885868437435,0,hit,0.734422504901886,0.6801846027374268,0.6164166331291199,0.5579618811607361,0.05845475196838379,0.7023805975914001,0.5736870169639587,0.1286935806274414,1.0499424934387207,0.7021381258964539,0.34780436754226685
09002200121902241049376252Q_1294732400_481554700,0,TC,large,13.027893302860708,1,hit,0.9459742903709412,0.8026406168937683,0.4440336227416992,0.5981267094612122,-0.15409308671951294,0.5223996043205261,0.5201317667961121,0.0022678375244140625,0.6189077496528625,0.5551191568374634,0.06378859281539917
09002200121902241049409878O_1295848500_484448900,0,TC,large,13.63615632166901,1,hit,0.9497576355934143,0.930484414100647,0.4745059013366699,0.5391479730606079,-0.06464207172393799,0.4739631116390228,0.49161216616630554,-0.017649054527282715,0.5739345550537109,0.547402560710907,0.026531994342803955
09002200121902241049409878O_1295848500_484448900,1,LC,large,2.3947449716855314,0,hit,0.972292959690094,0.34138360619544983,0.6769405007362366,0.6275351643562317,0.04940533638000488,0.558213472366333,0.5256357789039612,0.032577693462371826,0.6659193634986877,0.5664421916007996,0.09947717189788818
09002200121902241049409878O_1295848500_484448900,2,P,small,1.8750753454445572,0,hit,0.7710044980049133,0.7710044980049133,0.8551861047744751,0.5893498659133911,0.265836238861084,1.1324272155761719,0.666089653968811,0.46633756160736084,1.0453280210494995,0.9550585150718689,0.09026950597763062
09002200121902241052096422G_1297564600_484141800,0,LC,large,1.1176485371829572,0,hit,0.9161314368247986,0.15693862736225128,0.5555143356323242,0.5576704740524292,-0.0021561384201049805,0.5949791073799133,0.5106598734855652,0.08431923389434814,0.5544342398643494,0.5785570740699768,-0.02412283420562744
09002200121902241052096422G_1297564600_484141800,1,TC,medium,2.740754523979067,0,hit,0.9726239442825317,0.9346699714660645,0.5281072854995728,0.6207801699638367,-0.09267288446426392,0.5820136666297913,0.5414041876792908,0.04060947895050049,0.7346274256706238,0.5379088521003723,0.19671857357025146
09002200121902241052096422G_1297564600_484141800,2,TC,medium,2.435869667282231,0,hit,0.949772298336029,0.9070579409599304,0.4805116653442383,0.6140705943107605,-0.13355892896652222,0.6208699941635132,0.5554278492927551,0.06544214487075806,0.7893843054771423,0.5566353797912598,0.23274892568588257
09002200121902241055469128O_1295791700_484398000,0,TC,large,11.999973463010754,1,hit,0.8640097379684448,0.8618984818458557,0.49661722779273987,0.7358927726745605,-0.23927554488182068,0.41673821210861206,0.5308000445365906,-0.11406183242797852,0.516735315322876,0.5828620195388794,-0.06612670421600342
09002200121902241056423758O_1295734800_484381100,0,AC,large,4.008273559113425,0,hit,0.8954047560691833,0.3623979985713959,0.4669603705406189,0.6292256116867065,-0.16226524114608765,0.4889658987522125,0.5442758798599243,-0.05530998110771179,0.654509425163269,0.5866827368736267,0.06782668828964233
09002200121902241059265028O_1295814700_484393200,0,TC,medium,2.0681660077680677,0,hit,0.9215096235275269,0.8509998321533203,0.48499855399131775,0.5454136729240417,-0.060415118932724,0.7010723948478699,0.5062000155448914,0.19487237930297852,0.784948468208313,0.4922751486301422,0.2926733195781708
09002200121902241059333582Q_1294998600_481505500,0,TC,large,2.9736748375946744,0,hit,0.9696289896965027,0.9610428810119629,0.45953628420829773,0.5198538899421692,-0.06031760573387146,0.4744809567928314,0.5071287751197815,-0.03264781832695007,0.5687736868858337,0.6201888918876648,-0.051415205001831055
09002200121902241059333582Q_1294998600_481505500,1,LC,medium,1.039211814406587,0,hit,0.788561999797821,0.5537508726119995,0.5109317898750305,0.4689522683620453,0.04197952151298523,0.5851044654846191,0.479809433221817,0.10529503226280212,0.6302964091300964,0.6228441596031189,0.007452249526977539
09002200121902241059333582Q_1294998600_481505500,2,TC,large,13.488987811858278,1,hit,0.8500846028327942,0.7236637473106384,0.4385495185852051,0.6152327656745911,-0.176683247089386,0.5407631993293762,0.544535756111145,-0.003772556781768799,0.540424644947052,0.5424045920372009,-0.0019799470901489258
09002200121902241101020348O_1295864700_484439200,0,TC,medium,16.69938845013,1,hit,0.8803867697715759,0.8803867697715759,0.5500073432922363,0.630906879901886,-0.08089953660964966,0.5229710340499878,0.6170644760131836,-0.0940934419631958,0.9216515421867371,0.7501916289329529,0.17145991325378418
09002200121902241103264308O_1295894400_484463500,0,LC,medium,1.085126746662511,0,hit,0.8933627605438232,0.8055213093757629,0.6258779764175415,0.5952433943748474,0.030634582042694092,0.7129860520362854,0.5186671614646912,0.19431889057159424,0.807000458240509,0.6775957942008972,0.12940466403961182
09002200121902241103264308O_1295894400_484463500,1,TC,medium,25.49990408802975,1,hit,0.8788503408432007,0.8066940307617188,0.4786478281021118,0.5621682405471802,-0.08352041244506836,0.5461334586143494,0.518634021282196,0.02749943733215332,0.6384402513504028,0.6343678832054138,0.004072368144989014
09002200121902241104012948O_1295923100_484489300,0,LC,large,1.3428559595250604,0,hit,0.9400794506072998,0.9363738298416138,0.4961194097995758,0.5601606369018555,-0.06404122710227966,0.5743565559387207,0.5383419990539551,0.036014556884765625,0.6106681823730469,0.5052973031997681,0.10537087917327881
09002200121902241104527988O_1295944300_484526600,0,AC,large,1.1073398538470662,0,hit,0.9067981243133545,0.7232995629310608,0.6084153056144714,0.5873603224754333,0.021054983139038086,0.5349644422531128,0.4876474440097809,0.04731699824333191,0.6805260181427002,0.5646359324455261,0.11589008569717407
09002200121902241115413882G_1297468000_484071000,0,TC,large,17.86946639634428,1,hit,0.6239743232727051,0.506655752658844,0.48225075006484985,0.4759090542793274,0.006341695785522461,0.5226832628250122,0.4971124231815338,0.025570839643478394,0.6995931267738342,0.6595169901847839,0.04007613658905029
09002200121902241144414472Q_1294953500_481558000,0,LC,large,1.2909083443643445,0,hit,0.7468089461326599,0.44920799136161804,0.5052708387374878,0.8275083899497986,-0.3222375512123108,0.5455725193023682,0.6263445019721985,-0.08077198266983032,0.568953812122345,0.6114967465400696,-0.04254293441772461
09002200121902241146227948O_1295953400_484358400,0,TP,large,12.205911814653517,1,hit,0.8407670259475708,0.5951667428016663,0.5095431208610535,0.548429548740387,-0.038886427879333496,0.4370686113834381,0.5208476185798645,-0.08377900719642639,0.652079701423645,0.7194225192070007,-0.06734281778335571
09002200121902241146227948O_1295953400_484358400,1,TP,medium,21.000386563854246,1,hit,0.6632670164108276,0.26243966817855835,0.4596814215183258,0.5873755812644958,-0.12769415974617004,0.5713890194892883,0.5258602499961853,0.04552876949310303,0.7511023283004761,0.7948548197746277,-0.04375249147415161
09002200121902241146545102Q_1294838500_481558700,0,LP,medium,2.0384793480002372,0,hit,0.8350102305412292,0.6614232063293457,0.5427035093307495,0.4470136761665344,0.09568983316421509,0.6043805480003357,0.43144795298576355,0.17293259501457214,0.7223309278488159,0.4735473692417145,0.24878355860710144
09002200121902241146545102Q_1294838500_481558700,1,TP,medium,7.960021264700353,1,hit,0.9429371356964111,0.8402180671691895,0.48975318670272827,0.4597860276699066,0.029967159032821655,0.5456514358520508,0.44816532731056213,0.09748610854148865,1.0237327814102173,0.5044596195220947,0.5192731618881226
09002200121902241146545102Q_1294838500_481558700,2,LP,small,1.4285446480147355,0,hit,0.5056684017181396,0.47638046741485596,0.7909858822822571,0.6763589382171631,0.114626944065094,0.7613013386726379,0.6163873076438904,0.14491403102874756,0.5631580352783203,0.638523519039154,-0.07536548376083374
09002200121902241148119968O_1295945300_484295100,0,LP,medium,1.9574723390992677,0,hit,0.8863571286201477,0.8193776607513428,0.5281867384910583,0.75142902135849,-0.22324228286743164,0.5793715715408325,0.5635531544685364,0.015818417072296143,0.6616514921188354,0.6908324360847473,-0.029180943965911865
09002200121902241148119968O_1295945300_484295100,1,TP,large,14.821282991394119,1,hit,0.8532747030258179,0.7965453863143921,0.5145611763000488,0.6085111498832703,-0.09394997358322144,0.5237177014350891,0.49135804176330566,0.03235965967178345,0.8496988415718079,0.6741735339164734,0.17552530765533447
09002200121902241150080668O_1295866400_484244300,0,TC,medium,32.627251779678474,1,hit,0.6519913077354431,0.27140405774116516,0.5145343542098999,0.47386041283607483,0.04067394137382507,0.5489461421966553,0.6102467775344849,-0.06130063533782959,0.7854738235473633,0.672212541103363,0.11326128244400024
09002200121902241150080668O_1295866400_484244300,1,LC,large,1.9000022066587572,0,hit,0.9355739951133728,0.8319199681282043,0.5316953063011169,0.6226904392242432,-0.09099513292312622,0.5129697322845459,0.5348820090293884,-0.02191227674484253,0.6910156607627869,0.5350506901741028,0.15596497058868408
09002200121902241151142268O_1295785600_484244900,0,LP,large,1.5254933503881005,0,hit,0.9827324151992798,0.9635170102119446,0.5107440948486328,0.6872556805610657,-0.17651158571243286,0.478094220161438,0.6103662848472595,-0.13227206468582153,0.494611531496048,0.5639376044273376,-0.06932607293128967
09002200121902241152470708O_1295764200_484258800,0,LC,medium,1.3750012874608182,0,hit,0.9077780246734619,0.8135150671005249,0.44157296419143677,0.45827484130859375,-0.016701877117156982,0.4573954641819,0.5065740942955017,-0.049178630113601685,0.6136347651481628,0.5920320749282837,0.02160269021987915
09002200121902241152470708O_1295764200_484258800,1,LC,large,1.2790669506132593,0,hit,0.9779081344604492,0.9631202816963196,0.5734476447105408,0.5466346740722656,0.026812970638275146,0.5626400113105774,0.5319409966468811,0.03069901466369629,0.6592133045196533,0.6001562476158142,0.05905705690383911
09002200121902241152470708O_1295764200_484258800,2,TC,medium,23.777871968153104,1,hit,0.8369865417480469,0.8016359210014343,0.4992942810058594,0.5472060441970825,-0.047911763191223145,0.4999704957008362,0.5159023404121399,-0.01593184471130371,0.6116814017295837,0.628832995891571,-0.017151594161987305
09002200121902241154225808O_1295733100_484245300,0,TC,large,14.428472402863981,1,hit,0.8214719295501709,0.43295854330062866,0.5314786434173584,0.625896155834198,-0.0944175124168396,0.746021568775177,0.629919171333313,0.11610239744186401,0.6553452610969543,0.577867865562439,0.07747739553451538
09002200121902241154225808O_1295733100_484245300,1,MC,medium,3.130398265549287,0,hit,0.9583633542060852,0.9032409191131592,0.7694771885871887,0.6394633650779724,0.1300138235092163,0.9978919625282288,0.6300339698791504,0.36785799264907837,1.5386159420013428,0.7627612352371216,0.7758547067642212
09002200121902241154225808O_1295733100_484245300,2,TP,medium,9.31563401455821,1,hit,0.7888158559799194,0.6200481653213501,0.723868727684021,0.8698166012763977,-0.1459478735923767,0.5221134424209595,0.6376073956489563,-0.11549395322799683,0.6060734987258911,0.6957961916923523,-0.08972269296646118
09002200121902241155111658O_1295677900_484271200,0,LP,large,1.9454546261620707,0,hit,0.9848201274871826,0.8641669154167175,0.7190039157867432,0.6848344802856445,0.03416943550109863,0.6475432515144348,0.5794410109519958,0.06810224056243896,0.6522473692893982,0.592290997505188,0.059956371784210205
09002200121902241156595188O_1295548800_484244400,0,TC,large,8.605230210032373,1,localization_error,0.5979194045066833,0.26438209414482117,0.486686646938324,0.6365024447441101,-0.14981579780578613,0.5165413022041321,0.5592648386955261,-0.04272353649139404,0.5743646025657654,0.5416635870933533,0.03270101547241211
09002200121902241156595188O_1295548800_484244400,1,MC,small,1.1250042915507947,0,hit,0.8043423891067505,0.8043423891067505,0.8159756064414978,0.7209759950637817,0.09499961137771606,1.5565024614334106,0.7084463238716125,0.8480561375617981,1.8408781290054321,1.0840855836868286,0.7567925453186035
09002200121902241156595188O_1295548800_484244400,2,MC,small,3.6667955212847483,0,hit,0.6663241982460022,0.6150830388069153,0.7319727540016174,0.6223029494285583,0.10966980457305908,0.938969075679779,0.6848530173301697,0.2541160583496094,1.1508432626724243,0.8706369400024414,0.2802063226699829
09002200121902241158105108O_1295443800_484243400,0,LC,large,1.447914759318034,0,hit,0.8241347670555115,0.808491051197052,0.4646875560283661,0.5150671005249023,-0.050379544496536255,0.5062397122383118,0.5006246566772461,0.005615055561065674,0.5185986161231995,0.5013461112976074,0.01725250482559204
09002200121902241158105108O_1295443800_484243400,1,LP,medium,1.2499887567178611,0,hit,0.9620220065116882,0.9367629885673523,0.5692912936210632,0.5456447601318359,0.023646533489227295,0.6297458410263062,0.5067098736763,0.1230359673500061,0.6597899198532104,0.4953165054321289,0.16447341442108154
09002200121902241201459732B_1296546300_482776700,0,TC,medium,3.8637096953185255,0,hit,0.9090515971183777,0.9003244638442993,0.6222758889198303,0.7711774110794067,-0.14890152215957642,0.8190433979034424,0.6898748278617859,0.1291685700416565,0.8788847327232361,0.7922329902648926,0.0866517424583435
09002200121902241201459732B_1296546300_482776700,1,TC,medium,9.533297594003932,1,hit,0.8344866633415222,0.3403797149658203,0.4241359531879425,0.5116381645202637,-0.08750221133232117,0.5533254742622375,0.5071443915367126,0.0461810827255249,0.679940938949585,0.5954073071479797,0.08453363180160522
09002200121902241219597842Q_1294780500_481608100,0,LC,large,1.295966415810713,0,hit,0.9772083163261414,0.9768248200416565,0.5325033664703369,0.6475729942321777,-0.11506962776184082,0.4738914668560028,0.5379840135574341,-0.06409254670143127,0.6115700602531433,0.5384144186973572,0.07315564155578613
09002200121902241219597842Q_1294780500_481608100,1,MC,small,3.4667713792766692,0,hit,0.8379684090614319,0.5770009756088257,0.5654699802398682,0.5888379812240601,-0.023368000984191895,0.6255929470062256,0.6001629829406738,0.025429964065551758,0.7283905744552612,0.6949310302734375,0.03345954418182373
09002200121902241219597842Q_1294780500_481608100,2,MC,medium,3.115349854809139,0,hit,0.8851296901702881,0.8203767538070679,0.61476069688797,0.4909537434577942,0.12380695343017578,0.7302692532539368,0.5557226538658142,0.17454659938812256,1.4346402883529663,0.7004051208496094,0.7342351675033569
09002200121902241222515402B_1296677700_482780900,0,LC,medium,3.4736108344951204,0,hit,0.7563896179199219,0.6042213439941406,0.5064762234687805,0.40276509523391724,0.10371112823486328,0.7643833160400391,0.43646126985549927,0.3279220461845398,0.8861373066902161,0.7347580790519714,0.15137922763824463
09002200121902241223334907N_1294790700_483677800,0,P,small,1.9091504319696373,0,hit,0.8373939990997314,0.7902079820632935,0.6788129806518555,0.4809397757053375,0.19787320494651794,0.9505846500396729,0.5630868077278137,0.38749784231185913,0.936601459980011,0.7514379024505615,0.18516355752944946
09002200121902241223334907N_1294790700_483677800,1,LC,medium,1.9189110722174292,0,localization_error,0.8548673391342163,0.12419890612363815,0.4399837255477905,0.4115610718727112,0.028422653675079346,0.4930913746356964,0.4975341856479645,-0.004442811012268066,0.567374587059021,0.5395709276199341,0.027803659439086914
09002200121902241251335022Q_1294947900_481559000,0,LC,large,1.224756316835431,0,hit,0.8808901309967041,0.4214603006839752,0.5981484055519104,0.6798858046531677,-0.08173739910125732,0.4686092436313629,0.5539044141769409,-0.085295170545578,0.5499619841575623,0.5978884100914001,-0.04792642593383789
09002200121902241251335022Q_1294947900_481559000,1,LC,large,2.6131990296600875,0,hit,0.9141189455986023,0.7669225931167603,0.5900737047195435,0.7108395099639893,-0.1207658052444458,0.5209399461746216,0.5241078734397888,-0.0031679272651672363,0.5902407765388489,0.561799943447113,0.02844083309173584
09002200121902241300186607F_1293747400_482001500,0,AC,large,3.731714533470787,0,localization_error,0.6581516265869141,0.4018368124961853,0.5034305453300476,0.44643327593803406,0.05699726939201355,0.41904115676879883,0.4411397874355316,-0.022098630666732788,0.6083085536956787,0.5152156949043274,0.09309285879135132
09002200121902241311255712B_1296396200_482586100,0,LC,medium,2.8181687978546286,0,hit,0.9139128923416138,0.7354980111122131,0.49867451190948486,0.4987989068031311,-0.00012439489364624023,0.5103914737701416,0.5053316950798035,0.005059778690338135,0.7378278374671936,0.5894708037376404,0.14835703372955322
09002200121902241330509642K_1295823900_481237700,0,LC,large,1.6233783013610894,0,hit,0.966738760471344,0.9414573311805725,0.45090633630752563,0.4673083424568176,-0.016402006149291992,0.561207115650177,0.4448784291744232,0.11632868647575378,0.6140653491020203,0.5343701243400574,0.07969522476196289
09002200121902241330509642K_1295823900_481237700,1,MC,medium,1.5666482205236398,0,hit,0.9430658221244812,0.9141678810119629,0.49347057938575745,0.5614040493965149,-0.06793347001075745,0.5675076246261597,0.5844268798828125,-0.016919255256652832,0.8749784231185913,0.6912059187889099,0.1837725043296814
09002200121902241344029902K_1295798900_481238400,0,TC,large,13.047499469580053,1,hit,0.9317126274108887,0.6080154180526733,0.5857066512107849,0.6449435353279114,-0.059236884117126465,0.556421160697937,0.4995982348918915,0.05682292580604553,0.7486374378204346,0.5816513299942017,0.1669861078262329
09002200121902241344029902K_1295798900_481238400,1,LC,large,1.1597975991304688,0,hit,0.9043208360671997,0.8322417736053467,0.5062509179115295,0.619629979133606,-0.11337906122207642,0.5264585614204407,0.5106460452079773,0.01581251621246338,0.598246693611145,0.5939379930496216,0.0043087005615234375
09002200121902241344029902K_1295798900_481238400,2,MC,medium,3.350056153029212,0,hit,0.8424904942512512,0.6507829427719116,0.502659797668457,0.5286974310874939,-0.026037633419036865,0.7241436839103699,0.5579283833503723,0.16621530055999756,1.1247942447662354,0.6827835440635681,0.44201070070266724
09002200121902241434239152G_1297640800_484176300,0,LC,large,3.1222109571297296,0,hit,0.9391507506370544,0.5547366738319397,0.6109951138496399,0.7397150993347168,-0.1287199854850769,0.5157979726791382,0.5549257397651672,-0.03912776708602905,0.7087531685829163,0.5644346475601196,0.14431852102279663
09002200121902241434239152G_1297640800_484176300,1,LC,large,1.0434789300621417,0,hit,0.9331745505332947,0.9137073159217834,0.6824188232421875,0.5232681632041931,0.15915066003799438,0.5264042019844055,0.5167415738105774,0.009662628173828125,0.6664465665817261,0.5921642184257507,0.07428234815597534
09002200121902241434239152G_1297640800_484176300,2,MC,small,4.16657172502187,0,hit,0.816494345664978,0.675735592842102,0.7240866422653198,0.6426548361778259,0.0814318060874939,0.6641336679458618,0.583631157875061,0.08050251007080078,0.7978711724281311,0.6727108359336853,0.1251603364944458
09002200121902241443361082K_1294880200_481118600,0,TC,large,9.633292100862219,1,hit,0.596177339553833,0.23181696236133575,0.645982563495636,0.6465057730674744,-0.0005232095718383789,0.5743752717971802,0.5233872532844543,0.05098801851272583,0.6902780532836914,0.6272532939910889,0.06302475929260254
09002200121902241534188332B_1297272300_482695200,0,LC,large,1.8725499846514075,0,hit,0.8221701383590698,0.7498010993003845,0.43420130014419556,0.579882025718689,-0.1456807255744934,0.5539556741714478,0.5161067247390747,0.03784894943237305,0.7097890973091125,0.5794205069541931,0.13036859035491943
09002200121902241553169042K_1295010700_481182600,0,LC,large,1.3333327247217754,0,hit,0.8469337224960327,0.6426581144332886,0.4773125648498535,0.6323016285896301,-0.1549890637397766,0.46744272112846375,0.540069043636322,-0.07262632250785828,0.5024427771568298,0.5880184173583984,-0.0855756402015686
09002200121902241553169042K_1295010700_481182600,1,P,large,3.051959792701429,0,hit,0.8822040557861328,0.8429769277572632,0.4957164227962494,0.47841235995292664,0.017304062843322754,0.5370581746101379,0.5156158804893494,0.021442294120788574,0.8215005993843079,0.5186386108398438,0.3028619885444641
09002200121902241617024212G_1296634800_484225400,0,MC,small,3.222257261635911,0,hit,0.6993982791900635,0.6993982791900635,0.6383976936340332,0.6429130434989929,-0.004515349864959717,0.6484194993972778,0.5429062843322754,0.10551321506500244,0.6360399723052979,0.6267610788345337,0.00927889347076416
09002200121902241617024212G_1296634800_484225400,1,AC,large,2.1906579837019855,0,hit,0.9453201293945312,0.9151453971862793,0.5762969851493835,0.6649983525276184,-0.08870136737823486,0.584051251411438,0.5849837064743042,-0.0009324550628662109,0.6324208974838257,0.6052030920982361,0.0272178053855896
09002200121902241617024212G_1296634800_484225400,2,MC,small,3.857102063415251,0,hit,0.7576678991317749,0.7032938599586487,0.6666997075080872,0.6405506730079651,0.02614903450012207,0.8217142224311829,0.7195445895195007,0.10216963291168213,1.1820564270019531,0.7350043058395386,0.44705212116241455
09002200121902241624405712G_1296523300_484226800,0,AC,large,2.583694174413944,0,hit,0.9211687445640564,0.8538066744804382,0.5334279537200928,0.6075903177261353,-0.07416236400604248,0.5467960238456726,0.5370619893074036,0.009734034538269043,0.6306834816932678,0.5809831023216248,0.049700379371643066
09002200121902241624564052G_1296511300_484214000,0,AC,large,4.280341685207091,0,localization_error,0.6794439554214478,0.45971181988716125,0.48353609442710876,0.7816316485404968,-0.29809555411338806,0.4586317241191864,0.5588039755821228,-0.1001722514629364,0.54625403881073,0.566840648651123,-0.020586609840393066
09002200121902241647100462Q_1294686900_481649400,0,AC,large,1.3468454666087657,0,hit,0.8798242807388306,0.5367313027381897,0.533988893032074,0.7070209383964539,-0.17303204536437988,0.4558657705783844,0.5395927429199219,-0.08372697234153748,0.5974449515342712,0.5541132092475891,0.04333174228668213
09002200121902241647100462Q_1294686900_481649400,1,MC,small,3.9165462942241573,0,hit,0.8575724363327026,0.7194505929946899,0.6272401809692383,0.4314744472503662,0.19576573371887207,0.8391598463058472,0.4887753129005432,0.35038453340530396,1.1463818550109863,0.708663284778595,0.43771857023239136
09002200121902241705199978O_1298021100_484681600,0,AC,large,1.0254263939593629,0,hit,0.9034407734870911,0.693029522895813,0.5484962463378906,0.5627204179763794,-0.01422417163848877,0.7280247807502747,0.4822453558444977,0.24577942490577698,0.7778228521347046,0.5642769932746887,0.21354585886001587
09002200121902241705199978O_1298021100_484681600,1,LC,large,5.3214263916015625,1,hit,0.9737195372581482,0.9593075513839722,0.6812612414360046,0.599425196647644,0.0818360447883606,0.508566677570343,0.537486732006073,-0.02892005443572998,0.5774574875831604,0.5248539447784424,0.05260354280471802
09002200121902241705199978O_1298021100_484681600,2,LC,medium,2.840881757689336,0,hit,0.93747478723526,0.1627531200647354,0.7581552863121033,0.6073805689811707,0.15077471733093262,0.6451982259750366,0.5424656867980957,0.10273253917694092,0.8282407522201538,0.6578974723815918,0.170343279838562
09002200121902241728395868O_1297955700_484936700,0,AC,large,3.8051881344767753,0,hit,0.7963951826095581,0.5397589206695557,0.3801051378250122,0.4946317672729492,-0.11452662944793701,0.45767107605934143,0.4740280210971832,-0.016356945037841797,0.6343308091163635,0.5345718264579773,0.09975898265838623
09002200121902250850546162K_1295117800_481152000,0,AC,large,1.6445066398582715,0,hit,0.8896845579147339,0.773360550403595,0.4474344253540039,0.6870660185813904,-0.23963159322738647,0.48424673080444336,0.5277684926986694,-0.043521761894226074,0.6246656179428101,0.582521378993988,0.04214423894882202
09002200121902250927290422Q_1294877600_481597000,0,LC,large,2.5619026000693474,0,hit,0.9153520464897156,0.8524340391159058,0.48010027408599854,0.7194886207580566,-0.2393883466720581,0.5191417336463928,0.5358416438102722,-0.016699910163879395,0.6731900572776794,0.6263693571090698,0.04682070016860962
09002200121902250927290422Q_1294877600_481597000,1,LC,large,1.6836745497711798,0,hit,0.7966744899749756,0.781943142414093,0.5407345294952393,0.6935140490531921,-0.15277951955795288,0.5785877704620361,0.5759721398353577,0.002615630626678467,0.6942564845085144,0.5302862524986267,0.1639702320098877
09002200121902250937461092K_1295163500_481141000,0,AC,large,2.465062111801242,0,hit,0.9422925114631653,0.9044861793518066,0.4749225974082947,0.7584671378135681,-0.28354454040527344,0.4771384298801422,0.6053275465965271,-0.1281891167163849,0.6092000603675842,0.5859375,0.02326256036758423
09002200121902250937461092K_1295163500_481141000,1,MC,small,4.571390891890243,0,localization_error,0.47748467326164246,0.3536236584186554,0.5201744437217712,0.573002278804779,-0.05282783508300781,0.5535032749176025,0.6774813532829285,-0.12397807836532593,0.8538193106651306,0.8483239412307739,0.0054953694343566895
09002200121902250939036262K_1295136800_481188600,0,LC,large,1.326724085835665,0,hit,0.9041418433189392,0.8951110243797302,0.6761711239814758,0.7572507858276367,-0.08107966184616089,0.6320380568504333,0.6030540466308594,0.028984010219573975,0.7475674748420715,0.5909409523010254,0.15662652254104614
09002200121902250939036262K_1295136800_481188600,1,TC,medium,6.857143947056362,1,hit,0.6450482606887817,0.6450482606887817,0.6797890663146973,0.7892346978187561,-0.10944563150405884,0.5697396397590637,0.5960041284561157,-0.026264488697052002,0.9457488656044006,0.7222343683242798,0.22351449728012085
09002200121902250939036262K_1295136800_481188600,2,LC,large,1.3571431968553493,0,hit,0.8361998796463013,0.36121657490730286,0.6457534432411194,0.7427414059638977,-0.09698796272277832,0.5173261761665344,0.5265389084815979,-0.009212732315063477,0.5063403248786926,0.5642346739768982,-0.057894349098205566
09002200121902250939036262K_1295136800_481188600,3,P,small,4.77785463842716,0,hit,0.8464103937149048,0.8464103937149048,0.917659342288971,0.6764513850212097,0.24120795726776123,0.9978926181793213,0.573708176612854,0.4241844415664673,0.7573631405830383,0.6476487517356873,0.10971438884735107
09002200121902250939036262K_1295136800_481188600,4,P,small,3.2222320181209056,0,hit,0.7366238832473755,0.7366238832473755,0.8364713788032532,0.676726758480072,0.15974462032318115,0.9090850949287415,0.6725670099258423,0.23651808500289917,0.7594701647758484,0.803834855556488,-0.04436469078063965
09002200121902250939036262K_1295136800_481188600,5,P,small,2.9231299240325654,0,localization_error,0.2892002761363983,0.2892002761363983,0.8488125205039978,0.645350456237793,0.20346206426620483,0.694553017616272,0.5864638686180115,0.1080891489982605,0.7916672229766846,0.7479597330093384,0.04370748996734619
09002200121902250939036262K_1295136800_481188600,6,TC,medium,18.19026907471779,1,hit,0.8256219625473022,0.6149336099624634,0.663966953754425,0.6906020045280457,-0.026635050773620605,0.5132114887237549,0.5952889323234558,-0.08207744359970093,0.6445315480232239,0.6781474351882935,-0.03361588716506958
09002200121902250945505452K_1295029000_481283900,0,AC,large,2.395600644020858,0,hit,0.9042837619781494,0.8751892447471619,0.5223974585533142,0.8023357391357422,-0.279938280582428,0.608272910118103,0.542170524597168,0.06610238552093506,0.6602435111999512,0.5338602662086487,0.1263832449913025
09002200121902250945505452K_1295029000_481283900,1,AC,large,2.1917834905616993,0,hit,0.7539283037185669,0.5458860397338867,0.4724769592285156,0.4998365044593811,-0.02735954523086548,0.5698559880256653,0.47120362520217896,0.09865236282348633,0.6481712460517883,0.5470401644706726,0.10113108158111572
09002200121902250945505452K_1295029000_481283900,2,MC,small,4.000328083989501,0,hit,0.5807977914810181,0.5460825562477112,0.750976026058197,0.5780590176582336,0.17291700839996338,0.6749107837677002,0.5406360626220703,0.13427472114562988,0.7467004060745239,0.6090049147605896,0.13769549131393433
09002200121902250945505452K_1295029000_481283900,3,MC,medium,2.624986410166912,0,hit,0.9739840030670166,0.9328173995018005,0.6013320684432983,0.5338727831840515,0.06745928525924683,0.5991926193237305,0.5308250784873962,0.06836754083633423,1.048547387123108,0.6213794350624084,0.42716795206069946
09002200121902250945505452K_1295029000_481283900,4,P,small,1.8420901314162177,0,hit,0.8317614197731018,0.7988216280937195,0.6634286046028137,0.5930203199386597,0.07040828466415405,0.8975440263748169,0.5653509497642517,0.3321930766105652,0.8695988059043884,0.6830857992172241,0.1865130066871643
09002200121902250945505452K_1295029000_481283900,5,P,medium,1.2950840339918173,0,localization_error,0.7289830446243286,0.2256632000207901,0.5956088304519653,0.5419701337814331,0.05363869667053223,0.5975520610809326,0.4718249440193176,0.125727117061615,0.6691511273384094,0.5804445147514343,0.0887066125869751
09002200121902250945505452K_1295029000_481283900,6,P,medium,2.344845947749147,0,hit,0.7755061388015747,0.6280972957611084,0.7452326416969299,0.5498079657554626,0.19542467594146729,0.5766074657440186,0.5079688429832458,0.0686386227607727,0.8165198564529419,0.6468276977539062,0.16969215869903564
09002200121902251000014622K_1295145800_481160900,0,AC,large,1.6317035936790858,0,hit,0.9314956068992615,0.8949233293533325,0.48932304978370667,0.7074880003929138,-0.21816495060920715,0.4816044270992279,0.5190908312797546,-0.03748640418052673,0.5583443641662598,0.5763412117958069,-0.01799684762954712
09002200121902251000378302K_1295164100_481138300,0,AC,large,1.0378944944597404,0,hit,0.9442458152770996,0.4704398810863495,0.5497422814369202,0.6557552218437195,-0.10601294040679932,0.5288187861442566,0.5248860716819763,0.0039327144622802734,0.6327881217002869,0.5497545599937439,0.08303356170654297
09002200121902251000378302K_1295164100_481138300,1,AC,large,1.1235438156742137,0,hit,0.9230746030807495,0.45233044028282166,0.47697585821151733,0.7134177088737488,-0.23644185066223145,0.5806635618209839,0.5611692667007446,0.019494295120239258,0.6078201532363892,0.5709260106086731,0.036894142627716064
09002200121902251000378302K_1295164100_481138300,2,MC,medium,1.2093035386977504,0,hit,0.9535582661628723,0.9449048638343811,0.671129584312439,0.5596263408660889,0.1115032434463501,0.7984055280685425,0.5813325047492981,0.21707302331924438,1.103204607963562,0.568601131439209,0.534603476524353
09002200121902251002579542K_1295185400_481110600,0,AC,large,2.1020916958802633,0,hit,0.9153748154640198,0.9017308950424194,0.5070231556892395,0.7098240256309509,-0.20280086994171143,0.45056644082069397,0.5575796961784363,-0.10701325535774231,0.5922791361808777,0.5551104545593262,0.037168681621551514
09002200121902251028006732K_1295134400_481309400,0,AC,large,1.4082252149169807,0,hit,0.9312301278114319,0.4878433346748352,0.5044572949409485,0.6903144717216492,-0.18585717678070068,0.6104094386100769,0.5729570984840393,0.0374523401260376,0.6776182651519775,0.6056815981864929,0.07193666696548462
09002200121902251029097412K_1295134200_481240500,0,AC,large,1.2214722103144717,0,hit,0.9359760284423828,0.9026671051979065,0.4739759862422943,0.5023517608642578,-0.0283757746219635,0.6482402682304382,0.47541067004203796,0.17282959818840027,0.8829288482666016,0.5431880354881287,0.3397408127784729
09002200121902251029097412K_1295134200_481240500,1,MC,small,4.0909665963821995,0,hit,0.8876577615737915,0.8876577615737915,0.6332895755767822,0.5624458193778992,0.07084375619888306,0.6944715976715088,0.6379806399345398,0.056490957736968994,0.9069243669509888,0.8775011301040649,0.029423236846923828
09002200121902251029097412K_1295134200_481240500,2,LC,large,1.5396797062953085,0,hit,0.8404728770256042,0.7619080543518066,0.6344848275184631,0.6329154372215271,0.0015693902969360352,0.5361812710762024,0.5634371042251587,-0.0272558331489563,0.5822575688362122,0.6189833283424377,-0.036725759506225586
09002200121902251029097412K_1295134200_481240500,3,TC,large,1.7684250021844274,0,localization_error,0.7420026063919067,0.1462094485759735,0.5585997104644775,0.646752655506134,-0.0881529450416565,0.4683297574520111,0.4824483096599579,-0.014118552207946777,0.5279490351676941,0.5673041343688965,-0.03935509920120239
09002200121902251039437732K_1295147200_481448700,0,AC,large,1.5766104332036586,0,hit,0.992975652217865,0.9589641690254211,0.5349282622337341,0.6089800596237183,-0.07405179738998413,0.5070546865463257,0.47777700424194336,0.029277682304382324,0.5607429146766663,0.5629928708076477,-0.0022499561309814453
09002200121902251046556532K_1295183000_481429700,0,TC,large,17.689818829293753,1,hit,0.789344072341919,0.5592247247695923,0.4903008043766022,0.64631187915802,-0.15601107478141785,0.5063155293464661,0.5393419861793518,-0.03302645683288574,0.6167246699333191,0.5904350280761719,0.026289641857147217
09002200121902251424103188O_1297947400_485005700,0,TC,medium,19.88184788267184,1,hit,0.7091865539550781,0.6196048855781555,0.5025650858879089,0.8387857675552368,-0.3362206816673279,0.6168763041496277,0.6920260787010193,-0.0751497745513916,0.6960769295692444,0.6799597144126892,0.016117215156555176
09002200121902251526248288O_1297938900_485032400,0,AC,large,2.1043974912488155,0,hit,0.8209702968597412,0.3535463511943817,0.6386950016021729,0.746987521648407,-0.10829252004623413,0.5094783902168274,0.5630761981010437,-0.05359780788421631,0.719483494758606,0.6180105805397034,0.10147291421890259
09002200121902251526248288O_1297938900_485032400,1,MC,medium,2.184240484142144,0,hit,0.9124106764793396,0.8823283910751343,1.0458518266677856,0.40137550234794617,0.6444763243198395,0.7978261709213257,0.3837139904499054,0.4141121804714203,1.0572988986968994,0.46142593026161194,0.5958729684352875
09002200121902251531181468O_1297970200_485059000,0,TC,medium,13.999671942709499,1,hit,0.6449376344680786,0.5638161897659302,0.608636200428009,0.7557266354560852,-0.14709043502807617,0.6197270750999451,0.6633123755455017,-0.04358530044555664,0.722706139087677,0.8625079989433289,-0.13980185985565186
09002200121902251531181468O_1297970200_485059000,1,TC,medium,5.485647758206077,1,hit,0.8195114731788635,0.7982837557792664,0.5697951912879944,0.7762800455093384,-0.206484854221344,0.5719017386436462,0.612637460231781,-0.040735721588134766,0.7072413563728333,0.6745365262031555,0.032704830169677734
09002200121902251531181468O_1297970200_485059000,2,MC,small,4.0998407040757785,0,hit,0.6472623348236084,0.6092799305915833,0.7987074255943298,0.6716565489768982,0.12705087661743164,0.7913960814476013,0.623316764831543,0.16807931661605835,0.8168123364448547,0.7355360984802246,0.08127623796463013
09002200121902251531181468O_1297970200_485059000,3,MC,medium,2.7916238581571826,0,hit,0.8420815467834473,0.7579485177993774,0.6414677500724792,0.7428644299507141,-0.10139667987823486,0.81524258852005,0.6161422729492188,0.1991003155708313,1.1326026916503906,0.7835000157356262,0.3491026759147644
09002200121902251547493988O_1297931800_485062600,0,LC,large,1.8641884514558316,0,hit,0.9210577011108398,0.7789238691329956,0.6868773102760315,0.7834678888320923,-0.09659057855606079,0.655272364616394,0.6677604913711548,-0.012488126754760742,0.811295747756958,0.6951572299003601,0.1161385178565979
09002200121902251547493988O_1297931800_485062600,1,TC,large,10.526972456784849,1,hit,0.9809930920600891,0.9774695634841919,0.6380472183227539,0.7695600986480713,-0.13151288032531738,0.5659149289131165,0.606423020362854,-0.04050809144973755,0.7072957754135132,0.6102307438850403,0.0970650315284729
09002200121902251616042098O_1297964900_485073400,0,LC,large,1.9523791808379725,0,hit,0.9457854628562927,0.8756899237632751,0.5727099776268005,0.5605865120887756,0.012123465538024902,0.488212913274765,0.5442334413528442,-0.056020528078079224,0.6051572561264038,0.6372813582420349,-0.032124102115631104
09002200121902261104490062K_1295036500_482453500,0,MC,medium,1.0526282714355928,0,hit,0.9050588011741638,0.8771992921829224,0.5026736855506897,0.4708986282348633,0.031775057315826416,0.6290111541748047,0.453453928232193,0.1755572259426117,1.212812066078186,0.5564495325088501,0.6563625335693359
09002200121902261104490062K_1295036500_482453500,1,P,large,1.8309850558428697,0,hit,0.9253408312797546,0.8011454343795776,0.5176594257354736,0.49602895975112915,0.021630465984344482,0.5136698484420776,0.5130696296691895,0.0006002187728881836,0.7606263160705566,0.5569953918457031,0.20363092422485352
09002200121902261104490062K_1295036500_482453500,2,MC,small,4.599849859013952,0,hit,0.9067904353141785,0.9067904353141785,0.5427908301353455,0.4383934438228607,0.10439738631248474,0.97677081823349,0.4636225700378418,0.5131482481956482,0.8674587607383728,0.6799692511558533,0.18748950958251953
09002200121902261104490062K_1295036500_482453500,3,MC,small,5.125340485110214,1,hit,0.6997044086456299,0.6997044086456299,0.5067424178123474,0.46474209427833557,0.04200032353401184,0.7862747311592102,0.5190654993057251,0.2672092318534851,0.7362906336784363,0.675214946269989,0.061075687408447266
09002200121903021532104567M_1296574300_481237200,0,TP,large,9.147085249288894,1,hit,0.8639000058174133,0.6832465529441833,0.39474090933799744,0.638134241104126,-0.24339333176612854,0.4448636472225189,0.5421876311302185,-0.09732398390769958,0.5316988229751587,0.565148115158081,-0.03344929218292236
09002200121903021532104567M_1296574300_481237200,1,LC,medium,2.279081287934275,0,hit,0.9241936802864075,0.6208334565162659,0.4058656692504883,0.4775593876838684,-0.07169371843338013,0.5286235809326172,0.5245747566223145,0.004048824310302734,0.5015980005264282,0.5674757957458496,-0.06587779521942139
09002200121903050943334566D_1294818700_480592300,0,LP,large,1.3020828454583813,0,hit,0.85294508934021,0.36043447256088257,0.517923891544342,0.7987653613090515,-0.2808414697647095,0.4253067970275879,0.6931058168411255,-0.2677990198135376,0.5379858016967773,0.7101313471794128,-0.1721455454826355
09002200121904111400165542L_1296718100_482445500,0,TC,large,8.177392743335128,1,hit,0.8837014436721802,0.8299497365951538,0.5305511951446533,0.5641269087791443,-0.03357571363449097,0.494789719581604,0.45488324761390686,0.039906471967697144,0.5778763890266418,0.5453724265098572,0.03250396251678467
09002200121904111400165542L_1296718100_482445500,1,MC,medium,2.4390271860327326,0,hit,0.959903359413147,0.9588879942893982,0.6243122220039368,0.4415458142757416,0.1827664077281952,0.6746951341629028,0.45194607973098755,0.22274905443191528,1.2824327945709229,0.5631818771362305,0.7192509174346924
09002200121904111400165542L_1296718100_482445500,2,TC,large,5.533305731991651,1,hit,0.9114079475402832,0.16128762066364288,0.4125939905643463,0.5773067474365234,-0.16471275687217712,0.5268053412437439,0.5241208076477051,0.0026845335960388184,0.5729374289512634,0.5598959922790527,0.013041436672210693
09002200121904111401157542L_1296763900_482447000,0,TC,large,11.624938705048345,1,hit,0.784360945224762,0.6146149635314941,0.37586069107055664,0.7081223726272583,-0.33226168155670166,0.48199787735939026,0.5310370326042175,-0.04903915524482727,0.494560182094574,0.5351608395576477,-0.04060065746307373
09002200121904111401157542L_1296763900_482447000,1,MC,medium,1.7659829359513792,0,hit,0.8978862762451172,0.8417214751243591,0.7746024131774902,0.5429619550704956,0.23164045810699463,0.854630708694458,0.5042335391044617,0.35039716958999634,1.2308673858642578,0.6021742820739746,0.6286931037902832
09002200121904211122007752L_1295290900_482333500,0,TC,medium,13.894711143092104,1,hit,0.8050247430801392,0.6154527068138123,0.6263880133628845,0.6262645125389099,0.00012350082397460938,0.5072466731071472,0.5019676089286804,0.005279064178466797,0.5768973231315613,0.6286472678184509,-0.05174994468688965
09002200121904211122007752L_1295290900_482333500,1,TC,medium,16.111155568968265,1,hit,0.9513201117515564,0.876380205154419,0.4618396759033203,0.5461199879646301,-0.08428031206130981,0.5559879541397095,0.46462732553482056,0.09136062860488892,0.6957363486289978,0.5900717973709106,0.10566455125808716
09002200121904211122007752L_1295290900_482333500,2,TC,medium,3.1162698435228924,0,hit,0.891628623008728,0.7100887298583984,0.5819799304008484,0.5606177449226379,0.02136218547821045,0.671630322933197,0.4970943033695221,0.17453601956367493,0.6694687008857727,0.5434204339981079,0.1260482668876648
09002200122002161243256716G_1295165200_482306100,0,LC,large,1.5614042301486648,0,hit,0.9748587608337402,0.9617330431938171,0.49626317620277405,0.5954591631889343,-0.09919598698616028,0.4506078362464905,0.480045884847641,-0.029438048601150513,0.6006767749786377,0.5734214186668396,0.027255356311798096
09002200122002161243256716G_1295165200_482306100,1,MC,medium,3.0357020631927716,0,hit,0.8859832882881165,0.8766069412231445,0.5525208711624146,0.5300127863883972,0.022508084774017334,0.6018289923667908,0.4531470239162445,0.14868196845054626,1.3594685792922974,0.6146562695503235,0.7448123097419739
09002200122002161245249786G_1295131500_482257700,0,P,small,2.3752088690171904,0,localization_error,0.4178621172904968,0.10252799093723297,0.6788313984870911,0.5333774089813232,0.14545398950576782,0.5052250027656555,0.5689764618873596,-0.0637514591217041,0.8146154284477234,0.7606255412101746,0.05398988723754883
09002200122002161245249786G_1295131500_482257700,1,LC,large,1.953490303175687,0,hit,0.8692463040351868,0.8223210573196411,0.5682536363601685,0.5263392925262451,0.04191434383392334,0.5708654522895813,0.49121570587158203,0.07964974641799927,0.6825230717658997,0.5782599449157715,0.10426312685012817
09002200122002161245249786G_1295131500_482257700,2,MC,small,3.555603781518304,0,hit,0.761115550994873,0.7274526953697205,0.6107681393623352,0.5069023966789246,0.10386574268341064,0.8009961843490601,0.5008558630943298,0.3001403212547302,1.0575119256973267,0.7333924174308777,0.324119508266449
09002200122002161255294006G_1295158300_482236500,0,LC,large,1.5957387127312677,0,hit,0.9714308381080627,0.45789235830307007,0.5699939131736755,0.5218535661697388,0.04814034700393677,0.48161035776138306,0.46842023730278015,0.013190120458602905,0.5599158406257629,0.5314946174621582,0.028421223163604736
09002200122002161255294006G_1295158300_482236500,1,MC,small,3.8182998557318832,0,hit,0.7853999733924866,0.7830443382263184,0.6021475195884705,0.5598664283752441,0.04228109121322632,0.727259635925293,0.6028405427932739,0.12441909313201904,0.9220102429389954,0.7838471531867981,0.13816308975219727
09002200122002161314011386G_1295355100_482137900,0,LC,large,1.2594926978059038,0,hit,0.9129660129547119,0.8582538962364197,0.5704267621040344,0.5596033930778503,0.010823369026184082,0.53440922498703,0.5074029564857483,0.02700626850128174,0.5980339646339417,0.5683762431144714,0.029657721519470215
09002200122002161516405086G_1295331900_482134900,0,LC,medium,3.650055695429923,0,hit,0.9623607993125916,0.8938618898391724,0.634681224822998,0.5998798608779907,0.034801363945007324,0.6434200406074524,0.5125850439071655,0.13083499670028687,0.9610362648963928,0.5570048689842224,0.4040313959121704
09002200122002161516405086G_1295331900_482134900,1,LC,medium,4.428521811917173,0,hit,0.8526508808135986,0.6317877769470215,0.7216084003448486,0.4914635717868805,0.23014482855796814,0.6093549728393555,0.5112364888191223,0.09811848402023315,0.8765625953674316,0.6219081878662109,0.2546544075012207
09002200122002161516405086G_1295331900_482134900,2,MC,small,4.85712650844029,0,hit,0.6756025552749634,0.6040904521942139,0.6431493163108826,0.5954790115356445,0.04767030477523804,0.6241641640663147,0.6452445983886719,-0.021080434322357178,0.8417652249336243,0.7869986295700073,0.05476659536361694
09002200122002161516405086G_1295331900_482134900,3,MC,small,4.555610987155316,0,hit,0.529697597026825,0.529697597026825,0.6081159710884094,0.7070233225822449,-0.09890735149383545,0.6565684676170349,0.6632542014122009,-0.006685733795166016,0.9473162889480591,0.7399613261222839,0.20735496282577515
09002200122002161516405086G_1295331900_482134900,4,MC,medium,3.037051981960598,0,hit,0.9768624901771545,0.9454532861709595,0.7302225232124329,0.6351811289787292,0.09504139423370361,1.0500695705413818,0.7696180939674377,0.2804514765739441,1.1347912549972534,0.852981686592102,0.28180956840515137
09002200122002161516405086G_1295331900_482134900,5,TC,medium,3.300020141724498,0,hit,0.8395947217941284,0.39678555727005005,0.5735282897949219,0.6264921426773071,-0.052963852882385254,0.5806587934494019,0.5775906443595886,0.0030681490898132324,0.5819481015205383,0.5706999897956848,0.011248111724853516
09002200122002161516405086G_1295331900_482134900,6,LC,medium,1.126759594761297,0,hit,0.9095661044120789,0.6842666268348694,0.5261004567146301,0.48485761880874634,0.04124283790588379,0.4691411554813385,0.429983913898468,0.03915724158287048,0.4832489788532257,0.4806147515773773,0.0026342272758483887
09002200122002161521480196G_1295422900_482071400,0,LC,large,2.636365948301373,0,hit,0.9709147810935974,0.8683370351791382,0.5767059326171875,0.5635606646537781,0.013145267963409424,0.5246844291687012,0.5078238844871521,0.016860544681549072,0.6965807676315308,0.5973637700080872,0.0992169976234436
09002200122002161521480196G_1295422900_482071400,1,LC,large,4.913019941167651,0,hit,0.9326319694519043,0.8923090696334839,0.517730176448822,0.5111454129219055,0.006584763526916504,0.5533156991004944,0.4939696490764618,0.05934605002403259,0.748388409614563,0.595100462436676,0.15328794717788696
09002200122002171321458587C_1296141600_482682200,0,P,medium,2.3793517129032327,0,hit,0.9011144042015076,0.8545347452163696,0.712559163570404,0.5821191072463989,0.13044005632400513,0.7050473690032959,0.4800492227077484,0.22499814629554749,1.1860730648040771,0.7116775512695312,0.4743955135345459
09002200122002171321458587C_1296141600_482682200,1,LC,medium,5.841988943177182,1,hit,0.8669258952140808,0.7287987470626831,0.4910244345664978,0.5194337964057922,-0.028409361839294434,0.5775984525680542,0.4874403178691864,0.0901581346988678,0.7084782123565674,0.6192770004272461,0.08920121192932129
09002200122002171321458587C_1296141600_482682200,2,AC,large,2.4400035156335833,0,localization_error,0.8225436806678772,0.3727308511734009,0.6138285398483276,0.6541342735290527,-0.0403057336807251,0.5414570569992065,0.5258738398551941,0.015583217144012451,0.7123047113418579,0.5533055663108826,0.15899914503097534
09002200122002171321458587C_1296141600_482682200,3,P,medium,2.2051153640897874,0,hit,0.843630850315094,0.7564228773117065,0.6951791048049927,0.5784217715263367,0.116757333278656,0.5813034772872925,0.4919082224369049,0.08939525485038757,1.027594804763794,0.73875492811203,0.2888398766517639
0900220012200306102451330HG_1293777400_485327300,0,TC,medium,24.58296585643733,1,hit,0.8228691816329956,0.6836276650428772,0.586341381072998,0.7115985751152039,-0.1252571940422058,0.7791339159011841,0.6642119288444519,0.11492198705673218,0.8448083996772766,0.8568229675292969,-0.012014567852020264
0900220012200306102545235HG_1293796400_485231400,0,P,small,2.3999731455146907,0,localization_error,0.36133578419685364,0.36133578419685364,1.1843667030334473,0.9240614175796509,0.2603052854537964,1.1037235260009766,0.8361101150512695,0.26761341094970703,1.0330657958984375,0.9283162951469421,0.10474950075149536
0900220012200306102545235HG_1293796400_485231400,1,LC,small,1.4090933051456411,0,hit,0.771470844745636,0.20567479729652405,0.7298394441604614,0.5541262030601501,0.17571324110031128,0.9327571988105774,0.6510569453239441,0.2817002534866333,0.8894375562667847,0.7320377230644226,0.15739983320236206
0900220012200306102545235HG_1293796400_485231400,2,LC,small,1.0713890233109684,0,hit,0.5269783735275269,0.5269783735275269,0.9082682132720947,0.6944569945335388,0.2138112187385559,1.0845762491226196,0.7424262166023254,0.3421500325202942,0.8583338856697083,0.828679084777832,0.02965480089187622
0900220012200306102545235HG_1293796400_485231400,3,TC,large,17.78251431664871,1,hit,0.9322243928909302,0.8029686212539673,0.7796925902366638,0.7641293406486511,0.015563249588012695,0.763266384601593,0.6946207880973816,0.06864559650421143,0.830780029296875,0.7534467577934265,0.07733327150344849
0900220012200306102545235HG_1293796400_485231400,4,LC,small,1.5384860976777817,0,localization_error,0.34322676062583923,0.18253301084041595,0.7428300380706787,0.590742290019989,0.1520877480506897,0.8298664093017578,0.5872915387153625,0.24257487058639526,0.7175529599189758,0.6299745440483093,0.0875784158706665
0900220012200306102557591HG_1293797900_485212400,0,LC,medium,1.1000064697502554,0,hit,0.755466878414154,0.5503287315368652,0.7169567346572876,0.5278415679931641,0.18911516666412354,0.8600738048553467,0.5393368005752563,0.32073700428009033,1.0992096662521362,0.6245259642601013,0.4746837019920349
0900220012200306102557591HG_1293797900_485212400,1,LC,large,1.324780260968954,0,hit,0.8427558541297913,0.7038543224334717,0.5909053683280945,0.6143528819084167,-0.023447513580322266,0.5795678496360779,0.547678530216217,0.03188931941986084,0.7199153900146484,0.6969343423843384,0.02298104763031006
0900220012200306102557591HG_1293797900_485212400,2,TC,large,15.758850754216223,1,hit,0.8204254508018494,0.3929511606693268,0.5675138831138611,0.6445972323417664,-0.07708334922790527,0.617547333240509,0.572060227394104,0.04548710584640503,0.7512722015380859,0.7942089438438416,-0.042936742305755615
0900220012200306102615307HG_1293800100_485185400,0,AC,large,1.9780259286261879,0,hit,0.8866447806358337,0.7116398215293884,0.6913204193115234,0.6431874632835388,0.04813295602798462,0.5096589922904968,0.5391855239868164,-0.02952653169631958,0.8676964640617371,0.6763370633125305,0.19135940074920654
0900220012200306102615307HG_1293800100_485185400,1,AC,large,3.263159515016271,0,hit,0.9438988566398621,0.8654679656028748,0.7249071598052979,0.7763321995735168,-0.051425039768218994,0.631413459777832,0.5691946148872375,0.06221884489059448,0.8147592544555664,0.6676176190376282,0.14714163541793823
0900220012200306102615307HG_1293800100_485185400,2,TC,medium,19.33341584410212,1,hit,0.544807493686676,0.3564309775829315,0.47298696637153625,0.7219443321228027,-0.24895736575126648,0.4945620596408844,0.6529122591018677,-0.15835019946098328,0.7413142919540405,0.7712603211402893,-0.02994602918624878
0900220012200306102631074HG_1293801200_485173400,0,AC,medium,3.625003178914388,0,hit,0.7460016012191772,0.23655912280082703,0.6287420392036438,0.7470735907554626,-0.11833155155181885,0.6039498448371887,0.5407071709632874,0.06324267387390137,0.7609224915504456,0.5966885685920715,0.16423392295837402
0900220012200306102631074HG_1293801200_485173400,1,TC,medium,3.3111376352107422,0,hit,0.9173418879508972,0.8899177312850952,0.6303183436393738,0.6665396094322205,-0.03622126579284668,0.591135561466217,0.5225440859794617,0.06859147548675537,0.8448033928871155,0.5146698951721191,0.33013349771499634
0900220012200306102631074HG_1293801200_485173400,2,LC,large,1.3571483651016045,0,hit,0.9281074404716492,0.859431803226471,0.6194330453872681,0.5720164775848389,0.0474165678024292,0.6741560101509094,0.5219058394432068,0.15225017070770264,0.7326634526252747,0.6113036870956421,0.12135976552963257
0900220012200306102631074HG_1293801200_485173400,3,LC,large,2.2391261513720933,0,hit,0.8451651930809021,0.728484570980072,0.5827617645263672,0.6436532139778137,-0.06089144945144653,0.6081183552742004,0.5556754469871521,0.05244290828704834,0.6564557552337646,0.6781926155090332,-0.021736860275268555
0900220012200306102655565HG_1293804200_485136500,0,AC,large,3.149543889511284,0,hit,0.9002244472503662,0.7517194151878357,0.6285789608955383,0.674282968044281,-0.045704007148742676,0.6100988984107971,0.5275180339813232,0.08258086442947388,0.7574442028999329,0.660625696182251,0.09681850671768188
0900220012200306102655565HG_1293804200_485136500,1,TC,medium,34.89890140071409,1,hit,0.7199209332466125,0.6689363718032837,0.47876209020614624,0.669313371181488,-0.1905512809753418,0.5698733329772949,0.5700609087944031,-0.0001875758171081543,0.8216147422790527,0.7965804934501648,0.02503424882888794
0900220012200306102710958HG_1293806100_485114900,0,AC,large,3.1029546929429705,0,hit,0.8079879283905029,0.501937210559845,0.6707247495651245,0.7586528062820435,-0.08792805671691895,0.523685872554779,0.6141476035118103,-0.09046173095703125,0.650757908821106,0.6500008702278137,0.0007570385932922363
0900220012200306102710958HG_1293806100_485114900,1,AC,medium,2.724152917826873,0,hit,0.759251594543457,0.376302033662796,0.7166366577148438,0.5989155769348145,0.1177210807800293,0.6797764301300049,0.5367653965950012,0.14301103353500366,0.990473210811615,0.8597263693809509,0.13074684143066406
0900220012200306102710958HG_1293806100_485114900,2,MC,small,3.9999564042200717,0,hit,0.6169326901435852,0.6169326901435852,0.7313239574432373,0.6308256387710571,0.10049831867218018,0.93425452709198,0.7159022092819214,0.2183523178100586,1.1220980882644653,1.0290364027023315,0.09306168556213379
0900220012200306102724162HG_1293807000_485095000,0,AC,large,11.642753446276451,1,hit,0.7799566388130188,0.46446695923805237,0.5349777340888977,0.5709337592124939,-0.03595602512359619,0.5007326006889343,0.5428974032402039,-0.04216480255126953,0.7700300812721252,0.6086729764938354,0.1613571047782898
0900220012200306102724162HG_1293807000_485095000,1,AC,large,2.916677323629684,0,hit,0.8934974670410156,0.8409845232963562,0.5602147579193115,0.6854250431060791,-0.12521028518676758,0.5787823796272278,0.5977740287780762,-0.01899164915084839,0.7922194600105286,0.6645400524139404,0.12767940759658813
0900220012200306102905319HG_1293811400_485005800,0,AC,large,2.3166720129014933,0,hit,0.9246413707733154,0.8600856065750122,0.595923662185669,0.7777931094169617,-0.18186944723129272,0.5547275543212891,0.6514384150505066,-0.09671086072921753,0.6651846766471863,0.6446172595024109,0.02056741714477539
0900220012200306102920336HG_1293815300_484982100,0,AC,large,2.598829936839371,0,hit,0.9615727663040161,0.5090739130973816,0.4916672110557556,0.5849550366401672,-0.09328782558441162,0.5166760683059692,0.49205484986305237,0.02462121844291687,0.7489632964134216,0.6193888783454895,0.12957441806793213
0900220012200306102920336HG_1293815300_484982100,1,LC,large,2.286949239079784,0,localization_error,0.8929526209831238,0.1966962367296219,0.5033285617828369,0.6073803901672363,-0.10405182838439941,0.5002734065055847,0.5362714529037476,-0.03599804639816284,0.6549890637397766,0.5511143207550049,0.10387474298477173
0900220012200306102928353HG_1293817500_484968800,0,AC,large,3.0047204441063835,0,hit,0.9390007257461548,0.9153327941894531,0.6330288052558899,0.6821411848068237,-0.04911237955093384,0.5456839203834534,0.5771644115447998,-0.031480491161346436,0.6194834113121033,0.5863140821456909,0.033169329166412354
0900220012200306102928353HG_1293817500_484968800,1,MC,small,4.999916078367546,0,hit,0.7340531945228577,0.6949267387390137,0.7198184132575989,0.6910163760185242,0.028802037239074707,0.7372244000434875,0.600758969783783,0.1364654302597046,1.048279881477356,0.7222087979316711,0.3260710835456848
0900220012200306102950355HG_1293822900_484935000,0,AC,large,3.145370988289335,0,hit,0.9541990160942078,0.8798515796661377,0.5658548474311829,0.6337270140647888,-0.06787216663360596,0.542526364326477,0.5415827035903931,0.0009436607360839844,0.7400327324867249,0.576953113079071,0.1630796194076538
0900220012200306103303670HG_1293826400_484918900,0,AC,large,3.05027240718754,0,hit,0.9147516489028931,0.8778257966041565,0.6046006679534912,0.6477004885673523,-0.043099820613861084,0.5506270527839661,0.5328084826469421,0.017818570137023926,0.7605504989624023,0.6071105003356934,0.15343999862670898
0900220012200306103436018HG_1293804900_485075800,0,AC,large,2.79429288506215,0,hit,0.9874715209007263,0.9705032706260681,0.6830757260322571,0.66652911901474,0.01654660701751709,0.591511070728302,0.5523638129234314,0.039147257804870605,0.6422966122627258,0.6046897172927856,0.037606894969940186
0900220012200306103436018HG_1293804900_485075800,1,MC,small,5.750446353634158,1,hit,0.7598982453346252,0.7177722454071045,0.75252765417099,0.5956650972366333,0.1568625569343567,0.9814989566802979,0.8454276919364929,0.13607126474380493,1.1828902959823608,0.8720261454582214,0.3108641505241394
0900220012200306103450098HG_1293807800_485104400,0,AC,large,2.0800068499075053,0,hit,0.8763213753700256,0.6786161065101624,0.5872640609741211,0.6638299226760864,-0.07656586170196533,0.5832112431526184,0.5986610651016235,-0.015449821949005127,0.6674683094024658,0.6184301376342773,0.04903817176818848
0900220012200306103544182HG_1293800000_485198800,0,AC,large,2.6493668166923228,0,hit,0.8911857008934021,0.6033682227134705,0.6957101821899414,0.7939122319221497,-0.09820204973220825,0.6041469573974609,0.6035982966423035,0.0005486607551574707,0.7772629857063293,0.6710524559020996,0.10621052980422974
0900220012200306103544182HG_1293800000_485198800,1,AC,large,3.1103362478574628,0,hit,0.915260910987854,0.9143834114074707,0.5410131812095642,0.6575781106948853,-0.11656492948532104,0.501312255859375,0.5751358270645142,-0.07382357120513916,0.6337423920631409,0.6109538674354553,0.022788524627685547
0900220012200306103544182HG_1293800000_485198800,2,AC,large,2.198584240422001,0,hit,0.9564160704612732,0.4463629722595215,0.5392226576805115,0.659068763256073,-0.11984610557556152,0.5008214116096497,0.5882505774497986,-0.08742916584014893,0.6277130842208862,0.5607811212539673,0.06693196296691895
0900220012200306103602786HG_1293797700_485224300,0,AC,large,2.503228174187522,0,hit,0.9175318479537964,0.8794137835502625,0.5686590671539307,0.5910916328430176,-0.022432565689086914,0.5373943448066711,0.5488308072090149,-0.01143646240234375,0.6086257100105286,0.588171124458313,0.020454585552215576
0900220012200306103602786HG_1293797700_485224300,1,LC,large,1.8854909123099646,0,hit,0.865128219127655,0.4024723470211029,0.5591713786125183,0.5499950647354126,0.009176313877105713,0.5205585956573486,0.523571789264679,-0.0030131936073303223,0.599511444568634,0.6306467056274414,-0.031135261058807373
0900220012200306103602786HG_1293797700_485224300,2,LC,medium,3.230748163473547,0,hit,0.8597893118858337,0.8296511173248291,0.5417118072509766,0.6566738486289978,-0.11496204137802124,0.4768754243850708,0.5256867408752441,-0.04881131649017334,0.7227948307991028,0.5610085725784302,0.1617862582206726
0900220012200306103602786HG_1293797700_485224300,3,TC,small,4.57138871208224,0,localization_error,0.2857317626476288,0.16687986254692078,0.6324552893638611,0.5973579287528992,0.035097360610961914,0.5976449251174927,0.637779712677002,-0.04013478755950928,0.8920722603797913,0.8183951377868652,0.07367712259292603
0900220012200306103750701HG_1293786200_485278900,0,AC,large,3.8839680189916743,0,hit,0.9160399436950684,0.8982183933258057,0.5731474757194519,0.8091768622398376,-0.23602938652038574,0.6761056184768677,0.5813588500022888,0.09474676847457886,0.6935833096504211,0.6354517340660095,0.05813157558441162
09002200122003061503213796G_1294528600_484400800,0,LC,large,1.4360432539771253,0,hit,0.8091985583305359,0.7622191309928894,0.6359487771987915,0.6253446936607361,0.01060408353805542,0.5495793223381042,0.576621413230896,-0.027042090892791748,0.65203857421875,0.5962654948234558,0.05577307939529419
09002200122003061503213796G_1294528600_484400800,1,MC,medium,3.789359562869616,0,hit,0.9474844932556152,0.894773542881012,0.6404819488525391,0.5348559617996216,0.10562598705291748,1.0583021640777588,0.4974445402622223,0.5608576238155365,1.3687554597854614,0.7988883852958679,0.5698670744895935
09002200122003061503213796G_1294528600_484400800,2,P,small,2.9999214196344104,0,hit,0.7585297226905823,0.7585297226905823,0.8433631062507629,0.6757822036743164,0.16758090257644653,0.7707907557487488,0.6259269118309021,0.14486384391784668,0.6862173080444336,0.5461179614067078,0.14009934663772583
09002200122003061503213796G_1294528600_484400800,3,AC,large,3.5529977973896636,0,hit,0.715268075466156,0.5806950330734253,0.5258896946907043,0.7376570105552673,-0.211767315864563,0.4578934907913208,0.534697949886322,-0.07680445909500122,0.6385536789894104,0.5743279457092285,0.06422573328018188
0900220012200306152600103HG_1294441000_485184400,0,LP,small,3.1249923706054688,0,hit,0.9264209270477295,0.786628246307373,0.8929727673530579,0.45110079646110535,0.4418719708919525,0.9939835667610168,0.49602022767066956,0.4979633390903473,1.245331883430481,0.8136583566665649,0.431673526763916
0900220012200306152600103HG_1294441000_485184400,1,TP,medium,11.38895086636601,1,hit,0.9622778296470642,0.5924131274223328,0.676990807056427,0.7162450551986694,-0.03925424814224243,0.7275875210762024,0.5908542275428772,0.1367332935333252,0.8541420102119446,0.7559467554092407,0.09819525480270386
0900220012200306152600103HG_1294441000_485184400,2,LP,small,1.28570307527313,0,localization_error,0.3806469738483429,0.30932751297950745,0.8743976950645447,0.8069067001342773,0.06749099493026733,1.0868242979049683,0.7735100984573364,0.31331419944763184,1.144404411315918,0.8478155136108398,0.2965888977050781
0900220012200306152626168HG_1294401300_485147500,0,TP,large,12.124994277954102,1,hit,0.9226488471031189,0.8793591260910034,0.6862602233886719,0.7573744058609009,-0.071114182472229,0.5879095196723938,0.5624924898147583,0.025417029857635498,0.7142241597175598,0.6535171866416931,0.0607069730758667
0900220012200306152626168HG_1294401300_485147500,1,TP,medium,2.8809252631028257,0,hit,0.9007865786552429,0.726003110408783,0.7451267838478088,0.8248748183250427,-0.07974803447723389,0.7264675498008728,0.5948590636253357,0.1316084861755371,0.7667730450630188,0.55086749792099,0.2159055471420288
0900220012200306152648243HG_1294367800_485115500,0,LP,medium,1.062496632339176,0,hit,0.9330195188522339,0.6579539179801941,0.7236052751541138,0.6606936454772949,0.06291162967681885,0.6531373262405396,0.5921207070350647,0.061016619205474854,1.0185858011245728,0.6451064944267273,0.37347930669784546
0900220012200306152648243HG_1294367800_485115500,1,TP,large,13.692258575412612,1,hit,0.8066946864128113,0.5705239176750183,0.5833948850631714,0.7434336543083191,-0.1600387692451477,0.46194013953208923,0.5699413418769836,-0.10800120234489441,0.6313133239746094,0.5955187678337097,0.03579455614089966
0900220012200306152648243HG_1294367800_485115500,2,LP,medium,1.4782529661680373,0,hit,0.9408711791038513,0.9408711791038513,0.7038541436195374,0.5495139956474304,0.15434014797210693,0.7981690168380737,0.4709630608558655,0.32720595598220825,1.0223522186279297,0.629178524017334,0.3931736946105957
0900220012200306152648243HG_1294367800_485115500,3,LP,large,1.578311436761239,0,hit,0.8873494267463684,0.8702369928359985,0.627638578414917,0.4949990212917328,0.1326395571231842,0.5237401127815247,0.46697965264320374,0.05676046013832092,0.699190080165863,0.6747574210166931,0.024432659149169922
0900220012200306152648243HG_1294367800_485115500,4,LP,small,1.6250457791613258,0,localization_error,0.22744257748126984,0.18694433569908142,1.0218616724014282,0.627905011177063,0.39395666122436523,0.8079447150230408,0.6874740123748779,0.12047070264816284,0.7140087485313416,0.749981701374054,-0.0359729528427124
0900220012200306153115608HG_1294344500_485096300,0,LC,large,2.2312506747243215,0,hit,0.9427990317344666,0.841139018535614,0.5323131680488586,0.7122544050216675,-0.17994123697280884,0.548086941242218,0.6284633278846741,-0.08037638664245605,0.5997968316078186,0.610802173614502,-0.01100534200668335
0900220012200306153115608HG_1294344500_485096300,1,LP,large,2.1891758029894692,0,hit,0.823077380657196,0.2900178134441376,0.7718618512153625,0.6022513508796692,0.16961050033569336,0.7578864097595215,0.5695474743843079,0.18833893537521362,1.0216484069824219,0.5780631899833679,0.44358521699905396
0900220012200306153115608HG_1294344500_485096300,2,LP,small,5.749917985468805,1,hit,0.7872937917709351,0.28457111120224,0.8589416742324829,0.5933393836021423,0.2656022906303406,0.8002135157585144,0.5986819267272949,0.20153158903121948,0.9218210577964783,0.9185509085655212,0.0032701492309570312
0900220012200306153115608HG_1294344500_485096300,3,TP,medium,12.624658593277148,1,hit,0.846640408039093,0.6680037975311279,0.7596577405929565,0.7646896243095398,-0.005031883716583252,0.6104782223701477,0.6102656722068787,0.00021255016326904297,0.8420194983482361,0.6442005038261414,0.19781899452209473
0900220012200306153115608HG_1294344500_485096300,4,LP,large,2.70887038766805,0,hit,0.9452049732208252,0.8983974456787109,0.7388045191764832,0.7415650486946106,-0.0027605295181274414,0.6030699610710144,0.5808687210083008,0.022201240062713623,0.783019483089447,0.6001970171928406,0.18282246589660645
0900220012200306153115608HG_1294344500_485096300,5,LP,small,1.9374768733096057,0,localization_error,0.3837452530860901,0.23209026455879211,0.6294158101081848,0.661064088344574,-0.03164827823638916,0.7888755798339844,0.586384117603302,0.20249146223068237,0.8208491206169128,0.6650314331054688,0.1558176875114441
0900220012200306153115608HG_1294344500_485096300,6,TP,small,3.266789215187607,0,hit,0.6998049020767212,0.6827616691589355,0.6417730450630188,0.5338550806045532,0.10791796445846558,0.8240641355514526,0.6652227640151978,0.15884137153625488,1.2256112098693848,0.665803849697113,0.5598073601722717
0900220012200306153115608HG_1294344500_485096300,7,TC,large,5.548968334986854,1,hit,0.8029444813728333,0.37341493368148804,0.5476219654083252,0.6863753199577332,-0.13875335454940796,0.5046030879020691,0.563730776309967,-0.05912768840789795,0.6584749221801758,0.5941459536552429,0.06432896852493286
0900220012200306153125640HG_1294330800_485084900,0,LP,small,3.8570958354677334,0,hit,0.9432266354560852,0.8992792367935181,0.7667280435562134,0.5086526274681091,0.25807541608810425,0.7603985667228699,0.49615803360939026,0.2642405331134796,1.5254796743392944,0.9246118664741516,0.6008678078651428
0900220012200306153125640HG_1294330800_485084900,1,LP,medium,2.3913033094235376,0,hit,0.8813533782958984,0.8578947186470032,0.7931089401245117,0.6296901106834412,0.16341882944107056,1.075401782989502,0.6172787547111511,0.45812302827835083,1.0387870073318481,0.7836715579032898,0.25511544942855835
0900220012200306153125640HG_1294330800_485084900,2,TP,medium,10.631429870125698,1,hit,0.8950169682502747,0.5394423604011536,0.6443594098091125,0.6557143330574036,-0.011354923248291016,0.6064881086349487,0.5430133938789368,0.06347471475601196,0.697525680065155,0.623702347278595,0.07382333278656006
0900220012200306153125640HG_1294330800_485084900,3,LP,medium,2.266649305626198,0,hit,0.7426192760467529,0.2233707159757614,0.7543879747390747,0.7702909708023071,-0.015902996063232422,0.6546744704246521,0.602292537689209,0.052381932735443115,0.612982988357544,0.629834771156311,-0.01685178279876709
0900220012200306153125640HG_1294330800_485084900,4,TP,small,17.399375022887344,1,localization_error,0.42884278297424316,0.42884278297424316,0.45842376351356506,0.5422019362449646,-0.08377817273139954,0.758051335811615,0.6441584825515747,0.11389285326004028,0.9602439999580383,0.7670003175735474,0.19324368238449097
0900220012200306153136642HG_1294313400_485070100,0,LP,small,1.8889363606770833,0,hit,0.7486945390701294,0.7486945390701294,0.9505603909492493,0.5311817526817322,0.4193786382675171,1.5665111541748047,0.6998745203018188,0.8666366338729858,0.9536605477333069,0.8870421648025513,0.06661838293075562
0900220012200306153136642HG_1294313400_485070100,1,LP,small,1.0713796816622272,0,hit,0.663536787033081,0.258714497089386,0.7777618765830994,0.5625974535942078,0.2151644229888916,0.8957534432411194,0.7353226542472839,0.16043078899383545,1.053225040435791,0.9402651190757751,0.11295992136001587
0900220012200306153136642HG_1294313400_485070100,2,LP,small,1.1334050860320284,0,hit,0.8410049676895142,0.8410049676895142,0.7716068029403687,0.5868852734565735,0.18472152948379517,1.2666126489639282,0.7727805376052856,0.4938321113586426,1.0542632341384888,0.908734917640686,0.14552831649780273
0900220012200306153136642HG_1294313400_485070100,3,LP,medium,1.1282096225685745,0,hit,0.8736833930015564,0.841751754283905,0.6614874601364136,0.6141943335533142,0.047293126583099365,0.8603234887123108,0.5425049662590027,0.3178185224533081,1.0972975492477417,0.6104652285575867,0.48683232069015503
0900220012200306153136642HG_1294313400_485070100,4,LP,small,1.166652255954591,0,localization_error,0.46524661779403687,0.46524661779403687,0.6252654194831848,0.5918888449668884,0.03337657451629639,0.8810842633247375,0.6763077974319458,0.20477646589279175,1.1425671577453613,0.9271016120910645,0.21546554565429688
0900220012200306153136642HG_1294313400_485070100,5,TP,large,7.3333401150246225,1,hit,0.8715677261352539,0.7657988667488098,0.5942139029502869,0.7525817155838013,-0.1583678126335144,0.5439379215240479,0.5523080229759216,-0.00837010145187378,0.7202904224395752,0.5903307795524597,0.12995964288711548
0900220012200306153136642HG_1294313400_485070100,6,TC,large,13.948694553951082,1,hit,0.8188081383705139,0.5624699592590332,0.689697802066803,0.6558738946914673,0.03382390737533569,0.5058062672615051,0.5969216227531433,-0.09111535549163818,0.5895918607711792,0.5899140238761902,-0.00032216310501098633
0900220012200306153332612HG_1294212200_485015900,0,TC,large,12.878304024255561,1,hit,0.9009966850280762,0.810706615447998,0.6024768948554993,0.7918117642402649,-0.18933486938476562,0.5120128989219666,0.5718411207199097,-0.059828221797943115,0.6881695985794067,0.6252873539924622,0.06288224458694458
0900220012200306153332612HG_1294212200_485015900,1,LP,medium,4.500036942687436,0,hit,0.7964507341384888,0.7749682664871216,0.6487311124801636,0.5235664248466492,0.1251646876335144,0.6739321947097778,0.5660141706466675,0.10791802406311035,0.9735634326934814,0.6376137137413025,0.33594971895217896
0900220012200306153332612HG_1294212200_485015900,2,LC,large,1.008775686994251,0,hit,0.867096483707428,0.3108755052089691,0.5825610756874084,0.6466854214668274,-0.06412434577941895,0.5056189298629761,0.584063708782196,-0.07844477891921997,0.6186952590942383,0.6692621111869812,-0.05056685209274292
0900220012200307100557475HJ_1295976400_484556900,0,TP,medium,19.222376318198773,1,hit,0.9231687784194946,0.6776202321052551,0.6992200016975403,0.7108404040336609,-0.011620402336120605,0.610450029373169,0.5720934271812439,0.03835660219192505,0.8161966800689697,0.6791567206382751,0.13703995943069458
0900220012200307100557475HJ_1295976400_484556900,1,LP,medium,4.8999787395503365,0,hit,0.8044089078903198,0.5412233471870422,0.5339695811271667,0.5748171806335449,-0.040847599506378174,0.6136846542358398,0.5424957871437073,0.07118886709213257,1.0365115404129028,0.6946555376052856,0.3418560028076172
0900220012200307100557475HJ_1295976400_484556900,2,TC,medium,3.4750431448185783,0,hit,0.9788996577262878,0.9536805152893066,0.5260446667671204,0.6302148103713989,-0.10417014360427856,0.5874592661857605,0.5068046450614929,0.08065462112426758,0.9039870500564575,0.560823917388916,0.3431631326675415
0900220012200307100557475HJ_1295976400_484556900,3,TP,large,4.888934100483674,0,hit,0.8276777267456055,0.6927011609077454,0.5825273990631104,0.6260190010070801,-0.04349160194396973,0.5601779222488403,0.5921877026557922,-0.032009780406951904,0.7908815741539001,0.695818305015564,0.09506326913833618
0900220012200307103714690HG_1294305600_485060200,0,TC,large,16.34622941814443,1,hit,0.9305079579353333,0.7984662652015686,0.5904074907302856,0.7661149501800537,-0.17570745944976807,0.6754970550537109,0.5978625416755676,0.07763451337814331,0.7914138436317444,0.5634947419166565,0.2279191017150879
0900220012200307103714690HG_1294305600_485060200,1,LC,medium,1.7000070190215484,0,localization_error,0.5193503499031067,0.1080489307641983,0.7088700532913208,0.5168985724449158,0.19197148084640503,0.8299535512924194,0.47783365845680237,0.35211989283561707,0.9349140524864197,0.5942820906639099,0.34063196182250977
0900220012200307103714690HG_1294305600_485060200,2,LC,large,1.298387985942253,0,hit,0.8486955165863037,0.40763619542121887,0.5375532507896423,0.6889065504074097,-0.15135329961776733,0.49442434310913086,0.5872689485549927,-0.09284460544586182,0.5528586506843567,0.6258189082145691,-0.0729602575302124
0900220012200307104717301HJ_1295992600_484547100,0,LC,medium,1.3830007863212568,0,hit,0.9379809498786926,0.9048948287963867,0.5484166145324707,0.6895157098770142,-0.14109909534454346,0.7233663201332092,0.6225947141647339,0.10077160596847534,0.7822597622871399,0.715745747089386,0.0665140151977539
0900220012200307104717301HJ_1295992600_484547100,1,MC,small,4.555638067723274,0,hit,0.8322879672050476,0.8322879672050476,0.6592682600021362,0.6148756146430969,0.04439264535903931,0.7787607312202454,0.7853463292121887,-0.006585597991943359,1.024298906326294,0.8119045495986938,0.2123943567276001
0900220012200307104717301HJ_1295992600_484547100,2,MC,small,4.181916546443236,0,hit,0.7792684435844421,0.7579400539398193,0.6794193387031555,0.6389755606651306,0.0404437780380249,0.91587895154953,0.8502441644668579,0.06563478708267212,1.2198625802993774,0.9902889132499695,0.22957366704940796
0900220012200307113258908HJ_1295993200_484692400,0,LC,large,2.3684383657399555,0,hit,0.673945963382721,0.2895105183124542,0.6955052614212036,0.652177631855011,0.04332762956619263,0.6452280879020691,0.5210102200508118,0.12421786785125732,0.7594994902610779,0.6513165831565857,0.10818290710449219
0900220012200307113424787HJ_1295976700_484576600,0,TC,medium,21.24997901916504,1,hit,0.8475347757339478,0.7442874312400818,0.5251197814941406,0.6623156070709229,-0.13719582557678223,0.5064741969108582,0.6369583606719971,-0.13048416376113892,0.6434125900268555,0.7336187958717346,-0.09020620584487915
09002200122003071150523747C_1295524500_481722400,0,LC,large,1.5028919435540036,0,hit,0.927456796169281,0.9084408283233643,0.5261170268058777,0.6027565002441406,-0.07663947343826294,0.5677555203437805,0.5029902458190918,0.06476527452468872,0.681475818157196,0.5676138401031494,0.11386197805404663
0900220012200307120119496HG_1293993100_484928100,0,LC,medium,1.5918253463092114,0,hit,0.9231584668159485,0.8333603739738464,0.6258869171142578,0.6482565999031067,-0.022369682788848877,0.7029557824134827,0.5387873649597168,0.16416841745376587,0.8875976204872131,0.5990564227104187,0.28854119777679443
0900220012200307120119496HG_1293993100_484928100,1,LC,medium,1.25,0,hit,0.8645954132080078,0.8207108974456787,0.7035544514656067,0.5634340643882751,0.14012038707733154,0.6284093856811523,0.6050424575805664,0.023366928100585938,0.8174647092819214,0.6365814805030823,0.1808832287788391
0900220012200307120947327HJ_1296038100_484411800,0,TP,large,6.999963077692823,1,hit,0.9068052172660828,0.8827336430549622,0.509750485420227,0.6145258545875549,-0.10477536916732788,0.45249223709106445,0.5302695631980896,-0.07777732610702515,0.6565697193145752,0.6205739974975586,0.0359957218170166
0900220012200307120947327HJ_1296038100_484411800,1,TP,medium,3.857107409312721,0,hit,0.7733179330825806,0.6982827186584473,0.5742180347442627,0.56327885389328,0.010939180850982666,0.5549235939979553,0.46216821670532227,0.09275537729263306,0.709588885307312,0.6052279472351074,0.10436093807220459
0900220012200307121443532HJ_1296024300_484087300,0,LP,medium,1.8805894688512883,0,hit,0.6439111828804016,0.5115677714347839,0.5126333236694336,0.5473807454109192,-0.034747421741485596,0.559201180934906,0.48271965980529785,0.07648152112960815,0.858974039554596,0.5687610507011414,0.2902129888534546
0900220012200307121443532HJ_1296024300_484087300,1,TC,large,6.450087052587087,1,hit,0.7470501661300659,0.6705381274223328,0.5283161997795105,0.6246866583824158,-0.09637045860290527,0.46236446499824524,0.509463369846344,-0.047098904848098755,0.5158613920211792,0.6054200530052185,-0.0895586609840393
0900220012200307122302884HJ_1296423300_484021600,0,LC,large,1.1233724155724947,0,hit,0.9532818794250488,0.8794503211975098,0.6628592014312744,0.568985641002655,0.09387356042861938,0.5993291139602661,0.5424088835716248,0.05692023038864136,0.6429851055145264,0.5350698232650757,0.10791528224945068
0900220012200307122556664HJ_1296561700_484026700,0,LC,large,2.94738870985151,0,hit,0.9541391134262085,0.7902216911315918,0.5673463344573975,0.5505505800247192,0.016795754432678223,0.5668342709541321,0.5631820559501648,0.003652215003967285,0.8262621164321899,0.535384476184845,0.29087764024734497
0900220012200307122556664HJ_1296561700_484026700,1,LC,medium,1.285690263370303,0,hit,0.7159406542778015,0.6336215138435364,0.6117193698883057,0.5054664611816406,0.10625290870666504,0.5455154776573181,0.47821226716041565,0.06730321049690247,0.5681484937667847,0.5303808450698853,0.037767648696899414
0900220012200307123256322HJ_1296522000_484025900,0,LC,large,3.5438774581452748,0,hit,0.8650689125061035,0.7593358755111694,0.5743563771247864,0.6889245510101318,-0.11456817388534546,0.6165033578872681,0.6061336398124695,0.010369718074798584,0.6768478751182556,0.5691574215888977,0.10769045352935791
0900220012200307123256322HJ_1296522000_484025900,1,TC,large,2.4065992974897026,0,hit,0.7739013433456421,0.6042612791061401,0.5224399566650391,0.5872230529785156,-0.06478309631347656,0.5760319232940674,0.5047707557678223,0.07126116752624512,0.6245340704917908,0.5985819101333618,0.025952160358428955
0900220012200307123256322HJ_1296522000_484025900,2,MC,small,5.000030517992052,1,hit,0.7418195605278015,0.7418195605278015,0.8270118236541748,0.5932767987251282,0.23373502492904663,0.9010107517242432,0.6533352732658386,0.24767547845840454,1.0599650144577026,0.7292443513870239,0.3307206630706787
0900220012200307123355749HJ_1296445800_484022700,0,MC,small,4.5001983743476535,0,hit,0.5665000677108765,0.5263146758079529,0.6046668291091919,0.6750008463859558,-0.07033401727676392,0.5597983598709106,0.6143815517425537,-0.054583191871643066,0.8194246888160706,0.7687384486198425,0.05068624019622803
0900220012200307123355749HJ_1296445800_484022700,1,LC,large,2.4709696536543393,0,hit,0.9773300290107727,0.9527633786201477,0.6435739994049072,0.6714639067649841,-0.027889907360076904,0.4773319661617279,0.5113900303840637,-0.034058064222335815,0.5623217225074768,0.5581383109092712,0.004183411598205566
0900220012200307124145277HG_1294077300_484955000,0,LC,medium,3.560010595741928,0,hit,0.8233296871185303,0.7481694221496582,0.5177109837532043,0.42206645011901855,0.09564453363418579,0.6585386991500854,0.4258973300457001,0.23264136910438538,1.0253181457519531,0.6201866269111633,0.4051315188407898
0900220012200307124500812HG_1294179100_484997900,0,TC,large,5.424241891795665,1,hit,0.8625622391700745,0.8169234395027161,0.602243959903717,0.6581107378005981,-0.055866777896881104,0.5956194996833801,0.6201707720756531,-0.02455127239227295,0.7240740656852722,0.7009513974189758,0.023122668266296387
0900220012200307124500812HG_1294179100_484997900,1,MC,small,6.999813849590469,1,hit,0.5629655122756958,0.5318114161491394,0.8619179129600525,0.6910870671272278,0.1708308458328247,0.5938588976860046,0.605333149433136,-0.011474251747131348,0.6601994633674622,0.6371254324913025,0.023074030876159668
0900220012200307124500812HG_1294179100_484997900,2,MC,small,6.5998681688903,1,localization_error,0.15775702893733978,0.15775702893733978,0.6383374929428101,0.724094808101654,-0.085757315158844,0.5802513957023621,0.6183066368103027,-0.038055241107940674,0.5567920804023743,0.5656900405883789,-0.008897960186004639
0900220012200307125403197HJ_1296226400_484033200,0,TC,medium,2.596167208943101,0,hit,0.8657941222190857,0.8657941222190857,0.583129346370697,0.7267695665359497,-0.14364022016525269,0.5665624141693115,0.573840320110321,-0.0072779059410095215,0.7514104247093201,0.6088660359382629,0.14254438877105713
0900220012200307125403197HJ_1296226400_484033200,1,MC,small,4.999956404220072,0,hit,0.8050457239151001,0.8050457239151001,0.7169421315193176,0.5552939772605896,0.16164815425872803,0.8114641308784485,0.6094866991043091,0.2019774317741394,0.6377711892127991,0.6203678250312805,0.017403364181518555
0900220012200307125403197HJ_1296226400_484033200,2,TC,medium,4.03024241650807,0,hit,0.8716743588447571,0.7437257766723633,0.565028727054596,0.6439773440361023,-0.07894861698150635,0.5396230816841125,0.5565198659896851,-0.01689678430557251,0.7384540438652039,0.6403349041938782,0.09811913967132568
0900220012200307125403197HJ_1296226400_484033200,3,LC,small,1.6521492222039413,0,hit,0.8705424666404724,0.8226008415222168,0.8348167538642883,0.5129726529121399,0.32184410095214844,0.9941049218177795,0.5859132409095764,0.4081916809082031,1.028892993927002,0.7453317046165466,0.2835612893104553
0900220012200307125403197HJ_1296226400_484033200,4,TC,medium,5.611138614700707,1,hit,0.8526532649993896,0.35553663969039917,0.5573580861091614,0.6014255285263062,-0.044067442417144775,0.6621553897857666,0.5996796488761902,0.062475740909576416,0.7593061327934265,0.7063614130020142,0.052944719791412354
0900220012200307125403197HJ_1296226400_484033200,5,TC,medium,7.44003525399232,1,hit,0.7136300802230835,0.6822605729103088,0.6602882146835327,0.5964897274971008,0.06379848718643188,0.7005103230476379,0.5239233374595642,0.17658698558807373,0.8491684794425964,0.5953958630561829,0.2537726163864136
0900220012200307125748015HJ_1295971800_484049900,0,LC,large,1.4823501196285627,0,hit,0.9136857390403748,0.6304752230644226,0.5034188628196716,0.5901867747306824,-0.08676791191101074,0.5358040928840637,0.5381591320037842,-0.002355039119720459,0.6596131920814514,0.5577956438064575,0.1018175482749939
0900220012200307130851286HG_1294854000_484418000,0,LP,medium,1.7842938616463446,0,hit,0.8786667585372925,0.5662853121757507,0.5511934757232666,0.5714800357818604,-0.02028656005859375,0.5260667204856873,0.48717793822288513,0.038888782262802124,0.7914807200431824,0.6445252299308777,0.1469554901123047
0900220012200307130851286HG_1294854000_484418000,1,MC,medium,1.7000166704559847,0,hit,0.9514671564102173,0.908990740776062,0.6480825543403625,0.5655326247215271,0.08254992961883545,0.6431253552436829,0.5256275534629822,0.11749780178070068,1.51515793800354,0.6116740107536316,0.9034839272499084
0900220012200307130851286HG_1294854000_484418000,2,TC,medium,8.1111576413143,1,hit,0.6731410026550293,0.5230332016944885,0.47336578369140625,0.6150018572807312,-0.14163607358932495,0.3950860798358917,0.4956416189670563,-0.10055553913116455,0.5679880976676941,0.6543125510215759,-0.08632445335388184
0900220012200307130940205HG_1294871300_484352700,0,LP,medium,1.9706042861194786,0,hit,0.8661675453186035,0.8205348253250122,0.6441811323165894,0.5689019560813904,0.07527917623519897,0.6098862886428833,0.5045779347419739,0.10530835390090942,0.8254961967468262,0.6123040914535522,0.21319210529327393
0900220012200307130940205HG_1294871300_484352700,1,MC,medium,3.0475836171919504,0,hit,0.9140199422836304,0.8772745728492737,0.7956946492195129,0.5589583516120911,0.23673629760742188,0.9209465384483337,0.532403290271759,0.3885432481765747,1.4643739461898804,0.8771705031394958,0.5872034430503845
0900220012200307131643486HG_1294943100_484007600,0,TC,medium,9.51737528123941,1,hit,0.655752956867218,0.41235557198524475,0.6928734183311462,0.5338103771209717,0.15906304121017456,0.516815185546875,0.5326362252235413,-0.01582103967666626,0.5912385582923889,0.5669033527374268,0.024335205554962158
0900220012200307131800462HJ_1295929000_483957100,0,TC,medium,2.7082828958410685,0,hit,0.9103304147720337,0.8897233605384827,0.5159040689468384,0.6122615933418274,-0.09635752439498901,0.6126359105110168,0.4904269278049469,0.12220898270606995,0.8329604268074036,0.5613336563110352,0.2716267704963684
0900220012200307131800462HJ_1295929000_483957100,1,LC,medium,1.227860325976105,0,hit,0.8662737011909485,0.7860000729560852,0.5289274454116821,0.5445524454116821,-0.015625,0.5573407411575317,0.46911388635635376,0.08822685480117798,0.5968356728553772,0.5853307843208313,0.011504888534545898
0900220012200307131800462HJ_1295929000_483957100,2,MC,medium,2.6388893833891975,0,hit,0.929111659526825,0.8963909149169922,0.548845648765564,0.6553171873092651,-0.10647153854370117,0.5588237047195435,0.5490061044692993,0.00981760025024414,0.9525761008262634,0.6629015207290649,0.2896745800971985
0900220012200307131800462HJ_1295929000_483957100,3,TC,medium,3.9642380699108024,0,hit,0.9425020217895508,0.9425020217895508,0.4502941370010376,0.5611596703529358,-0.1108655333518982,0.5284178256988525,0.5209130644798279,0.007504761219024658,0.7313259243965149,0.5507487058639526,0.18057721853256226
0900220012200307131800462HJ_1295929000_483957100,4,MC,medium,2.8461217490510364,0,hit,0.8818153142929077,0.8229384422302246,0.5529971122741699,0.5338956117630005,0.019101500511169434,0.5901557207107544,0.57149738073349,0.018658339977264404,0.6944816708564758,0.7617999911308289,-0.06731832027435303
0900220012200307132417117HJ_1295889200_483837800,0,LC,medium,4.258127648179943,0,hit,0.9465358257293701,0.8407572507858276,0.5642964243888855,0.5328682065010071,0.03142821788787842,0.5431926846504211,0.48676005005836487,0.056432634592056274,0.7812657356262207,0.6159826517105103,0.16528308391571045
0900220012200307133450345HJ_1295915100_483467200,0,LC,large,2.3382407060010446,0,hit,0.9005142450332642,0.8577204346656799,0.5144280195236206,0.6241554617881775,-0.10972744226455688,0.5711650252342224,0.5448967218399048,0.026268303394317627,0.8081609606742859,0.5355403423309326,0.27262061834335327
0900220012200307133450345HJ_1295915100_483467200,1,TC,medium,3.8461368719061877,0,hit,0.9429534673690796,0.9287899136543274,0.5441567301750183,0.6919538378715515,-0.1477971076965332,0.6047309041023254,0.5622267723083496,0.04250413179397583,0.8649808764457703,0.6235729455947876,0.24140793085098267
0900220012200307140103897HJ_1295984900_483840400,0,LC,large,1.2608704651662672,0,hit,0.8845820426940918,0.5585883855819702,0.6141613125801086,0.5680434107780457,0.04611790180206299,0.5369975566864014,0.5491635203361511,-0.012165963649749756,0.6534802317619324,0.5613612532615662,0.09211897850036621
0900220012200307142002325HJ_1295931700_483997600,0,MC,small,3.9999564042200717,0,hit,0.8327004909515381,0.8327004909515381,0.6359255909919739,0.606453537940979,0.029472053050994873,0.6404303312301636,0.5623149871826172,0.07811534404754639,0.7107416987419128,0.6998502612113953,0.010891437530517578
0900220012200307142002325HJ_1295931700_483997600,1,LC,large,2.68132156134951,0,hit,0.8814572095870972,0.3367231786251068,0.5302385687828064,0.600217342376709,-0.06997877359390259,0.44350412487983704,0.5776597261428833,-0.13415560126304626,0.5770657062530518,0.5699325203895569,0.007133185863494873
0900220012200307142002325HJ_1295931700_483997600,2,MC,small,4.166932866720246,0,hit,0.8521132469177246,0.8521132469177246,0.6372910737991333,0.5638102889060974,0.07348078489303589,0.8740964531898499,0.6001434326171875,0.27395302057266235,0.7379609942436218,0.7487432360649109,-0.010782241821289062
0900220012200307142002325HJ_1295931700_483997600,3,LC,medium,7.74079212688136,1,hit,0.8751143217086792,0.8177323341369629,0.4647410809993744,0.5202295184135437,-0.05548843741416931,0.5110025405883789,0.5060030817985535,0.0049994587898254395,0.6418775916099548,0.5485567450523376,0.09332084655761719
0900220012200307142316929HJ_1295928100_483784800,0,LP,medium,1.9106932661371185,0,hit,0.880065381526947,0.6970834136009216,0.5262116193771362,0.58404141664505,-0.05782979726791382,0.5839733481407166,0.4862337112426758,0.09773963689804077,0.9024537205696106,0.5999875664710999,0.30246615409851074
0900220012200307142316929HJ_1295928100_483784800,1,TC,medium,2.183329535605731,0,classification_error,0.6911804676055908,0.2726495862007141,0.4954460561275482,0.572955310344696,-0.07750925421714783,0.5205829739570618,0.5466185808181763,-0.026035606861114502,0.601853609085083,0.5973069667816162,0.004546642303466797
0900220012200307142316929HJ_1295928100_483784800,2,TC,medium,2.3508730178276385,0,localization_error,0.8375862836837769,0.17726120352745056,0.504393994808197,0.6827391386032104,-0.17834514379501343,0.5517396330833435,0.5226300358772278,0.029109597206115723,0.6289086937904358,0.5763954520225525,0.0525132417678833
0900220012200307142316929HJ_1295928100_483784800,3,TP,medium,5.782563237058031,1,hit,0.585654616355896,0.4612879753112793,0.6612804532051086,0.6697725653648376,-0.008492112159729004,0.5287847518920898,0.5302686095237732,-0.0014838576316833496,0.5750918388366699,0.5602232217788696,0.014868617057800293
0900220012200307142413721HJ_1295926600_483674100,0,TP,medium,21.667148176028974,1,localization_error,0.16637566685676575,0.16637566685676575,0.573380708694458,0.6619256138801575,-0.08854490518569946,0.6372563242912292,0.5849342346191406,0.05232208967208862,0.6696533560752869,0.7945099472999573,-0.12485659122467041
0900220012200307142601220HJ_1295927200_483528300,0,MC,small,5.00032045412928,1,hit,0.7571098804473877,0.6858747601509094,0.5798002481460571,0.5434224009513855,0.03637784719467163,0.5035420656204224,0.6092435717582703,-0.1057015061378479,1.177412509918213,0.7918840050697327,0.3855285048484802
0900220012200307142601220HJ_1295927200_483528300,1,TP,medium,3.464275126646845,0,hit,0.8011261224746704,0.45721226930618286,0.5417143702507019,0.6021908521652222,-0.060476481914520264,0.5285615921020508,0.511719286441803,0.016842305660247803,0.9368197321891785,0.5820393562316895,0.354780375957489
0900220012200307142601220HJ_1295927200_483528300,2,LC,medium,3.2333161079259933,0,hit,0.7313741445541382,0.7313741445541382,0.5485967397689819,0.626025915145874,-0.07742917537689209,0.49142658710479736,0.5231364369392395,-0.03170984983444214,0.7076533436775208,0.5345498919487,0.1731034517288208
0900220012200307142601220HJ_1295927200_483528300,3,TC,small,2.0475807107897275,0,hit,0.7780796885490417,0.15332633256912231,0.5220353007316589,0.5394606590270996,-0.017425358295440674,0.4894137382507324,0.47108468413352966,0.01832905411720276,0.8633875250816345,0.7184063196182251,0.14498120546340942
0900220012200307142601220HJ_1295927200_483528300,4,LC,large,3.5516979750157587,0,hit,0.8798397183418274,0.2804209887981415,0.6350558400154114,0.6586519479751587,-0.023596107959747314,0.5743582844734192,0.6032449007034302,-0.028886616230010986,0.6298664212226868,0.6006498336791992,0.02921658754348755
0900220012200307142846637HJ_1295930900_483361300,0,LC,medium,1.6808583444637002,0,hit,0.8972998261451721,0.7926523685455322,0.5440924167633057,0.4654195010662079,0.07867291569709778,0.6271641254425049,0.46652576327323914,0.16063836216926575,0.969019889831543,0.6468569040298462,0.3221629858016968
0900220012200307143027830HJ_1295932600_483183100,0,TC,medium,23.525761075222533,1,hit,0.6165459752082825,0.4611821174621582,0.5926937460899353,0.694385290145874,-0.10169154405593872,0.5830724835395813,0.6130193471908569,-0.029946863651275635,0.6817919015884399,0.6831693053245544,-0.001377403736114502
0900220012200307143027830HJ_1295932600_483183100,1,LC,medium,1.2758589845718995,0,hit,0.9582542777061462,0.9181786775588989,0.6306236982345581,0.5568156242370605,0.07380807399749756,0.664801836013794,0.5428504347801208,0.1219514012336731,0.8199160695075989,0.5722681283950806,0.2476479411125183
0900220012200307143027830HJ_1295932600_483183100,2,TC,large,3.4339395363192056,0,hit,0.8717343807220459,0.8548504114151001,0.5422042608261108,0.702009916305542,-0.15980565547943115,0.5916107296943665,0.6124358177185059,-0.020825088024139404,0.6774027943611145,0.6887899041175842,-0.011387109756469727
0900220012200307143633119HJ_1295927000_483481700,0,MC,medium,3.222255188853586,0,hit,0.8926557302474976,0.8926557302474976,0.621811032295227,0.6000774502754211,0.021733582019805908,0.7031702995300293,0.6768938899040222,0.02627640962600708,1.0468052625656128,0.908359169960022,0.13844609260559082
0900220012200307143633119HJ_1295927000_483481700,1,LP,medium,1.844810839763901,0,hit,0.9207568168640137,0.8555154800415039,0.5627571940422058,0.5013701915740967,0.06138700246810913,0.6375105381011963,0.4838777482509613,0.15363278985023499,0.8038008213043213,0.620976984500885,0.18282383680343628
0900220012200307143633119HJ_1295927000_483481700,2,MC,small,4.333428278841393,0,hit,0.8831020593643188,0.8600879311561584,0.6477753520011902,0.4977681338787079,0.1500072181224823,0.7810724973678589,0.5466406941413879,0.23443180322647095,0.802588939666748,0.6733012795448303,0.12928766012191772
0900220012200307143633119HJ_1295927000_483481700,3,MC,small,3.5334543220225187,0,hit,0.8834244608879089,0.793316662311554,0.6734175086021423,0.48061084747314453,0.1928066611289978,0.7811373472213745,0.5492334365844727,0.23190391063690186,1.445000171661377,0.7884081602096558,0.6565920114517212
0900220012200307144036520HJ_1295928100_483688300,0,LP,medium,1.9999704075800984,0,hit,0.929118275642395,0.6410818696022034,0.5985692143440247,0.5766512751579285,0.02191793918609619,0.7569410800933838,0.5103421211242676,0.2465989589691162,0.8917473554611206,0.6247400641441345,0.2670072913169861
0900220012200307144036520HJ_1295928100_483688300,1,TP,medium,9.41395073758916,1,hit,0.7816590666770935,0.31172317266464233,0.6298901438713074,0.6355802416801453,-0.005690097808837891,0.5535780191421509,0.5202717185020447,0.0333063006401062,0.7237505316734314,0.6500990390777588,0.07365149259567261
0900220012200307144417423HJ_1295930700_483856200,0,LP,medium,2.1500203707631482,0,hit,0.738882303237915,0.5045483112335205,0.6315448880195618,0.6169787049293518,0.014566183090209961,0.6559029221534729,0.5542653203010559,0.10163760185241699,0.8667567372322083,0.6402296423912048,0.22652709484100342
0900220012200307144806384HJ_1295933100_484007300,0,LP,large,2.3408991128444394,0,hit,0.9701279997825623,0.9144973158836365,0.5493078827857971,0.6571813225746155,-0.10787343978881836,0.5814580917358398,0.558226466178894,0.0232316255569458,0.8020804524421692,0.5926008820533752,0.20947957038879395
0900220012200307144806384HJ_1295933100_484007300,1,MC,small,3.3749938010932965,0,hit,0.8642336130142212,0.8444782495498657,0.5545299649238586,0.5223501324653625,0.032179832458496094,1.0455678701400757,0.6172805428504944,0.4282873272895813,1.2470306158065796,0.8885210156440735,0.3585096001625061
0900220012200307144806384HJ_1295933100_484007300,2,LP,medium,3.5526617163545016,0,hit,0.846745491027832,0.2512086033821106,0.54957515001297,0.6711828112602234,-0.12160766124725342,0.5535794496536255,0.5514864921569824,0.0020929574966430664,0.7170717716217041,0.6151491403579712,0.10192263126373291
09002200122003071459263316G_1294672500_483249600,0,P,small,2.833548662753436,0,localization_error,0.482268750667572,0.482268750667572,0.7280425429344177,0.6104211211204529,0.11762142181396484,0.7235382795333862,0.5942904353141785,0.12924784421920776,0.7480049133300781,0.6957773566246033,0.052227556705474854
0900220012200307151036459HG_1294936500_484112900,0,LP,large,1.0333334011503117,0,hit,0.9333826899528503,0.9162276983261108,0.7253723740577698,0.6213440895080566,0.10402828454971313,0.689988374710083,0.5728904008865356,0.11709797382354736,0.6485956311225891,0.6112347841262817,0.03736084699630737
0900220012200307151036459HG_1294936500_484112900,1,LP,large,1.3069249656149307,0,hit,0.9323435425758362,0.8683297634124756,0.7922620177268982,0.6639730334281921,0.12828898429870605,0.6424553394317627,0.6490363478660583,-0.006581008434295654,0.695224940776825,0.6459960341453552,0.04922890663146973
0900220012200307151036459HG_1294936500_484112900,2,TP,medium,4.704502768063853,0,hit,0.9339990615844727,0.8523075580596924,0.5673732757568359,0.7242185473442078,-0.15684527158737183,0.546373188495636,0.5696048736572266,-0.023231685161590576,0.7733839154243469,0.5987917184829712,0.17459219694137573
0900220012200307151036459HG_1294936500_484112900,3,TP,medium,3.6734290454694927,0,hit,0.9642531275749207,0.960582435131073,0.5744437575340271,0.6502233743667603,-0.07577961683273315,0.7186207175254822,0.565217912197113,0.15340280532836914,0.710649311542511,0.6472992300987244,0.06335008144378662
0900220012200307151054573HG_1294926500_484150600,0,LP,large,2.047621864097219,0,hit,0.9731647968292236,0.9294096827507019,0.5546479821205139,0.754788339138031,-0.2001403570175171,0.4748227298259735,0.567143440246582,-0.09232071042060852,0.5702991485595703,0.5751051902770996,-0.004806041717529297
0900220012200307151054573HG_1294926500_484150600,1,LP,medium,1.6290320040164992,0,hit,0.9672713875770569,0.9294716119766235,0.7006202340126038,0.4774744212627411,0.22314581274986267,0.6640704274177551,0.49120232462882996,0.17286810278892517,0.8094668984413147,0.6014984846115112,0.20796841382980347
0900220012200307151054573HG_1294926500_484150600,2,LC,medium,1.4857155064248613,0,hit,0.793304979801178,0.4400389790534973,0.5363925099372864,0.6580141186714172,-0.12162160873413086,0.6628926396369934,0.5313245058059692,0.13156813383102417,0.7425570487976074,0.678779661655426,0.0637773871421814
0900220012200307153208436HJ_1296031800_484124700,0,TP,medium,19.058331987003427,1,hit,0.8890145421028137,0.7918986678123474,0.664365828037262,0.5535765290260315,0.11078929901123047,0.5810470581054688,0.5013079643249512,0.07973909378051758,0.8556007742881775,0.6520884037017822,0.20351237058639526
0900220012200307153208436HJ_1296031800_484124700,1,TP,small,20.66796882947771,1,localization_error,0.2593471109867096,0.0,0.748479962348938,0.6202441453933716,0.1282358169555664,0.6603412628173828,0.6307966113090515,0.0295446515083313,0.9564560651779175,0.9387292265892029,0.0177268385887146
0900220012200307153208436HJ_1296031800_484124700,2,LP,medium,1.4444684065896805,0,hit,0.9041141271591187,0.8838598728179932,0.6908984780311584,0.7366483211517334,-0.04574984312057495,0.7220225930213928,0.605643093585968,0.1163794994354248,0.9709585309028625,0.7422253489494324,0.22873318195343018
0900220012200307153208436HJ_1296031800_484124700,3,LP,large,1.3863610669725808,0,hit,0.9636530876159668,0.9457395672798157,0.6247113347053528,0.6176917552947998,0.0070195794105529785,0.6891748905181885,0.5260582566261292,0.16311663389205933,0.8547002077102661,0.6669557690620422,0.18774443864822388
0900220012200307153208436HJ_1296031800_484124700,4,LP,medium,1.1176354432197608,0,hit,0.9209149479866028,0.8564335703849792,0.5742465853691101,0.5147282481193542,0.05951833724975586,0.6567344069480896,0.4537715017795563,0.20296290516853333,1.1088353395462036,0.567837655544281,0.5409976840019226
0900220012200307153208436HJ_1296031800_484124700,5,TP,medium,3.116287536834216,0,hit,0.867537796497345,0.8096610903739929,0.5434081554412842,0.7116228938102722,-0.16821473836898804,0.5302819013595581,0.52165287733078,0.008629024028778076,0.8396164178848267,0.5440093278884888,0.2956070899963379
0900220012200307153208436HJ_1296031800_484124700,6,TP,small,9.14277742416448,1,localization_error,0.2319365292787552,0.2319365292787552,0.6318739056587219,0.5735380053520203,0.05833590030670166,0.6169748902320862,0.7295122146606445,-0.11253732442855835,0.8894193768501282,0.8428360819816589,0.04658329486846924
0900220012200307153208436HJ_1296031800_484124700,7,TP,small,7.714166136246719,1,localization_error,0.4428735673427582,0.4428735673427582,0.576802134513855,0.8364942669868469,-0.25969213247299194,0.7034943699836731,0.5913359522819519,0.11215841770172119,0.8327893614768982,0.6846257448196411,0.14816361665725708
0900220012200307153315954HJ_1296042700_484254900,0,AC,large,2.1168763457928037,0,hit,0.9315170645713806,0.8823233842849731,0.5605043768882751,0.6247133612632751,-0.064208984375,0.5209485292434692,0.5495437979698181,-0.028595268726348877,0.7146787643432617,0.5815300345420837,0.13314872980117798
0900220012200307153447604HJ_1296047500_484359100,0,LP,medium,1.7692063916843315,0,hit,0.931587815284729,0.7105437517166138,0.7075995206832886,0.6649652123451233,0.04263430833816528,0.7355729937553406,0.5481672286987305,0.1874057650566101,0.9184401035308838,0.6279415488243103,0.2904985547065735
0900220012200307153447604HJ_1296047500_484359100,1,TC,medium,10.35010803354533,1,hit,0.8720497488975525,0.7440665364265442,0.48614421486854553,0.5189121961593628,-0.03276798129081726,0.5428146719932556,0.5222653746604919,0.020549297332763672,0.8156638741493225,0.615434467792511,0.20022940635681152
0900220012200307153447604HJ_1296047500_484359100,2,MC,small,4.285656988403523,0,hit,0.7997004985809326,0.6667505502700806,0.6927884817123413,0.5743388533592224,0.1184496283531189,0.8447626829147339,0.5579620599746704,0.2868006229400635,0.7927312850952148,0.7106437683105469,0.08208751678466797
0900220012200307153447604HJ_1296047500_484359100,3,LP,medium,1.6779827238400662,0,hit,0.9554738998413086,0.8675302863121033,0.6256557703018188,0.6243439316749573,0.0013118386268615723,0.562908947467804,0.4955620765686035,0.06734687089920044,0.6697803735733032,0.6141194701194763,0.055660903453826904
0900220012200307153447604HJ_1296047500_484359100,4,LP,medium,1.8983119054220132,0,hit,0.934356153011322,0.9085047841072083,0.6188042759895325,0.595345675945282,0.02345860004425049,0.6286579966545105,0.48321276903152466,0.14544522762298584,0.8388595581054688,0.5313806533813477,0.3074789047241211
0900220012200307153447604HJ_1296047500_484359100,5,MC,small,5.999816901236527,1,localization_error,0.3878818154335022,0.3878818154335022,0.7118757963180542,0.6802994608879089,0.031576335430145264,0.621317446231842,0.6171298027038574,0.004187643527984619,0.6767572164535522,0.6104859113693237,0.06627130508422852
0900220012200307155316135HJ_1296043000_484186700,0,AC,large,1.8801868632092453,0,hit,0.9225746393203735,0.6393551230430603,0.5224430561065674,0.7019564509391785,-0.17951339483261108,0.6046203374862671,0.5669993758201599,0.03762096166610718,0.5367462635040283,0.6427379250526428,-0.1059916615486145
0900220012200307155316135HJ_1296043000_484186700,1,LC,medium,2.068960872502573,0,hit,0.9286560416221619,0.8886623978614807,0.6864246129989624,0.6943440437316895,-0.00791943073272705,0.6058281064033508,0.5811742544174194,0.024653851985931396,0.6885743737220764,0.5733705759048462,0.11520379781723022
0900220012200307155316135HJ_1296043000_484186700,2,LC,medium,3.9333051216425714,0,hit,0.7587620615959167,0.5912763476371765,0.5830653309822083,0.6373924612998962,-0.05432713031768799,0.5537365078926086,0.5811481475830078,-0.02741163969039917,0.8199964165687561,0.594699501991272,0.22529691457748413
0900220012200307155316135HJ_1296043000_484186700,3,MC,small,4.7143230824229,0,hit,0.6043154001235962,0.30109819769859314,0.6555242538452148,0.6039700508117676,0.051554203033447266,0.5355545878410339,0.5922704935073853,-0.05671590566635132,0.4942324459552765,0.5658773183822632,-0.0716448724269867
0900220012200307160243726HJ_1296031100_484250300,0,TC,medium,15.182155143713238,1,hit,0.834176778793335,0.5349856615066528,0.7720621824264526,0.6430608630180359,0.12900131940841675,0.6011661291122437,0.6056708693504333,-0.004504740238189697,0.8734515309333801,0.6861855387687683,0.18726599216461182
0900220012200307160338367HJ_1295959200_484241500,0,LP,small,1.866743709105114,0,localization_error,0.3286084234714508,0.24655725061893463,0.7496911883354187,0.7045345306396484,0.045156657695770264,0.8315271735191345,0.6115816831588745,0.21994549036026,1.4464857578277588,0.9710583686828613,0.47542738914489746
0900220012200307160338367HJ_1295959200_484241500,1,TP,large,30.571067347152308,1,hit,0.7834916114807129,0.7210132479667664,0.5760478973388672,0.7297317981719971,-0.15368390083312988,0.5346707105636597,0.5940637588500977,-0.05939304828643799,0.6375133991241455,0.6614281535148621,-0.023914754390716553
0900220012200307160338367HJ_1295959200_484241500,2,MC,small,5.000282306982139,1,hit,0.7328295111656189,0.6222021579742432,0.9263790249824524,0.696087658405304,0.23029136657714844,0.7229126691818237,0.6341515779495239,0.0887610912322998,0.8929981589317322,0.7366374135017395,0.15636074542999268
0900220012200307161459681HJ_1295991700_484559400,0,LC,large,2.5757633556019175,0,hit,0.9162136316299438,0.8856081366539001,0.5453208088874817,0.6939210295677185,-0.14860022068023682,0.5232489705085754,0.5225898027420044,0.0006591677665710449,0.6902836561203003,0.5285510420799255,0.16173261404037476
0900220012200307161459681HJ_1295991700_484559400,1,MC,small,4.85709178735537,0,hit,0.6336777806282043,0.5847973227500916,0.787591814994812,0.5280270576477051,0.25956475734710693,0.7308815121650696,0.5740754008293152,0.1568061113357544,1.0618419647216797,0.7887970209121704,0.2730449438095093
0900220012200307161459681HJ_1295991700_484559400,2,MC,small,3.0998376524297204,0,hit,0.7506097555160522,0.10948970913887024,0.8018810749053955,0.7797682285308838,0.02211284637451172,0.7011289596557617,0.7211419343948364,-0.020012974739074707,0.8175371289253235,0.7350719571113586,0.08246517181396484
0900220012200307161612762HJ_1295979100_484631500,0,LC,medium,1.115383652306734,0,hit,0.8918907046318054,0.5276904702186584,0.6915825009346008,0.7105544805526733,-0.01897197961807251,0.6760073304176331,0.5225224494934082,0.15348488092422485,0.8203718066215515,0.6488543748855591,0.17151743173599243
0900220012200307161612762HJ_1295979100_484631500,1,MC,medium,1.61292432407422,0,hit,0.9107239246368408,0.9020872116088867,0.7552344799041748,0.7240681052207947,0.031166374683380127,0.8143958449363708,0.6484512686729431,0.16594457626342773,0.9133833050727844,0.6228787899017334,0.290504515171051
0900220012200307161612762HJ_1295979100_484631500,2,LC,large,3.4871713010239014,0,hit,0.8044720888137817,0.16090020537376404,0.6697145104408264,0.8002700805664062,-0.13055557012557983,0.5369337201118469,0.5791727304458618,-0.04223901033401489,0.5195736289024353,0.6440584063529968,-0.12448477745056152
0900220012200307161612762HJ_1295979100_484631500,3,LC,medium,1.7586613319751057,0,localization_error,0.7732235193252563,0.11459039896726608,0.6642560362815857,0.6179861426353455,0.046269893646240234,0.5740090012550354,0.4845726191997528,0.08943638205528259,0.5248095393180847,0.49055537581443787,0.03425416350364685
0900220012200307161612762HJ_1295979100_484631500,4,LC,medium,2.078952821051516,0,localization_error,0.9389416575431824,0.27629002928733826,0.522969126701355,0.654558002948761,-0.131588876247406,0.5120838284492493,0.5421690344810486,-0.030085206031799316,0.7082381844520569,0.5464022755622864,0.1618359088897705
09002200122003101038363506G_1295591400_483779600,0,LP,large,2.05633368149132,0,hit,0.9246828556060791,0.8968582153320312,0.4980430603027344,0.5298435091972351,-0.03180044889450073,0.5685498118400574,0.4881030023097992,0.08044680953025818,0.7505373954772949,0.5325241684913635,0.2180132269859314
09002200122003101038363506G_1295591400_483779600,1,MC,small,3.6000740580989854,0,hit,0.8086439967155457,0.7870655655860901,0.5348052382469177,0.5625337958335876,-0.027728557586669922,0.7429139018058777,0.6365922093391418,0.10632169246673584,1.2899099588394165,0.8644823431968689,0.4254276156425476
09002200122003101038363506G_1295591400_483779600,2,MC,medium,3.500010172629523,0,hit,0.8467922806739807,0.6711695194244385,0.5408737063407898,0.5970377326011658,-0.05616402626037598,0.7764506936073303,0.7048157453536987,0.07163494825363159,1.1580332517623901,0.8823480606079102,0.27568519115448
09002200122003101038363506G_1295591400_483779600,3,LP,medium,1.2771070073146213,0,hit,0.9643514156341553,0.8895490765571594,0.5462877750396729,0.6047899723052979,-0.058502197265625,0.5135759711265564,0.5006603598594666,0.012915611267089844,0.6632046699523926,0.587725043296814,0.07547962665557861
0900220012200310111333665HJ_1295256300_484812900,0,AC,large,2.8684259275618613,0,hit,0.885501503944397,0.6797909140586853,0.5042243003845215,0.5791749358177185,-0.07495063543319702,0.4800799787044525,0.48767444491386414,-0.007594466209411621,0.7258079648017883,0.5564543008804321,0.1693536639213562
09002200122003101132030766G_1295559100_483857600,0,LP,medium,1.6666644060899936,0,hit,0.8292248249053955,0.8215022087097168,0.5714522004127502,0.5341531038284302,0.03729909658432007,0.7693941593170166,0.5364958643913269,0.2328982949256897,0.893255889415741,0.715268075466156,0.17798781394958496
09002200122003101132030766G_1295559100_483857600,1,LC,large,1.4516202283250366,0,localization_error,0.9595611095428467,0.9590680003166199,0.5866796970367432,0.5360659956932068,0.05061370134353638,0.543737530708313,0.492898553609848,0.050838977098464966,0.7487183809280396,0.5794194936752319,0.16929888725280762
09002200122003101132030766G_1295559100_483857600,2,MC,small,4.666802303106753,0,hit,0.7389929890632629,0.6987494826316833,0.6171789765357971,0.5804172158241272,0.03676176071166992,0.5042329430580139,0.5606433153152466,-0.056410372257232666,1.0250197649002075,0.7558128237724304,0.2692069411277771
09002200122003101132030766G_1295559100_483857600,3,TP,medium,2.820000476075381,0,hit,0.9188017249107361,0.9010967016220093,0.5385749936103821,0.661456286907196,-0.12288129329681396,0.5508118867874146,0.5031824111938477,0.047629475593566895,0.8223093152046204,0.5562669038772583,0.26604241132736206
09002200122003101132030766G_1295559100_483857600,4,TP,medium,2.882366668880699,0,hit,0.9105762839317322,0.7612466216087341,0.5494288206100464,0.6779576539993286,-0.12852883338928223,0.5704085230827332,0.5630970597267151,0.007311463356018066,0.8904837369918823,0.60157310962677,0.2889106273651123
09002200122003101132030766G_1295559100_483857600,5,TP,medium,17.583003580656317,1,hit,0.8722246289253235,0.4638318121433258,0.4976564049720764,0.5387402772903442,-0.04108387231826782,0.5349876880645752,0.525414764881134,0.009572923183441162,0.7751592397689819,0.595035970211029,0.18012326955795288
09002200122003101132030766G_1295559100_483857600,6,LP,medium,1.8846031958421656,0,hit,0.8348204493522644,0.2894744277000427,0.5931714177131653,0.5851950645446777,0.007976353168487549,0.6180270314216614,0.5795574188232422,0.03846961259841919,0.8423903584480286,0.7478041648864746,0.09458619356155396
09002200122003101132444006G_1295527900_483908800,0,LP,medium,2.818240962819209,0,hit,0.8976664543151855,0.8976664543151855,0.7113199234008789,0.5279130935668945,0.18340682983398438,1.146885633468628,0.5863873362541199,0.5604982972145081,1.1153857707977295,0.7162305116653442,0.39915525913238525
09002200122003101132444006G_1295527900_483908800,1,TP,medium,14.071261972543258,1,hit,0.880379855632782,0.8083405494689941,0.5290957689285278,0.5528833270072937,-0.02378755807876587,0.6398021578788757,0.4585692584514618,0.18123289942741394,0.6597445011138916,0.6479050517082214,0.011839449405670166
09002200122003101132444006G_1295527900_483908800,2,LP,large,1.2761926712429497,0,hit,0.979060173034668,0.9664834141731262,0.6403217911720276,0.5568198561668396,0.08350193500518799,0.5693256855010986,0.5381989479064941,0.031126737594604492,0.6741398572921753,0.57878178358078,0.09535807371139526
09002200122003101132444006G_1295527900_483908800,3,TP,large,7.561419767958582,1,hit,0.961686372756958,0.9261011481285095,0.528579831123352,0.6080299615859985,-0.07945013046264648,0.48817095160484314,0.4616222083568573,0.02654874324798584,0.637749969959259,0.5478823184967041,0.08986765146255493
09002200122003101132444006G_1295527900_483908800,4,LP,large,1.8117645284796402,0,hit,0.9789342284202576,0.9605903029441833,0.6652443408966064,0.5749685168266296,0.0902758240699768,0.5717995762825012,0.4672200679779053,0.10457950830459595,0.6307445168495178,0.5425505638122559,0.08819395303726196
0900220012200310120922496HG_1294917900_483594400,0,TC,medium,9.565151856913504,1,hit,0.7662608027458191,0.3368006646633148,0.6292309165000916,0.5756680369377136,0.05356287956237793,0.5838252305984497,0.43552690744400024,0.14829832315444946,0.8350176215171814,0.6057088971138,0.22930872440338135
0900220012200310120922496HG_1294917900_483594400,1,LC,medium,1.4864824293851482,0,hit,0.7808518409729004,0.491813063621521,0.623421311378479,0.6170884370803833,0.006332874298095703,0.7503938674926758,0.4817388653755188,0.268655002117157,1.1022306680679321,0.7164406180381775,0.38579005002975464
0900220012200310120922496HG_1294917900_483594400,2,MC,small,2.9998962440340318,0,hit,0.6263253092765808,0.6263253092765808,0.6948609948158264,0.7742280960083008,-0.07936710119247437,0.8364973664283752,0.6731051206588745,0.16339224576950073,0.6878325343132019,0.700444757938385,-0.012612223625183105
0900220012200310130157971HG_1294933700_483549600,0,LP,large,1.2525223131854482,0,hit,0.9329419732093811,0.9123660922050476,0.5780423879623413,0.5538561940193176,0.02418619394302368,0.5982673764228821,0.5481538772583008,0.0501134991645813,0.6253898739814758,0.6158062815666199,0.009583592414855957
0900220012200310130410815HG_1294922800_483612900,0,LP,large,1.2661238977082077,0,hit,0.9751346707344055,0.8803050518035889,0.5395592451095581,0.5414285659790039,-0.0018693208694458008,0.5169304609298706,0.5239753127098083,-0.007044851779937744,0.7038573622703552,0.6436817049980164,0.06017565727233887
0900220012200310130505622HG_1294920800_483639500,0,LP,medium,1.8837415614868815,0,hit,0.8812917470932007,0.8335509896278381,0.6148439049720764,0.543226420879364,0.0716174840927124,0.5885212421417236,0.48997899889945984,0.0985422432422638,0.8958513736724854,0.6718594431877136,0.22399193048477173
0900220012200310130505622HG_1294920800_483639500,1,TP,medium,21.142453570494375,1,hit,0.6362637877464294,0.5446707606315613,0.6274561882019043,0.6772469878196716,-0.049790799617767334,0.7300933003425598,0.6338770389556885,0.09621626138687134,0.9890783429145813,0.8016510009765625,0.1874273419380188
0900220012200310130505622HG_1294920800_483639500,2,LP,medium,1.7097141141377648,0,hit,0.8620054125785828,0.7415539026260376,0.5720613598823547,0.6101956963539124,-0.03813433647155762,0.6582973003387451,0.5557193160057068,0.10257798433303833,1.1988568305969238,0.6658992171287537,0.5329576134681702
0900220012200310130505622HG_1294920800_483639500,3,TP,small,3.538554876588712,0,hit,0.6479974389076233,0.3165326714515686,0.5791648030281067,0.4942726194858551,0.08489218354225159,0.6853424906730652,0.5211682915687561,0.16417419910430908,1.0397783517837524,0.7054608464241028,0.33431750535964966
0900220012200310130549684HG_1294919700_483660200,0,LP,medium,1.461518598193938,0,hit,0.9062871336936951,0.8887842297554016,0.4950870871543884,0.5111683011054993,-0.01608121395111084,0.5880686044692993,0.5077592134475708,0.08030939102172852,0.7912060618400574,0.6344684362411499,0.15673762559890747
0900220012200310130549684HG_1294919700_483660200,1,TC,small,7.181933192764399,1,hit,0.8507740497589111,0.8149938583374023,0.5684062242507935,0.5571511387825012,0.011255085468292236,0.5781898498535156,0.5401889681816101,0.03800088167190552,0.7293665409088135,0.7151821255683899,0.014184415340423584
0900220012200310130549684HG_1294919700_483660200,2,MC,small,3.28571179450514,0,hit,0.5276237726211548,0.5042276382446289,0.6050026416778564,0.6188841462135315,-0.013881504535675049,0.7774946689605713,0.6599045991897583,0.11759006977081299,0.8696776628494263,0.6994732022285461,0.17020446062088013
0900220012200310130549684HG_1294919700_483660200,3,MC,small,5.500427272172374,1,localization_error,0.30839666724205017,0.26378944516181946,0.5396153330802917,0.6461745500564575,-0.10655921697616577,0.8706874847412109,0.5750059485435486,0.29568153619766235,1.0711554288864136,0.8049635291099548,0.26619189977645874
0900220012200310130549684HG_1294919700_483660200,4,MC,small,3.9091499278659416,0,hit,0.5707668662071228,0.5707668662071228,0.6242471933364868,0.664228081703186,-0.03998088836669922,0.6042969822883606,0.5262631773948669,0.07803380489349365,0.7164114117622375,0.6386181116104126,0.07779330015182495
09002200122003101409257426G_1295338600_484234900,0,LC,large,1.2230737413018993,0,hit,0.9094042778015137,0.6166693568229675,0.7290388941764832,0.6747000813484192,0.054338812828063965,0.5986952185630798,0.5654642581939697,0.03323096036911011,0.7178573608398438,0.6191121935844421,0.09874516725540161
0900220012200311100134261HJ_1296516100_484441000,0,LC,large,1.016806209788603,0,hit,0.7999144196510315,0.380059152841568,0.6050227284431458,0.5486229658126831,0.056399762630462646,0.5176199078559875,0.5531217455863953,-0.035501837730407715,0.6021616458892822,0.6329382061958313,-0.030776560306549072
0900220012200311100134261HJ_1296516100_484441000,1,AC,large,2.1503280541226473,0,hit,0.9532185792922974,0.8467488288879395,0.5461606979370117,0.7596131563186646,-0.21345245838165283,0.5662249326705933,0.6117355227470398,-0.04551059007644653,0.6483380794525146,0.5764437913894653,0.07189428806304932
0900220012200311100134261HJ_1296516100_484441000,2,LC,large,1.802413837233341,0,hit,0.9755927324295044,0.9489248991012573,0.631103515625,0.6890850067138672,-0.05798149108886719,0.505950927734375,0.5959426760673523,-0.0899917483329773,0.6875503659248352,0.6473006010055542,0.040249764919281006
0900220012200311100332655HJ_1296510200_484309300,0,AC,large,3.516274939582344,0,hit,0.9007373452186584,0.8877928853034973,0.5960562229156494,0.8178406953811646,-0.22178447246551514,0.4264395534992218,0.5957590937614441,-0.1693195402622223,0.6374595761299133,0.6021288633346558,0.03533071279525757
0900220012200311100425222HJ_1296528000_484240800,0,MC,small,3.875205054057972,0,hit,0.8102579712867737,0.8102579712867737,0.800614595413208,0.6673715114593506,0.13324308395385742,0.7728248238563538,0.710420548915863,0.06240427494049072,1.1117348670959473,0.9162010550498962,0.19553381204605103
0900220012200311100425222HJ_1296528000_484240800,1,AC,large,3.760413957968421,0,hit,0.9230320453643799,0.9046919941902161,0.5272148251533508,0.6745052337646484,-0.1472904086112976,0.5430954098701477,0.5739633440971375,-0.030867934226989746,0.6868027448654175,0.5955036282539368,0.09129911661148071
0900220012200311100549938HJ_1296544600_484201300,0,LC,medium,2.5932286938687894,0,hit,0.8839899897575378,0.8296027779579163,0.43339380621910095,0.5811018943786621,-0.14770808815956116,0.5464338660240173,0.5184841156005859,0.027949750423431396,0.6553680896759033,0.6156692504882812,0.03969883918762207
0900220012200311100723068HJ_1296592700_484201200,0,LC,large,1.3295403866974522,0,hit,0.7897963523864746,0.6376419067382812,0.5493191480636597,0.5853067636489868,-0.03598761558532715,0.5403638482093811,0.5149073600769043,0.025456488132476807,0.6857831478118896,0.579292893409729,0.10649025440216064
0900220012200311100723068HJ_1296592700_484201200,1,MC,medium,3.1666124142982115,0,hit,0.9368430376052856,0.7942075729370117,0.7289706468582153,0.5472325682640076,0.18173807859420776,0.8634577393531799,0.4935038089752197,0.3699539303779602,1.5137792825698853,0.8234139680862427,0.6903653144836426
0900220012200311101817972HJ_1296600500_483927900,0,LC,large,2.962954590537204,0,hit,0.9831415414810181,0.9689640998840332,0.6116929650306702,0.7295555472373962,-0.11786258220672607,0.47826698422431946,0.5374284982681274,-0.05916151404380798,0.6163278222084045,0.6065956950187683,0.00973212718963623
0900220012200311102036362HG_1295327200_483686000,0,TP,medium,14.420771469505496,1,hit,0.7948907613754272,0.6693122982978821,0.47534191608428955,0.5124953985214233,-0.03715348243713379,0.5574470162391663,0.518008828163147,0.03943818807601929,0.6587845087051392,0.6458680033683777,0.012916505336761475
0900220012200311102036362HG_1295327200_483686000,1,LP,large,3.0074745530413143,0,hit,0.9837377667427063,0.6993640661239624,0.6634791493415833,0.6566226482391357,0.00685650110244751,0.5380326509475708,0.5374993681907654,0.0005332827568054199,0.6327255368232727,0.6001235246658325,0.032602012157440186
0900220012200311102835939HG_1295314700_484017200,0,LP,medium,2.717370723827152,0,hit,0.5733714699745178,0.4551140367984772,0.4878453314304352,0.5498265624046326,-0.06198123097419739,0.49698856472969055,0.5675596594810486,-0.07057109475135803,0.7950770258903503,0.6086559295654297,0.18642109632492065
0900220012200311102835939HG_1295314700_484017200,1,MC,small,4.699785164117525,0,hit,0.8342009782791138,0.5811185836791992,0.6162184476852417,0.6145002245903015,0.0017182230949401855,0.8183256983757019,0.6896132826805115,0.12871241569519043,1.3208452463150024,0.7299979329109192,0.5908473134040833
09002200122003111035313166G_1294763800_483699200,0,LC,large,2.9863138770046547,0,hit,0.9496050477027893,0.940460741519928,0.6822340488433838,0.6760873198509216,0.006146728992462158,0.5594485402107239,0.580062985420227,-0.020614445209503174,0.6315381526947021,0.5909306406974792,0.0406075119972229
09002200122003111035313166G_1294763800_483699200,1,P,small,3.1427861433964894,0,hit,0.732570230960846,0.6782310605049133,0.8249726891517639,0.6511578559875488,0.1738148331642151,1.055331826210022,0.6734742522239685,0.38185757398605347,1.189913034439087,0.7808429598808289,0.40907007455825806
09002200122003111035313166G_1294763800_483699200,2,MC,small,4.777822236087187,0,hit,0.6844623684883118,0.6701675653457642,0.8398765325546265,0.7397818565368652,0.10009467601776123,1.3940231800079346,1.021588683128357,0.37243449687957764,1.2094457149505615,0.9202141761779785,0.289231538772583
0900220012200311104249546HJ_1296793700_483656800,0,AC,large,1.8999985177172032,0,hit,0.9638553857803345,0.9232337474822998,0.6316686272621155,0.618354856967926,0.013313770294189453,0.5159857869148254,0.5118894577026367,0.004096329212188721,0.605882465839386,0.5701503157615662,0.035732150077819824
0900220012200311104249546HJ_1296793700_483656800,1,MC,small,3.9998046946522954,0,hit,0.7456418871879578,0.6120033264160156,0.6344431638717651,0.5891376733779907,0.045305490493774414,0.5728977918624878,0.5859583020210266,-0.013060510158538818,0.6075762510299683,0.6592370271682739,-0.051660776138305664
0900220012200311104328531HG_1295315100_484070600,0,LC,medium,1.2467581880571956,0,hit,0.8827168941497803,0.7533660531044006,0.5366274118423462,0.5366228222846985,4.589557647705078e-06,0.5526497960090637,0.47921988368034363,0.07342991232872009,0.7041159868240356,0.6237918734550476,0.08032411336898804
0900220012200311104328531HG_1295315100_484070600,1,MC,small,5.199782112471467,1,hit,0.704136848449707,0.6191668510437012,0.6450120210647583,0.7183701395988464,-0.07335811853408813,0.9037814736366272,0.8916776776313782,0.012103796005249023,1.5703591108322144,1.152521014213562,0.41783809661865234
0900220012200311104328531HG_1295315100_484070600,2,TC,medium,3.2963312935304265,0,hit,0.7057375311851501,0.43332868814468384,0.553997814655304,0.5453311204910278,0.008666694164276123,0.44773727655410767,0.47209006547927856,-0.0243527889251709,0.46910592913627625,0.5180007815361023,-0.04889485239982605
0900220012200311104443481HG_1295316400_483986500,0,TC,large,12.023331175799282,1,hit,0.7697018980979919,0.7368005514144897,0.4788331389427185,0.6549476981163025,-0.17611455917358398,0.4612645208835602,0.5405358076095581,-0.07927128672599792,0.6378612518310547,0.5754591226577759,0.06240212917327881
0900220012200311104538838HG_1295320200_483894600,0,LP,medium,1.8499815878402435,0,hit,0.9032257795333862,0.8793962001800537,0.5457011461257935,0.6565665006637573,-0.11086535453796387,0.4913581311702728,0.48613759875297546,0.005220532417297363,0.8251379728317261,0.6214367151260376,0.20370125770568848
0900220012200311104538838HG_1295320200_483894600,1,LP,medium,3.227323674821469,0,hit,0.847657322883606,0.8239901065826416,0.6728894114494324,0.6012169718742371,0.07167243957519531,0.6361145973205566,0.4233141839504242,0.21280041337013245,0.9812510013580322,0.5640825629234314,0.41716843843460083
0900220012200311104538838HG_1295320200_483894600,2,LC,medium,2.0655876720251185,0,hit,0.8566871881484985,0.4983067512512207,0.5878540277481079,0.5543197989463806,0.033534228801727295,0.4790877401828766,0.49941596388816833,-0.020328223705291748,0.5831061601638794,0.6577140092849731,-0.07460784912109375
0900220012200311104538838HG_1295320200_483894600,3,LP,large,1.8974319916241205,0,localization_error,0.8215182423591614,0.2371700257062912,0.5643106698989868,0.6518763899803162,-0.08756572008132935,0.5369420051574707,0.5457811951637268,-0.008839190006256104,0.6733852028846741,0.5477277636528015,0.12565743923187256
0900220012200311104538838HG_1295320200_483894600,4,TP,medium,14.467076698961966,1,hit,0.8008069396018982,0.704042375087738,0.5326365828514099,0.5207309126853943,0.011905670166015625,0.5393238663673401,0.45538192987442017,0.08394193649291992,0.7125634551048279,0.6630411744117737,0.0495222806930542
0900220012200311104538838HG_1295320200_483894600,5,TP,medium,4.08691625490269,0,hit,0.706421434879303,0.5476268529891968,0.5268712639808655,0.6450338363647461,-0.11816257238388062,0.5287972092628479,0.5008248686790466,0.02797234058380127,0.6652683019638062,0.5738071799278259,0.09146112203598022
0900220012200311104538838HG_1295320200_483894600,6,MC,medium,3.0000216676920672,0,hit,0.9143095016479492,0.8824045062065125,0.5421094298362732,0.6474646329879761,-0.10535520315170288,0.622336208820343,0.6398736238479614,-0.017537415027618408,1.1579080820083618,0.7786691784858704,0.37923890352249146
0900220012200311104538838HG_1295320200_483894600,7,LC,large,1.8552644188941387,0,hit,0.9874985218048096,0.9678710103034973,0.5884042382240295,0.632592499256134,-0.04418826103210449,0.5784739255905151,0.5497348308563232,0.028739094734191895,0.6423326134681702,0.5466169118881226,0.09571570158004761
0900220012200311104556305HG_1295321100_483870900,0,TP,medium,8.33319188883625,1,hit,0.6755139827728271,0.6068554520606995,0.6139511466026306,0.6194680333137512,-0.0055168867111206055,0.5529711246490479,0.511706531047821,0.04126459360122681,0.650442361831665,0.5730287432670593,0.07741361856460571
0900220012200311104556305HG_1295321100_483870900,1,TP,medium,18.778159820417354,1,hit,0.6472539305686951,0.16509169340133667,0.4915860593318939,0.5648025870323181,-0.0732165277004242,0.4147705137729645,0.5155043601989746,-0.10073384642601013,0.6788728833198547,0.7095439434051514,-0.03067106008529663
0900220012200311104556305HG_1295321100_483870900,2,LP,large,1.1978031965090457,0,hit,0.8812201619148254,0.8729888796806335,0.6560205817222595,0.617859959602356,0.038160622119903564,0.641379177570343,0.5068330764770508,0.13454610109329224,0.8183534741401672,0.5775365233421326,0.24081695079803467
0900220012200311104556305HG_1295321100_483870900,3,LP,small,1.9999425565907336,0,hit,0.6606172919273376,0.6606172919273376,0.5588339567184448,0.47367531061172485,0.08515864610671997,0.7437232136726379,0.48990246653556824,0.2538207471370697,0.9149551391601562,0.7257799506187439,0.18917518854141235
0900220012200311104556305HG_1295321100_483870900,4,LP,small,1.0475879076404844,0,hit,0.8356348276138306,0.8237330317497253,0.6435022354125977,0.428312212228775,0.21519002318382263,1.1445982456207275,0.46576690673828125,0.6788313388824463,1.2974637746810913,0.8623269200325012,0.4351368546485901
0900220012200311104556305HG_1295321100_483870900,5,LC,large,1.7311788950033307,0,hit,0.9229366183280945,0.8087021708488464,0.7187331318855286,0.6380599141120911,0.0806732177734375,0.5535990595817566,0.5349056124687195,0.01869344711303711,0.6213344931602478,0.6004568934440613,0.020877599716186523
0900220012200311104556305HG_1295321100_483870900,6,TC,small,1.5713999226899256,0,hit,0.7322813868522644,0.6148878931999207,0.6358550190925598,0.5219444632530212,0.11391055583953857,0.8733729124069214,0.5643973350524902,0.30897557735443115,1.3621912002563477,0.6590093970298767,0.703181803226471
0900220012200311104556305HG_1295321100_483870900,7,LC,medium,1.192315637749952,0,localization_error,0.8277459144592285,0.3184542953968048,0.5155410766601562,0.6168245673179626,-0.1012834906578064,0.44665247201919556,0.5205612778663635,-0.07390880584716797,0.6257293224334717,0.5416197776794434,0.08410954475402832
0900220012200311104556305HG_1295321100_483870900,8,MC,medium,2.7999918823044,0,hit,0.6970492005348206,0.35203519463539124,0.6272001266479492,0.6510748267173767,-0.02387470006942749,0.7093032598495483,0.6283597946166992,0.08094346523284912,0.7495874762535095,0.7023653388023376,0.047222137451171875
0900220012200311105522986HJ_1296764700_483684100,0,TP,large,8.414444602684348,1,hit,0.9793498516082764,0.9546851515769958,0.5436781644821167,0.7317390441894531,-0.18806087970733643,0.5110903382301331,0.5976433157920837,-0.08655297756195068,0.5437602996826172,0.6090348362922668,-0.06527453660964966
0900220012200311105522986HJ_1296764700_483684100,1,MC,small,4.333219742436881,0,hit,0.9313639998435974,0.9157094955444336,0.5564060211181641,0.5960342288017273,-0.03962820768356323,1.1643460988998413,0.6103410720825195,0.5540050268173218,1.3229596614837646,0.8735518455505371,0.44940781593322754
0900220012200311110009260HG_1295329400_483734300,0,LP,medium,14.705534313461504,1,hit,0.8413455486297607,0.8413455486297607,0.8917797803878784,0.5516147613525391,0.34016501903533936,0.79029780626297,0.5518548488616943,0.23844295740127563,0.804397463798523,0.6616464257240295,0.1427510380744934
0900220012200311110019701HG_1295328300_483754600,0,LP,medium,1.2982556738784754,0,hit,0.9852155447006226,0.9717265963554382,0.5690253376960754,0.5467308163642883,0.02229452133178711,0.6868670582771301,0.48603034019470215,0.20083671808242798,0.909026026725769,0.5803781747817993,0.3286478519439697
0900220012200311110019701HG_1295328300_483754600,1,LP,large,2.5523832775297617,0,hit,0.9780395030975342,0.9394227266311646,0.6856513619422913,0.5676121115684509,0.11803925037384033,0.6022308468818665,0.4804525375366211,0.12177830934524536,0.6701254844665527,0.5437925457954407,0.12633293867111206
0900220012200311110019701HG_1295328300_483754600,2,P,small,3.000228900463905,0,hit,0.6349532008171082,0.6349532008171082,0.5758194923400879,0.5292471051216125,0.04657238721847534,1.3781003952026367,0.6989357471466064,0.6791646480560303,1.0040274858474731,0.9806879162788391,0.023339569568634033
0900220012200311110019701HG_1295328300_483754600,3,P,small,3.7501220777635353,0,localization_error,0.3717237412929535,0.3717237412929535,0.7004477381706238,0.5477666258811951,0.1526811122894287,0.9866623282432556,0.8531774878501892,0.1334848403930664,1.0018733739852905,0.7892467379570007,0.2126266360282898
0900220012200311110019701HG_1295328300_483754600,4,P,small,2.5001411534910694,0,hit,0.6634678244590759,0.6634678244590759,0.6429269909858704,0.5924457311630249,0.05048125982284546,0.9366278052330017,0.6064717173576355,0.3301560878753662,0.9242462515830994,0.8126657605171204,0.111580491065979
0900220012200311110039967HG_1295326100_483795800,0,LP,medium,1.3043487875707984,0,hit,0.9580675363540649,0.900682270526886,0.5661420822143555,0.5259873867034912,0.04015469551086426,0.5541308522224426,0.47759684920310974,0.07653400301933289,0.9555709958076477,0.5419365167617798,0.4136344790458679
0900220012200311110039967HG_1295326100_483795800,1,LP,large,1.0618509152390079,0,hit,0.9675519466400146,0.882594883441925,0.6040266156196594,0.4686799645423889,0.1353466510772705,0.5036972761154175,0.4581097662448883,0.045587509870529175,0.7375331521034241,0.5353290438652039,0.20220410823822021
0900220012200311110039967HG_1295326100_483795800,2,MC,small,4.166953213221157,0,hit,0.7747710943222046,0.7747710943222046,0.8353472352027893,0.7543215751647949,0.08102566003799438,0.9351024627685547,0.8055126070976257,0.12958985567092896,0.89939945936203,0.7851213216781616,0.11427813768386841
0900220012200311110039967HG_1295326100_483795800,3,LP,medium,2.2075453011729076,0,hit,0.9603756666183472,0.9104430675506592,0.6480067372322083,0.5074670910835266,0.14053964614868164,0.6362606287002563,0.5145759582519531,0.12168467044830322,0.7710073590278625,0.5796783566474915,0.1913290023803711
0900220012200311110039967HG_1295326100_483795800,4,LP,medium,3.599986165449023,0,hit,0.8818395137786865,0.7759833335876465,0.5380034446716309,0.693954586982727,-0.1559511423110962,0.6424515843391418,0.6350658535957336,0.007385730743408203,0.8340476155281067,0.6247687339782715,0.2092788815498352
0900220012200311110039967HG_1295326100_483795800,5,LP,medium,2.709717559731834,0,hit,0.719964325428009,0.719964325428009,0.6890919208526611,0.6449891924858093,0.04410272836685181,0.6231463551521301,0.5540282130241394,0.06911814212799072,0.7938672304153442,0.6241810917854309,0.16968613862991333
0900220012200311110039967HG_1295326100_483795800,6,TC,medium,3.208246550956831,0,hit,0.7499555945396423,0.6424050331115723,0.4837733507156372,0.5976871848106384,-0.11391383409500122,0.5733386278152466,0.4318389594554901,0.14149966835975647,0.727738618850708,0.5517478585243225,0.1759907603263855
0900220012200311110039967HG_1295326100_483795800,7,TC,large,21.500299839322743,1,hit,0.8159095644950867,0.10005846619606018,0.5615766644477844,0.7339135408401489,-0.1723368763923645,0.4969942271709442,0.5546230673789978,-0.05762884020805359,0.6440832614898682,0.6169776916503906,0.02710556983947754
09002200122003111145007067C_1295557400_482018900,0,TC,large,2.1029481063275006,0,hit,0.9529421329498291,0.9353299736976624,0.6467202305793762,0.6395203471183777,0.007199883460998535,0.5526642203330994,0.49946752190589905,0.05319669842720032,0.8165160417556763,0.5242308974266052,0.29228514432907104
09002200122003111228021506G_1295235400_481364600,0,TC,large,8.34525944376466,1,hit,0.892088770866394,0.5777670741081238,0.4864134192466736,0.6284821033477783,-0.14206868410110474,0.4411194920539856,0.5084142684936523,-0.06729477643966675,0.5032342076301575,0.5658027529716492,-0.0625685453414917
09002200122003111228021506G_1295235400_481364600,1,MC,medium,2.806503312692584,0,hit,0.9313229322433472,0.8461036682128906,0.5395752787590027,0.44683709740638733,0.09273818135261536,0.723975658416748,0.45253393054008484,0.2714417278766632,1.3394660949707031,0.6874956488609314,0.6519704461097717
09002200122003111228021506G_1295235400_481364600,2,TC,large,5.936226772340693,1,hit,0.6838682889938354,0.2970271408557892,0.5347964763641357,0.5278046727180481,0.0069918036460876465,0.4596439003944397,0.5192696452140808,-0.05962574481964111,0.6904619932174683,0.5564364194869995,0.13402557373046875
0900220012200311123013955HJ_1296656500_484110600,0,MC,small,3.7778410747831512,0,hit,0.8304478526115417,0.8304478526115417,0.6047053337097168,0.5499169230461121,0.054788410663604736,0.8251727223396301,0.5123289823532104,0.3128437399864197,0.903590738773346,0.7214140892028809,0.1821766495704651
0900220012200311123013955HJ_1296656500_484110600,1,LC,large,1.3697507201122636,0,hit,0.915903627872467,0.9054006338119507,0.5774129033088684,0.5825727581977844,-0.005159854888916016,0.553234338760376,0.536187469959259,0.017046868801116943,0.5965172648429871,0.6086940169334412,-0.012176752090454102
0900220012200311123013955HJ_1296656500_484110600,2,MC,small,3.7142542626331325,0,hit,0.9242466688156128,0.8766883015632629,0.6179278492927551,0.45448237657546997,0.16344547271728516,1.0277870893478394,0.48448801040649414,0.5432990789413452,1.69538414478302,0.8064256906509399,0.8889584541320801
0900220012200311123421746HJ_1296577400_484202700,0,LC,large,1.032430304003067,0,hit,0.9273092150688171,0.9126242399215698,0.6478937864303589,0.5819382071495056,0.06595557928085327,0.5570210218429565,0.5947955846786499,-0.03777456283569336,0.5882765650749207,0.6427069902420044,-0.05443042516708374
0900220012200311123421746HJ_1296577400_484202700,1,MC,small,5.222232018120906,1,hit,0.7140401601791382,0.6842723488807678,0.6318092346191406,0.5454336404800415,0.08637559413909912,0.7542662024497986,0.6200669407844543,0.13419926166534424,1.3707034587860107,0.8444852232933044,0.5262182354927063
0900220012200311123421746HJ_1296577400_484202700,2,MC,small,3.9999869212090036,0,hit,0.7634940147399902,0.7463638186454773,0.5601100325584412,0.5777401328086853,-0.01763010025024414,0.8352734446525574,0.5111826062202454,0.324090838432312,1.023794174194336,0.7036502957344055,0.3201438784599304
0900220012200311123430997HJ_1296564300_484202600,0,LC,large,1.0229865563170717,0,hit,0.9685695171356201,0.8804757595062256,0.5796427130699158,0.49697962403297424,0.08266308903694153,0.551596462726593,0.4989694654941559,0.052626997232437134,0.6277442574501038,0.6190822720527649,0.008661985397338867
0900220012200311123430997HJ_1296564300_484202600,1,MC,small,5.333607157753385,1,localization_error,0.5017015933990479,0.46733641624450684,0.6591413617134094,0.6511719226837158,0.007969439029693604,0.5623915195465088,0.6061565279960632,-0.04376500844955444,0.8482505083084106,0.6976454257965088,0.15060508251190186
0900220012200311123608695HJ_1296539500_484214400,0,LC,medium,1.555564167276215,0,hit,0.9089622497558594,0.8794806599617004,0.4878970682621002,0.48219624161720276,0.005700826644897461,0.6123450398445129,0.48164042830467224,0.1307046115398407,0.6733229756355286,0.536730945110321,0.13659203052520752
0900220012200311123608695HJ_1296539500_484214400,1,LC,medium,2.0000274661975035,0,hit,0.9514402151107788,0.753720223903656,0.49876341223716736,0.5662627220153809,-0.0674993097782135,0.49159929156303406,0.6076300740242004,-0.11603078246116638,0.7121627926826477,0.7165378928184509,-0.004375100135803223
0900220012200311123608695HJ_1296539500_484214400,2,LC,large,2.835040421429902,0,hit,0.8422970175743103,0.7294415831565857,0.4922202527523041,0.7437304854393005,-0.25151023268699646,0.499700129032135,0.57291179895401,-0.073211669921875,0.6235544681549072,0.6248263716697693,-0.0012719035148620605
0900220012200311123608695HJ_1296539500_484214400,3,MC,medium,3.3888881353633313,0,hit,0.9723703861236572,0.9723703861236572,0.6315294504165649,0.5084933638572693,0.12303608655929565,1.4649717807769775,0.5672501921653748,0.8977215886116028,1.1897528171539307,0.8317713141441345,0.35798150300979614
0900220012200311123608695HJ_1296539500_484214400,4,TC,large,17.249858312479837,1,hit,0.9683541059494019,0.15527461469173431,0.5348227024078369,0.6124227046966553,-0.07760000228881836,0.5181646347045898,0.5199228525161743,-0.0017582178115844727,0.6195453405380249,0.5765363574028015,0.04300898313522339
0900220012200311123618696HJ_1296534500_484228400,0,AC,large,1.4344834676738734,0,hit,0.839980959892273,0.7651645541191101,0.4973486363887787,0.6249436736106873,-0.12759503722190857,0.5713961124420166,0.5093640089035034,0.062032103538513184,0.6414507031440735,0.525667130947113,0.11578357219696045
0900220012200311123631260HJ_1296527100_484246900,0,LC,medium,1.298501867711972,0,hit,0.8548335433006287,0.6987950801849365,0.5766628980636597,0.5686450004577637,0.008017897605895996,0.58770352602005,0.5072829127311707,0.0804206132888794,0.7039706110954285,0.5395641922950745,0.164406418800354
0900220012200311123631260HJ_1296527100_484246900,1,AC,large,2.5172445725951573,0,hit,0.955119252204895,0.9437726140022278,0.6914202570915222,0.7340373396873474,-0.042617082595825195,0.5225489139556885,0.5383991003036499,-0.015850186347961426,0.6854723691940308,0.6015042662620544,0.08396810293197632
0900220012200311123631260HJ_1296527100_484246900,2,TC,medium,2.1922688800937107,0,hit,0.959234893321991,0.8747003674507141,0.5322951674461365,0.7137038707733154,-0.18140870332717896,0.5500974059104919,0.5487159490585327,0.0013814568519592285,0.6244698762893677,0.628486156463623,-0.004016280174255371
0900220012200311123631260HJ_1296527100_484246900,3,TC,large,25.071216507250043,1,hit,0.7567331194877625,0.4643738567829132,0.49057525396347046,0.7990084290504456,-0.3084331750869751,0.46984604001045227,0.5993036031723022,-0.12945756316184998,0.5122818350791931,0.6732994318008423,-0.16101759672164917
0900220012200311123655106HJ_1296512800_484287000,0,TC,large,11.45208184751373,1,hit,0.9148998856544495,0.9031654000282288,0.4750545918941498,0.7271021008491516,-0.25204750895500183,0.44450581073760986,0.5750238299369812,-0.13051801919937134,0.5788752436637878,0.5835482478141785,-0.004673004150390625
0900220012200311123905106HJ_1296517800_484474800,0,AC,large,2.647430189193038,0,hit,0.9448386430740356,0.9448386430740356,0.5497037172317505,0.8131416440010071,-0.2634379267692566,0.4684462547302246,0.6962575316429138,-0.2278112769126892,0.6668308973312378,0.6850865483283997,-0.018255650997161865
0900220012200311124749318HJ_1296524400_484490000,0,AC,large,6.125745944634169,1,hit,0.9707779884338379,0.8925272822380066,0.5646071434020996,0.8356151580810547,-0.2710080146789551,0.5912664532661438,0.5957872867584229,-0.004520833492279053,0.6699737906455994,0.6712032556533813,-0.0012294650077819824
0900220012200311124941487HJ_1296602300_484487800,0,AC,large,3.6267308182904134,0,hit,0.8817086815834045,0.36769959330558777,0.5037205815315247,0.6966102719306946,-0.19288969039916992,0.44975247979164124,0.5359132885932922,-0.086160808801651,0.5719678997993469,0.5466193556785583,0.025348544120788574
0900220012200311125018538HJ_1296646300_484491500,0,AC,large,2.1677830479092224,0,hit,0.6875577569007874,0.5280793905258179,0.5318584442138672,0.5786975622177124,-0.046839118003845215,0.506338894367218,0.5082078576087952,-0.0018689632415771484,0.6111472249031067,0.6210448741912842,-0.00989764928817749
0900220012200311125919257HJ_1297309900_484467100,0,LC,large,1.8831313879143474,0,hit,0.7781293392181396,0.7477017641067505,0.49638283252716064,0.6286684274673462,-0.13228559494018555,0.49056190252304077,0.4951656460762024,-0.004603743553161621,0.6456602215766907,0.5448142886161804,0.10084593296051025
0900220012200311125919257HJ_1297309900_484467100,1,LC,medium,2.687500874202568,0,hit,0.900523841381073,0.5804827809333801,0.48171642422676086,0.6468579173088074,-0.1651414930820465,0.45737192034721375,0.5161557197570801,-0.05878379940986633,0.6305332183837891,0.5284087061882019,0.10212451219558716
0900220012200311125919257HJ_1297309900_484467100,2,TC,medium,8.63139330939088,1,hit,0.7467576861381531,0.4957122802734375,0.45719167590141296,0.4929870665073395,-0.035795390605926514,0.46208348870277405,0.4480266273021698,0.014056861400604248,0.7045072913169861,0.5157798528671265,0.18872743844985962
0900220012200311130031593HJ_1297283500_484412100,0,LP,medium,5.6665022150112145,1,hit,0.9199826121330261,0.9199826121330261,0.5662421584129333,0.4683249890804291,0.09791716933250427,0.6264504790306091,0.4752332866191864,0.15121719241142273,1.1433086395263672,0.6320884227752686,0.5112202167510986
0900220012200311130031593HJ_1297283500_484412100,1,LC,large,2.7000045776367188,0,localization_error,0.8646604418754578,0.22000658512115479,0.5353171229362488,0.6185275912284851,-0.08321046829223633,0.4746343791484833,0.5570006370544434,-0.08236625790596008,0.6702771782875061,0.5983853936195374,0.07189178466796875
0900220012200311130128745HJ_1297230600_484310800,0,AC,large,3.108111585646487,0,hit,0.9295618534088135,0.5358992218971252,0.5744828581809998,0.6220556497573853,-0.0475727915763855,0.44903501868247986,0.5518556833267212,-0.10282066464424133,0.6214640140533447,0.5730424523353577,0.04842156171798706
0900220012200311130246769HJ_1297196800_484246200,0,AC,large,2.0053162201366406,0,hit,0.9412974715232849,0.6322329640388489,0.5591918230056763,0.6187902688980103,-0.059598445892333984,0.5122305750846863,0.5491703152656555,-0.03693974018096924,0.6671634316444397,0.6161797046661377,0.050983726978302
0900220012200311130246769HJ_1297196800_484246200,1,LP,medium,1.82000139160496,0,hit,0.9074495434761047,0.9074495434761047,0.5569487810134888,0.5127493143081665,0.044199466705322266,0.5477134585380554,0.4556593894958496,0.09205406904220581,0.7625449299812317,0.5155553817749023,0.24698954820632935
0900220012200311130301849HJ_1297182700_484218700,0,AC,large,3.0909098595531224,0,hit,0.9778703451156616,0.7049990892410278,0.5444526672363281,0.7067543864250183,-0.16230171918869019,0.5061339139938354,0.5414158701896667,-0.0352819561958313,0.6083933711051941,0.6039413809776306,0.0044519901275634766
0900220012200311130301849HJ_1297182700_484218700,1,LC,medium,1.3999986436539962,0,localization_error,0.7705982327461243,0.7003271579742432,0.5437286496162415,0.6617511510848999,-0.11802250146865845,0.6060298085212708,0.5396010279655457,0.0664287805557251,0.7920767664909363,0.5230386257171631,0.2690381407737732
0900220012200311130343947HJ_1297140500_484137500,0,AC,large,1.4577732349610977,0,hit,0.8913092017173767,0.8353990316390991,0.5843558311462402,0.6584481596946716,-0.0740923285484314,0.5533878803253174,0.5406119227409363,0.012775957584381104,0.6659378409385681,0.5628250241279602,0.10311281681060791
0900220012200311130415138HJ_1297100000_484086800,0,AC,large,2.401743205313306,0,hit,0.972900390625,0.9375391006469727,0.46593835949897766,0.6106922030448914,-0.1447538435459137,0.4505861699581146,0.4933713972568512,-0.04278522729873657,0.598149836063385,0.5416855216026306,0.056464314460754395
0900220012200311130440391HJ_1297069300_484050800,0,AC,large,2.7923483234170625,0,hit,0.9112802147865295,0.7511563897132874,0.4738398790359497,0.5788196921348572,-0.10497981309890747,0.4345034658908844,0.4999792277812958,-0.06547576189041138,0.5666247606277466,0.5930016040802002,-0.026376843452453613
0900220012200311130440391HJ_1297069300_484050800,1,AC,large,1.7718059003285243,0,localization_error,0.8999087810516357,0.3004547953605652,0.47517457604408264,0.6386235356330872,-0.16344895958900452,0.48849138617515564,0.5743829607963562,-0.08589157462120056,0.5662229657173157,0.6625019311904907,-0.09627896547317505
0900220012200311130455471HJ_1297050000_484028300,0,LC,medium,18.751384840762388,1,hit,0.8664370179176331,0.8079162836074829,0.876846969127655,0.6253151297569275,0.25153183937072754,0.778838038444519,0.6485175490379333,0.1303204894065857,1.0298298597335815,0.8346819877624512,0.19514787197113037
0900220012200311130455471HJ_1297050000_484028300,1,LC,large,4.303041036045951,0,hit,0.8170108199119568,0.18192274868488312,0.6133216023445129,0.7163464426994324,-0.10302484035491943,0.6815057396888733,0.6081297993659973,0.07337594032287598,0.6811239719390869,0.6468241810798645,0.03429979085922241
0900220012200311130536329HJ_1297029300_484005600,0,LC,medium,6.681946055121212,1,hit,0.9269095063209534,0.917079508304596,0.7356489896774292,0.5777600407600403,0.15788894891738892,0.7782999873161316,0.5507686138153076,0.22753137350082397,0.9546807408332825,0.7311257719993591,0.22355496883392334
0900220012200311130556456HJ_1297009200_483983500,0,AC,large,2.244439586751489,0,hit,0.8619139790534973,0.7853292226791382,0.4529554545879364,0.5450735092163086,-0.09211805462837219,0.41957294940948486,0.5091261863708496,-0.08955323696136475,0.6419219970703125,0.6419506072998047,-2.86102294921875e-05
0900220012200311130556456HJ_1297009200_483983500,1,MC,small,3.3334160722351305,0,hit,0.8102424144744873,0.6970073580741882,0.5500891804695129,0.5256920456886292,0.02439713478088379,0.7802872061729431,0.5281795859336853,0.2521076202392578,1.1449590921401978,0.8437098860740662,0.3012492060661316
0900220012200311130610380HJ_1296994500_483966900,0,LC,large,2.8405670057496684,0,hit,0.9449542164802551,0.855410099029541,0.516710102558136,0.6562963724136353,-0.13958626985549927,0.4833013117313385,0.5313114523887634,-0.04801014065742493,0.5875828862190247,0.5699664950370789,0.0176163911819458
0900220012200311130610380HJ_1296994500_483966900,1,LC,large,2.999980869699882,0,hit,0.9656072854995728,0.9198373556137085,0.623532235622406,0.5979045033454895,0.025627732276916504,0.6679473519325256,0.5327968001365662,0.13515055179595947,0.8142787218093872,0.5686299204826355,0.2456488013267517
0900220012200311130659072HJ_1296931200_483890300,0,AC,large,2.500001573071532,0,hit,0.9416959881782532,0.8897316455841064,0.6348920464515686,0.6804326772689819,-0.04554063081741333,0.598179280757904,0.5781523585319519,0.02002692222595215,0.7024686932563782,0.6565453410148621,0.04592335224151611
0900220012200311130659072HJ_1296931200_483890300,1,AC,large,2.0851106490902502,0,hit,0.9244934320449829,0.9234288930892944,0.5915989279747009,0.7028771638870239,-0.111278235912323,0.49605995416641235,0.6003724336624146,-0.1043124794960022,0.663446843624115,0.5941606163978577,0.06928622722625732
0900220012200311130720653HJ_1296905600_483853800,0,LC,large,2.132661364281112,0,hit,0.9945080280303955,0.9902572631835938,0.5722659230232239,0.5271267890930176,0.0451391339302063,0.6069658398628235,0.49932900071144104,0.10763683915138245,0.6882803440093994,0.5747496485710144,0.11353069543838501
0900220012200311130729341HJ_1296895400_483839000,0,LP,large,4.291667938232422,0,hit,0.9389946460723877,0.9156249761581421,0.5879810452461243,0.505059540271759,0.08292150497436523,0.6051711440086365,0.5039985775947571,0.1011725664138794,0.842912495136261,0.6092387437820435,0.23367375135421753
0900220012200311130741389HJ_1296881700_483819800,0,LC,medium,5.2051194370998,1,hit,0.9254582524299622,0.9041344523429871,0.4892567992210388,0.5404834151268005,-0.05122661590576172,0.6189380288124084,0.5291047692298889,0.08983325958251953,0.7552073001861572,0.5950717926025391,0.16013550758361816
0900220012200311130741389HJ_1296881700_483819800,1,TC,medium,24.126713870428723,1,hit,0.7636176943778992,0.7636176943778992,0.5193735957145691,0.5037418603897095,0.01563173532485962,0.6565761566162109,0.5170904397964478,0.13948571681976318,0.717991292476654,0.7220374941825867,-0.004046201705932617
0900220012200311130749484HJ_1296871700_483807600,0,LC,large,2.5000069754829215,0,hit,0.8615415096282959,0.6159152388572693,0.5462811589241028,0.556226372718811,-0.009945213794708252,0.5278919339179993,0.46810850501060486,0.05978342890739441,0.6686611175537109,0.6313563585281372,0.03730475902557373
0900220012200311130749484HJ_1296871700_483807600,1,LC,medium,15.308123538636343,1,hit,0.9641676545143127,0.4795123040676117,0.693439781665802,0.5152894854545593,0.17815029621124268,0.6593348383903503,0.5232362151145935,0.13609862327575684,0.7036011219024658,0.664979875087738,0.03862124681472778
0900220012200311130757485HJ_1296861100_483794800,0,LC,medium,29.285159996512338,1,hit,0.9552047252655029,0.8725391626358032,0.6755809783935547,0.5386466979980469,0.1369342803955078,0.6030495166778564,0.5710707902908325,0.031978726387023926,0.9383415579795837,0.6745508909225464,0.26379066705703735
0900220012200311130805564HJ_1296850500_483782100,0,LC,medium,8.583158708522369,1,hit,0.9495236873626709,0.8955882787704468,0.6734188199043274,0.5196582674980164,0.15376055240631104,0.6130070090293884,0.5715713500976562,0.04143565893173218,0.8291982412338257,0.6737667918205261,0.15543144941329956
0900220012200311130823410HJ_1296832000_483759700,0,LC,medium,4.750025749304768,0,hit,0.7856851816177368,0.7496994137763977,0.5157981514930725,0.6206063628196716,-0.10480821132659912,0.6179901957511902,0.4985444247722626,0.11944577097892761,0.7824617028236389,0.6831573843955994,0.09930431842803955
0900220012200311130854225HJ_1296818600_483743800,0,LP,large,2.3536663747644653,0,hit,0.9728254079818726,0.9593080282211304,0.656253457069397,0.5962024927139282,0.06005096435546875,0.526635468006134,0.5213868021965027,0.005248665809631348,0.704672634601593,0.6386091113090515,0.0660635232925415
0900220012200311130902320HJ_1296809400_483732700,0,LC,large,2.8088264333439845,0,hit,0.9426103830337524,0.9279069900512695,0.563450276851654,0.575395941734314,-0.011945664882659912,0.5518090128898621,0.483234703540802,0.06857430934906006,0.7161849141120911,0.6284225583076477,0.08776235580444336
0900220012200311130910336HJ_1296799600_483720900,0,LC,large,2.6615156439193157,0,hit,0.9641726016998291,0.9567976593971252,0.5744339823722839,0.5746020078659058,-0.00016802549362182617,0.6020949482917786,0.5178022384643555,0.0842927098274231,0.7820630669593811,0.6287235617637634,0.15333950519561768
0900220012200311130918353HJ_1296790700_483710200,0,MC,small,3.4165869835004985,0,hit,0.5291509032249451,0.5291509032249451,0.5140140056610107,0.4968758523464203,0.017138153314590454,0.6240862607955933,0.5921729207038879,0.03191334009170532,1.1284387111663818,0.7450956106185913,0.3833431005477905
0900220012200311130918353HJ_1296790700_483710200,1,LC,medium,3.3200052490394563,0,hit,0.940545916557312,0.900883138179779,0.5420412421226501,0.5583716630935669,-0.016330420970916748,0.6404839754104614,0.5458760261535645,0.09460794925689697,0.805406391620636,0.6070441603660583,0.19836223125457764
0900220012200311130926369HJ_1296782300_483700000,0,LC,medium,3.9317948838880343,0,hit,0.9385371208190918,0.9043654799461365,0.7003012299537659,0.5700951814651489,0.13020604848861694,0.6027684211730957,0.537986695766449,0.06478172540664673,0.7880486249923706,0.6260073184967041,0.1620413064956665
0900220012200311131030550HJ_1296769800_483684900,0,TC,medium,3.8958344724457707,0,hit,0.9690281748771667,0.9521946310997009,0.5591031908988953,0.7161121964454651,-0.15700900554656982,0.5583174228668213,0.5078245997428894,0.050492823123931885,0.7515542507171631,0.5397114753723145,0.21184277534484863
0900220012200311131030550HJ_1296769800_483684900,1,LC,small,6.916556466543242,1,hit,0.8765832185745239,0.8712220191955566,0.7036657333374023,0.6486459970474243,0.05501973628997803,0.813858687877655,0.531097412109375,0.28276127576828003,0.8015897870063782,0.668526291847229,0.13306349515914917
0900220012200311131147824HJ_1296711400_483614800,0,LC,large,2.5797006454671787,0,hit,0.9325743913650513,0.9073073267936707,0.5712907910346985,0.4984079897403717,0.07288280129432678,0.6334851980209351,0.4756656289100647,0.15781956911087036,0.6524403691291809,0.5832295417785645,0.06921082735061646
0900220012200311131208889HJ_1296685800_483584200,0,LP,large,2.750017590127149,0,hit,0.9419135451316833,0.9258529543876648,0.5322112441062927,0.5264127850532532,0.005798459053039551,0.5658174157142639,0.4877658486366272,0.07805156707763672,0.8395324349403381,0.6057373285293579,0.23379510641098022
0900220012200311131217952HJ_1296674900_483571200,0,LP,large,2.8688569370234736,0,hit,0.9153563976287842,0.9125896692276001,0.5156242847442627,0.5739772915840149,-0.0583530068397522,0.5392957925796509,0.5212705731391907,0.018025219440460205,0.9172526597976685,0.5804483294487,0.3368043303489685
0900220012200311131217952HJ_1296674900_483571200,1,LP,small,1.7334182427813405,0,hit,0.5332915186882019,0.5332915186882019,0.5426691174507141,0.48410138487815857,0.05856773257255554,0.8336846828460693,0.5770027041435242,0.25668197870254517,1.1451611518859863,1.0433152914047241,0.10184586048126221
0900220012200311131217952HJ_1296674900_483571200,2,LP,small,1.875067715526121,0,localization_error,0.3004026412963867,0.3004026412963867,0.5636432766914368,0.6403322815895081,-0.07668900489807129,0.5760000944137573,0.6019646525382996,-0.025964558124542236,0.7589916586875916,0.6971270442008972,0.061864614486694336
0900220012200311131225969HJ_1296665300_483559600,0,LP,medium,5.740755392593464,1,hit,0.8652952313423157,0.785212516784668,0.5980224013328552,0.5521782636642456,0.04584413766860962,0.6551898121833801,0.4852834641933441,0.169906347990036,0.9842910766601562,0.6804007887840271,0.30389028787612915
0900220012200311131342514HJ_1296563400_483438500,0,LC,medium,9.11119889728509,1,hit,0.8792685270309448,0.7786197066307068,0.638484001159668,0.6269046068191528,0.011579394340515137,0.6015570759773254,0.5342686772346497,0.06728839874267578,0.7883706092834473,0.6380414366722107,0.15032917261123657
0900220012200311131342514HJ_1296563400_483438500,1,TP,medium,5.138912059760504,1,hit,0.9294958114624023,0.8899738192558289,0.5028799176216125,0.5559000372886658,-0.05302011966705322,0.5300227999687195,0.5517675280570984,-0.021744728088378906,0.7516782879829407,0.5797440409660339,0.17193424701690674
0900220012200311131350218HJ_1296555100_483428700,0,LP,medium,10.166797498207071,1,hit,0.8836576342582703,0.7924787998199463,0.5618755221366882,0.5793497562408447,-0.017474234104156494,0.5033347606658936,0.501487672328949,0.00184708833694458,0.7763618230819702,0.6830798387527466,0.09328198432922363
0900220012200311131358594HJ_1296545300_483417100,0,LP,medium,11.20033204205866,1,hit,0.9291361570358276,0.9210451245307922,0.5525248050689697,0.5349414944648743,0.01758331060409546,0.5333155393600464,0.5403010249137878,-0.006985485553741455,0.9499079585075378,0.7220017313957214,0.2279062271118164
0900220012200311131406392HJ_1296536200_483406300,0,LP,medium,7.100120546272984,1,hit,0.9002812504768372,0.5352340936660767,0.571305513381958,0.5461640954017639,0.025141417980194092,0.5037315487861633,0.5220303535461426,-0.018298804759979248,0.8228611350059509,0.7131078243255615,0.1097533106803894
0900220012200311131417237HJ_1296526700_483395200,0,LP,medium,7.266849234800796,1,hit,0.7381094098091125,0.6827396750450134,0.6968127489089966,0.49404698610305786,0.20276576280593872,0.5630930662155151,0.4630553424358368,0.10003772377967834,0.8119428157806396,0.7132737040519714,0.09866911172866821
0900220012200311131640815HJ_1296480900_483341500,0,LC,large,1.3010786208616498,0,hit,0.8657498359680176,0.7706810235977173,0.6203768849372864,0.6965119242668152,-0.07613503932952881,0.5807037353515625,0.5720788240432739,0.008624911308288574,0.6076216101646423,0.6667153239250183,-0.05909371376037598
0900220012200311131640815HJ_1296480900_483341500,1,TP,large,13.902883000646808,1,hit,0.9196757078170776,0.67237788438797,0.5175655484199524,0.7271435856819153,-0.2095780372619629,0.5044950842857361,0.5566974878311157,-0.05220240354537964,0.6619997024536133,0.578166127204895,0.08383357524871826
0900220012200311132021307HJ_1296454300_483319100,0,LC,medium,4.277796144932107,0,hit,0.8979827165603638,0.6769005656242371,0.5339813828468323,0.7784437537193298,-0.24446237087249756,0.5314592719078064,0.5711135268211365,-0.03965425491333008,0.6367179155349731,0.542158842086792,0.09455907344818115
0900220012200311132021307HJ_1296454300_483319100,1,TP,large,6.150076829058016,1,hit,0.8665614128112793,0.853336751461029,0.7219506502151489,0.5371088981628418,0.18484175205230713,0.570701003074646,0.4882131516933441,0.08248785138130188,0.7630599141120911,0.5705581307411194,0.19250178337097168
0900220012200311132021307HJ_1296454300_483319100,2,TP,large,10.19991473930227,1,hit,0.951498806476593,0.9504039883613586,0.5574434399604797,0.6493189334869385,-0.09187549352645874,0.5766375064849854,0.5199376940727234,0.05669981241226196,0.677966833114624,0.5764708518981934,0.10149598121643066
0900220012200311132103515HJ_1296502800_483364900,0,LP,large,1.5789477629240813,0,hit,0.9296898245811462,0.8669863343238831,0.6629794836044312,0.5654832720756531,0.09749621152877808,0.6328839063644409,0.5513640642166138,0.08151984214782715,0.6477726697921753,0.6092873215675354,0.03848534822463989
0900220012200311132111266HJ_1296511700_483375300,0,LP,large,1.9042579785558962,0,hit,0.8738740682601929,0.8587905764579773,0.5896568298339844,0.6254043579101562,-0.035747528076171875,0.5655906796455383,0.5221700072288513,0.04342067241668701,0.6850918531417847,0.5796690583229065,0.10542279481887817
0900220012200311132142394HJ_1296521200_483386600,0,LP,large,1.480398357788388,0,hit,0.9043195247650146,0.8093435764312744,0.5948429703712463,0.5993095636367798,-0.004466593265533447,0.5399511456489563,0.5639023184776306,-0.023951172828674316,0.5806720852851868,0.6134639978408813,-0.03279191255569458
0900220012200311132142394HJ_1296521200_483386600,1,LP,large,1.6747007561495983,0,hit,0.9580913186073303,0.9303465485572815,0.5218144059181213,0.653713047504425,-0.1318986415863037,0.4793943762779236,0.5082888007164001,-0.028894424438476562,0.5568678975105286,0.5582085847854614,-0.0013406872749328613
0900220012200311132150879HJ_1296529600_483396400,0,LP,large,1.6578896858227947,0,localization_error,0.7101230025291443,0.4809378981590271,0.6484357118606567,0.6156911253929138,0.03274458646774292,0.5550798773765564,0.5267804265022278,0.028299450874328613,0.6795881986618042,0.6061739325523376,0.07341426610946655
0900220012200311132150879HJ_1296529600_483396400,1,LP,large,1.9846153773922859,0,hit,0.899242103099823,0.7941632270812988,0.4845379889011383,0.650377094745636,-0.16583910584449768,0.4690040946006775,0.549543559551239,-0.08053946495056152,0.4996214509010315,0.6058788299560547,-0.1062573790550232
0900220012200311132201990HJ_1296542600_483411800,0,LP,large,1.355554781941929,0,hit,0.9625612497329712,0.9381614923477173,0.633637547492981,0.5958183407783508,0.03781920671463013,0.5561086535453796,0.576591968536377,-0.020483314990997314,0.6756102442741394,0.5998074412345886,0.07580280303955078
0900220012200311132210022HJ_1296551800_483422700,0,LP,medium,1.1836703935109065,0,hit,0.9076778888702393,0.4947068989276886,0.5660836100578308,0.49024802446365356,0.07583558559417725,0.6709373593330383,0.42364874482154846,0.24728861451148987,1.0310094356536865,0.5389648675918579,0.4920445680618286
0900220012200311132210022HJ_1296551800_483422700,1,LP,medium,2.558151847598824,0,hit,0.6905377507209778,0.5387902855873108,0.5324442982673645,0.6485398411750793,-0.11609554290771484,0.6270105838775635,0.588509202003479,0.03850138187408447,0.683372437953949,0.5477254390716553,0.1356469988822937
0900220012200311132210022HJ_1296551800_483422700,2,LP,large,1.5041284461516344,0,hit,0.9200816750526428,0.8423027992248535,0.5619221925735474,0.5436388850212097,0.018283307552337646,0.5222795605659485,0.5000492334365845,0.022230327129364014,0.6446414589881897,0.5878288149833679,0.05681264400482178
0900220012200311132218679HJ_1296561800_483434100,0,LP,medium,1.1818242348713772,0,hit,0.8057469129562378,0.4621414542198181,0.7678356170654297,0.6218286752700806,0.14600694179534912,0.4806402623653412,0.5109657645225525,-0.030325502157211304,0.6136459708213806,0.5962997674942017,0.017346203327178955
0900220012200311132226274HJ_1296570700_483444700,0,LP,large,1.0443041495375625,0,hit,0.9586097002029419,0.8891567587852478,0.6992857456207275,0.6149044632911682,0.08438128232955933,0.5727345943450928,0.5665203928947449,0.0062142014503479,0.6943567991256714,0.6189993023872375,0.07535749673843384
0900220012200311132235743HJ_1296583900_483460300,0,LP,large,1.8936198211449613,0,hit,0.9921985864639282,0.9921985864639282,0.8151547312736511,0.7141043543815613,0.10105037689208984,0.7658190131187439,0.635444700717926,0.13037431240081787,0.7496201992034912,0.692450225353241,0.057169973850250244
0900220012200311132235743HJ_1296583900_483460300,1,TP,medium,2.0416653951009116,0,hit,0.9821645021438599,0.9702911376953125,0.7004180550575256,0.7394084930419922,-0.03899043798446655,0.78902268409729,0.5787293910980225,0.21029329299926758,0.9068229794502258,0.700512707233429,0.20631027221679688
0900220012200311132235743HJ_1296583900_483460300,2,TP,small,2.1998693903458713,0,hit,0.5393891334533691,0.16806378960609436,0.9248507022857666,0.6813139319419861,0.24353677034378052,1.0364872217178345,0.6333844065666199,0.4031028151512146,1.055138111114502,0.8722549676895142,0.1828831434249878
0900220012200311132235743HJ_1296583900_483460300,3,LP,medium,3.1428206052291987,0,classification_error,0.6618611812591553,0.19037817418575287,0.652994692325592,0.6592696309089661,-0.0062749385833740234,0.6023736596107483,0.6336956024169922,-0.031321942806243896,0.6867014765739441,0.8099964261054993,-0.12329494953155518
0900220012200311132339730HJ_1296668200_483560600,0,LC,large,1.5044223314369296,0,hit,0.9271882772445679,0.8891513347625732,0.49736273288726807,0.5853320360183716,-0.08796930313110352,0.6435249447822571,0.5677997469902039,0.07572519779205322,0.5938987731933594,0.5867990851402283,0.0070996880531311035
0900220012200311132348731HJ_1296679300_483573800,0,LC,medium,3.5814241995832554,0,hit,0.9097477197647095,0.8275893926620483,0.555930495262146,0.5585705041885376,-0.0026400089263916016,0.5762446522712708,0.49232426285743713,0.08392038941383362,0.5890547037124634,0.5753886103630066,0.013666093349456787
09002200122003111331352816G_1296856200_482036400,0,LC,large,2.0611156020990697,0,hit,0.9678592085838318,0.7419760227203369,0.5351972579956055,0.6843900084495544,-0.14919275045394897,0.4573965072631836,0.5604794025421143,-0.10308289527893066,0.5598405003547668,0.6143236756324768,-0.05448317527770996
09002200122003111331352816G_1296856200_482036400,1,MC,small,4.333405672277456,0,hit,0.7909963726997375,0.5918211936950684,0.6929353475570679,0.5356430411338806,0.15729230642318726,0.8865591883659363,0.5681793093681335,0.31837987899780273,0.808077335357666,0.6323451995849609,0.17573213577270508
09002200122003111331352816G_1296856200_482036400,2,MC,small,3.4116900508372345,0,hit,0.8702557682991028,0.8702557682991028,0.6804649829864502,0.5391876697540283,0.14127731323242188,1.1931411027908325,0.5659444332122803,0.6271966695785522,1.3496614694595337,0.9527230262756348,0.3969384431838989
0900220012200311133141312HJ_1296748700_483657300,0,LP,medium,1.2911417807991632,0,hit,0.9764152765274048,0.9622455835342407,0.5386500358581543,0.5400068163871765,-0.0013567805290222168,0.5836877822875977,0.4634588360786438,0.12022894620895386,0.7684098482131958,0.5610341429710388,0.20737570524215698
0900220012200311133908626HJ_1296789400_483706300,0,LP,medium,3.14284717802056,0,hit,0.7461162209510803,0.5882911682128906,0.6904473900794983,0.5179380774497986,0.1725093126296997,0.6539795994758606,0.44141459465026855,0.21256500482559204,1.0278078317642212,0.5613111853599548,0.46649664640426636
0900220012200311133944255HJ_1296832500_483758200,0,LC,large,1.5087767577876123,0,hit,0.9513084888458252,0.9462321400642395,0.58741694688797,0.579724907875061,0.0076920390129089355,0.5732775926589966,0.540439784526825,0.03283780813217163,0.6141706109046936,0.6260260939598083,-0.011855483055114746
0900220012200311133944255HJ_1296832500_483758200,1,TP,medium,3.1922732928003006,0,hit,0.9612042307853699,0.9079170823097229,0.5462609529495239,0.49800997972488403,0.04825097322463989,0.7554391026496887,0.4851069450378418,0.2703321576118469,1.340374231338501,0.6154987215995789,0.7248755097389221
0900220012200311133944255HJ_1296832500_483758200,2,LP,large,1.1093759536743164,0,hit,0.951443076133728,0.9474515318870544,0.6747323274612427,0.5446195006370544,0.13011282682418823,0.5683449506759644,0.5015975832939148,0.06674736738204956,0.7799474596977234,0.5161470770835876,0.26380038261413574
0900220012200311133952319HJ_1296842400_483769900,0,TP,medium,1.5555807986617387,0,hit,0.8372944593429565,0.3727461099624634,0.5595349073410034,0.4361342489719391,0.12340065836906433,0.7052611708641052,0.44080621004104614,0.2644549608230591,1.4284454584121704,0.8249618411064148,0.6034836173057556
0900220012200311133952319HJ_1296842400_483769900,1,TP,small,7.000054254208092,1,localization_error,0.5583630204200745,0.4463576078414917,0.612324059009552,0.4429599940776825,0.1693640649318695,0.6044716835021973,0.650456428527832,-0.045984745025634766,1.909885048866272,1.0682480335235596,0.8416370153427124
0900220012200311133952319HJ_1296842400_483769900,2,LC,large,2.2531751973416343,0,hit,0.9706348180770874,0.9381611347198486,0.5031826496124268,0.5928681492805481,-0.08968549966812134,0.6971874833106995,0.5115013122558594,0.1856861710548401,0.6176182627677917,0.6387513875961304,-0.021133124828338623
0900220012200311135302616HJ_1296888100_483825800,0,TP,medium,2.2678316663233464,0,hit,0.9805805087089539,0.9217116832733154,0.4960015118122101,0.5166969299316406,-0.020695418119430542,0.5780586004257202,0.462526798248291,0.1155318021774292,0.8349849581718445,0.5498064160346985,0.285178542137146
0900220012200311135408992HJ_1296965000_483929000,0,LP,medium,4.107131257424987,0,hit,0.9613268971443176,0.8753764629364014,0.6711557507514954,0.6132280230522156,0.057927727699279785,0.735626220703125,0.548430860042572,0.18719536066055298,0.8928783535957336,0.6042760014533997,0.288602352142334
0900220012200311135408992HJ_1296965000_483929000,1,LP,large,2.50485169947255,0,hit,0.9256933927536011,0.7919495701789856,0.5950475335121155,0.7178373336791992,-0.12278980016708374,0.44956153631210327,0.577479362487793,-0.1279178261756897,0.661673367023468,0.6264925599098206,0.03518080711364746
0900220012200311135709388HJ_1297123300_484111600,0,LP,medium,3.5957760690664524,0,hit,0.9076164960861206,0.9076164960861206,0.5646100044250488,0.551041305065155,0.013568699359893799,0.6113783717155457,0.5157512426376343,0.09562712907791138,0.875572144985199,0.6160120368003845,0.25956010818481445
0900220012200312094333611HJ_1297717500_483050300,0,TP,large,14.73454455771128,1,hit,0.8624187111854553,0.8117874264717102,0.5528854727745056,0.6872057914733887,-0.13432031869888306,0.4369077682495117,0.5845155715942383,-0.14760780334472656,0.6212323307991028,0.5981635451316833,0.023068785667419434
09002200122003120947171827C_1296579800_482579000,0,LC,large,1.2357094122545247,0,hit,0.8204848766326904,0.558415949344635,0.3972911834716797,0.5131970643997192,-0.11590588092803955,0.4288213849067688,0.4830508232116699,-0.05422943830490112,0.4953436851501465,0.5240049362182617,-0.028661251068115234
09002200122003120947171827C_1296579800_482579000,1,LP,medium,1.2972875780874975,0,hit,0.8032134771347046,0.6793581247329712,0.5931620001792908,0.6164654493331909,-0.023303449153900146,1.013648271560669,0.5876110196113586,0.4260372519493103,0.8918805718421936,0.6553922891616821,0.23648828268051147
09002200122003120947448447C_1296530200_482579300,0,LP,medium,2.0999934896098242,0,hit,0.9524629712104797,0.8767641186714172,0.4715631306171417,0.5889682769775391,-0.11740514636039734,0.5379682183265686,0.5381259918212891,-0.00015777349472045898,0.7918279767036438,0.5652371048927307,0.22659087181091309
09002200122003120947448447C_1296530200_482579300,1,LP,medium,1.5305932558070012,0,hit,0.9228866696357727,0.7850658297538757,0.5719540119171143,0.5504671335220337,0.021486878395080566,0.8025939464569092,0.4942103326320648,0.30838361382484436,0.8399807214736938,0.5966673493385315,0.24331337213516235
09002200122003120951481147C_1296450700_482580200,0,LP,medium,1.1025543915439968,0,hit,0.8654111623764038,0.7925595045089722,0.6631142497062683,0.5925430059432983,0.07057124376296997,0.8432904481887817,0.5260391235351562,0.3172513246536255,0.8496932983398438,0.5718643069267273,0.27782899141311646
0900220012200312095909911HJ_1296915600_482963200,0,LP,large,1.080800950418089,0,hit,0.9531632661819458,0.8988049626350403,0.5547824501991272,0.6028591990470886,-0.048076748847961426,0.780860185623169,0.5311430096626282,0.24971717596054077,0.757105827331543,0.6008934378623962,0.15621238946914673
0900220012200312095909911HJ_1296915600_482963200,1,LP,large,2.4431699564224973,0,hit,0.8744878172874451,0.3819940686225891,0.6735437512397766,0.7771691679954529,-0.10362541675567627,0.6410956978797913,0.6370534896850586,0.004042208194732666,0.7063210010528564,0.7085295915603638,-0.0022085905075073242
0900220012200312095909911HJ_1296915600_482963200,2,TC,medium,3.833369502560103,0,hit,0.8761231899261475,0.816611111164093,0.4719691872596741,0.6727632880210876,-0.20079410076141357,0.5372194647789001,0.5628358721733093,-0.02561640739440918,0.6606930494308472,0.5577060580253601,0.10298699140548706
0900220012200312102523842HJ_1296544500_482945700,0,LP,medium,1.3484860955312052,0,hit,0.8109298348426819,0.7992873191833496,0.6801131367683411,0.6278444528579712,0.05226868391036987,0.5726874470710754,0.5282444953918457,0.044442951679229736,0.7230284810066223,0.578469455242157,0.14455902576446533
0900220012200312103209500HJ_1296473600_482945600,0,LP,medium,3.392802725625985,0,hit,0.927359938621521,0.8420790433883667,0.5947889089584351,0.7137674689292908,-0.11897855997085571,0.6207602620124817,0.545056164264679,0.07570409774780273,0.905590295791626,0.5424720048904419,0.3631182909011841
0900220012200312111901799HJ_1294801500_482931600,0,LP,large,1.3951560823382325,0,hit,0.947207510471344,0.932534396648407,0.6693083643913269,0.5820364952087402,0.08727186918258667,0.6766232252120972,0.5670028924942017,0.10962033271789551,0.6911033391952515,0.6110466718673706,0.08005666732788086
0900220012200312111901799HJ_1294801500_482931600,1,TC,medium,4.687477707905373,0,hit,0.9674397706985474,0.9163053631782532,0.6041315197944641,0.6113983392715454,-0.007266819477081299,0.6167762875556946,0.5125047564506531,0.1042715311050415,0.9207305908203125,0.5672117471694946,0.35351884365081787
0900220012200312111901799HJ_1294801500_482931600,2,TC,medium,17.86393511300015,1,hit,0.7249340415000916,0.4215576946735382,0.5070210099220276,0.5838616490364075,-0.07684063911437988,0.504446268081665,0.5526881814002991,-0.04824191331863403,0.7219546437263489,0.6521324515342712,0.06982219219207764
0900220012200312111901799HJ_1294801500_482931600,3,LC,small,3.249922436461475,0,classification_error,0.5622726678848267,0.42381033301353455,0.5459991097450256,0.4560542702674866,0.08994483947753906,0.6691717505455017,0.427313894033432,0.2418578565120697,0.8190385699272156,0.6780391931533813,0.14099937677383423
0900220012200312111901799HJ_1294801500_482931600,4,MC,small,4.666774044786849,0,hit,0.8058596849441528,0.7285076975822449,0.6502231359481812,0.6925083994865417,-0.042285263538360596,0.6081112027168274,0.6819992661476135,-0.07388806343078613,0.7669334411621094,0.720979630947113,0.04595381021499634
0900220012200312111928743HJ_1294756600_482932100,0,LP,medium,2.4576442930629154,0,hit,0.9706394076347351,0.9356632828712463,0.6674917340278625,0.6109651923179626,0.0565265417098999,0.650654673576355,0.5336059927940369,0.11704868078231812,0.8719807267189026,0.6496544480323792,0.22232627868652344
0900220012200312111928743HJ_1294756600_482932100,1,LP,large,1.3749965826692057,0,hit,0.6146249771118164,0.6065689921379089,0.6481966376304626,0.6040916442871094,0.04410499334335327,0.6063672304153442,0.6340731382369995,-0.027705907821655273,0.7093943357467651,0.6991564631462097,0.01023787260055542
0900220012200312111928743HJ_1294756600_482932100,2,LP,small,4.133430721089875,0,hit,0.8904304504394531,0.8904304504394531,0.6618672013282776,0.7073330283164978,-0.045465826988220215,0.6650425791740417,0.5514528155326843,0.11358976364135742,0.7815932035446167,0.6479957699775696,0.13359743356704712
0900220012200312111928743HJ_1294756600_482932100,3,TP,medium,8.4195109225332,1,hit,0.7363349199295044,0.45143288373947144,0.6317156553268433,0.6805540323257446,-0.04883837699890137,0.6481413245201111,0.5200168490409851,0.12812447547912598,0.8898237347602844,0.596560001373291,0.2932637333869934
0900220012200312111928743HJ_1294756600_482932100,4,LP,medium,2.1851871527196938,0,hit,0.7628688216209412,0.22278663516044617,0.6902024745941162,0.6993069648742676,-0.009104490280151367,0.5981429219245911,0.615574836730957,-0.017431914806365967,0.7938364148139954,0.6438038945198059,0.15003252029418945
0900220012200312111928743HJ_1294756600_482932100,5,LP,medium,1.0714104063882814,0,hit,0.6921610832214355,0.5867477059364319,0.7522799372673035,0.748945415019989,0.003334522247314453,0.7604122757911682,0.6501239538192749,0.11028832197189331,0.7083776593208313,0.7049291729927063,0.003448486328125
0900220012200312112056234HJ_1294678100_482933800,0,LP,medium,3.105278459074796,0,hit,0.7560437917709351,0.6950083374977112,0.5884418487548828,0.5900720357894897,-0.0016301870346069336,0.8162180781364441,0.5008818507194519,0.3153362274169922,0.9931910037994385,0.6434842944145203,0.3497067093849182
0900220012200312112056234HJ_1294678100_482933800,1,LP,large,1.7888864286554726,0,hit,0.8173404932022095,0.6053613424301147,0.7069076299667358,0.639764130115509,0.0671434998512268,0.6192223429679871,0.5487737059593201,0.07044863700866699,0.657146155834198,0.6291676759719849,0.027978479862213135
0900220012200312112537730HJ_1294513800_482936800,0,LP,medium,3.514246353181212,0,hit,0.9586055278778076,0.7422590851783752,0.7583556771278381,0.5770883560180664,0.18126732110977173,0.8089754581451416,0.6159234046936035,0.19305205345153809,0.709865391254425,0.63875812292099,0.07110726833343506
0900220012200312112537730HJ_1294513800_482936800,1,LP,medium,5.083232246169496,1,hit,0.9184919595718384,0.8941465020179749,0.6255755424499512,0.5901659727096558,0.03540956974029541,0.7435021996498108,0.5399969220161438,0.203505277633667,1.0456573963165283,0.6081494688987732,0.4375079274177551
0900220012200312112537730HJ_1294513800_482936800,2,LP,medium,2.6041610770684267,0,hit,0.8572667837142944,0.7105441689491272,0.7122426629066467,0.6256627440452576,0.08657991886138916,0.7262750267982483,0.6020015478134155,0.12427347898483276,0.8009981513023376,0.5821338891983032,0.21886426210403442
0900220012200312114427307HJ_1294667000_482932500,0,LP,medium,2.302997516095443,0,hit,0.9535766243934631,0.9498908519744873,0.7310364842414856,0.640283465385437,0.09075301885604858,0.8355605006217957,0.5422492623329163,0.2933112382888794,1.0320309400558472,0.687181293964386,0.3448496460914612
0900220012200312114427307HJ_1294667000_482932500,1,TC,large,10.8750753408458,1,hit,0.6057236790657043,0.23128843307495117,0.5182526707649231,0.860081136226654,-0.34182846546173096,0.46293073892593384,0.6159350275993347,-0.15300428867340088,0.5318134427070618,0.6537388563156128,-0.12192541360855103
0900220012200312114427307HJ_1294667000_482932500,2,LP,small,2.8998632862566067,0,hit,0.6852629780769348,0.6852629780769348,0.87205970287323,0.5881533026695251,0.28390640020370483,1.498008370399475,0.6818611025810242,0.8161472678184509,1.1719521284103394,0.9098343253135681,0.26211780309677124
0900220012200312114427307HJ_1294667000_482932500,3,LP,large,3.018174019818637,0,hit,0.9850727319717407,0.9576976299285889,0.7494924664497375,0.7083122134208679,0.04118025302886963,0.5308773517608643,0.6003247499465942,-0.06944739818572998,0.6255027055740356,0.5854769349098206,0.04002577066421509
0900220012200312114427307HJ_1294667000_482932500,4,MC,small,6.333723307934118,1,localization_error,0.5079547166824341,0.4134347438812256,0.7083767056465149,0.6420459747314453,0.06633073091506958,0.5306127071380615,0.5584349632263184,-0.027822256088256836,0.8327590227127075,0.6555176973342896,0.17724132537841797
0900220012200312114427307HJ_1294667000_482932500,5,LP,medium,2.5517743602263807,0,hit,0.9048457741737366,0.5953159332275391,0.653500497341156,0.673027753829956,-0.01952725648880005,0.6259501576423645,0.5672346353530884,0.05871552228927612,0.7268315553665161,0.642750084400177,0.08408147096633911
0900220012200312114427307HJ_1294667000_482932500,6,TP,medium,3.9091365601123065,0,hit,0.5817722082138062,0.26095715165138245,0.6366912722587585,0.6938198208808899,-0.05712854862213135,0.6437486410140991,0.5835391283035278,0.06020951271057129,0.7165551781654358,0.6117794513702393,0.10477572679519653
0900220012200312123119200HJ_1296485000_482944400,0,LC,large,1.0731719056959836,0,hit,0.9152728319168091,0.8195632100105286,0.5389937162399292,0.56065434217453,-0.02166062593460083,0.4883677065372467,0.49663248658180237,-0.008264780044555664,0.6311419010162354,0.6102825403213501,0.020859360694885254
0900220012200312125154046HJ_1297128700_483042800,0,LC,large,1.0000004359646415,0,hit,0.978459358215332,0.9436772465705872,0.6305760145187378,0.5749446749687195,0.05563133955001831,0.6343410611152649,0.5141991376876831,0.12014192342758179,0.6078715920448303,0.6109769344329834,-0.003105342388153076
09002200122003121254407867C_1296330500_482581500,0,LC,medium,2.6078215486321623,0,hit,0.9357141852378845,0.8973469138145447,0.5839748382568359,0.7069054841995239,-0.12293064594268799,0.5885207056999207,0.5401571393013,0.048363566398620605,0.6316036581993103,0.5640794038772583,0.067524254322052
09002200122003121256231127C_1296518600_482577900,0,LP,large,3.017551373988502,0,hit,0.9034653306007385,0.8270803093910217,0.6968548893928528,0.7021822333335876,-0.005327343940734863,0.7665594220161438,0.5518357157707214,0.21472370624542236,0.8281424045562744,0.5929175615310669,0.23522484302520752
0900220012200312125703700HJ_1297466900_483061400,0,LP,medium,4.608689767908416,0,hit,0.8712818622589111,0.5827020406723022,0.72539883852005,0.4742553234100342,0.25114351511001587,0.8010720014572144,0.5155324935913086,0.28553950786590576,0.9941603541374207,0.643838107585907,0.35032224655151367
0900220012200312150309223HJ_1294673300_482935500,0,TC,large,9.02669849185707,1,hit,0.8984981179237366,0.8984981179237366,0.5520726442337036,0.5985544919967651,-0.04648184776306152,0.562616765499115,0.50649094581604,0.05612581968307495,0.6094484329223633,0.5420408248901367,0.06740760803222656
0900220012200312150309223HJ_1294673300_482935500,1,LC,medium,9.200161745632105,1,hit,0.8945043087005615,0.7885424494743347,0.6067372560501099,0.5872793197631836,0.01945793628692627,0.6984421610832214,0.5810564160346985,0.11738574504852295,0.9281442761421204,0.671545147895813,0.2565991282463074
0900220012200312165835440HJ_1297469700_483065900,0,LC,medium,1.7058736412279243,0,hit,0.9004120230674744,0.9004120230674744,0.5332228541374207,0.5383031964302063,-0.0050803422927856445,0.675492525100708,0.4727422893047333,0.20275023579597473,0.693341076374054,0.5248188376426697,0.16852223873138428
0900220012200312165835440HJ_1297469700_483065900,1,TC,large,20.697789095368684,1,hit,0.8670871257781982,0.8644770979881287,0.5192835927009583,0.7232832908630371,-0.20399969816207886,0.5258660912513733,0.5207226872444153,0.005143404006958008,0.5915604829788208,0.539364755153656,0.052195727825164795
0900220012200312170629411HJ_1297349400_483068400,0,TC,medium,20.599251736386606,1,hit,0.8456697463989258,0.6422812938690186,0.5613967776298523,0.6961342096328735,-0.13473743200302124,0.716435432434082,0.5534819960594177,0.1629534363746643,0.7344396114349365,0.7054798007011414,0.028959810733795166
0900220012200312170629411HJ_1297349400_483068400,1,MC,small,6.00000871923201,1,hit,0.5700082778930664,0.5035552978515625,0.6055351495742798,0.5154575705528259,0.09007757902145386,0.4410155713558197,0.5804643034934998,-0.13944873213768005,0.8130419850349426,0.6895320415496826,0.12350994348526001
0900220012200312170629411HJ_1297349400_483068400,2,AC,large,1.4045797205436308,0,hit,0.919995903968811,0.8838380575180054,0.5881524085998535,0.6084363460540771,-0.020283937454223633,0.538433849811554,0.5595027208328247,-0.021068871021270752,0.686930239200592,0.5785102248191833,0.10842001438140869
0900220012200312170629411HJ_1297349400_483068400,3,MC,small,5.399741220414292,1,localization_error,0.43612009286880493,0.43612009286880493,0.6934998631477356,0.7456960082054138,-0.05219614505767822,0.572454571723938,0.5631535053253174,0.009301066398620605,0.7490841150283813,0.7309535145759583,0.018130600452423096
0900220012200313091400998HG_1297275500_482367300,0,LC,medium,1.3461542975994292,0,hit,0.8363656401634216,0.540427029132843,0.5604953765869141,0.5183402299880981,0.04215514659881592,0.5348078608512878,0.46281489729881287,0.07199296355247498,0.7395598292350769,0.5944622159004211,0.14509761333465576
0900220012200313092436165HG_1296881900_482365700,0,LC,large,1.5950017578167917,0,hit,0.9003049731254578,0.722793459892273,0.49989667534828186,0.5407423377037048,-0.040845662355422974,0.5977662205696106,0.46681806445121765,0.13094815611839294,0.636572003364563,0.5396915078163147,0.09688049554824829
0900220012200313093818799HG_1296804700_482363800,0,TP,medium,19.175961728328577,1,hit,0.7823562622070312,0.7578108310699463,0.5706170201301575,0.6744036078453064,-0.10378658771514893,0.5814340710639954,0.5761785507202148,0.005255520343780518,0.6622937321662903,0.6657081246376038,-0.0034143924713134766
0900220012200313093818799HG_1296804700_482363800,1,LP,large,2.2473280589090407,0,hit,0.8503561019897461,0.4421977996826172,0.5587331056594849,0.5558590888977051,0.002874016761779785,0.578955352306366,0.511033296585083,0.06792205572128296,0.809958815574646,0.6048628687858582,0.20509594678878784
0900220012200313093818799HG_1296804700_482363800,2,MC,small,5.142741302641904,1,hit,0.7753959894180298,0.7753959894180298,0.6108461022377014,0.6044639945030212,0.006382107734680176,0.6999228596687317,0.6538135409355164,0.04610931873321533,0.9288511276245117,0.7148029208183289,0.21404820680618286
0900220012200313093818799HG_1296804700_482363800,3,LP,medium,1.5362290380733514,0,hit,0.8952841758728027,0.8445612192153931,0.5498623847961426,0.6297432780265808,-0.07988089323043823,0.6134148836135864,0.6000315546989441,0.013383328914642334,0.7347445487976074,0.5569016337394714,0.177842915058136
0900220012200313093818799HG_1296804700_482363800,4,TP,small,4.384734207882208,0,hit,0.5672557950019836,0.5106831192970276,0.4828188717365265,0.5521323084831238,-0.06931343674659729,0.7157440185546875,0.6520318984985352,0.06371212005615234,0.8719046711921692,0.8955364227294922,-0.023631751537322998
0900220012200313093841960HG_1296755400_482362900,0,LP,large,1.2222200453845538,0,hit,0.9334832429885864,0.9101817607879639,0.6230999827384949,0.603704571723938,0.019395411014556885,0.6485536694526672,0.5094742178916931,0.13907945156097412,0.6457960605621338,0.5801292657852173,0.0656667947769165
0900220012200313093841960HG_1296755400_482362900,1,LP,large,2.6057773567897233,0,hit,0.9684357047080994,0.9550266265869141,0.5808260440826416,0.7151045203208923,-0.13427847623825073,0.5515008568763733,0.5711513757705688,-0.019650518894195557,0.7384737730026245,0.6179239749908447,0.12054979801177979
0900220012200313093841960HG_1296755400_482362900,2,MC,medium,2.7187509536743164,0,hit,0.9069862365722656,0.840455949306488,0.7238849997520447,0.6686180830001831,0.05526691675186157,0.77553790807724,0.5706280469894409,0.20490986108779907,1.3893218040466309,0.6646373271942139,0.724684476852417
0900220012200313093841960HG_1296755400_482362900,3,LP,medium,1.4062385559082031,0,hit,0.6977381706237793,0.29497382044792175,0.7025320529937744,0.6676448583602905,0.03488719463348389,0.6956483125686646,0.5873965620994568,0.10825175046920776,0.7703096866607666,0.6718939542770386,0.09841573238372803
0900220012200313093841960HG_1296755400_482362900,4,TP,large,16.291298874690064,1,localization_error,0.704557478427887,0.10984919965267181,0.5842719674110413,0.7025759816169739,-0.11830401420593262,0.5895360112190247,0.5893713235855103,0.0001646876335144043,0.6806548237800598,0.6187983751296997,0.06185644865036011
0900220012200313093901649HG_1296717500_482361800,0,TP,medium,3.000028911714866,0,hit,0.7855851650238037,0.7740543484687805,0.6248133182525635,0.6881944537162781,-0.0633811354637146,0.7113127112388611,0.5789746046066284,0.13233810663223267,0.9317777752876282,0.5608598589897156,0.3709179162979126
0900220012200313093901649HG_1296717500_482361800,1,TP,large,16.399939371991486,1,hit,0.9484042525291443,0.9484042525291443,0.5280890464782715,0.6152953505516052,-0.08720630407333374,0.5740463733673096,0.5351619124412537,0.03888446092605591,0.6695688366889954,0.6490713357925415,0.020497500896453857
0900220012200313093901649HG_1296717500_482361800,2,LP,medium,1.5714066844040537,0,hit,0.9154464602470398,0.9063740968704224,0.666803777217865,0.5758313536643982,0.0909724235534668,0.9465567469596863,0.49509143829345703,0.45146530866622925,1.2428781986236572,0.5993973612785339,0.6434808373451233
0900220012200313093901649HG_1296717500_482361800,3,TP,medium,6.499897549470527,1,hit,0.8747047781944275,0.8159433603286743,0.7234030365943909,0.5996034741401672,0.12379956245422363,0.6766886115074158,0.5939737558364868,0.08271485567092896,0.8915030360221863,0.7257079482078552,0.16579508781433105
0900220012200313094502383HG_1296642000_482362400,0,LP,medium,2.568171934723398,0,hit,0.9260125160217285,0.7797223329544067,0.5527647733688354,0.5305209159851074,0.022243857383728027,0.760148823261261,0.5152470469474792,0.24490177631378174,0.8564118146896362,0.582128643989563,0.27428317070007324
0900220012200313094502383HG_1296642000_482362400,1,TP,large,5.740767532730287,1,hit,0.9319764375686646,0.8612671494483948,0.5476080775260925,0.6305715441703796,-0.08296346664428711,0.6117176413536072,0.5576835870742798,0.05403405427932739,0.6888712048530579,0.5846062302589417,0.10426497459411621
0900220012200313094502383HG_1296642000_482362400,2,MC,small,3.5000400544740846,0,hit,0.8832623958587646,0.8598430752754211,0.6142142415046692,0.5381380319595337,0.0760762095451355,1.0427169799804688,0.6139788627624512,0.4287381172180176,1.418456792831421,0.8696030974388123,0.5488536953926086
0900220012200313094502383HG_1296642000_482362400,3,LP,medium,5.5000211928703795,1,hit,0.7022318243980408,0.31093141436576843,0.569843590259552,0.5205823183059692,0.049261271953582764,0.6296871900558472,0.640678882598877,-0.010991692543029785,0.6195123195648193,0.620219349861145,-0.0007070302963256836
0900220012200313103120087HG_1295021900_482314200,0,TP,medium,19.751379107757337,1,hit,0.8047536611557007,0.7069874405860901,0.5093622207641602,0.512171745300293,-0.0028095245361328125,0.7757489085197449,0.582129180431366,0.1936197280883789,0.6649335026741028,0.687939465045929,-0.023005962371826172
0900220012200313103120087HG_1295021900_482314200,1,LP,medium,2.6451964130487213,0,hit,0.8998100161552429,0.8364400863647461,0.5607678890228271,0.6034469604492188,-0.0426790714263916,0.7716817259788513,0.5670351982116699,0.2046465277671814,1.0124589204788208,0.5885192155838013,0.42393970489501953
0900220012200313103120087HG_1295021900_482314200,2,LP,medium,3.055580563206201,0,hit,0.9473907947540283,0.9462120532989502,0.6742173433303833,0.48455291986465454,0.18966442346572876,0.6269749402999878,0.47797003388404846,0.14900490641593933,0.9580249786376953,0.624116837978363,0.3339081406593323
0900220012200313103120087HG_1295021900_482314200,3,TP,large,11.599848809044254,1,hit,0.9450151920318604,0.9225268959999084,0.5200718641281128,0.6501055955886841,-0.1300337314605713,0.5054506063461304,0.4880843162536621,0.01736629009246826,0.6627304553985596,0.538974940776825,0.12375551462173462
0900220012200313103120087HG_1295021900_482314200,4,TP,small,8.799780280142818,1,hit,0.5951534509658813,0.38141676783561707,0.6460723876953125,0.548874020576477,0.09719836711883545,0.6267431974411011,0.5145599246025085,0.11218327283859253,0.8891081213951111,0.6238176822662354,0.26529043912887573
0900220012200313103134147HG_1294997800_482312500,0,LP,small,1.315761915316687,0,hit,0.9222769141197205,0.9222769141197205,0.749629557132721,0.5595607161521912,0.19006884098052979,0.9273312091827393,0.4974283277988434,0.4299028813838959,0.7241664528846741,0.6259967088699341,0.09816974401473999
0900220012200313103134147HG_1294997800_482312500,1,TP,small,11.834196364080288,1,localization_error,0.5213992595672607,0.4603773355484009,0.4892179071903229,0.6283275485038757,-0.13910964131355286,0.6113415956497192,0.6369332671165466,-0.025591671466827393,0.7860382199287415,0.6651949882507324,0.12084323167800903
0900220012200313103134147HG_1294997800_482312500,2,TP,medium,8.88004641135943,1,hit,0.9073723554611206,0.8745629191398621,0.48744234442710876,0.5475399494171143,-0.06009760499000549,0.5140572190284729,0.5116360783576965,0.002421140670776367,0.6439037919044495,0.5715325474739075,0.07237124443054199
0900220012200313103134147HG_1294997800_482312500,3,LP,small,1.5624847412109375,0,hit,0.8767966628074646,0.8767966628074646,0.756980836391449,0.5203642249107361,0.2366166114807129,0.9838593006134033,0.6036760210990906,0.38018327951431274,1.3745746612548828,0.7296692132949829,0.6449054479598999
0900220012200313103134147HG_1294997800_482312500,4,TP,large,11.448456103500313,1,hit,0.9498003721237183,0.9498003721237183,0.4946282207965851,0.47859668731689453,0.016031533479690552,0.4952741861343384,0.450166791677475,0.0451073944568634,0.6483896970748901,0.565687358379364,0.08270233869552612
0900220012200313103134147HG_1294997800_482312500,5,LP,medium,1.724122980789316,0,hit,0.9586665630340576,0.7967193126678467,0.5634490251541138,0.5270963907241821,0.03635263442993164,0.5869742631912231,0.4178370535373688,0.16913720965385437,0.9528900980949402,0.5484785437583923,0.40441155433654785
0900220012200313103134147HG_1294997800_482312500,6,LP,medium,1.0512740657737825,0,hit,0.9575570225715637,0.9171618223190308,0.6660154461860657,0.5311869978904724,0.13482844829559326,0.7989416122436523,0.5305449366569519,0.26839667558670044,0.8368579745292664,0.5856688618659973,0.25118911266326904
0900220012200313103134147HG_1294997800_482312500,7,TP,medium,2.725026741395069,0,hit,0.9283627271652222,0.7565427422523499,0.5589576363563538,0.5411972999572754,0.01776033639907837,0.6322179436683655,0.5260577201843262,0.1061602234840393,0.7056827545166016,0.6050135493278503,0.10066920518875122
0900220012200313103312325HG_1294970100_482305300,0,TP,medium,12.125040531313061,1,hit,0.8002465963363647,0.4837509095668793,0.6767752766609192,0.632464587688446,0.044310688972473145,0.5681093335151672,0.5331061482429504,0.0350031852722168,0.6016824245452881,0.631345808506012,-0.029663383960723877
0900220012200313103312325HG_1294970100_482305300,1,LP,small,1.5384835694197299,0,hit,0.7445853352546692,0.272942453622818,0.7266404032707214,0.63446444272995,0.09217596054077148,0.955618679523468,0.5525892376899719,0.4030294418334961,0.8272770643234253,0.7002584338188171,0.12701863050460815
0900220012200313103312325HG_1294970100_482305300,2,TP,medium,11.818433026301188,1,hit,0.8117069005966187,0.8117069005966187,0.7294293642044067,0.5256298184394836,0.2037995457649231,0.560712993144989,0.4914564788341522,0.06925651431083679,0.5692724585533142,0.6512575745582581,-0.08198511600494385
0900220012200313103312325HG_1294970100_482305300,3,P,medium,2.5832786572572957,0,hit,0.89106684923172,0.883658230304718,0.5399153232574463,0.41268235445022583,0.12723296880722046,0.6891958713531494,0.4560774266719818,0.2331184446811676,0.7796114087104797,0.5661037564277649,0.21350765228271484
0900220012200313103312325HG_1294970100_482305300,4,LP,large,1.5779897527787887,0,hit,0.9367728233337402,0.9282835721969604,0.668178379535675,0.6272222399711609,0.04095613956451416,0.5537659525871277,0.5326040983200073,0.02116185426712036,0.8210604786872864,0.6369509100914001,0.18410956859588623
0900220012200313103334602HG_1294940500_482290500,0,TP,medium,1.5853699565755255,0,hit,0.9839822053909302,0.9364176392555237,0.5616971254348755,0.6389722228050232,-0.0772750973701477,0.4631953835487366,0.5263327956199646,-0.06313741207122803,1.0490516424179077,0.5935882329940796,0.4554634094238281
0900220012200313103334602HG_1294940500_482290500,1,TP,large,15.120127832967526,1,hit,0.8834198713302612,0.862287700176239,0.44792360067367554,0.5330049395561218,-0.08508133888244629,0.537122368812561,0.5465198755264282,-0.009397506713867188,0.8907203674316406,0.6202943921089172,0.2704259753227234
0900220012200313103334602HG_1294940500_482290500,2,LP,medium,3.392817516975292,0,hit,0.9306761622428894,0.8687800765037537,0.656021773815155,0.5216073393821716,0.1344144344329834,0.6670306324958801,0.39783361554145813,0.269197016954422,1.0327436923980713,0.556590735912323,0.4761529564857483
0900220012200313103344182HG_1294923000_482280700,0,LP,medium,2.071410510162265,0,hit,0.9232243895530701,0.702355682849884,0.4745562970638275,0.5010757446289062,-0.026519447565078735,0.7285413146018982,0.4926740825176239,0.2358672320842743,0.7149531245231628,0.5277217030525208,0.1872314214706421
0900220012200313103344182HG_1294923000_482280700,1,TP,large,6.439031652033072,1,hit,0.8006239533424377,0.6043508052825928,0.4489423930644989,0.5234755277633667,-0.0745331346988678,0.5319726467132568,0.5481287837028503,-0.016156136989593506,0.5984646081924438,0.5569013357162476,0.04156327247619629
0900220012200313103344182HG_1294923000_482280700,2,TP,large,8.204521998951307,1,hit,0.9645527005195618,0.8278952240943909,0.6171226501464844,0.5734323263168335,0.04369032382965088,0.48482269048690796,0.4608035683631897,0.02401912212371826,0.6957348585128784,0.5102839469909668,0.18545091152191162
0900220012200313103401259HG_1294888500_482263900,0,MC,small,4.636494284763067,0,hit,0.8690471053123474,0.8083328008651733,0.590592622756958,0.6531949043273926,-0.06260228157043457,0.7224981188774109,0.5818275809288025,0.1406705379486084,0.7594575881958008,0.6394647359848022,0.11999285221099854
0900220012200313103401259HG_1294888500_482263900,1,TP,medium,14.909402397070247,1,hit,0.886192798614502,0.6732991337776184,0.7201115489006042,0.6410649418830872,0.07904660701751709,0.46931734681129456,0.5426138043403625,-0.073296457529068,0.6305659413337708,0.6188160181045532,0.01174992322921753
0900220012200313103401259HG_1294888500_482263900,2,LC,medium,1.3538390752791158,0,hit,0.9045416116714478,0.8569312691688538,0.4141436219215393,0.53875333070755,-0.12460970878601074,0.4618746042251587,0.46825098991394043,-0.006376385688781738,0.6402064561843872,0.5136974453926086,0.12650901079177856
0900220012200313103401259HG_1294888500_482263900,3,LP,medium,1.7234312503246585,0,hit,0.9283078908920288,0.8964998126029968,0.75083988904953,0.5119243860244751,0.23891550302505493,0.7959826588630676,0.48252907395362854,0.3134535849094391,1.0240588188171387,0.5587689280509949,0.4652898907661438
0900220012200313103401259HG_1294888500_482263900,4,TP,small,3.9091554766396626,0,localization_error,0.48628684878349304,0.4407864212989807,0.872916042804718,0.5884794592857361,0.28443658351898193,0.47135406732559204,0.44536399841308594,0.025990068912506104,0.5256171822547913,0.5581209063529968,-0.032503724098205566
0900220012200313141159729HG_1296379300_482365400,0,LC,large,1.4631637852552344,0,hit,0.8320313096046448,0.6730198264122009,0.4914807379245758,0.48556405305862427,0.005916684865951538,0.7051184773445129,0.48684436082839966,0.21827411651611328,0.705927848815918,0.6215631365776062,0.08436471223831177
0900220012200313142223268HG_1296643600_482360600,0,LC,large,1.5474432295335179,0,hit,0.941577136516571,0.8629090189933777,0.6518056988716125,0.6426742672920227,0.009131431579589844,0.5858768224716187,0.5115103721618652,0.07436645030975342,0.6801664233207703,0.5767151713371277,0.10345125198364258
0900220012200313143056145HG_1296744900_482360900,0,MC,small,4.333663960609575,0,hit,0.5661616921424866,0.5294458866119385,0.5587796568870544,0.6864026188850403,-0.12762296199798584,0.48342806100845337,0.5869584083557129,-0.10353034734725952,1.247298240661621,0.9020833969116211,0.34521484375
0900220012200313143056145HG_1296744900_482360900,1,LC,medium,3.7073385317577285,0,hit,0.8724991083145142,0.7661145329475403,0.5692061185836792,0.5516428351402283,0.017563283443450928,0.6200721859931946,0.4946513772010803,0.12542080879211426,0.7872371673583984,0.6020914316177368,0.18514573574066162
0900220012200313143321273HJ_1298265200_482585700,0,TC,large,9.969547606717468,1,hit,0.7636843919754028,0.21018484234809875,0.49690261483192444,0.5778437852859497,-0.08094117045402527,0.4694862961769104,0.5278472304344177,-0.058360934257507324,0.5693737864494324,0.6188496947288513,-0.049475908279418945
0900220012200313143321273HJ_1298265200_482585700,1,AC,large,1.0200988063645224,0,hit,0.8369167447090149,0.6219213604927063,0.5578900575637817,0.5269047021865845,0.030985355377197266,0.5152972340583801,0.4947762191295624,0.02052101492881775,0.6178134083747864,0.5909167528152466,0.026896655559539795
0900220012200313143909066HG_1296994100_482363900,0,LC,large,3.016116186967851,0,hit,0.9275148510932922,0.9006577730178833,0.5809430480003357,0.6644599437713623,-0.08351689577102661,0.6172600984573364,0.518173336982727,0.09908676147460938,0.7281674146652222,0.5312950015068054,0.19687241315841675
0900220012200313144107689HG_1297210100_482364400,0,LC,medium,2.0217217949041153,0,hit,0.7251747250556946,0.6537865400314331,0.5876497626304626,0.4516066610813141,0.13604310154914856,0.5399921536445618,0.4452459514141083,0.09474620223045349,0.7077469229698181,0.5052486658096313,0.20249825716018677
0900220012200313144535390HG_1297248500_482363800,0,LC,large,1.3763506136848622,0,hit,0.9517541527748108,0.8512498736381531,0.5579677224159241,0.5365795493125916,0.02138817310333252,0.5542836785316467,0.45162197947502136,0.10266169905662537,0.727199912071228,0.5205873847007751,0.20661252737045288
0900220012200313144722535HG_1297336800_482361500,0,LC,medium,4.750023736055067,0,hit,0.8543664813041687,0.663769006729126,0.6613645553588867,0.6501690745353699,0.011195480823516846,0.6813110113143921,0.6100203394889832,0.07129067182540894,0.9575903415679932,0.6619023084640503,0.29568803310394287
0900220012200313144722535HG_1297336800_482361500,1,TC,large,7.131646281230675,1,hit,0.8376931548118591,0.22914202511310577,0.5884189605712891,0.5654280185699463,0.022990942001342773,0.6664960980415344,0.48574182391166687,0.18075427412986755,0.6255684494972229,0.48156967759132385,0.14399877190589905
0900220012200313144722535HG_1297336800_482361500,2,TC,medium,10.642823822789556,1,hit,0.8064761161804199,0.4111454486846924,0.6485454440116882,0.534206748008728,0.1143386960029602,0.5872474312782288,0.45070773363113403,0.13653969764709473,0.6231685280799866,0.658536434173584,-0.03536790609359741
0900220012200313145327008HG_1297812000_482357900,0,MC,small,4.7999218778609185,0,hit,0.6363497376441956,0.629934549331665,0.6277925968170166,0.48592081665992737,0.14187178015708923,0.6237617135047913,0.6386228203773499,-0.014861106872558594,0.729954719543457,0.6770403385162354,0.05291438102722168
0900220012200313145327008HG_1297812000_482357900,1,LC,large,2.7246335467789002,0,hit,0.926967978477478,0.8865392804145813,0.46793636679649353,0.5977669954299927,-0.12983062863349915,0.5040028095245361,0.5052509307861328,-0.0012481212615966797,0.5448603630065918,0.5711111426353455,-0.026250779628753662
0900220012200313145327008HG_1297812000_482357900,2,MC,small,4.461697012949208,0,hit,0.9188066124916077,0.8755407929420471,0.6254708766937256,0.4716026484966278,0.15386822819709778,0.9632132053375244,0.5144404768943787,0.44877272844314575,1.1380274295806885,0.7203382849693298,0.41768914461135864
0900220012200313145327008HG_1297812000_482357900,3,LC,large,3.417898523593624,0,hit,0.8335987329483032,0.10322890430688858,0.5315520167350769,0.5755789875984192,-0.044026970863342285,0.4747869670391083,0.4940607249736786,-0.019273757934570312,0.5758755207061768,0.5556969046592712,0.020178616046905518
09002200122003141051355607C_1296749300_482581700,0,LP,medium,1.0000008719353652,0,hit,0.8980702757835388,0.4266187846660614,0.4972807466983795,0.5526513457298279,-0.055370599031448364,0.6162698864936829,0.4717046916484833,0.14456519484519958,0.7786556482315063,0.5868058800697327,0.19184976816177368
09002200122003141055496447C_1296539500_482581900,0,MC,small,3.899884036742043,0,hit,0.7875407934188843,0.7875407934188843,0.6220337748527527,0.6014485359191895,0.020585238933563232,0.7458052039146423,0.48579978942871094,0.2600054144859314,0.9649644494056702,0.5773831605911255,0.3875812888145447
09002200122003141055496447C_1296539500_482581900,1,LC,medium,1.725027160976086,0,hit,0.968787431716919,0.8944531083106995,0.558093786239624,0.4002733826637268,0.15782040357589722,0.7715888023376465,0.42942944169044495,0.34215936064720154,0.9406525492668152,0.5530416369438171,0.38761091232299805
09002200122003141100169937C_1296348400_482584100,0,TC,large,4.464254340552147,0,hit,0.8976128697395325,0.7331224679946899,0.5441776514053345,0.5781694650650024,-0.03399181365966797,0.53050696849823,0.4907566010951996,0.039750367403030396,0.6221494078636169,0.5170652866363525,0.1050841212272644
09002200122003141100169937C_1296348400_482584100,1,LP,large,1.433334260164741,0,hit,0.9479799866676331,0.7803827524185181,0.5652632713317871,0.6356551647186279,-0.07039189338684082,0.5626477003097534,0.5449620485305786,0.017685651779174805,0.7102914452552795,0.5855495929718018,0.12474185228347778
09002200122003141100169937C_1296348400_482584100,2,MC,small,4.083290948670478,0,hit,0.9024966955184937,0.8709484338760376,0.5699780583381653,0.474441260099411,0.09553679823875427,1.0440014600753784,0.5522295236587524,0.491771936416626,1.1883713006973267,0.7568022012710571,0.43156909942626953
09002200122003141100169937C_1296348400_482584100,3,TP,medium,5.785740443638393,1,hit,0.6414872407913208,0.6300660967826843,0.568841278553009,0.575583279132843,-0.006742000579833984,0.7388936281204224,0.5683538317680359,0.17053979635238647,1.0281236171722412,0.6063029170036316,0.4218207001686096
09002200122003141105214507C_1296239500_482654800,0,LP,medium,1.4117697745640458,0,hit,0.7281568050384521,0.17354874312877655,0.5848850607872009,0.5375503897666931,0.04733467102050781,0.7317011952400208,0.5706241726875305,0.16107702255249023,1.0645688772201538,0.640973687171936,0.4235951900482178
09002200122003141105214507C_1296239500_482654800,1,TP,medium,14.916312756531868,1,hit,0.7604955434799194,0.6278669238090515,0.6265752911567688,0.6094918847084045,0.017083406448364258,0.781738817691803,0.5716056227684021,0.21013319492340088,0.6680878400802612,0.7039005160331726,-0.03581267595291138
09002200122003141118424516G_1294886700_481463000,0,TC,medium,6.794144284037095,1,hit,0.8834864497184753,0.5504688620567322,0.5452796220779419,0.502595841884613,0.04268378019332886,0.5025591254234314,0.46942636370658875,0.03313276171684265,0.7125173211097717,0.5429512858390808,0.16956603527069092
09002200122003141118424516G_1294886700_481463000,1,TC,medium,13.458069700730373,1,localization_error,0.6427105069160461,0.15592436492443085,0.47434505820274353,0.5050655603408813,-0.030720502138137817,0.4348541498184204,0.4939897656440735,-0.059135615825653076,0.5735177993774414,0.5354151129722595,0.038102686405181885
0900220012200314114513859HJ_1297889000_483361900,0,LC,large,1.8705778361160497,0,hit,0.872484028339386,0.5982773303985596,0.5736823678016663,0.5944952964782715,-0.020812928676605225,0.5302818417549133,0.49864816665649414,0.03163367509841919,0.7161632180213928,0.5653255581855774,0.15083765983581543
0900220012200314114513859HJ_1297889000_483361900,1,TC,medium,5.100040894053882,1,localization_error,0.5162801146507263,0.4314458668231964,0.5285770893096924,0.6137083172798157,-0.08513122797012329,0.559301495552063,0.5602335333824158,-0.0009320378303527832,0.7335966229438782,0.6453897356987,0.08820688724517822
0900220012200314114630818HJ_1297891400_483275900,0,TC,medium,20.909516146931526,1,hit,0.7251878976821899,0.7033700942993164,0.6271882653236389,0.5575551390647888,0.0696331262588501,0.5725019574165344,0.49816128611564636,0.07434067130088806,0.8496831059455872,0.5978683829307556,0.25181472301483154
0900220012200314114630818HJ_1297891400_483275900,1,AC,large,1.0744684632944683,0,hit,0.9645311236381531,0.9469809532165527,0.6031407117843628,0.6045263409614563,-0.0013856291770935059,0.5000528693199158,0.572668731212616,-0.0726158618927002,0.7026994824409485,0.5709399580955505,0.13175952434539795
0900220012200314121323382HJ_1297129600_484088200,0,TC,large,9.59376049041748,1,hit,0.7478574514389038,0.13116265833377838,0.5085551142692566,0.5258042216300964,-0.017249107360839844,0.6116493344306946,0.5110527873039246,0.10059654712677002,0.6972740292549133,0.6379727721214294,0.05930125713348389
0900220012200314121323382HJ_1297129600_484088200,1,AC,large,1.7037062344689033,0,hit,0.9873295426368713,0.9705488681793213,0.4893174171447754,0.6265069246292114,-0.13718950748443604,0.44992437958717346,0.5012351274490356,-0.05131074786186218,0.623297929763794,0.527843177318573,0.09545475244522095
0900220012200314121323382HJ_1297129600_484088200,2,LC,large,1.2115402842419798,0,hit,0.9105870127677917,0.8694407939910889,0.5251567959785461,0.5661214590072632,-0.04096466302871704,0.48759111762046814,0.4947805404663086,-0.007189422845840454,0.6722047924995422,0.5367476344108582,0.13545715808868408
0900220012200314121323382HJ_1297129600_484088200,3,MC,medium,3.133323635564634,0,hit,0.9278343319892883,0.91552734375,0.6059684157371521,0.5201221108436584,0.08584630489349365,0.871118426322937,0.5598482489585876,0.31127017736434937,1.3115417957305908,0.7521582245826721,0.5593835711479187
0900220012200314121323382HJ_1297129600_484088200,4,LC,medium,1.1190293155538247,0,hit,0.8413940072059631,0.8413940072059631,0.6628678441047668,0.49618014693260193,0.16668769717216492,0.629559338092804,0.49338197708129883,0.13617736101150513,0.7745630741119385,0.5579383969306946,0.2166246771812439
09002200122003141225329437C_1296736800_482576300,0,LC,large,1.661009725249545,0,hit,0.9435526132583618,0.8135990500450134,0.5925277471542358,0.7161707282066345,-0.12364298105239868,0.4880325496196747,0.6331145167350769,-0.14508196711540222,0.5588155388832092,0.6215736269950867,-0.06275808811187744
09002200122003141225329437C_1296736800_482576300,1,LC,medium,2.172402271967925,0,hit,0.94818514585495,0.8675093054771423,0.5662503838539124,0.5964221954345703,-0.03017181158065796,0.5397529602050781,0.597743809223175,-0.057990849018096924,0.7046700119972229,0.5807517170906067,0.12391829490661621
0900220012200314122712807HJ_1296632200_483395000,0,LC,large,1.387285194755344,0,hit,0.9697521328926086,0.926837146282196,0.5375664234161377,0.5315701365470886,0.005996286869049072,0.4671916961669922,0.4825204908847809,-0.015328794717788696,0.5657249093055725,0.5730657577514648,-0.007340848445892334
09002200122003141228346936G_1294531300_482018400,0,LP,large,1.9189126883678655,0,hit,0.9704127907752991,0.935774028301239,0.5577545166015625,0.5812801718711853,-0.023525655269622803,0.5752924680709839,0.4609139561653137,0.11437851190567017,0.6777658462524414,0.5511454343795776,0.12662041187286377
09002200122003141228346936G_1294531300_482018400,1,LP,medium,1.3414698776168863,0,hit,0.9334413409233093,0.9334413409233093,0.6542108654975891,0.5416947603225708,0.11251610517501831,0.6261844635009766,0.47187158465385437,0.1543128788471222,1.3768384456634521,0.5256119966506958,0.8512264490127563
09002200122003141228346936G_1294531300_482018400,2,TP,medium,5.281239926834246,1,hit,0.957317054271698,0.6993894577026367,0.49510470032691956,0.5918750166893005,-0.09677031636238098,0.52439284324646,0.5522202849388123,-0.027827441692352295,0.8001845479011536,0.5671278238296509,0.23305672407150269
09002200122003141228346936G_1294531300_482018400,3,LP,large,1.0930172700531762,0,hit,0.9102655053138733,0.8361806273460388,0.48460114002227783,0.6272115707397461,-0.14261043071746826,0.4899193346500397,0.5015204548835754,-0.011601120233535767,0.67389976978302,0.6106672286987305,0.06323254108428955
09002200122003141228346936G_1294531300_482018400,4,TP,large,11.609186556279637,1,hit,0.9555984139442444,0.947499692440033,0.47027525305747986,0.6631418466567993,-0.19286659359931946,0.49682867527008057,0.5575472712516785,-0.0607185959815979,0.6269950866699219,0.5471081137657166,0.07988697290420532
0900220012200314124139288HJ_1296501500_483235500,0,LC,large,1.1902446322477496,0,localization_error,0.4477999210357666,0.23175905644893646,0.5505823493003845,0.5813396573066711,-0.03075730800628662,0.49520745873451233,0.5093330144882202,-0.014125555753707886,0.5224574208259583,0.56214439868927,-0.03968697786331177
0900220012200314132406125HJ_1296721200_483490500,0,TP,large,9.62004377457437,1,hit,0.9230324625968933,0.6414464116096497,0.5120847821235657,0.5495564937591553,-0.0374717116355896,0.4798794984817505,0.4997720718383789,-0.019892573356628418,0.6515244245529175,0.5627673864364624,0.08875703811645508
0900220012200314132406125HJ_1296721200_483490500,1,LP,large,2.8174602521040155,0,hit,0.958990752696991,0.776715874671936,0.5054077506065369,0.6105358004570007,-0.10512804985046387,0.5546330809593201,0.5288881659507751,0.025744915008544922,0.6241150498390198,0.5548670887947083,0.06924796104431152
0900220012200314132406125HJ_1296721200_483490500,2,P,small,2.1427774241644797,0,hit,0.5365563035011292,0.5365563035011292,0.5056219100952148,0.5241068601608276,-0.018484950065612793,0.7433760166168213,0.6835338473320007,0.05984216928482056,1.0310667753219604,0.8588290214538574,0.17223775386810303
0900220012200314140107934HJ_1296929200_483846900,0,LP,medium,1.354830770684704,0,hit,0.9208250045776367,0.8322960138320923,0.559249758720398,0.5394285917282104,0.0198211669921875,0.7373889088630676,0.5443610548973083,0.19302785396575928,0.835608184337616,0.5988975167274475,0.23671066761016846
0900220012200314151951258HJ_1297870500_483283300,0,LC,large,1.099003074111653,0,hit,0.938612163066864,0.9166644811630249,0.6053054928779602,0.6190784573554993,-0.013772964477539062,0.7134861946105957,0.5227544903755188,0.1907317042350769,0.6972188353538513,0.5313411355018616,0.16587769985198975
0900220012200314151951258HJ_1297870500_483283300,1,P,small,2.083285862510935,0,hit,0.8497260212898254,0.664533257484436,0.8246213793754578,0.5619179010391235,0.26270347833633423,1.1708570718765259,0.6507372260093689,0.520119845867157,1.0781370401382446,0.7911208271980286,0.28701621294021606
0900220012200315093433431HJ_1296785900_482235200,0,LP,medium,1.6470743463392303,0,hit,0.9548747539520264,0.9179485440254211,0.6648146510124207,0.6335334777832031,0.03128117322921753,0.8680800199508667,0.5600302815437317,0.308049738407135,1.2619538307189941,0.594814121723175,0.6671397089958191
0900220012200315093433431HJ_1296785900_482235200,1,TP,large,7.448899136049745,1,hit,0.9643945693969727,0.9474359750747681,0.5691196918487549,0.6276195049285889,-0.058499813079833984,0.585957944393158,0.455461323261261,0.13049662113189697,0.7310026288032532,0.5373005270957947,0.1937021017074585
0900220012200315093433431HJ_1296785900_482235200,2,MC,medium,3.041604785058898,0,hit,0.9687308669090271,0.9166771769523621,0.648713231086731,0.6514182090759277,-0.0027049779891967773,1.300313115119934,0.5954811573028564,0.7048319578170776,1.3752796649932861,0.6377891302108765,0.7374905347824097
09002200122003151055458416G_1295850200_481749800,0,LC,large,1.0828248000721938,0,hit,0.9658871293067932,0.950650155544281,0.5194247364997864,0.7477194666862488,-0.2282947301864624,0.4884537160396576,0.5675277709960938,-0.07907405495643616,0.4790082573890686,0.6334417462348938,-0.1544334888458252
09002200122003151235277596G_1295845200_481745700,0,LC,large,1.218602663971657,0,hit,0.965677797794342,0.9355318546295166,0.4693841338157654,0.6623655557632446,-0.19298142194747925,0.41253572702407837,0.5207756161689758,-0.10823988914489746,0.5136975049972534,0.6015869379043579,-0.08788943290710449
09002200122003151235277596G_1295845200_481745700,1,LC,large,1.7006397432318852,0,localization_error,0.6752331256866455,0.1022799089550972,0.5480411648750305,0.6958798766136169,-0.14783871173858643,0.5175330638885498,0.5602601766586304,-0.042727112770080566,0.4985027313232422,0.6060685515403748,-0.10756582021713257
0900220012200315141340888HG_1296531200_483154500,0,LC,large,1.6981050376861997,0,hit,0.9771453142166138,0.9474297761917114,0.5886254906654358,0.6036962866783142,-0.015070796012878418,0.5482763648033142,0.48951107263565063,0.058765292167663574,0.639964759349823,0.588655412197113,0.05130934715270996
0900220012200315143107720HG_1296530700_482928000,0,TP,small,10.857096146971374,1,localization_error,0.4168476462364197,0.4168476462364197,0.4426825940608978,0.412067174911499,0.030615419149398804,0.45722442865371704,0.5047540068626404,-0.04752957820892334,1.0516785383224487,0.7282992601394653,0.3233792781829834
0900220012200315143107720HG_1296530700_482928000,1,TP,small,12.375891746717228,1,hit,0.9142041206359863,0.8491982817649841,0.554106593132019,0.4325941503047943,0.12151244282722473,0.7088384628295898,0.4240821301937103,0.2847563326358795,1.1434561014175415,0.651911199092865,0.4915449023246765
0900220012200315143107720HG_1296530700_482928000,2,TP,large,5.040023645106122,1,hit,0.8556777238845825,0.5499230027198792,0.45980560779571533,0.6024026274681091,-0.1425970196723938,0.43003955483436584,0.5497885942459106,-0.1197490394115448,0.6043893098831177,0.5236734747886658,0.0807158350944519
0900220012200315143107720HG_1296530700_482928000,3,LC,large,1.5180670618981997,0,hit,0.9370142817497253,0.9252421259880066,0.714435875415802,0.5212805867195129,0.19315528869628906,0.6257965564727783,0.5089463591575623,0.11685019731521606,0.6456252932548523,0.6375946998596191,0.008030593395233154
0900220012200315143107720HG_1296530700_482928000,4,TP,medium,11.16641998855617,1,localization_error,0.8056803941726685,0.1745959371328354,0.47869566082954407,0.5008403658866882,-0.022144705057144165,0.5051120519638062,0.4283551275730133,0.07675692439079285,0.8738916516304016,0.4965282380580902,0.3773634135723114
0900220012200315143107720HG_1296530700_482928000,5,LP,small,1.111110734346416,0,hit,0.7079632878303528,0.7079632878303528,0.5646102428436279,0.3885948359966278,0.17601540684700012,0.7314047813415527,0.48021578788757324,0.2511889934539795,0.7106648683547974,0.639401912689209,0.07126295566558838
0900220012200315143107720HG_1296530700_482928000,6,MC,small,5.599707049130302,1,hit,0.5590658783912659,0.5590658783912659,0.7385474443435669,0.7817382216453552,-0.04319077730178833,0.5591356754302979,0.5590068101882935,0.00012886524200439453,0.799224317073822,0.6825870871543884,0.1166372299194336
0900220012200315144856644HG_1296528900_482432600,0,LP,medium,4.045524724539211,0,hit,0.8728549480438232,0.8398925065994263,0.5351389646530151,0.49618083238601685,0.03895813226699829,0.5816813111305237,0.47929367423057556,0.10238763689994812,1.1090497970581055,0.6912965774536133,0.4177532196044922
0900220012200315144856644HG_1296528900_482432600,1,TP,medium,12.49957581860905,1,hit,0.8687077760696411,0.8213885426521301,0.4660302698612213,0.46304160356521606,0.002988666296005249,0.557224690914154,0.5194143652915955,0.037810325622558594,1.0306665897369385,0.6785356998443604,0.3521308898925781
0900220012200315144856644HG_1296528900_482432600,2,MC,small,4.714273258348592,0,localization_error,0.6072788834571838,0.3784325420856476,0.6905763149261475,0.5744673609733582,0.1161089539527893,0.6894424557685852,0.5546949505805969,0.13474750518798828,0.5436752438545227,0.5294642448425293,0.014210999011993408
0900220012200315150232315HJ_1296975400_482047300,0,AC,large,2.2038802633161745,0,hit,0.9217987656593323,0.8877105116844177,0.6597372889518738,0.7327882647514343,-0.07305097579956055,0.6622673869132996,0.5627912282943726,0.099476158618927,0.7097436189651489,0.6268518567085266,0.08289176225662231
0900220012200315150232315HJ_1296975400_482047300,1,TC,medium,5.147051906903268,1,hit,0.8815366625785828,0.7668426632881165,0.5122298002243042,0.5200579762458801,-0.007828176021575928,0.6058918833732605,0.5302876830101013,0.07560420036315918,0.7826443314552307,0.668303906917572,0.11434042453765869
0900220012200315151539425HJ_1296659100_482044700,0,MC,small,4.099806526820753,0,hit,0.7793349027633667,0.7793349027633667,0.6820650696754456,0.5596487522125244,0.12241631746292114,1.0329357385635376,0.6444042921066284,0.3885314464569092,1.1179760694503784,0.9238048791885376,0.19417119026184082
0900220012200315151539425HJ_1296659100_482044700,1,LP,large,2.0048799913061988,0,hit,0.9237146973609924,0.8820071816444397,0.6189778447151184,0.6334042549133301,-0.01442641019821167,0.5464877486228943,0.5687218308448792,-0.022234082221984863,0.6006540656089783,0.5861868262290955,0.014467239379882812
0900220012200315151539425HJ_1296659100_482044700,2,MC,small,4.85709178735537,0,localization_error,0.449144572019577,0.38271456956863403,0.6382087469100952,0.6523944735527039,-0.014185726642608643,0.6631494760513306,0.6881166696548462,-0.024967193603515625,0.660450279712677,0.6401383876800537,0.02031189203262329
0900220012200315151539425HJ_1296659100_482044700,3,MC,small,5.500160224619657,1,localization_error,0.3115703761577606,0.3115703761577606,0.7587010264396667,0.847376823425293,-0.08867579698562622,0.6500226259231567,0.6420019865036011,0.008020639419555664,0.6246664524078369,0.5912761092185974,0.0333903431892395
0900220012200315154038595HJ_1296568800_482042800,0,LP,large,2.188400874304179,0,hit,0.9158535003662109,0.4606478214263916,0.5062146782875061,0.5337295532226562,-0.027514874935150146,0.5973634719848633,0.486072838306427,0.11129063367843628,0.8866065144538879,0.5667352676391602,0.3198712468147278
0900220012200315154720073HG_1294851400_482002800,0,TP,large,2.8421064466622283,0,hit,0.9741633534431458,0.9613847136497498,0.49501219391822815,0.6750694513320923,-0.18005725741386414,0.5547587275505066,0.5413029789924622,0.013455748558044434,0.6313760876655579,0.5335254073143005,0.09785068035125732
0900220012200315154720073HG_1294851400_482002800,1,LP,medium,1.83334096276667,0,hit,0.71311354637146,0.6009284257888794,0.5749510526657104,0.472128689289093,0.10282236337661743,0.8747227787971497,0.5107885599136353,0.3639342188835144,0.9872989654541016,0.5375310778617859,0.4497678875923157
0900220012200315161117226HJ_1296881600_482040100,0,TP,medium,17.66716377826517,1,hit,0.7651427984237671,0.6422078013420105,0.8363298177719116,0.6794606447219849,0.15686917304992676,0.655168354511261,0.6176996827125549,0.037468671798706055,0.759523332118988,0.6204769015312195,0.13904643058776855
0900220012200315161117226HJ_1296881600_482040100,1,LP,large,1.632925245436052,0,hit,0.9315616488456726,0.8588135242462158,0.6238371133804321,0.5369514226913452,0.08688569068908691,0.6651755571365356,0.5113256573677063,0.15384989976882935,0.828879714012146,0.5604165196418762,0.2684631943702698
0900220012200315161117226HJ_1296881600_482040100,2,TP,medium,3.71425914138816,0,hit,0.9306623339653015,0.8654071688652039,0.6556606292724609,0.5374736189842224,0.11818701028823853,0.5438492894172668,0.44086429476737976,0.10298499464988708,0.8871350288391113,0.49909135699272156,0.38804367184638977
0900220012200315162223937HJ_1297328400_482030800,0,AC,large,1.3277768660167997,0,hit,0.9434689879417419,0.9152472615242004,0.543619692325592,0.6652693748474121,-0.12164968252182007,0.5623731017112732,0.5837303400039673,-0.021357238292694092,0.7820845246315002,0.6335492730140686,0.14853525161743164
0900220012200315162328572HJ_1297400000_482025700,0,AC,large,1.5632913079404003,0,hit,0.9321152567863464,0.8752074241638184,0.6149539947509766,0.5653298497200012,0.04962414503097534,0.5406103134155273,0.5330618023872375,0.007548511028289795,0.7065111994743347,0.6171555519104004,0.08935564756393433
0900220012200316084211511HJ_1298004400_481663100,0,LC,medium,3.5640978690905447,0,hit,0.7640020847320557,0.7260849475860596,0.5543787479400635,0.5672125816345215,-0.012833833694458008,0.5428562164306641,0.4980657696723938,0.044790446758270264,0.8626082539558411,0.5872657895088196,0.2753424644470215
0900220012200316084343107HJ_1297933100_481702700,0,LC,medium,1.05262654906203,0,hit,0.8922706842422485,0.8339688777923584,0.49839767813682556,0.47816333174705505,0.020234346389770508,0.5699103474617004,0.49000284075737,0.07990750670433044,0.6916941404342651,0.6275576949119568,0.06413644552230835
0900220012200316084601730HJ_1297722500_481673600,0,LC,medium,1.2800031250076294,0,hit,0.9291565418243408,0.6948580741882324,0.5650841593742371,0.5211740732192993,0.043910086154937744,0.7782644629478455,0.49751016497612,0.28075429797172546,0.7414220571517944,0.5696126222610474,0.17180943489074707
0900220012200316084601730HJ_1297722500_481673600,1,LC,large,4.043467972992457,0,hit,0.8808591961860657,0.7682424783706665,0.5539541244506836,0.6979446411132812,-0.14399051666259766,0.5719608068466187,0.559973418712616,0.011987388134002686,0.620598554611206,0.547620952129364,0.07297760248184204
0900220012200316084601730HJ_1297722500_481673600,2,LC,large,2.058833561168611,0,hit,0.9328184127807617,0.5400876998901367,0.5648477673530579,0.474692165851593,0.09015560150146484,0.5354799628257751,0.5157995223999023,0.019680440425872803,0.6042660474777222,0.5279557108879089,0.07631033658981323
0900220012200316090612549HJ_1297293200_481785000,0,AC,large,4.506598777040279,0,hit,0.7773927450180054,0.7057644128799438,0.5632592439651489,0.7033315896987915,-0.14007234573364258,0.528777539730072,0.5798818469047546,-0.05110430717468262,0.5982773303985596,0.5820670127868652,0.016210317611694336
09002200122003161001101646G_1296050900_481062900,0,AC,large,1.4192133720724138,0,hit,0.8243345618247986,0.2469957321882248,0.5460308790206909,0.5973220467567444,-0.05129116773605347,0.49680784344673157,0.5217718482017517,-0.02496400475502014,0.611284613609314,0.5495536923408508,0.061730921268463135
09002200122003161001101646G_1296050900_481062900,1,P,small,2.0,0,hit,0.6827875375747681,0.6683787107467651,0.6633875966072083,0.471390962600708,0.19199663400650024,1.065420150756836,0.5537744760513306,0.5116456747055054,1.0715198516845703,0.795513391494751,0.27600646018981934
09002200122003161001101646G_1296050900_481062900,2,P,medium,2.290365134525837,0,hit,0.95273756980896,0.9460169672966003,0.5372739434242249,0.5418118834495544,-0.00453794002532959,0.8920980095863342,0.46754732728004456,0.4245506823062897,1.3086650371551514,0.6265149116516113,0.68215012550354
09002200122003161001101646G_1296050900_481062900,3,AC,large,1.765004237377361,0,hit,0.9611794352531433,0.5234498977661133,0.5904141068458557,0.6189581751823425,-0.028544068336486816,0.50831538438797,0.5657547116279602,-0.057439327239990234,0.5033553242683411,0.5698310136795044,-0.06647568941116333
0900220012200316101158973HJ_1294210800_482438700,0,TP,medium,24.498965498300244,1,hit,0.9506737589836121,0.6606887578964233,0.6306540369987488,0.6302661895751953,0.0003878474235534668,0.7052235007286072,0.51214998960495,0.19307351112365723,0.7540248036384583,0.7681182622909546,-0.014093458652496338
0900220012200316101158973HJ_1294210800_482438700,1,TP,medium,2.173897525170234,0,hit,0.7726046442985535,0.6926698088645935,0.5670036673545837,0.5579274296760559,0.009076237678527832,0.8974537253379822,0.460496187210083,0.43695753812789917,1.154722809791565,0.5828803777694702,0.5718424320220947
0900220012200316101430746HJ_1294210500_482551900,0,TP,medium,21.769822899157692,1,hit,0.6481541991233826,0.48022904992103577,0.578820526599884,0.5686402320861816,0.010180294513702393,0.512645423412323,0.5072478652000427,0.0053975582122802734,0.5945908427238464,0.5831220746040344,0.011468768119812012
0900220012200316101430746HJ_1294210500_482551900,1,LP,large,1.5229364039889106,0,hit,0.7821213006973267,0.6714769601821899,0.6523920893669128,0.6795786023139954,-0.02718651294708252,0.6410916447639465,0.5912489295005798,0.0498427152633667,0.6815410852432251,0.6893739700317383,-0.007832884788513184
0900220012200316101430746HJ_1294210500_482551900,2,MC,small,3.8332655178727646,0,hit,0.6963794231414795,0.6621727347373962,0.6410425901412964,0.6830905079841614,-0.04204791784286499,0.6781097054481506,0.687276303768158,-0.009166598320007324,0.6427088379859924,0.6846811771392822,-0.041972339153289795
0900220012200316104656952HJ_1294137800_483062700,0,LC,large,2.3513421894356914,0,hit,0.9121874570846558,0.8959997892379761,0.5309872031211853,0.5070289373397827,0.023958265781402588,0.5453274846076965,0.526618480682373,0.018709003925323486,0.5983685851097107,0.6047541499137878,-0.0063855648040771484
0900220012200316104656952HJ_1294137800_483062700,1,AC,large,3.0072381817570664,0,hit,0.8396636843681335,0.6707789897918701,0.5280065536499023,0.5540551543235779,-0.026048600673675537,0.4274485409259796,0.5482072830200195,-0.12075874209403992,0.5684146285057068,0.5927728414535522,-0.02435821294784546
0900220012200316105228994HJ_1294110100_483361500,0,LC,large,1.9213475479100752,0,hit,0.945866584777832,0.9070417284965515,0.5406430959701538,0.6188538670539856,-0.07821077108383179,0.4982284903526306,0.5260905623435974,-0.027862071990966797,0.7185795903205872,0.602639377117157,0.11594021320343018
0900220012200316105228994HJ_1294110100_483361500,1,LC,small,2.9999145539103793,0,hit,0.6247912645339966,0.5567543506622314,0.6262863874435425,0.6192204356193542,0.007065951824188232,0.6501137614250183,0.5543956756591797,0.09571808576583862,0.7499008774757385,0.6508771777153015,0.09902369976043701
0900220012200316105228994HJ_1294110100_483361500,2,LC,small,1.333338177358156,0,localization_error,0.5882176160812378,0.5031293630599976,0.633942186832428,0.5959005355834961,0.038041651248931885,0.5323436856269836,0.4930287003517151,0.039314985275268555,0.5561423897743225,0.5632819533348083,-0.00713956356048584
0900220012200316105228994HJ_1294110100_483361500,3,TC,small,15.125915583226515,1,localization_error,0.5430557131767273,0.4599524140357971,0.4327045977115631,0.4646955132484436,-0.03199091553688049,0.41711950302124023,0.46574148535728455,-0.04862198233604431,0.6262829303741455,0.5425431728363037,0.0837397575378418
0900220012200316105304192HJ_1294095000_483407800,0,LC,large,1.1276620059242983,0,hit,0.9311608076095581,0.8568181991577148,0.5723965167999268,0.5455552935600281,0.02684122323989868,0.5837942957878113,0.47310543060302734,0.11068886518478394,0.660430371761322,0.5338680148124695,0.12656235694885254
0900220012200316105441775HJ_1294075000_483471700,0,LC,medium,2.4242002215724243,0,hit,0.828561544418335,0.6219868659973145,0.5068851113319397,0.43001794815063477,0.07686716318130493,0.5038948655128479,0.452948659658432,0.050946205854415894,0.8682191967964172,0.5290918946266174,0.3391273021697998
0900220012200316105441775HJ_1294075000_483471700,1,LC,large,1.0355013590263837,0,hit,0.943337619304657,0.7160220742225647,0.5143435597419739,0.5143373608589172,6.198883056640625e-06,0.4680837094783783,0.5143140554428101,-0.04623034596443176,0.679869532585144,0.6213067770004272,0.0585627555847168
0900220012200316112612725HJ_1294134200_483080700,0,TC,large,12.205094698096023,1,hit,0.904000461101532,0.6517619490623474,0.6175050735473633,0.6372326016426086,-0.01972752809524536,0.5447719693183899,0.5969149470329285,-0.052142977714538574,0.6704291105270386,0.6724663972854614,-0.0020372867584228516
0900220012200316112612725HJ_1294134200_483080700,1,AC,large,1.519695216985725,0,hit,0.7278846502304077,0.19346247613430023,0.5946136116981506,0.5717450976371765,0.02286851406097412,0.5812991261482239,0.5736308693885803,0.007668256759643555,0.5630581974983215,0.6382633447647095,-0.07520514726638794
0900220012200316112612725HJ_1294134200_483080700,2,AC,large,2.6736102634006076,0,hit,0.7170455455780029,0.16483920812606812,0.5026580691337585,0.6288771629333496,-0.12621909379959106,0.4501640498638153,0.5262285470962524,-0.07606449723243713,0.5843423008918762,0.538054347038269,0.04628795385360718
0900220012200316112739689HJ_1294136100_483024400,0,LC,large,1.0526369892717213,0,hit,0.859885573387146,0.5374369025230408,0.5909099578857422,0.5747168064117432,0.016193151473999023,0.5493891835212708,0.4987103044986725,0.05067887902259827,0.6654883623123169,0.6215674877166748,0.04392087459564209
0900220012200316112739689HJ_1294136100_483024400,1,TC,large,3.9999539126882104,0,localization_error,0.6311243772506714,0.31678298115730286,0.5475577712059021,0.6292092204093933,-0.08165144920349121,0.5020377039909363,0.5418251156806946,-0.0397874116897583,0.7159948945045471,0.5678589344024658,0.1481359601020813
0900220012200316112739689HJ_1294136100_483024400,2,TC,medium,2.5945774745468584,0,localization_error,0.9005196690559387,0.11750330775976181,0.5813866853713989,0.6822683215141296,-0.10088163614273071,0.6679794788360596,0.5665565729141235,0.10142290592193604,0.7016136050224304,0.6031670570373535,0.0984465479850769
0900220012200316112739689HJ_1294136100_483024400,3,TC,small,3.000028337751116,0,hit,0.6929181218147278,0.6314941048622131,0.7389166355133057,0.6324905753135681,0.10642606019973755,0.9579586386680603,0.6180452704429626,0.33991336822509766,0.863084614276886,0.6598898768424988,0.2031947374343872
0900220012200316112739689HJ_1294136100_483024400,4,MC,small,6.399765633582755,1,hit,0.5644683241844177,0.5644683241844177,0.6217201948165894,0.5706580877304077,0.05106210708618164,0.6305775046348572,0.6810660362243652,-0.05048853158950806,0.8252165913581848,0.7607208490371704,0.0644957423210144
0900220012200316112756688HJ_1294153300_483006900,0,LC,medium,1.5774651519645138,0,hit,0.8523593544960022,0.7397475242614746,0.6220143437385559,0.5113853812217712,0.11062896251678467,0.5352653861045837,0.5237334966659546,0.01153188943862915,0.6710751056671143,0.5570682883262634,0.11400681734085083
0900220012200316112756688HJ_1294153300_483006900,1,LC,medium,5.173874507410405,1,hit,0.8327751159667969,0.6953393220901489,0.5356748104095459,0.4882238507270813,0.0474509596824646,0.5089578628540039,0.5160414576530457,-0.007083594799041748,0.8074681162834167,0.6484664082527161,0.15900170803070068
0900220012200316112756688HJ_1294153300_483006900,2,TC,medium,22.705223023235774,1,hit,0.8288258910179138,0.462209016084671,0.5644829869270325,0.6169606447219849,-0.05247765779495239,0.5742043852806091,0.5795449614524841,-0.005340576171875,0.7199891209602356,0.6818892955780029,0.038099825382232666
0900220012200316112756688HJ_1294153300_483006900,3,P,small,3.42862000714977,0,localization_error,0.2595207989215851,0.2595207989215851,0.8536421656608582,0.592179536819458,0.26146262884140015,0.6623976826667786,0.5601347088813782,0.10226297378540039,1.21030855178833,0.9247638583183289,0.2855446934700012
0900220012200316112847121HJ_1294204400_482950000,0,TC,large,10.410233537174626,1,hit,0.9799824953079224,0.9151550531387329,0.5820891261100769,0.7399429678916931,-0.1578538417816162,0.5024281740188599,0.5659512281417847,-0.0635230541229248,0.5539757013320923,0.5797128081321716,-0.025737106800079346
0900220012200316112847121HJ_1294204400_482950000,1,LC,large,2.0705837748798506,0,hit,0.9510517120361328,0.9095863699913025,0.6124245524406433,0.6620737910270691,-0.04964923858642578,0.5319536924362183,0.5605728626251221,-0.02861917018890381,0.6686152219772339,0.5364043116569519,0.13221091032028198
09002200122003161237150426G_1296175000_480946800,0,LC,large,1.7272842209561556,0,hit,0.8943414092063904,0.75492924451828,0.4959085285663605,0.5928246378898621,-0.09691610932350159,0.5024042129516602,0.5283533334732056,-0.02594912052154541,0.6336458325386047,0.5632400512695312,0.07040578126907349
09002200122003161237150426G_1296175000_480946800,1,TC,large,3.0526229924977377,0,hit,0.9795582890510559,0.9617679119110107,0.48521482944488525,0.6576552391052246,-0.17244040966033936,0.5414974689483643,0.5371938943862915,0.004303574562072754,0.575007975101471,0.576124906539917,-0.001116931438446045
09002200122003161237150426G_1296175000_480946800,2,TC,medium,5.785676450392911,1,hit,0.9549413323402405,0.9016335606575012,0.5011313557624817,0.6819339990615845,-0.18080264329910278,0.6213976740837097,0.49748730659484863,0.12391036748886108,0.7220537066459656,0.5273023843765259,0.1947513222694397
0900220012200316141710218HJ_1294209200_482431500,0,LP,small,1.2916175004577544,0,hit,0.7436376810073853,0.5529378652572632,0.854198694229126,0.5127741098403931,0.3414245843887329,1.0379267930984497,0.653459370136261,0.3844674229621887,1.046122431755066,0.788458526134491,0.25766390562057495
0900220012200316141710218HJ_1294209200_482431500,1,LP,medium,5.730686798547387,1,hit,0.7802335023880005,0.30877751111984253,0.6055371761322021,0.5304683446884155,0.07506883144378662,0.6255407929420471,0.6590167880058289,-0.03347599506378174,0.72637540102005,0.8407373428344727,-0.11436194181442261
0900220012200316141710218HJ_1294209200_482431500,2,TP,medium,4.200039062976843,0,hit,0.9153184294700623,0.8715566396713257,0.7106665372848511,0.6601182818412781,0.050548255443573,0.6629358530044556,0.5890713930130005,0.07386445999145508,1.0284374952316284,0.7101945877075195,0.3182429075241089
0900220012200316141710218HJ_1294209200_482431500,3,LP,medium,1.5122026015940644,0,hit,0.891003429889679,0.8675044178962708,0.8472924828529358,0.6265686750411987,0.22072380781173706,0.9883219599723816,0.6661678552627563,0.32215410470962524,1.1404824256896973,0.7570163607597351,0.38346606492996216
0900220012200316141710218HJ_1294209200_482431500,4,TP,medium,9.133630652039454,1,hit,0.7551901936531067,0.7055202722549438,0.5557530522346497,0.5353558659553528,0.020397186279296875,0.6729395389556885,0.5059917569160461,0.16694778203964233,0.7506389617919922,0.693093478679657,0.057545483112335205
0900220012200316141710218HJ_1294209200_482431500,5,MC,medium,3.1428118860225305,0,hit,0.9258422255516052,0.8542730808258057,0.7268759608268738,0.6646440625190735,0.06223189830780029,1.1814512014389038,0.6487746238708496,0.5326765775680542,1.3744474649429321,0.9581571817398071,0.416290283203125
0900220012200316141710218HJ_1294209200_482431500,6,MC,small,4.077056707952635,0,hit,0.8049095273017883,0.7677793502807617,0.6396268010139465,0.5818507671356201,0.057776033878326416,1.1571043729782104,0.6898369789123535,0.46726739406585693,1.3871103525161743,0.8316410183906555,0.5554693341255188
0900220012200316141710218HJ_1294209200_482431500,7,TP,medium,6.238045967657556,1,hit,0.7406507730484009,0.13379940390586853,0.6780511140823364,0.6654912233352661,0.012559890747070312,0.7764056324958801,0.625480592250824,0.15092504024505615,1.0400924682617188,0.7427589297294617,0.2973335385322571
0900220012200316141802160HJ_1294208700_482469500,0,LP,medium,1.4705728886176235,0,hit,0.8695821762084961,0.32744044065475464,0.6925795078277588,0.5277388691902161,0.16484063863754272,0.6727083921432495,0.5061525702476501,0.16655582189559937,0.9291058778762817,0.6015394926071167,0.32756638526916504
0900220012200316141802160HJ_1294208700_482469500,1,LP,medium,1.7380771768289316,0,hit,0.8322727084159851,0.6535204648971558,0.7716096639633179,0.5006999373435974,0.27090972661972046,0.6463712453842163,0.47218379378318787,0.17418745160102844,0.8284494876861572,0.5564172863960266,0.2720322012901306
0900220012200316141802160HJ_1294208700_482469500,2,LP,medium,1.2222249133875356,0,hit,0.9795522689819336,0.9730733633041382,0.6990165114402771,0.5693678259849548,0.12964868545532227,0.7881249189376831,0.5509763360023499,0.23714858293533325,0.9347960352897644,0.6123155951499939,0.3224804401397705
0900220012200316141802160HJ_1294208700_482469500,3,LP,medium,1.2058812969658237,0,hit,0.7078643441200256,0.63568514585495,0.6958792805671692,0.6944353580474854,0.0014439225196838379,0.9349840879440308,0.6273439526557922,0.3076401352882385,1.1653521060943604,0.7526875734329224,0.412664532661438
0900220012200316141802160HJ_1294208700_482469500,4,LP,small,1.666607328138669,0,hit,0.6338749527931213,0.6338749527931213,0.9295052289962769,0.7355865836143494,0.1939186453819275,0.7897934913635254,0.6116258502006531,0.17816764116287231,0.7178080677986145,0.7204435467720032,-0.002635478973388672
0900220012200316141802160HJ_1294208700_482469500,5,LP,small,1.0832752666405578,0,hit,0.6121648550033569,0.13928095996379852,0.8252198100090027,0.8199228644371033,0.005296945571899414,0.7624626159667969,0.6763919591903687,0.08607065677642822,0.6662542223930359,0.6278956532478333,0.03835856914520264
0900220012200316141802160HJ_1294208700_482469500,6,TP,large,17.900223086219313,1,hit,0.9259613752365112,0.6827409267425537,0.5316570997238159,0.7538904547691345,-0.2222333550453186,0.687540590763092,0.5984118580818176,0.08912873268127441,0.7206020355224609,0.6070365905761719,0.11356544494628906
0900220012200316141814737HJ_1294208600_482488900,0,LP,large,1.829542695994862,0,hit,0.8685388565063477,0.5307988524436951,0.6788991093635559,0.5939719676971436,0.08492714166641235,0.6166741251945496,0.5475611090660095,0.06911301612854004,0.7989757657051086,0.607380211353302,0.19159555435180664
0900220012200316141814737HJ_1294208600_482488900,1,LP,large,1.2396675246902464,0,hit,0.9498424530029297,0.923114001750946,0.6663259267807007,0.5498483180999756,0.1164776086807251,0.6703165173530579,0.48714104294776917,0.1831754744052887,0.9050686955451965,0.625636100769043,0.27943259477615356
0900220012200316141814737HJ_1294208600_482488900,2,LP,large,1.3211066557138929,0,hit,0.9331719279289246,0.9310346841812134,0.7111024856567383,0.5876310467720032,0.12347143888473511,0.5998242497444153,0.5750558376312256,0.024768412113189697,0.8062953948974609,0.6323822140693665,0.17391318082809448
0900220012200316141814737HJ_1294208600_482488900,3,TP,large,4.596163687667554,0,hit,0.9490751028060913,0.760952889919281,0.5984619855880737,0.6799824833869934,-0.08152049779891968,0.6658423542976379,0.6249582767486572,0.04088407754898071,0.8826886415481567,0.6997912526130676,0.1828973889350891
0900220012200316141814737HJ_1294208600_482488900,4,TP,medium,10.551808760512868,1,hit,0.8798592686653137,0.7816916108131409,0.518864095211029,0.7870257496833801,-0.2681616544723511,0.5407810211181641,0.600007951259613,-0.059226930141448975,0.717534065246582,0.6027196049690247,0.11481446027755737
0900220012200316141814737HJ_1294208600_482488900,5,LP,small,2.625230806793731,0,hit,0.6761801242828369,0.6761801242828369,0.8817400932312012,0.6428400874137878,0.23890000581741333,1.0446721315383911,0.7403499484062195,0.30432218313217163,1.0680650472640991,0.9193103909492493,0.14875465631484985
0900220012200316141814737HJ_1294208600_482488900,6,TP,small,10.555644472174373,1,hit,0.6815971732139587,0.6815971732139587,0.6438760757446289,0.765110433101654,-0.12123435735702515,0.6338686943054199,0.620578944683075,0.01328974962234497,0.8237227201461792,0.630531907081604,0.1931908130645752
0900220012200316143303621HJ_1294208400_482685700,0,TP,large,14.777859912063567,1,hit,0.915408194065094,0.7235764861106873,0.7025488615036011,0.5042212605476379,0.19832760095596313,0.8205529451370239,0.4688952565193176,0.3516576886177063,0.8840950131416321,0.5562757849693298,0.32781922817230225
0900220012200316143303621HJ_1294208400_482685700,1,MC,medium,3.823450110578166,0,hit,0.7665389180183411,0.7064445614814758,0.7579846978187561,0.5511121153831482,0.2068725824356079,1.1418882608413696,0.5821119546890259,0.5597763061523438,1.2477811574935913,0.8901340365409851,0.3576471209526062
0900220012200316143303621HJ_1294208400_482685700,2,MC,small,3.933451202838634,0,hit,0.8987860679626465,0.8351410627365112,0.6764515042304993,0.5303907990455627,0.14606070518493652,1.0500847101211548,0.5569698810577393,0.4931148290634155,1.6242231130599976,0.682415783405304,0.9418073296546936
0900220012200316143303621HJ_1294208400_482685700,3,LC,medium,1.4483098274363384,0,hit,0.9139764308929443,0.8907508254051208,0.6897531747817993,0.7676812410354614,-0.07792806625366211,0.7599142789840698,0.6393425464630127,0.12057173252105713,0.6555349826812744,0.6045377850532532,0.05099719762802124
0900220012200316143303621HJ_1294208400_482685700,4,TC,medium,13.00037091639826,1,hit,0.9330920577049255,0.5579146146774292,0.5556942820549011,0.7912136912345886,-0.2355194091796875,0.5720354318618774,0.5959244966506958,-0.02388906478881836,0.7029515504837036,0.760347843170166,-0.0573962926864624
0900220012200316143505378HJ_1294208800_482750900,0,TP,large,18.18439380262325,1,hit,0.9702355861663818,0.9684410691261292,0.5596168637275696,0.7789509892463684,-0.21933412551879883,0.6105108261108398,0.5672181248664856,0.04329270124435425,0.6669853925704956,0.6005710959434509,0.06641429662704468
0900220012200316143833772HJ_1294208900_482794800,0,MC,medium,3.6315185896653412,0,hit,0.930052638053894,0.930052638053894,0.6410205960273743,0.6287373900413513,0.01228320598602295,1.0239439010620117,0.6697902083396912,0.35415369272232056,1.3217756748199463,0.9699646830558777,0.3518109917640686
0900220012200316143833772HJ_1294208900_482794800,1,MC,medium,2.6969211050508526,0,hit,0.9223670363426208,0.9105181097984314,0.7029736042022705,0.5648338198661804,0.1381397843360901,0.8670139312744141,0.49794670939445496,0.3690672218799591,1.4639992713928223,0.6753764152526855,0.7886228561401367
0900220012200316143833772HJ_1294208900_482794800,2,LP,medium,1.0625056028259223,0,hit,0.9463872909545898,0.9037589430809021,0.6983953714370728,0.6040159463882446,0.09437942504882812,0.7794340252876282,0.6643025279045105,0.11513149738311768,1.035862684249878,0.8853568434715271,0.15050584077835083
0900220012200316143833772HJ_1294208900_482794800,3,TP,medium,6.60003955097437,1,hit,0.791681706905365,0.6384394764900208,0.5715072154998779,0.5045246481895447,0.06698256731033325,0.6535317301750183,0.4659266471862793,0.187605082988739,1.0479220151901245,0.6459515690803528,0.40197044610977173
0900220012200316143833772HJ_1294208900_482794800,4,TP,medium,6.153758891053781,1,hit,0.8518000245094299,0.6934843063354492,0.5847080945968628,0.5969412922859192,-0.012233197689056396,0.6591589450836182,0.5596469044685364,0.09951204061508179,0.810102105140686,0.7001554369926453,0.10994666814804077
0900220012200316143833772HJ_1294208900_482794800,5,TP,small,27.001342841737962,1,localization_error,0.4019123911857605,0.20702417194843292,0.49479204416275024,0.6823939681053162,-0.18760192394256592,0.44932296872138977,0.5621610879898071,-0.11283811926841736,0.5684186816215515,0.5668577551841736,0.0015609264373779297
0900220012200316144610386HJ_1294202500_482964900,0,LP,large,1.4009690167623035,0,hit,0.9417239427566528,0.8867087960243225,0.6950224041938782,0.6389183402061462,0.056104063987731934,0.7395467758178711,0.5317454934120178,0.20780128240585327,0.664311408996582,0.5918909311294556,0.07242047786712646
0900220012200316144610386HJ_1294202500_482964900,1,LP,medium,1.7173774589805033,0,hit,0.8619281649589539,0.832676887512207,0.7052385807037354,0.7052404284477234,-1.8477439880371094e-06,0.7890795469284058,0.574629008769989,0.21445053815841675,0.9061456322669983,0.5996391177177429,0.30650651454925537
0900220012200316144610386HJ_1294202500_482964900,2,LP,medium,2.3333036640693345,0,hit,0.6796247959136963,0.3826310634613037,1.010628581047058,0.5478131771087646,0.46281540393829346,0.9056275486946106,0.6011220812797546,0.30450546741485596,1.0664125680923462,0.7136151790618896,0.35279738903045654
0900220012200316144610386HJ_1294202500_482964900,3,LP,large,1.5999934896098242,0,hit,0.8904379606246948,0.8379709720611572,0.6932623982429504,0.5814365744590759,0.11182582378387451,0.7205860018730164,0.5249952673912048,0.19559073448181152,0.7141180634498596,0.5857073068618774,0.12841075658798218
0900220012200316144610386HJ_1294202500_482964900,4,LP,small,1.041645474335239,0,hit,0.8423059582710266,0.6546933054924011,0.9273026585578918,0.4762724041938782,0.45103025436401367,1.0680980682373047,0.49388694763183594,0.5742111206054688,1.112844467163086,0.7073697447776794,0.4054747223854065
0900220012200316144610386HJ_1294202500_482964900,5,MC,small,3.583240087075051,0,hit,0.8543402552604675,0.335067480802536,0.8049094080924988,0.6797063946723938,0.12520301342010498,1.1320860385894775,0.6637135744094849,0.4683724641799927,0.8193342685699463,0.7555335760116577,0.06380069255828857
0900220012200316144810520HJ_1294137100_483068600,0,LP,large,1.2595409141926908,0,hit,0.9894024729728699,0.9884587526321411,0.6794598698616028,0.585669994354248,0.09378987550735474,0.5868852734565735,0.5358767509460449,0.051008522510528564,0.8322095274925232,0.568212628364563,0.2639968991279602
0900220012200316144810520HJ_1294137100_483068600,1,LP,medium,9.857013522055992,1,hit,0.8916488885879517,0.8274281620979309,0.8332139849662781,0.6475786566734314,0.18563532829284668,0.6511210203170776,0.56956946849823,0.08155155181884766,0.7746609449386597,0.6565569639205933,0.1181039810180664
0900220012200316144810520HJ_1294137100_483068600,2,LP,medium,1.1818043944662278,0,hit,0.8395576477050781,0.7964792847633362,0.7636802792549133,0.6714175939559937,0.09226268529891968,0.6598687767982483,0.5989236235618591,0.06094515323638916,0.6927529573440552,0.6380202174186707,0.05473273992538452
0900220012200316145549848HJ_1294145700_483136300,0,LP,small,3.4999465955964255,0,hit,0.8616067171096802,0.807923436164856,0.8498523831367493,0.6337233781814575,0.21612900495529175,0.9301628470420837,0.614156186580658,0.3160066604614258,1.1234384775161743,0.8940643668174744,0.22937411069869995
0900220012200316145802693HJ_1294185900_482977800,0,LC,medium,1.271598984561201,0,classification_error,0.6796665191650391,0.39768198132514954,0.7259653806686401,0.5839697122573853,0.14199566841125488,0.75978022813797,0.5419473052024841,0.21783292293548584,0.6575533151626587,0.6383079886436462,0.01924532651901245
0900220012200316145802693HJ_1294185900_482977800,1,MC,small,3.4001391646863506,0,hit,0.9225366711616516,0.7705984115600586,0.6562067866325378,0.5047442317008972,0.15146255493164062,1.0517555475234985,0.610294759273529,0.4414607882499695,1.4549775123596191,0.9811603426933289,0.4738171696662903
0900220012200316145802693HJ_1294185900_482977800,2,MC,small,5.4284717802056,1,hit,0.6085518598556519,0.5656325817108154,0.6908097863197327,0.699328601360321,-0.008518815040588379,0.8132689595222473,0.7110576033592224,0.1022113561630249,1.1035268306732178,0.8096576929092407,0.29386913776397705
0900220012200316145802693HJ_1294185900_482977800,3,LC,small,1.695645828136527,0,hit,0.865022599697113,0.5541787147521973,0.5827468037605286,0.5449895262718201,0.037757277488708496,0.82205730676651,0.5647798776626587,0.2572774291038513,0.9995477795600891,0.7346044778823853,0.26494330167770386
0900220012200316145839483HJ_1294206100_482912900,0,LC,medium,5.5200440431838045,1,hit,0.752619743347168,0.7368065714836121,0.6450771689414978,0.6010657548904419,0.04401141405105591,0.6955509185791016,0.547033965587616,0.1485169529914856,0.9918678998947144,0.688668429851532,0.3031994700431824
0900220012200316145839483HJ_1294206100_482912900,1,LC,medium,1.4259296202963732,0,hit,0.8662627339363098,0.7483508586883545,0.6733072996139526,0.5286247730255127,0.14468252658843994,0.7051709294319153,0.5180754065513611,0.1870955228805542,1.0055347681045532,0.5545932054519653,0.4509415626525879
0900220012200316150325440HJ_1294206100_482864200,0,TC,medium,13.799434838599424,1,localization_error,0.5598060488700867,0.4750837981700897,0.5687602162361145,0.6057305932044983,-0.03697037696838379,0.5736477971076965,0.6632885932922363,-0.0896407961845398,0.7595503330230713,0.7474620342254639,0.012088298797607422
0900220012200316150325440HJ_1294206100_482864200,1,TC,large,6.203737863528986,1,hit,0.8362006545066833,0.8249441385269165,0.5411834120750427,0.6452128291130066,-0.10402941703796387,0.501547634601593,0.5108142495155334,-0.00926661491394043,0.7308828830718994,0.6530367136001587,0.07784616947174072
0900220012200316150325440HJ_1294206100_482864200,2,MC,medium,3.333369502560103,0,hit,0.9725365042686462,0.911823034286499,0.7544438242912292,0.7002596259117126,0.0541841983795166,1.0199265480041504,0.7830230593681335,0.23690348863601685,1.586015224456787,0.9324793219566345,0.6535359025001526
0900220012200316150700432HJ_1294206800_482727100,0,P,small,2.4286140126777633,0,hit,0.6819074749946594,0.6819074749946594,0.8430283069610596,0.6221583485603333,0.22086995840072632,1.0880943536758423,0.745000958442688,0.3430933952331543,0.7478397488594055,0.7916949987411499,-0.043855249881744385
0900220012200316150700432HJ_1294206800_482727100,1,LC,medium,2.489782928491087,0,hit,0.8423535823822021,0.4117264151573181,0.5534850358963013,0.5421244502067566,0.011360585689544678,0.5893002152442932,0.49529027938842773,0.09400993585586548,0.7855278849601746,0.5724989175796509,0.21302896738052368
0900220012200316153415974HJ_1294207100_482043500,0,AC,large,3.421403253357546,0,hit,0.9395319223403931,0.9285168051719666,0.6084077954292297,0.7700280547142029,-0.16162025928497314,0.5211816430091858,0.5422286987304688,-0.02104705572128296,0.6430056691169739,0.5267354249954224,0.11627024412155151
0900220012200316174811914HJ_1297428900_481650200,0,TP,large,8.204487162592367,1,hit,0.7484679818153381,0.1996365636587143,0.6210062503814697,0.7029802799224854,-0.08197402954101562,0.69093257188797,0.5570951104164124,0.13383746147155762,1.0036280155181885,0.6052379012107849,0.39839011430740356
0900220012200317104454359HJ_1294653000_482426800,0,LP,large,1.852071621376622,0,hit,0.9368140697479248,0.8903687000274658,0.4960078299045563,0.6219058036804199,-0.12589797377586365,0.4412335753440857,0.5263047814369202,-0.08507120609283447,0.6764677166938782,0.5721455812454224,0.10432213544845581
0900220012200317104454359HJ_1294653000_482426800,1,TP,medium,8.187520027160645,1,hit,0.8100208044052124,0.6349524855613708,0.5851607322692871,0.6231464743614197,-0.03798574209213257,0.7572588324546814,0.5542356371879578,0.20302319526672363,0.8284063339233398,0.608555257320404,0.2198510766029358
0900220012200317104454359HJ_1294653000_482426800,2,MC,small,3.9285575711601424,0,hit,0.8687737584114075,0.49960070848464966,0.6051867604255676,0.6359086632728577,-0.03072190284729004,0.8846551179885864,0.6288147568702698,0.25584036111831665,0.756438136100769,0.7101476788520813,0.046290457248687744
0900220012200317104454359HJ_1294653000_482426800,3,MC,small,4.0000751219558,0,hit,0.8322604298591614,0.7860715389251709,0.6406852602958679,0.6163854598999023,0.024299800395965576,0.7535475492477417,0.540642261505127,0.21290528774261475,0.8251909017562866,0.6602102518081665,0.16498064994812012
0900220012200317104513120HJ_1294619200_482427300,0,LP,medium,1.6170424691672263,0,hit,0.9419520497322083,0.572536826133728,0.6392563581466675,0.45904603600502014,0.18021032214164734,0.7041535377502441,0.4332188665866852,0.27093467116355896,1.0638923645019531,0.5456138253211975,0.5182785391807556
0900220012200317104525821HJ_1294597100_482427100,0,LP,medium,1.344839960263674,0,hit,0.9100080728530884,0.8029780387878418,0.7043045163154602,0.5019298791885376,0.2023746371269226,0.7646641731262207,0.5727489590644836,0.19191521406173706,1.2843068838119507,0.717292070388794,0.5670148134231567
0900220012200317104525821HJ_1294597100_482427100,1,MC,medium,3.714251252659358,0,hit,0.9645707011222839,0.8613046407699585,0.7313721776008606,0.6027513742446899,0.12862080335617065,0.8057379722595215,0.5671963095664978,0.23854166269302368,1.2095491886138916,0.6795773506164551,0.5299718379974365
0900220012200317104525821HJ_1294597100_482427100,2,MC,small,4.000105426700699,0,hit,0.7342575788497925,0.6822715997695923,0.6352553367614746,0.5837656855583191,0.05148965120315552,0.9234102368354797,0.5316364169120789,0.3917738199234009,0.7882248759269714,0.5936657786369324,0.19455909729003906
0900220012200317104525821HJ_1294597100_482427100,3,MC,small,4.428424448513384,0,hit,0.8088951110839844,0.8088951110839844,0.7028325200080872,0.49625882506370544,0.2065736949443817,0.8868876099586487,0.5458152890205383,0.34107232093811035,0.7929262518882751,0.7714840173721313,0.0214422345161438
0900220012200317104812230HJ_1294399000_482429900,0,TP,small,8.000047472432081,1,hit,0.8408885598182678,0.7731115221977234,0.5661060810089111,0.6055230498313904,-0.03941696882247925,0.6113532185554504,0.5333295464515686,0.07802367210388184,1.0958243608474731,0.7061240077018738,0.38970035314559937
0900220012200317104812230HJ_1294399000_482429900,1,LP,medium,2.0312652587890625,0,hit,0.8606739044189453,0.8403315544128418,0.7783991694450378,0.5308748483657837,0.24752432107925415,1.1046780347824097,0.5240575075149536,0.580620527267456,1.4279757738113403,0.8024288415908813,0.625546932220459
0900220012200317104812230HJ_1294399000_482429900,2,LP,large,5.185741577315012,1,localization_error,0.7114776968955994,0.13051535189151764,0.8304560780525208,0.7414564490318298,0.08899962902069092,0.614960789680481,0.5852113962173462,0.029749393463134766,0.6376239657402039,0.5961698889732361,0.04145407676696777
09002200122003171152385637C_1295432700_482008900,0,LC,large,2.3055490407617616,0,localization_error,0.9391381740570068,0.22116389870643616,0.5761125683784485,0.6591381430625916,-0.08302557468414307,0.6114173531532288,0.5870689749717712,0.02434837818145752,0.6463965177536011,0.5932040810585022,0.05319243669509888
09002200122003171152385637C_1295432700_482008900,1,TC,medium,6.111200781260597,1,hit,0.8039780855178833,0.3186239004135132,0.3855624794960022,0.4469723701477051,-0.06140989065170288,0.4284385144710541,0.5319525599479675,-0.10351404547691345,0.47704342007637024,0.604992151260376,-0.12794873118400574
09002200122003171152385637C_1295432700_482008900,2,TC,medium,3.6521439148272186,0,hit,0.8677754998207092,0.5442435145378113,0.5094621181488037,0.5044512152671814,0.0050109028816223145,0.5078751444816589,0.46966105699539185,0.03821408748626709,0.6937357783317566,0.5277475714683533,0.16598820686340332
09002200122003171152385637C_1295432700_482008900,3,LP,large,2.984615142641575,0,hit,0.9738561511039734,0.9388454556465149,0.47050487995147705,0.6250449419021606,-0.1545400619506836,0.4896083474159241,0.5160159468650818,-0.026407599449157715,0.575927197933197,0.57662433385849,-0.0006971359252929688
09002200122003171152385637C_1295432700_482008900,4,LP,medium,3.729716666776639,0,hit,0.8672317862510681,0.17581914365291595,0.5274076461791992,0.41599664092063904,0.11141100525856018,0.6527429223060608,0.45866814255714417,0.19407477974891663,0.7044969797134399,0.5322747230529785,0.17222225666046143
09002200122003171152385637C_1295432700_482008900,5,TP,medium,17.23481345319815,1,hit,0.8269504308700562,0.8269504308700562,0.5364211201667786,0.32148829102516174,0.21493282914161682,0.5380484461784363,0.43077975511550903,0.10726869106292725,0.7415192723274231,0.5552603602409363,0.18625891208648682
09002200122003171152385637C_1295432700_482008900,6,LP,medium,3.8333858919192023,0,hit,0.5379056930541992,0.4731583297252655,0.5080789923667908,0.598084568977356,-0.09000557661056519,0.6863650679588318,0.691004753112793,-0.004639685153961182,0.754146158695221,0.6910560727119446,0.06309008598327637
09002200122003171152385637C_1295432700_482008900,7,LP,large,4.956503278640671,0,hit,0.9232418537139893,0.8677746653556824,0.5116042494773865,0.7097370028495789,-0.19813275337219238,0.565155029296875,0.5944867134094238,-0.029331684112548828,0.6540153622627258,0.5743178129196167,0.07969754934310913
09002200122003171153332867C_1295495200_482022400,0,LP,large,2.8730431037907036,0,hit,0.9744958281517029,0.9744800925254822,0.5905983448028564,0.5285392999649048,0.06205904483795166,0.5295911431312561,0.44831356406211853,0.08127757906913757,0.77947598695755,0.4735357463359833,0.3059402406215668
09002200122003171153332867C_1295495200_482022400,1,MC,medium,3.275058365758755,0,hit,0.9530831575393677,0.8914279937744141,0.5523316264152527,0.48726898431777954,0.06506264209747314,0.6298878192901611,0.46335944533348083,0.1665283739566803,1.1167430877685547,0.5576401948928833,0.5591028928756714
09002200122003171154015047C_1295537700_482028300,0,LP,large,4.374970436321744,0,hit,0.963116466999054,0.9469879269599915,0.6469240784645081,0.6225967407226562,0.024327337741851807,0.559413492679596,0.5400640368461609,0.01934945583343506,0.6593429446220398,0.5726946592330933,0.08664828538894653
09002200122003171154015047C_1295537700_482028300,1,LP,medium,3.8000616462603305,0,hit,0.9105533361434937,0.3293011486530304,0.6448652744293213,0.4669947624206543,0.177870512008667,0.937087893486023,0.46595945954322815,0.4711284339427948,0.9168422818183899,0.6617389917373657,0.25510329008102417
09002200122003171154015047C_1295537700_482028300,2,MC,small,4.272783264898457,0,hit,0.8200858235359192,0.8200858235359192,0.6352762579917908,0.6003918051719666,0.03488445281982422,1.2460857629776,0.7131387591362,0.5329470038414001,1.351604700088501,0.968600869178772,0.383003830909729
09002200122003171154015047C_1295537700_482028300,3,LP,large,1.7051278841022446,0,hit,0.9701336026191711,0.9242110848426819,0.548582911491394,0.7443382740020752,-0.19575536251068115,0.5170636773109436,0.5634453296661377,-0.04638165235519409,0.5964636206626892,0.6342045664787292,-0.03774094581604004
09002200122003171154015047C_1295537700_482028300,4,TP,large,7.27686017151673,1,hit,0.7621654272079468,0.6434540152549744,0.44239258766174316,0.675113320350647,-0.2327207326889038,0.6065244674682617,0.5733174681663513,0.0332069993019104,0.718725323677063,0.5146220922470093,0.2041032314300537
09002200122003171155203197C_1295577800_482033100,0,LP,medium,3.5333316718275074,0,hit,0.910705029964447,0.8901575803756714,0.6291067004203796,0.5657235980033875,0.06338310241699219,0.5465967655181885,0.4753733277320862,0.0712234377861023,0.7538710236549377,0.5777415037155151,0.1761295199394226
09002200122003171155203197C_1295577800_482033100,1,LP,small,1.0625267028808594,0,hit,0.5598362684249878,0.5598362684249878,0.6751092076301575,0.5514618754386902,0.12364733219146729,1.0247310400009155,0.5850507616996765,0.439680278301239,0.6645306348800659,0.6244108080863953,0.040119826793670654
09002200122003171155203197C_1295577800_482033100,2,TP,large,4.063321661897139,0,hit,0.9369483590126038,0.9025455117225647,0.5020928978919983,0.5937425494194031,-0.09164965152740479,0.597854495048523,0.47618475556373596,0.12166973948478699,0.8084381222724915,0.5221672058105469,0.2862709164619446
09002200122003171155203197C_1295577800_482033100,3,MC,small,4.222260652546913,0,hit,0.7113592028617859,0.6134108901023865,0.6186436414718628,0.4852050244808197,0.1334386169910431,0.7729597687721252,0.5226418375968933,0.25031793117523193,0.6366111040115356,0.6073242425918579,0.029286861419677734
09002200122003171155203197C_1295577800_482033100,4,LP,medium,1.013339887174112,0,hit,0.8745197653770447,0.6391573548316956,0.6213982105255127,0.5361256003379822,0.08527261018753052,0.6387600302696228,0.5571556091308594,0.08160442113876343,0.7798164486885071,0.5642324090003967,0.21558403968811035
09002200122003171155203197C_1295577800_482033100,5,MC,medium,2.7500450141145953,0,hit,0.9511179327964783,0.9428004026412964,0.5951414108276367,0.5139281153678894,0.08121329545974731,0.7069715857505798,0.4875975251197815,0.21937406063079834,1.2012372016906738,0.5687076449394226,0.6325295567512512
09002200122003171155203197C_1295577800_482033100,6,LP,large,2.594201321717224,0,hit,0.9649047255516052,0.8324524164199829,0.519582986831665,0.5481863617897034,-0.02860337495803833,0.5266473889350891,0.49698755145072937,0.02965983748435974,0.5366695523262024,0.5602309107780457,-0.02356135845184326
09002200122003171155203197C_1295577800_482033100,7,LP,large,1.3026797676176838,0,hit,0.9498932361602783,0.5652588605880737,0.5898571014404297,0.638875424861908,-0.04901832342147827,0.49538570642471313,0.5152086615562439,-0.01982295513153076,0.5272738337516785,0.5713390707969666,-0.044065237045288086
0900220012200317134545389HJ_1294284900_482418200,0,TC,large,14.976064254927092,1,hit,0.8461711406707764,0.7860411405563354,0.520911455154419,0.6550146341323853,-0.1341031789779663,0.6299291253089905,0.5826650857925415,0.047264039516448975,0.5931505560874939,0.6213669776916504,-0.028216421604156494
0900220012200317170003365HJ_1294887300_480891900,0,AC,large,1.9246595300036244,0,hit,0.9507556557655334,0.7090809941291809,0.616862416267395,0.6994784474372864,-0.08261603116989136,0.5777304172515869,0.5760480165481567,0.0016824007034301758,0.6234839558601379,0.6067621111869812,0.01672184467315674
0900220012200317170003365HJ_1294887300_480891900,1,LC,medium,1.0277897870709927,0,hit,0.8913296461105347,0.832878828048706,0.6898104548454285,0.6564115881919861,0.03339886665344238,0.7277945876121521,0.5192731618881226,0.20852142572402954,0.7320681810379028,0.5466572046279907,0.1854109764099121
0900220012200317170003365HJ_1294887300_480891900,2,TC,large,1.947375860278887,0,hit,0.9141049981117249,0.5008193254470825,0.5129605531692505,0.6677154898643494,-0.15475493669509888,0.619259774684906,0.5895041823387146,0.029755592346191406,0.6402165293693542,0.5261068344116211,0.11410969495773315
0900220012200317170003365HJ_1294887300_480891900,3,TC,large,1.743900936742874,0,hit,0.8363678455352783,0.7366845607757568,0.5684719085693359,0.7116618156433105,-0.1431899070739746,0.6126468181610107,0.5691933035850525,0.04345351457595825,0.5652568340301514,0.569497287273407,-0.004240453243255615
0900220012200317170512829HJ_1294879300_481298200,0,AC,large,2.808721624581485,0,hit,0.8983067274093628,0.817891538143158,0.5204591751098633,0.71003657579422,-0.1895774006843567,0.4812397360801697,0.556133508682251,-0.0748937726020813,0.5944786071777344,0.5689350962638855,0.025543510913848877
0900220012200317172006628HJ_1294877000_481277900,0,AC,large,3.670659779074663,0,hit,0.9082234501838684,0.22979670763015747,0.48208945989608765,0.6328620910644531,-0.15077263116836548,0.4617283046245575,0.5226422548294067,-0.06091395020484924,0.5529874563217163,0.568525493144989,-0.015538036823272705
0900220012200317172006628HJ_1294877000_481277900,1,MC,small,4.299844365101163,0,hit,0.7710245847702026,0.6407267451286316,0.5340304970741272,0.6079265475273132,-0.07389605045318604,0.578915536403656,0.651167631149292,-0.07225209474563599,0.8524596095085144,0.7087718844413757,0.14368772506713867
0900220012200317172006628HJ_1294877000_481277900,2,MC,small,3.615453597889063,0,hit,0.7817754745483398,0.6324422955513,0.5661261081695557,0.5710399746894836,-0.0049138665199279785,0.8951723575592041,0.49571743607521057,0.39945492148399353,0.8568752408027649,0.6802957653999329,0.17657947540283203
0900220012200317172254786HJ_1294879600_481141100,0,LC,small,1.461607805207854,0,hit,0.6403257250785828,0.4992022216320038,0.5418887734413147,0.4664648175239563,0.0754239559173584,0.8654101490974426,0.5475702881813049,0.3178398609161377,0.7414126396179199,0.7398185133934021,0.0015941262245178223
0900220012200317172254786HJ_1294879600_481141100,1,TC,large,11.827526079237948,1,hit,0.9813388586044312,0.9698857069015503,0.43751946091651917,0.5765838027000427,-0.13906434178352356,0.5095924139022827,0.5013818144798279,0.008210599422454834,0.5928625464439392,0.5203782320022583,0.07248431444168091
0900220012200317172439762HJ_1294885700_480996300,0,TC,large,9.243202449312204,1,hit,0.9050426483154297,0.9048035740852356,0.4127478301525116,0.6640600562095642,-0.2513122260570526,0.469861775636673,0.5252596735954285,-0.05539789795875549,0.5698190331459045,0.5538851618766785,0.015933871269226074
0900220012200317172610898HJ_1294885600_480894800,0,TC,large,19.58287367283362,1,hit,0.8441213369369507,0.7250401377677917,0.447270929813385,0.5704217553138733,-0.12315082550048828,0.5631934404373169,0.5062392354011536,0.05695420503616333,0.7418367862701416,0.6444976925849915,0.09733909368515015
0900220012200317172901493HJ_1294913200_480812100,0,TC,large,14.077010386601296,1,hit,0.8197476267814636,0.7998579740524292,0.4287549555301666,0.6948255896568298,-0.2660706341266632,0.4925830662250519,0.540433406829834,-0.047850340604782104,0.607814371585846,0.531970202922821,0.0758441686630249
0900220012200318090455168HJ_1294974600_480927800,0,AC,large,1.6686204469095554,0,hit,0.9523682594299316,0.9492058753967285,0.5744991302490234,0.5836304426193237,-0.009131312370300293,0.5501981973648071,0.535650372505188,0.01454782485961914,0.7148180603981018,0.5484170913696289,0.1664009690284729
0900220012200318101331312HJ_1294581400_482815900,0,TP,large,17.78555484832896,1,hit,0.8681473135948181,0.8546988368034363,0.5704070329666138,0.4783032536506653,0.09210377931594849,0.5717781782150269,0.4465039372444153,0.12527424097061157,0.7925011515617371,0.5949792861938477,0.1975218653678894
0900220012200318101628842HJ_1294702700_482811600,0,TP,large,13.361213590586958,1,hit,0.9399903416633606,0.9291498064994812,0.5495869517326355,0.7616977095603943,-0.2121107578277588,0.5471033453941345,0.5488269925117493,-0.001723647117614746,0.7401332855224609,0.5993221402168274,0.14081114530563354
0900220012200318102119318HJ_1295035900_482796000,0,TP,large,9.649965820451577,1,hit,0.9502608776092529,0.16369374096393585,0.53663569688797,0.541372537612915,-0.004736840724945068,0.4479667842388153,0.475670725107193,-0.027703940868377686,0.5725036263465881,0.5405816435813904,0.031921982765197754
0900220012200318102119318HJ_1295035900_482796000,1,LP,small,2.583240087075051,0,hit,0.7762411832809448,0.7408422231674194,0.9799168705940247,0.6513978242874146,0.3285190463066101,1.0361067056655884,0.6480757594108582,0.3880309462547302,1.1791291236877441,0.885759174823761,0.29336994886398315
0900220012200318102119318HJ_1295035900_482796000,2,LP,medium,1.1562557220458984,0,hit,0.9426836371421814,0.8749972581863403,0.7640350461006165,0.510403573513031,0.25363147258758545,0.8482673764228821,0.5025399327278137,0.34572744369506836,1.3243353366851807,0.6564539670944214,0.6678813695907593
0900220012200318102119318HJ_1295035900_482796000,3,LP,small,1.250131616093024,0,localization_error,0.34097594022750854,0.20652727782726288,0.8866562843322754,0.7031659483909607,0.1834903359413147,0.914771318435669,0.7789265513420105,0.13584476709365845,1.06419837474823,0.9520938992500305,0.11210447549819946
0900220012200318102119318HJ_1295035900_482796000,4,LP,small,1.3529179456800762,0,hit,0.5295550227165222,0.4666806757450104,0.9229954481124878,0.7494189143180847,0.17357653379440308,0.6736167073249817,0.713168740272522,-0.03955203294754028,0.7230614423751831,0.8550934195518494,-0.13203197717666626
0900220012200318102119318HJ_1295035900_482796000,5,LC,large,1.0095690636002363,0,hit,0.8797813057899475,0.8257603049278259,0.6376178860664368,0.5939251780509949,0.043692708015441895,0.5458018183708191,0.5812029838562012,-0.03540116548538208,0.6716037392616272,0.6025992631912231,0.06900447607040405
0900220012200318102119318HJ_1295035900_482796000,6,TP,medium,31.501876945614356,1,localization_error,0.4848458766937256,0.3943547010421753,0.7032056450843811,0.7833135724067688,-0.0801079273223877,0.6236139535903931,0.6589594483375549,-0.035345494747161865,1.032847285270691,0.7321697473526001,0.3006775379180908
0900220012200318102128710HJ_1295053000_482794600,0,LP,small,2.3500109101840083,0,hit,0.9446536302566528,0.8920723795890808,0.8595719337463379,0.5118157267570496,0.34775620698928833,0.8899422883987427,0.5367059111595154,0.3532363772392273,1.669912338256836,0.7073999643325806,0.9625123739242554
0900220012200318102128710HJ_1295053000_482794600,1,LP,small,1.3333028164536842,0,hit,0.5887107253074646,0.47206106781959534,0.6781136989593506,0.6784265637397766,-0.0003128647804260254,0.9041445851325989,0.6023592352867126,0.30178534984588623,1.13104248046875,0.8614158630371094,0.2696266174316406
0900220012200318102128710HJ_1295053000_482794600,2,TP,small,10.799525163873394,1,localization_error,0.31748977303504944,0.2929556965827942,0.6497027277946472,0.6630372405052185,-0.013334512710571289,0.5527257323265076,0.589083194732666,-0.03635746240615845,0.7012874484062195,0.7476784586906433,-0.04639101028442383
0900220012200318102128710HJ_1295053000_482794600,3,LP,medium,1.7419535533919412,0,hit,0.815279483795166,0.17707112431526184,0.7805004119873047,0.7109408378601074,0.06955957412719727,0.6361876726150513,0.5948624014854431,0.041325271129608154,0.6769294738769531,0.7465282678604126,-0.06959879398345947
0900220012200318102138367HJ_1295071700_482793100,0,LP,medium,1.7450856609786731,0,hit,0.9061494469642639,0.885789692401886,0.6723823547363281,0.6177815794944763,0.05460077524185181,0.5879873037338257,0.5683795809745789,0.019607722759246826,1.0050339698791504,0.639731764793396,0.3653022050857544
0900220012200318102138367HJ_1295071700_482793100,1,LP,small,2.8234584522591417,0,hit,0.7299686670303345,0.42462602257728577,0.7454196214675903,0.8486997485160828,-0.10328012704849243,0.75001460313797,0.7455253005027771,0.004489302635192871,0.7428368330001831,0.7710282802581787,-0.028191447257995605
0900220012200318102138367HJ_1295071700_482793100,2,TP,medium,7.846016474487784,1,hit,0.9431606531143188,0.8516097664833069,0.5957351326942444,0.6247544884681702,-0.02901935577392578,0.5877414345741272,0.47691938281059265,0.11082205176353455,1.0958731174468994,0.6254488825798035,0.47042423486709595
0900220012200318102138367HJ_1295071700_482793100,3,TP,medium,8.769466068192276,1,hit,0.8589058518409729,0.5685624480247498,0.5769506096839905,0.7919374108314514,-0.21498680114746094,0.7426375150680542,0.6663212180137634,0.07631629705429077,0.8893282413482666,0.7654403448104858,0.12388789653778076
0900220012200318102156505HJ_1295105500_482790800,0,LP,large,1.072916030883789,0,hit,0.9651814699172974,0.9236028790473938,0.5576269030570984,0.6083500981330872,-0.05072319507598877,0.516545295715332,0.4981539845466614,0.018391311168670654,0.799217939376831,0.6046968698501587,0.19452106952667236
0900220012200318102156505HJ_1295105500_482790800,1,TP,large,4.000025086613473,0,hit,0.9521194100379944,0.9265543818473816,0.5535017848014832,0.5137242674827576,0.039777517318725586,0.612590491771698,0.4916568398475647,0.1209336519241333,0.7511380314826965,0.5586439371109009,0.19249409437179565
0900220012200318102156505HJ_1295105500_482790800,2,TP,medium,25.99903262819965,1,hit,0.8466007113456726,0.5744745135307312,0.5715574026107788,0.6036731004714966,-0.03211569786071777,0.6075418591499329,0.6223430633544922,-0.014801204204559326,0.7704375982284546,0.6121699213981628,0.15826767683029175
0900220012200318102156505HJ_1295105500_482790800,3,LP,small,3.6252184064152355,0,hit,0.5928525328636169,0.5928525328636169,0.738785982131958,0.6388409733772278,0.09994500875473022,1.3616774082183838,0.8280830383300781,0.5335943698883057,1.1913108825683594,0.8683544397354126,0.3229564428329468
0900220012200318102156505HJ_1295105500_482790800,4,LP,small,1.3749771118164062,0,hit,0.7667174935340881,0.7667174935340881,0.729000985622406,0.7043136358261108,0.024687349796295166,0.8125655055046082,0.771967887878418,0.040597617626190186,0.8128004670143127,0.8076391220092773,0.0051613450050354
0900220012200318102156505HJ_1295105500_482790800,5,TC,medium,14.19029031967425,1,hit,0.8023179769515991,0.6959691047668457,0.5226655602455139,0.6120139360427856,-0.08934837579727173,0.4615135192871094,0.4711866080760956,-0.009673088788986206,0.748449444770813,0.6266157031059265,0.12183374166488647
0900220012200318102156505HJ_1295105500_482790800,6,TC,large,12.314164392400317,1,localization_error,0.44714248180389404,0.2302212417125702,0.5101448893547058,0.5971673130989075,-0.08702242374420166,0.5105491876602173,0.5205782055854797,-0.010029017925262451,0.5148842334747314,0.5933524966239929,-0.07846826314926147
0900220012200318102156505HJ_1295105500_482790800,7,LC,medium,1.99999796550307,0,hit,0.9579532146453857,0.9149152636528015,0.5465594530105591,0.46983394026756287,0.07672551274299622,0.7217385172843933,0.5064294934272766,0.2153090238571167,0.7317383289337158,0.6039139628410339,0.12782436609268188
0900220012200318103603332HJ_1295067600_482794800,0,TP,large,12.716921400900091,1,hit,0.703905463218689,0.36572444438934326,0.544806718826294,0.7424418330192566,-0.19763511419296265,0.4805763065814972,0.542634129524231,-0.062057822942733765,0.586169421672821,0.5837451219558716,0.002424299716949463
0900220012200318103603332HJ_1295067600_482794800,1,LP,small,3.3847215668598714,0,hit,0.7672656774520874,0.6830768585205078,0.5224617123603821,0.4930899739265442,0.02937173843383789,0.6696266531944275,0.47376593947410583,0.19586071372032166,0.9302204847335815,0.6656814813613892,0.2645390033721924
0900220012200318103603332HJ_1295067600_482794800,2,LP,medium,1.4166840448203777,0,hit,0.9250028729438782,0.8715952634811401,0.6358139514923096,0.5580101013183594,0.0778038501739502,0.7049885988235474,0.5303489565849304,0.17463964223861694,1.017776608467102,0.7160183787345886,0.3017582297325134
0900220012200318103603332HJ_1295067600_482794800,3,LP,small,1.0344999589586872,0,hit,0.8292737603187561,0.7463630437850952,0.7801690697669983,0.568845272064209,0.2113237977027893,0.9243286848068237,0.5190485119819641,0.4052801728248596,0.9155150651931763,0.744827926158905,0.17068713903427124
0900220012200318103603332HJ_1295067600_482794800,4,LP,small,3.187535047664824,0,hit,0.6608623266220093,0.6608623266220093,0.6990722417831421,0.5788081288337708,0.12026411294937134,1.1040711402893066,0.5161662697792053,0.5879048705101013,1.048726201057434,0.6582140326499939,0.3905121684074402
0900220012200318103603332HJ_1295067600_482794800,5,LP,large,2.539469108705586,0,hit,0.8577538132667542,0.41367506980895996,0.708032488822937,0.7684764266014099,-0.0604439377784729,0.48937660455703735,0.5694486498832703,-0.08007204532623291,0.6040000319480896,0.6538662314414978,-0.0498661994934082
0900220012200318103832173HJ_1294955000_482803700,0,LP,medium,15.356942004281125,1,hit,0.8308045268058777,0.7940188646316528,0.7700223326683044,0.6550561189651489,0.11496621370315552,0.6766645908355713,0.5899791717529297,0.0866854190826416,0.9162596464157104,0.7854360938072205,0.13082355260849
0900220012200318111422680HG_1294848100_482958800,0,LP,medium,1.2026949340288002,0,hit,0.8238222002983093,0.3606945276260376,0.447790265083313,0.5224801898002625,-0.07468992471694946,0.4726358950138092,0.4520380198955536,0.020597875118255615,0.6980873942375183,0.5609599947929382,0.13712739944458008
0900220012200318111422680HG_1294848100_482958800,1,LP,large,1.7272634235149564,0,hit,0.9235103130340576,0.9129413366317749,0.47213977575302124,0.439012348651886,0.033127427101135254,0.514545738697052,0.4299832880496979,0.08456245064735413,0.6378539800643921,0.5513507127761841,0.08650326728820801
0900220012200318111422680HG_1294848100_482958800,2,MC,small,5.500417099025412,1,hit,0.6377018094062805,0.6377018094062805,0.6499041318893433,0.5757322311401367,0.07417190074920654,0.8508985042572021,0.6421570181846619,0.20874148607254028,1.1379820108413696,0.9298089146614075,0.20817309617996216
0900220012200318111934545HG_1294817000_483423200,0,TC,large,8.803499903543392,1,hit,0.9321407675743103,0.7674115896224976,0.5407783389091492,0.6660451292991638,-0.12526679039001465,0.5812723636627197,0.5525259375572205,0.028746426105499268,0.7008724808692932,0.6002950072288513,0.1005774736404419
0900220012200318111934545HG_1294817000_483423200,1,LC,medium,3.1842360987299765,0,hit,0.832069993019104,0.6776735186576843,0.50856614112854,0.5409485697746277,-0.032382428646087646,0.6086799502372742,0.5405518412590027,0.06812810897827148,0.7922590374946594,0.6581193804740906,0.13413965702056885
0900220012200318111934545HG_1294817000_483423200,2,MC,small,5.091060925535457,1,hit,0.7870495915412903,0.7204780578613281,0.6372359395027161,0.8597225546836853,-0.22248661518096924,0.7141415476799011,0.7399343848228455,-0.025792837142944336,1.1380112171173096,0.9664142727851868,0.1715969443321228
0900220012200318111934545HG_1294817000_483423200,3,MC,small,4.6666124142982115,0,hit,0.8129991292953491,0.7310711741447449,0.6376868486404419,0.5329298377037048,0.10475701093673706,1.268222689628601,0.7216646075248718,0.5465580821037292,1.2794348001480103,0.9192665219306946,0.3601682782173157
0900220012200318111934545HG_1294817000_483423200,4,MC,small,12.001007141549167,1,localization_error,0.16871672868728638,0.16871672868728638,0.845184326171875,0.7543823719024658,0.09080195426940918,0.6324595212936401,0.8064323663711548,-0.17397284507751465,0.6848006248474121,0.7578678131103516,-0.07306718826293945
0900220012200318112159649HG_1294809800_483474600,0,LC,large,1.606307310790288,0,hit,0.9554217457771301,0.943413496017456,0.5531591773033142,0.6574391722679138,-0.10427999496459961,0.5167605876922607,0.5575000643730164,-0.040739476680755615,0.656417727470398,0.6727191209793091,-0.016301393508911133
0900220012200318112159649HG_1294809800_483474600,1,LC,medium,2.8363543752025246,0,hit,0.6771483421325684,0.5707933902740479,0.6155192255973816,0.6252861022949219,-0.009766876697540283,0.5051455497741699,0.4924067556858063,0.012738794088363647,0.6149356961250305,0.5617709159851074,0.053164780139923096
0900220012200318112310720HJ_1295012300_482795900,0,LC,medium,2.891302573887222,0,hit,0.9162667393684387,0.8844499588012695,0.48367586731910706,0.5684155225753784,-0.08473965525627136,0.5326918959617615,0.5255263447761536,0.00716555118560791,0.7827634215354919,0.6673210263252258,0.11544239521026611
0900220012200318115844545HG_1294746700_483555600,0,LC,large,1.6022579730087765,0,hit,0.9137676954269409,0.8607794642448425,0.5870433449745178,0.6633605360984802,-0.0763171911239624,0.4912726581096649,0.5088624358177185,-0.01758977770805359,0.658746063709259,0.5512528419494629,0.10749322175979614
0900220012200318115844545HG_1294746700_483555600,1,LC,large,1.7820433567352867,0,hit,0.9474362730979919,0.871091365814209,0.4361620247364044,0.6738514304161072,-0.23768940567970276,0.5040929317474365,0.5490003228187561,-0.04490739107131958,0.6808250546455383,0.5391004085540771,0.14172464609146118
0900220012200318120621331HJ_1294703000_482815500,0,LC,medium,20.182282765508823,1,hit,0.9163538217544556,0.7933480739593506,0.704951822757721,0.5806675553321838,0.12428426742553711,0.6025631427764893,0.5709087252616882,0.031654417514801025,0.8242132663726807,0.5899641513824463,0.23424911499023438
0900220012200318120829766HG_1294739800_483573900,0,LP,medium,1.371416613624672,0,localization_error,0.617612361907959,0.10230590403079987,0.5390436053276062,0.47845155000686646,0.060592055320739746,0.6311209797859192,0.4878059923648834,0.14331498742103577,0.7536138296127319,0.5885095000267029,0.16510432958602905
0900220012200318120829766HG_1294739800_483573900,1,TP,medium,10.587956630226003,1,hit,0.5961270928382874,0.18817584216594696,0.534809410572052,0.5416523814201355,-0.006842970848083496,0.5299545526504517,0.529761791229248,0.00019276142120361328,0.8877695798873901,0.66266930103302,0.22510027885437012
0900220012200318120829766HG_1294739800_483573900,2,TC,medium,9.033278266283096,1,hit,0.780763566493988,0.40065836906433105,0.5665122866630554,0.5647175908088684,0.0017946958541870117,0.5389295816421509,0.5386864542961121,0.00024312734603881836,0.685502827167511,0.6092280745506287,0.07627475261688232
0900220012200318120829766HG_1294739800_483573900,3,P,small,2.8336063155538826,0,hit,0.6483411192893982,0.6483411192893982,0.7453511357307434,0.5309901833534241,0.21436095237731934,0.9730024337768555,0.5820472836494446,0.3909551501274109,0.7591216564178467,0.7003278732299805,0.05879378318786621
0900220012200318120829766HG_1294739800_483573900,4,P,small,2.666846394091376,0,localization_error,0.48255863785743713,0.48255863785743713,0.8003859519958496,0.5803741216659546,0.22001183032989502,0.9280182719230652,0.7303867936134338,0.19763147830963135,0.8517072796821594,0.7492631673812866,0.1024441123008728
0900220012200318120829766HG_1294739800_483573900,5,TC,small,6.375472101203238,1,localization_error,0.5003090500831604,0.4858434796333313,0.5540062189102173,0.6247060298919678,-0.07069981098175049,0.5779326558113098,0.5208224654197693,0.05711019039154053,0.8128147721290588,0.6707474589347839,0.1420673131942749
0900220012200318120829766HG_1294739800_483573900,6,TC,small,6.333415844941474,1,localization_error,0.4428163766860962,0.1561366319656372,0.5522698163986206,0.5496236681938171,0.002646148204803467,0.4405940771102905,0.4077306389808655,0.03286343812942505,0.5602583885192871,0.47899961471557617,0.08125877380371094
0900220012200318121514644HJ_1294418200_482822000,0,LC,medium,1.4583250151634408,0,hit,0.8237073421478271,0.19151996076107025,0.728111207485199,0.49982309341430664,0.22828811407089233,0.5237782001495361,0.4687090814113617,0.05506911873817444,0.8192557096481323,0.595242440700531,0.22401326894760132
0900220012200318121514644HJ_1294418200_482822000,1,LC,medium,3.2915709835336004,0,hit,0.8286682963371277,0.734939455986023,0.6527674794197083,0.6088096499443054,0.04395782947540283,0.8207462430000305,0.543693482875824,0.27705276012420654,0.969534158706665,0.6541876792907715,0.31534647941589355
0900220012200318121514644HJ_1294418200_482822000,2,MC,small,3.4001090525853193,0,hit,0.922235369682312,0.922235369682312,0.727369487285614,0.7057321667671204,0.021637320518493652,0.7014029622077942,0.6235976219177246,0.07780534029006958,1.2293972969055176,0.6807791590690613,0.5486181378364563
0900220012200318122300932HG_1294832300_483280900,0,P,small,1.6668294370180472,0,localization_error,0.3381693363189697,0.27542829513549805,0.9565357565879822,0.7645584940910339,0.19197726249694824,0.9564884901046753,0.9311818480491638,0.025306642055511475,1.215467095375061,1.0518908500671387,0.16357624530792236
0900220012200318122300932HG_1294832300_483280900,1,LC,medium,1.082186832949982,0,hit,0.7979800701141357,0.48199108242988586,0.5348111391067505,0.4551468789577484,0.07966426014900208,0.5394064784049988,0.4218903183937073,0.1175161600112915,0.5425096154212952,0.4906078279018402,0.051901787519454956
0900220012200318122300932HG_1294832300_483280900,2,AC,large,1.2559580294887855,0,hit,0.9510499238967896,0.32635241746902466,0.6223995685577393,0.5984007716178894,0.023998796939849854,0.5906975865364075,0.5110892653465271,0.07960832118988037,0.6574127078056335,0.5636268854141235,0.09378582239151001
0900220012200318122300932HG_1294832300_483280900,3,LC,medium,1.5714086417554056,0,hit,0.9722796678543091,0.9492895007133484,0.603215754032135,0.5633255243301392,0.03989022970199585,0.5524619817733765,0.43081608414649963,0.12164589762687683,0.6903639435768127,0.4901120662689209,0.20025187730789185
0900220012200318122300932HG_1294832300_483280900,4,P,small,1.916637845095925,0,hit,0.7084953188896179,0.7084953188896179,0.8698475956916809,0.6460780501365662,0.22376954555511475,1.13014817237854,0.5544165968894958,0.5757315754890442,1.21811044216156,0.8869293332099915,0.3311811089515686
0900220012200318122340914HG_1294835800_483212800,0,LP,small,3.125172149377973,0,hit,0.5712562799453735,0.5712562799453735,0.6188496351242065,0.6647769808769226,-0.045927345752716064,0.5633439421653748,0.638076663017273,-0.0747327208518982,0.6269829869270325,0.6797569990158081,-0.052774012088775635
0900220012200318122340914HG_1294835800_483212800,1,LP,medium,1.0731799905022918,0,hit,0.8697664737701416,0.7674379348754883,0.6019052863121033,0.5218426585197449,0.0800626277923584,0.6603109836578369,0.5375375151634216,0.12277346849441528,0.7130550146102905,0.6936197280883789,0.01943528652191162
0900220012200318122340914HG_1294835800_483212800,2,LP,medium,2.6909020491710045,0,hit,0.796023428440094,0.2724568545818329,0.49616390466690063,0.49371883273124695,0.0024450719356536865,0.5381942391395569,0.491581529378891,0.046612709760665894,0.7177852988243103,0.6099411845207214,0.10784411430358887
0900220012200318122340914HG_1294835800_483212800,3,MC,small,4.642876138409692,0,hit,0.8321611881256104,0.8321611881256104,0.4967106878757477,0.4592791497707367,0.037431538105010986,0.6704203486442566,0.46934181451797485,0.20107853412628174,1.029083013534546,0.7086332440376282,0.3204497694969177
0900220012200318122340914HG_1294835800_483212800,4,MC,small,6.285685636809109,1,hit,0.6720004677772522,0.6223868131637573,0.7020033597946167,0.5388888120651245,0.1631145477294922,0.6330320835113525,0.589343249797821,0.043688833713531494,0.9474213123321533,0.7184244990348816,0.22899681329727173
0900220012200318122340914HG_1294835800_483212800,5,LC,medium,1.1904614508220783,0,hit,0.8835616111755371,0.4289046823978424,0.419885516166687,0.5561642050743103,-0.1362786889076233,0.5961442589759827,0.5462891459465027,0.04985511302947998,0.6785026788711548,0.5961408019065857,0.08236187696456909
0900220012200318122340914HG_1294835800_483212800,6,LC,small,10.50060276202345,1,localization_error,0.42955759167671204,0.4063095152378082,0.5613611340522766,0.48034921288490295,0.08101192116737366,0.5760325193405151,0.4891136586666107,0.08691886067390442,0.8765710592269897,0.6905084848403931,0.18606257438659668
0900220012200318122340914HG_1294835800_483212800,7,LC,medium,1.4499951172073682,0,hit,0.8932157158851624,0.7312312722206116,0.4660855829715729,0.5530881881713867,-0.08700260519981384,0.44759416580200195,0.45572429895401,-0.008130133152008057,0.5692740678787231,0.6309217810630798,-0.06164771318435669
0900220012200318122340914HG_1294835800_483212800,8,TC,medium,13.500083923659988,1,hit,0.9049662351608276,0.80121910572052,0.4857605993747711,0.4568760097026825,0.028884589672088623,0.5513541102409363,0.4545007646083832,0.0968533456325531,0.6960147023200989,0.5658061504364014,0.1302085518836975
0900220012200318122340914HG_1294835800_483212800,9,TC,medium,17.87604147592016,1,localization_error,0.4171273112297058,0.2505020499229431,0.5367464423179626,0.48121094703674316,0.05553549528121948,0.4932011663913727,0.4644065797328949,0.028794586658477783,0.7719707489013672,0.6497546434402466,0.1222161054611206
0900220012200318122340914HG_1294835800_483212800,10,LC,small,3.7997949306365086,0,localization_error,0.3915874660015106,0.3915874660015106,0.5453630089759827,0.5180032253265381,0.02735978364944458,0.5432305932044983,0.5040494799613953,0.03918111324310303,0.8674219250679016,0.7643964886665344,0.10302543640136719
0900220012200318122422167HG_1294839700_483138700,0,TP,large,11.21052975359974,1,hit,0.9187196493148804,0.8649480938911438,0.6315037608146667,0.6841131448745728,-0.052609384059906006,0.5919404029846191,0.5209294557571411,0.07101094722747803,0.8243717551231384,0.5858861207962036,0.23848563432693481
0900220012200318122422167HG_1294839700_483138700,1,LC,medium,1.7017676159270145,0,hit,0.9311767220497131,0.9235208034515381,0.5391362309455872,0.6436084508895874,-0.10447221994400024,0.542546272277832,0.4846842885017395,0.05786198377609253,0.5503543019294739,0.5333636403083801,0.01699066162109375
0900220012200318122422167HG_1294839700_483138700,2,TC,large,3.563624015394142,0,hit,0.8466626405715942,0.11555328965187073,0.611007571220398,0.5984399914741516,0.012567579746246338,0.5669127702713013,0.7028517127037048,-0.13593894243240356,0.7523690462112427,0.6527739763259888,0.0995950698852539
0900220012200318122422167HG_1294839700_483138700,3,TC,medium,6.4999302461439195,1,hit,0.8745654821395874,0.13115569949150085,0.6043282747268677,0.5860154032707214,0.01831287145614624,0.6769356727600098,0.5769394636154175,0.09999620914459229,0.7100996971130371,0.6936696767807007,0.016430020332336426
0900220012200318122550290HG_1294841700_483021400,0,LC,large,1.2678589236989286,0,localization_error,0.9133719205856323,0.3493841290473938,0.5149101614952087,0.6340698599815369,-0.11915969848632812,0.4987694025039673,0.49059081077575684,0.00817859172821045,0.6679782867431641,0.5876724720001221,0.08030581474304199
0900220012200318122550290HG_1294841700_483021400,1,LP,large,1.4137878478558115,0,localization_error,0.7068033218383789,0.1615530550479889,0.5450729727745056,0.48570528626441956,0.05936768651008606,0.5033315420150757,0.46409717202186584,0.03923436999320984,0.5821714401245117,0.5580602884292603,0.024111151695251465
0900220012200318123049063HJ_1293905100_482817700,0,LC,large,1.3168992593254842,0,hit,0.9232754707336426,0.5660789012908936,0.5331957340240479,0.5717467069625854,-0.0385509729385376,0.5540220737457275,0.5194278955459595,0.034594178199768066,0.6226686835289001,0.5855771899223328,0.03709149360656738
0900220012200318123049063HJ_1293905100_482817700,1,TC,large,5.846181880924546,1,hit,0.8547477126121521,0.7031801342964172,0.657267153263092,0.6830383539199829,-0.02577120065689087,0.5959761142730713,0.5249752998352051,0.07100081443786621,0.6710439324378967,0.5595817565917969,0.11146217584609985
0900220012200318123049063HJ_1293905100_482817700,2,LP,medium,1.9166353020161537,0,localization_error,0.7103750109672546,0.1489860564470291,0.6605966091156006,0.8233566284179688,-0.16276001930236816,0.7504404187202454,0.6750040650367737,0.07543635368347168,0.7834933996200562,0.7055080533027649,0.07798534631729126
0900220012200318123049063HJ_1293905100_482817700,3,LP,medium,2.6666124142982115,0,hit,0.7970223426818848,0.5421810746192932,0.6825844645500183,0.5872728228569031,0.09531164169311523,0.7252566814422607,0.597949206829071,0.1273074746131897,0.7264646887779236,0.6859160661697388,0.040548622608184814
0900220012200318123049063HJ_1293905100_482817700,4,LC,medium,2.3148221041197834,0,hit,0.8741072416305542,0.855932891368866,0.5927185416221619,0.6632143259048462,-0.07049578428268433,0.5678130388259888,0.5192126631736755,0.04860037565231323,0.6452482342720032,0.577466607093811,0.06778162717819214
0900220012200318123049063HJ_1293905100_482817700,5,LC,large,1.4025975158349224,0,hit,0.9379905462265015,0.16358396410942078,0.6314705014228821,0.6054805517196655,0.025989949703216553,0.5339959859848022,0.5509603023529053,-0.016964316368103027,0.5628511905670166,0.5779032707214355,-0.015052080154418945
0900220012200318123049063HJ_1293905100_482817700,6,LC,large,1.041284345876227,0,localization_error,0.7417520880699158,0.4069722890853882,0.4584904909133911,0.5381534099578857,-0.07966291904449463,0.5415842533111572,0.5305595993995667,0.011024653911590576,0.5948020219802856,0.5950707197189331,-0.00026869773864746094
0900220012200318124758294HG_1294836900_482439200,0,TC,large,11.875007629394531,1,hit,0.8558003306388855,0.8235280513763428,0.546558141708374,0.5583591461181641,-0.011801004409790039,0.49160873889923096,0.5053488612174988,-0.013740122318267822,0.6445819139480591,0.5835465788841248,0.061035335063934326
0900220012200318124758294HG_1294836900_482439200,1,TC,medium,7.580758659253076,1,hit,0.6604588627815247,0.2786467671394348,0.5408396124839783,0.45860081911087036,0.08223879337310791,0.43319931626319885,0.41385650634765625,0.019342809915542603,0.5141828656196594,0.5455248951911926,-0.0313420295715332
0900220012200318124758294HG_1294836900_482439200,2,MC,small,4.250276584543311,0,hit,0.8172785043716431,0.8172785043716431,0.5926811695098877,0.47960177063941956,0.11307939887046814,0.8351892828941345,0.5749238133430481,0.2602654695510864,1.2479743957519531,0.9767576456069946,0.2712167501449585
0900220012200318124758294HG_1294836900_482439200,3,MC,small,3.5713625543862095,0,hit,0.7263112664222717,0.5872378945350647,0.7358355522155762,0.6158714294433594,0.1199641227722168,0.6496785283088684,0.5384870767593384,0.11119145154953003,0.5507225394248962,0.5613450407981873,-0.010622501373291016
0900220012200318160956850HJ_1294796600_480789900,0,LC,large,2.249997668802044,0,hit,0.9833493232727051,0.92430180311203,0.5744197964668274,0.7261125445365906,-0.15169274806976318,0.5353390574455261,0.5813091993331909,-0.045970141887664795,0.6326956152915955,0.6426834464073181,-0.009987831115722656
0900220012200319093738758HJ_1297988300_484832100,0,LC,large,4.05354207901368,0,hit,0.950741708278656,0.4205962121486664,0.6718423366546631,0.7234699130058289,-0.05162757635116577,0.5073180794715881,0.5563244223594666,-0.04900634288787842,0.6838899254798889,0.5906897783279419,0.09320014715194702
0900220012200319093738758HJ_1297988300_484832100,1,LC,medium,5.263203819558775,1,classification_error,0.6963743567466736,0.4166613817214966,0.710688591003418,0.7461743354797363,-0.03548574447631836,0.5367850065231323,0.5876938104629517,-0.050908803939819336,0.5812833309173584,0.6446297764778137,-0.06334644556045532
0900220012200319093738758HJ_1297988300_484832100,2,TC,large,3.459035240439455,0,hit,0.8129955530166626,0.1311204433441162,0.6859596967697144,0.5963126420974731,0.08964705467224121,0.47690021991729736,0.510968804359436,-0.03406858444213867,0.5239064693450928,0.5901679396629333,-0.06626147031784058
0900220012200319093738758HJ_1297988300_484832100,3,TC,large,7.333265915980426,1,localization_error,0.6568269729614258,0.2783491909503937,0.5138469934463501,0.5502769351005554,-0.03642994165420532,0.41889485716819763,0.46200141310691833,-0.0431065559387207,0.4431293308734894,0.49924349784851074,-0.05611416697502136
0900220012200319093825169HJ_1297997500_484755300,0,AC,large,1.6383021274053757,0,hit,0.8597796559333801,0.3822142481803894,0.566636860370636,0.622442364692688,-0.055805504322052,0.5227155089378357,0.49172624945640564,0.030989259481430054,0.6196722388267517,0.5989346504211426,0.02073758840560913
0900220012200319095234383HJ_1297983300_484866300,0,TC,medium,30.273374209299746,1,hit,0.938633382320404,0.6209523677825928,0.5111407041549683,0.5700408816337585,-0.05890017747879028,0.6372330784797668,0.5519754886627197,0.08525758981704712,0.6114727854728699,0.7326564788818359,-0.12118369340896606
0900220012200319095234383HJ_1297983300_484866300,1,TC,large,3.5747013140078994,0,hit,0.913267195224762,0.8005334138870239,0.6059557795524597,0.646873414516449,-0.04091763496398926,0.48674169182777405,0.5376666188240051,-0.05092492699623108,0.6153945326805115,0.5657004714012146,0.049694061279296875
0900220012200319101414796HJ_1297941800_485034400,0,LC,medium,3.117674619829711,0,hit,0.8636294603347778,0.23383520543575287,0.7047476172447205,0.7370308041572571,-0.03228318691253662,0.7105501890182495,0.5736662745475769,0.1368839144706726,0.7922105193138123,0.7342177033424377,0.05799281597137451
0900220012200319101414796HJ_1297941800_485034400,1,TC,medium,3.3000384526765045,0,hit,0.9113185405731201,0.7600056529045105,0.5705637335777283,0.6651883125305176,-0.0946245789527893,0.6640145182609558,0.4985577166080475,0.16545680165290833,0.9325106143951416,0.5283882021903992,0.40412241220474243
0900220012200319101414796HJ_1297941800_485034400,2,LC,large,2.376686270946326,0,hit,0.788233757019043,0.7253772616386414,0.7464645504951477,0.6638963222503662,0.0825682282447815,0.6713681221008301,0.5868993997573853,0.08446872234344482,0.716947078704834,0.5652216672897339,0.1517254114151001
0900220012200319101618757HJ_1297959500_485052500,0,LC,medium,1.6856923381425752,0,localization_error,0.8103836178779602,0.10039855539798737,0.7516621947288513,0.5788728594779968,0.1727893352508545,0.6827353239059448,0.5558150410652161,0.12692028284072876,0.7143921852111816,0.6076995134353638,0.10669267177581787
0900220012200319101618757HJ_1297959500_485052500,1,LC,large,2.7363593437281697,0,hit,0.9568057060241699,0.9260052442550659,0.6052757501602173,0.6352871060371399,-0.030011355876922607,0.4954022467136383,0.5627185702323914,-0.06731632351875305,0.6442920565605164,0.5623034834861755,0.08198857307434082
0900220012200319112926198HJ_1297914700_485051300,0,TC,medium,16.499511733650706,1,hit,0.7421239018440247,0.5643324255943298,0.48446348309516907,0.5927760004997253,-0.10831251740455627,0.4799138307571411,0.5442696213722229,-0.06435579061508179,0.6270613074302673,0.7871662378311157,-0.1601049304008484
0900220012200319112926198HJ_1297914700_485051300,1,AC,large,1.390623922149683,0,hit,0.8435487151145935,0.7823823094367981,0.5803607106208801,0.5896570086479187,-0.009296298027038574,0.513233482837677,0.5604752898216248,-0.047241806983947754,0.7449263334274292,0.5687662363052368,0.17616009712219238
0900220012200319134016475HJ_1298027000_484678100,0,TC,medium,9.499971662372426,1,localization_error,0.8102265000343323,0.6780821084976196,0.5167348980903625,0.5884291529655457,-0.0716942548751831,0.49146726727485657,0.48817452788352966,0.0032927393913269043,0.5721538662910461,0.5473484396934509,0.024805426597595215
0900220012200319134016475HJ_1298027000_484678100,1,TC,large,6.4782317558602385,1,hit,0.6513787508010864,0.33796969056129456,0.5728369355201721,0.6090510487556458,-0.03621411323547363,0.5829977989196777,0.5904480814933777,-0.007450282573699951,0.5696943402290344,0.542394757270813,0.027299582958221436
0900220012200319134016475HJ_1298027000_484678100,2,LC,large,3.6499800619300866,0,hit,0.9237568378448486,0.9060194492340088,0.49923622608184814,0.655342161655426,-0.15610593557357788,0.5205753445625305,0.5678936839103699,-0.047318339347839355,0.548115611076355,0.5325676798820496,0.01554793119430542
